payment_id,amount_inr,failure_class,v3_action,v4_action,no_action_probability,v4_selected_probability,v4_incremental_net_value_inr,v4_reasons
TXN0000052804,2137.0,technical_retryable,retry_payment,retry_payment,0.0,0.6462356448173523,1378.0055729746819,"[""v3_action_passed_incremental_economic_gate""]"
TXN0000179482,1201.0,customer_decline,no_action,no_action,0.0,0.0,0.0,"[""no_action_has_better_risk_adjusted_value""]"
TXN0000170868,35.0,technical_retryable,no_action,no_action,0.0,0.0,0.0,"[""no_action_has_better_risk_adjusted_value""]"
TXN0000239488,589.0,technical_retryable,retry_payment,retry_payment,0.0,0.45540860295295715,265.23566713929176,"[""v3_action_passed_incremental_economic_gate""]"
TXN0000021257,172.0,customer_decline,whatsapp_reminder,whatsapp_reminder,0.0,0.5707901120185852,89.42589926719666,"[""v3_action_passed_incremental_economic_gate""]"
TXN0000145269,167.0,technical_retryable,retry_payment,retry_payment,0.0,0.5804370641708374,93.93298971652985,"[""v3_action_passed_incremental_economic_gate""]"
TXN0000181411,5778.0,technical_retryable,payment_link,payment_link,0.0,0.5629357695579529,3241.6428765058517,"[""v3_action_passed_incremental_economic_gate""]"
TXN0000029557,552.0,authentication_required,payment_link,payment_link,0.0,0.530221700668335,281.6823787689209,"[""v3_action_passed_incremental_economic_gate""]"
TXN0000018440,824.0,technical_retryable,payment_link,payment_link,0.0,0.6508386135101318,525.2910175323486,"[""v3_action_passed_incremental_economic_gate""]"
TXN0000231148,319.0,technical_retryable,retry_payment,retry_payment,0.0,0.5334387421607971,167.16695874929428,"[""v3_action_passed_incremental_economic_gate""]"
TXN0000027707,95.0,authentication_required,no_action,no_action,0.0,0.0,0.0,"[""no_action_has_better_risk_adjusted_value""]"
TXN0000095845,2880.0,technical_retryable,payment_link,payment_link,0.0,0.6280772089958191,1797.862361907959,"[""v3_action_passed_incremental_economic_gate""]"
TXN0000040953,636.0,authentication_required,no_action,no_action,0.0,0.0,0.0,"[""no_action_has_better_risk_adjusted_value""]"
TXN0000246834,211.0,technical_retryable,retry_payment,retry_payment,0.0,0.6380675435066223,131.6322516798973,"[""v3_action_passed_incremental_economic_gate""]"
TXN0000201314,75.0,authentication_required,whatsapp_reminder,whatsapp_reminder,0.0,0.6272009611129761,38.290072083473206,"[""v3_action_passed_incremental_economic_gate""]"
TXN0000243507,279.0,customer_decline,whatsapp_reminder,whatsapp_reminder,0.0,0.5390276908874512,141.63872575759888,"[""v3_action_passed_incremental_economic_gate""]"
TXN0000031139,904.0,technical_retryable,retry_payment,retry_payment,0.0,0.712350606918335,640.9649486541748,"[""v3_action_passed_incremental_economic_gate""]"
TXN0000114122,412.0,technical_retryable,retry_payment,retry_payment,0.0,0.5176153182983398,210.25751113891602,"[""v3_action_passed_incremental_economic_gate""]"
TXN0000150048,429.0,authentication_required,whatsapp_reminder,whatsapp_reminder,0.0,0.6130014657974243,254.22762882709503,"[""v3_action_passed_incremental_economic_gate""]"
TXN0000215167,6293.0,customer_decline,no_action,no_action,0.0,0.0,0.0,"[""no_action_has_better_risk_adjusted_value""]"
TXN0000101400,490.0,merchant_configuration,escalate_to_merchant,escalate_to_merchant,0.0,0.4865284562110901,213.39894354343414,"[""v3_action_passed_incremental_economic_gate""]"
TXN0000149232,124.0,authentication_required,no_action,no_action,0.0,0.0,0.0,"[""no_action_has_better_risk_adjusted_value""]"
TXN0000044419,39.0,authentication_required,no_action,no_action,0.0,0.0,0.0,"[""no_action_has_better_risk_adjusted_value""]"
TXN0000020920,3253.0,authentication_required,whatsapp_reminder,whatsapp_reminder,0.0,0.6457502841949463,2091.8756744861603,"[""v3_action_passed_incremental_economic_gate""]"
TXN0000222252,118.0,technical_retryable,retry_payment,retry_payment,0.0,0.6581939458847046,74.66688561439514,"[""v3_action_passed_incremental_economic_gate""]"
TXN0000145130,1593.0,authentication_required,no_action,no_action,0.0,0.0,0.0,"[""no_action_has_better_risk_adjusted_value""]"
TXN0000214915,71.0,technical_retryable,retry_payment,retry_payment,0.0,0.575187623500824,37.8383212685585,"[""v3_action_passed_incremental_economic_gate""]"
TXN0000073672,1198.0,customer_decline,no_action,no_action,0.0,0.0,0.0,"[""no_action_has_better_risk_adjusted_value""]"
TXN0000052587,392.0,customer_decline,no_action,no_action,0.0,0.0,0.0,"[""no_action_has_better_risk_adjusted_value""]"
TXN0000201805,1692.0,technical_retryable,payment_link,payment_link,0.0,0.5940784811973572,994.1807901859283,"[""v3_action_passed_incremental_economic_gate""]"
TXN0000104374,9747.0,merchant_configuration,no_action,no_action,0.0,0.0,0.0,"[""v3_stopping_rule_preserved"", ""customer_opted_out""]"
TXN0000010302,778.0,authentication_required,whatsapp_reminder,whatsapp_reminder,0.0,0.5433372259140015,413.96636176109314,"[""v3_action_passed_incremental_economic_gate""]"
TXN0000053376,2708.0,technical_retryable,payment_link,payment_link,0.0,0.5356537699699402,1439.550409078598,"[""v3_action_passed_incremental_economic_gate""]"
TXN0000035278,283.0,technical_retryable,retry_payment,retry_payment,0.0,0.633541464805603,176.29223453998566,"[""v3_action_passed_incremental_economic_gate""]"
TXN0000193304,108.0,technical_retryable,no_action,no_action,0.0,0.0,0.0,"[""no_action_has_better_risk_adjusted_value""]"
TXN0000056420,286.0,technical_retryable,retry_payment,retry_payment,0.0,0.5422502160072327,152.08356177806854,"[""v3_action_passed_incremental_economic_gate""]"
TXN0000222246,196.0,technical_retryable,retry_payment,retry_payment,0.0,0.6438342332839966,123.19150972366333,"[""v3_action_passed_incremental_economic_gate""]"
TXN0000108622,119.0,technical_retryable,retry_payment,retry_payment,0.0,0.5138741731643677,58.15102660655975,"[""v3_action_passed_incremental_economic_gate""]"
TXN0000104777,2929.0,merchant_configuration,escalate_to_merchant,escalate_to_merchant,0.0,0.4172356426715851,1197.0831973850727,"[""v3_action_passed_incremental_economic_gate""]"
TXN0000236939,201.0,authentication_required,whatsapp_reminder,whatsapp_reminder,0.0,0.6368942260742188,119.26573944091797,"[""v3_action_passed_incremental_economic_gate""]"
TXN0000068932,555.0,merchant_configuration,escalate_to_merchant,escalate_to_merchant,0.0,0.36910557746887207,179.853595495224,"[""v3_action_passed_incremental_economic_gate""]"
TXN0000122582,357.0,authentication_required,payment_link,payment_link,0.0,0.6248044967651367,212.0552053451538,"[""v3_action_passed_incremental_economic_gate""]"
TXN0000054056,441.0,technical_retryable,retry_payment,retry_payment,0.0,0.6219527721405029,271.2811725139618,"[""v3_action_passed_incremental_economic_gate""]"
TXN0000056581,6338.0,merchant_configuration,escalate_to_merchant,escalate_to_merchant,0.0,0.3897700607776642,2445.3626452088356,"[""v3_action_passed_incremental_economic_gate""]"
TXN0000140441,300.0,authentication_required,payment_link,payment_link,0.0,0.6528486609458923,184.8545982837677,"[""v3_action_passed_incremental_economic_gate""]"
TXN0000201737,602.0,authentication_required,payment_link,payment_link,0.0,0.6348695158958435,371.1914485692978,"[""v3_action_passed_incremental_economic_gate""]"
TXN0000155503,5622.0,technical_retryable,payment_link,payment_link,0.0,0.5793959498405457,3246.3640300035477,"[""v3_action_passed_incremental_economic_gate""]"
TXN0000014480,58.0,authentication_required,whatsapp_reminder,whatsapp_reminder,0.0,0.6307048797607422,27.830883026123047,"[""v3_action_passed_incremental_economic_gate""]"
TXN0000191292,288.0,customer_decline,whatsapp_reminder,whatsapp_reminder,0.0,0.5446511507034302,148.1095314025879,"[""v3_action_passed_incremental_economic_gate""]"
TXN0000071205,1698.0,technical_retryable,retry_payment,retry_payment,0.0,0.6318657398223877,1069.9080262184143,"[""v3_action_passed_incremental_economic_gate""]"
TXN0000180168,103.0,authentication_required,no_action,no_action,0.0,0.0,0.0,"[""no_action_has_better_risk_adjusted_value""]"
TXN0000183443,82.0,technical_retryable,retry_payment,retry_payment,0.0,0.6020176410675049,46.3654465675354,"[""v3_action_passed_incremental_economic_gate""]"
TXN0000142917,684.0,merchant_configuration,escalate_to_merchant,escalate_to_merchant,0.0,0.5206961035728455,331.1561348438263,"[""v3_action_passed_incremental_economic_gate""]"
TXN0000189447,152.0,customer_decline,no_action,no_action,0.0,0.0,0.0,"[""no_action_has_better_risk_adjusted_value""]"
TXN0000224199,1275.0,authentication_required,whatsapp_reminder,whatsapp_reminder,0.0,0.6378708481788635,804.535331428051,"[""v3_action_passed_incremental_economic_gate""]"
TXN0000025621,884.0,authentication_required,payment_link,payment_link,0.0,0.6743062138557434,585.0866930484772,"[""v3_action_passed_incremental_economic_gate""]"
TXN0000095177,317.0,authentication_required,whatsapp_reminder,whatsapp_reminder,0.0,0.6328648924827576,191.86817091703415,"[""v3_action_passed_incremental_economic_gate""]"
TXN0000009116,1898.0,customer_decline,no_action,no_action,0.0,0.0,0.0,"[""no_action_has_better_risk_adjusted_value""]"
TXN0000171793,208.0,authentication_required,whatsapp_reminder,whatsapp_reminder,0.0,0.6735191345214844,131.34197998046875,"[""v3_action_passed_incremental_economic_gate""]"
TXN0000060492,340.0,customer_decline,no_action,no_action,0.0,0.0,0.0,"[""no_action_has_better_risk_adjusted_value""]"
TXN0000081660,5092.0,technical_retryable,payment_link,payment_link,0.0,0.5703945755958557,2893.4491789340973,"[""v3_action_passed_incremental_economic_gate""]"
TXN0000119409,1178.0,authentication_required,payment_link,payment_link,0.0,0.6820113062858582,792.4093188047409,"[""v3_action_passed_incremental_economic_gate""]"
TXN0000050027,38.0,customer_decline,no_action,no_action,0.0,0.0,0.0,"[""no_action_has_better_risk_adjusted_value""]"
TXN0000186272,308.0,authentication_required,whatsapp_reminder,whatsapp_reminder,0.0,0.6117761731147766,179.6770613193512,"[""v3_action_passed_incremental_economic_gate""]"
TXN0000170195,949.0,technical_retryable,no_action,no_action,0.0,0.0,0.0,"[""no_action_has_better_risk_adjusted_value""]"
TXN0000003749,549.0,customer_decline,payment_link,payment_link,0.0,0.6622305512428284,352.5645726323128,"[""v3_action_passed_incremental_economic_gate""]"
TXN0000153955,160.0,technical_retryable,retry_payment,retry_payment,0.0,0.6333114504814148,98.32983207702637,"[""v3_action_passed_incremental_economic_gate""]"
TXN0000143933,71.0,merchant_configuration,escalate_to_merchant,no_action,0.0,0.0,0.0,"[""no_action_has_better_risk_adjusted_value""]"
TXN0000131914,818.0,authentication_required,no_action,no_action,0.0,0.0,0.0,"[""no_action_has_better_risk_adjusted_value""]"
TXN0000205318,1008.0,merchant_configuration,escalate_to_merchant,escalate_to_merchant,0.0,0.42396196722984314,402.3536629676819,"[""v3_action_passed_incremental_economic_gate""]"
TXN0000022077,5024.0,technical_retryable,payment_link,payment_link,0.0,0.6076673865318298,3041.920949935913,"[""v3_action_passed_incremental_economic_gate""]"
TXN0000246411,1192.0,technical_retryable,no_action,no_action,0.0,0.0,0.0,"[""no_action_has_better_risk_adjusted_value""]"
TXN0000188919,6565.0,customer_decline,payment_link,payment_link,0.0,0.5481336712837219,3587.4975519776344,"[""v3_action_passed_incremental_economic_gate""]"
TXN0000178856,2598.0,technical_retryable,retry_payment,retry_payment,0.0,0.6437693238258362,1669.5127032995224,"[""v3_action_passed_incremental_economic_gate""]"
TXN0000204306,4571.0,customer_decline,no_action,no_action,0.0,0.0,0.0,"[""no_action_has_better_risk_adjusted_value""]"
TXN0000080518,267.0,technical_retryable,retry_payment,retry_payment,0.0,0.5253522992134094,137.26906388998032,"[""v3_action_passed_incremental_economic_gate""]"
TXN0000227176,1051.0,merchant_configuration,escalate_to_merchant,escalate_to_merchant,0.0,0.49065208435058594,490.6753406524658,"[""v3_action_passed_incremental_economic_gate""]"
TXN0000160806,359.0,merchant_configuration,escalate_to_merchant,escalate_to_merchant,0.0,0.4565579295158386,138.90429669618607,"[""v3_action_passed_incremental_economic_gate""]"
TXN0000014441,6636.0,technical_retryable,payment_link,payment_link,0.0,0.5099650621414185,3373.128152370453,"[""v3_action_passed_incremental_economic_gate""]"
TXN0000137478,277.0,customer_decline,no_action,no_action,0.0,0.0,0.0,"[""no_action_has_better_risk_adjusted_value""]"
TXN0000037696,1468.0,authentication_required,payment_link,payment_link,0.0,0.6212897300720215,901.0533237457275,"[""v3_action_passed_incremental_economic_gate""]"
TXN0000040072,292.0,authentication_required,whatsapp_reminder,whatsapp_reminder,0.0,0.5641812682151794,155.9909303188324,"[""v3_action_passed_incremental_economic_gate""]"
TXN0000090438,243.0,technical_retryable,retry_payment,retry_payment,0.0,0.6338847875595093,151.03400337696075,"[""v3_action_passed_incremental_economic_gate""]"
TXN0000038527,1943.0,authentication_required,whatsapp_reminder,whatsapp_reminder,0.0,0.7337799668312073,1416.9844755530357,"[""v3_action_passed_incremental_economic_gate""]"
TXN0000069545,1495.0,technical_retryable,no_action,no_action,0.0,0.0,0.0,"[""no_action_has_better_risk_adjusted_value""]"
TXN0000222160,476.0,authentication_required,no_action,no_action,0.0,0.0,0.0,"[""no_action_has_better_risk_adjusted_value""]"
TXN0000228665,1054.0,technical_retryable,no_action,no_action,0.0,0.0,0.0,"[""no_action_has_better_risk_adjusted_value""]"
TXN0000100747,489.0,authentication_required,payment_link,payment_link,0.0,0.6609316468238831,312.1955752968788,"[""v3_action_passed_incremental_economic_gate""]"
TXN0000108582,2831.0,customer_decline,no_action,no_action,0.0,0.0,0.0,"[""no_action_has_better_risk_adjusted_value""]"
TXN0000141712,601.0,authentication_required,whatsapp_reminder,whatsapp_reminder,0.0,0.6820033192634583,401.1339948773384,"[""v3_action_passed_incremental_economic_gate""]"
TXN0000133743,1137.0,customer_decline,payment_link,payment_link,0.0,0.7309131026268005,820.0481976866722,"[""v3_action_passed_incremental_economic_gate""]"
TXN0000131788,613.0,customer_decline,payment_link,payment_link,0.0,0.7054425477981567,421.4362818002701,"[""v3_action_passed_incremental_economic_gate""]"
TXN0000085087,366.0,customer_decline,whatsapp_reminder,whatsapp_reminder,0.0,0.6455831527709961,227.53343391418457,"[""v3_action_passed_incremental_economic_gate""]"
TXN0000161299,1330.0,technical_retryable,payment_link,payment_link,0.0,0.6815744042396545,895.4939576387405,"[""v3_action_passed_incremental_economic_gate""]"
TXN0000162462,162.0,technical_retryable,retry_payment,retry_payment,0.0,0.6261746287345886,98.44028985500336,"[""v3_action_passed_incremental_economic_gate""]"
TXN0000080502,316.0,authentication_required,no_action,no_action,0.0,0.0,0.0,"[""no_action_has_better_risk_adjusted_value""]"
TXN0000063186,151.0,technical_retryable,retry_payment,retry_payment,0.0,0.5830265283584595,85.03700578212738,"[""v3_action_passed_incremental_economic_gate""]"
TXN0000047079,130.0,authentication_required,whatsapp_reminder,whatsapp_reminder,0.0,0.612479567527771,70.87234377861023,"[""v3_action_passed_incremental_economic_gate""]"
TXN0000224962,454.0,customer_decline,whatsapp_reminder,whatsapp_reminder,0.0,0.5303930044174194,232.04842400550842,"[""v3_action_passed_incremental_economic_gate""]"
TXN0000071788,482.0,authentication_required,whatsapp_reminder,whatsapp_reminder,0.0,0.6688865423202515,313.6533133983612,"[""v3_action_passed_incremental_economic_gate""]"
TXN0000036830,1764.0,customer_decline,whatsapp_reminder,whatsapp_reminder,0.0,0.6998006105422974,1225.6982769966125,"[""v3_action_passed_incremental_economic_gate""]"
TXN0000153152,296.0,authentication_required,whatsapp_reminder,whatsapp_reminder,0.0,0.5744602680206299,161.29023933410645,"[""v3_action_passed_incremental_economic_gate""]"
TXN0000097635,33.0,authentication_required,no_action,no_action,0.0,0.0,0.0,"[""no_action_has_better_risk_adjusted_value""]"
TXN0000139245,599.0,technical_retryable,retry_payment,retry_payment,0.0,0.5619386434555054,333.6012474298477,"[""v3_action_passed_incremental_economic_gate""]"
TXN0000116974,770.0,technical_retryable,payment_link,payment_link,0.0,0.6304466724395752,474.4439377784729,"[""v3_action_passed_incremental_economic_gate""]"
TXN0000059003,661.0,authentication_required,no_action,no_action,0.0,0.0,0.0,"[""no_action_has_better_risk_adjusted_value""]"
TXN0000091263,1018.0,technical_retryable,no_action,no_action,0.0,0.0,0.0,"[""no_action_has_better_risk_adjusted_value""]"
TXN0000194064,288.0,technical_retryable,retry_payment,retry_payment,0.0,0.558741569519043,157.91757202148438,"[""v3_action_passed_incremental_economic_gate""]"
TXN0000156130,1372.0,customer_decline,no_action,no_action,0.0,0.0,0.0,"[""v3_stopping_rule_preserved"", ""customer_opted_out""]"
TXN0000137189,282.0,technical_retryable,retry_payment,retry_payment,0.0,0.4835900366306305,133.3723903298378,"[""v3_action_passed_incremental_economic_gate""]"
TXN0000111056,2091.0,technical_retryable,retry_payment,retry_payment,0.0,0.5746688842773438,1198.6326370239258,"[""v3_action_passed_incremental_economic_gate""]"
TXN0000160426,2810.0,merchant_configuration,escalate_to_merchant,escalate_to_merchant,0.0,0.3688199520111084,1011.3840651512146,"[""v3_action_passed_incremental_economic_gate""]"
TXN0000094540,864.0,customer_decline,no_action,no_action,0.0,0.0,0.0,"[""no_action_has_better_risk_adjusted_value""]"
TXN0000025768,10025.0,technical_retryable,no_action,no_action,0.0,0.0,0.0,"[""no_action_has_better_risk_adjusted_value""]"
TXN0000020935,409.0,customer_decline,payment_link,payment_link,0.0,0.6209438443183899,242.96603232622147,"[""v3_action_passed_incremental_economic_gate""]"
TXN0000125527,179.0,technical_retryable,retry_payment,retry_payment,0.0,0.5926103591918945,103.07725429534912,"[""v3_action_passed_incremental_economic_gate""]"
TXN0000202859,408.0,technical_retryable,retry_payment,retry_payment,0.0,0.5177420377731323,208.238751411438,"[""v3_action_passed_incremental_economic_gate""]"
TXN0000169092,1200.0,technical_retryable,payment_link,payment_link,0.0,0.6318971514701843,747.2765817642212,"[""v3_action_passed_incremental_economic_gate""]"
TXN0000102977,1186.0,authentication_required,whatsapp_reminder,whatsapp_reminder,0.0,0.44482719898223877,518.8150579929352,"[""v3_action_passed_incremental_economic_gate""]"
TXN0000008063,1288.0,technical_retryable,payment_link,payment_link,0.0,0.43527457118034363,549.6336476802826,"[""v3_action_passed_incremental_economic_gate""]"
TXN0000083414,475.0,authentication_required,no_action,no_action,0.0,0.0,0.0,"[""no_action_has_better_risk_adjusted_value""]"
TXN0000126211,153.0,technical_retryable,retry_payment,retry_payment,0.0,0.5826334357261658,86.14291566610336,"[""v3_action_passed_incremental_economic_gate""]"
TXN0000071775,561.0,customer_decline,payment_link,payment_link,0.0,0.6803698539733887,370.68748807907104,"[""v3_action_passed_incremental_economic_gate""]"
TXN0000222637,632.0,technical_retryable,payment_link,payment_link,0.0,0.7091801762580872,437.2018713951111,"[""v3_action_passed_incremental_economic_gate""]"
TXN0000169843,76.0,authentication_required,whatsapp_reminder,whatsapp_reminder,0.0,0.61290043592453,37.83043313026428,"[""v3_action_passed_incremental_economic_gate""]"
TXN0000175417,4257.0,authentication_required,payment_link,payment_link,0.0,0.545866847038269,2312.7551678419113,"[""v3_action_passed_incremental_economic_gate""]"
TXN0000028424,1151.0,authentication_required,no_action,no_action,0.0,0.0,0.0,"[""no_action_has_better_risk_adjusted_value""]"
TXN0000066394,1831.0,customer_decline,whatsapp_reminder,whatsapp_reminder,0.0,0.6456689834594727,1173.4699087142944,"[""v3_action_passed_incremental_economic_gate""]"
TXN0000244242,2308.0,technical_retryable,payment_link,payment_link,0.0,0.5589497089385986,1279.0559282302856,"[""v3_action_passed_incremental_economic_gate""]"
TXN0000172525,430.0,technical_retryable,retry_payment,retry_payment,0.0,0.6838900446891785,291.07271921634674,"[""v3_action_passed_incremental_economic_gate""]"
TXN0000231284,303.0,authentication_required,payment_link,payment_link,0.0,0.6037912964820862,171.9487628340721,"[""v3_action_passed_incremental_economic_gate""]"
TXN0000066686,60.0,technical_retryable,retry_payment,retry_payment,0.0,0.638421893119812,35.30531358718872,"[""v3_action_passed_incremental_economic_gate""]"
TXN0000069158,1714.0,customer_decline,payment_link,payment_link,0.0,0.6063989400863647,1028.3677833080292,"[""v3_action_passed_incremental_economic_gate""]"
TXN0000080664,696.0,customer_decline,whatsapp_reminder,whatsapp_reminder,0.0,0.6673762798309326,455.7438907623291,"[""v3_action_passed_incremental_economic_gate""]"
TXN0000134968,4912.0,technical_retryable,payment_link,payment_link,0.0,0.6748526692390442,3303.876311302185,"[""v3_action_passed_incremental_economic_gate""]"
TXN0000087683,300.0,authentication_required,no_action,no_action,0.0,0.0,0.0,"[""no_action_has_better_risk_adjusted_value""]"
TXN0000070643,180.0,customer_decline,payment_link,payment_link,0.0,0.6722102165222168,109.99783897399902,"[""v3_action_passed_incremental_economic_gate""]"
TXN0000133719,4417.0,customer_decline,whatsapp_reminder,whatsapp_reminder,0.0,0.5739057660102844,2526.1917684674263,"[""v3_action_passed_incremental_economic_gate""]"
TXN0000207814,4921.0,technical_retryable,payment_link,payment_link,0.0,0.5931332111358643,2907.808531999588,"[""v3_action_passed_incremental_economic_gate""]"
TXN0000044100,3460.0,authentication_required,payment_link,payment_link,0.0,0.4608074128627777,1583.3936485052109,"[""v3_action_passed_incremental_economic_gate""]"
TXN0000070143,282.0,customer_decline,no_action,no_action,0.0,0.0,0.0,"[""no_action_has_better_risk_adjusted_value""]"
TXN0000024970,1530.0,authentication_required,no_action,no_action,0.0,0.0,0.0,"[""no_action_has_better_risk_adjusted_value""]"
TXN0000140363,369.0,authentication_required,no_action,no_action,0.0,0.0,0.0,"[""no_action_has_better_risk_adjusted_value""]"
TXN0000137139,714.0,customer_decline,no_action,no_action,0.0,0.0,0.0,"[""no_action_has_better_risk_adjusted_value""]"
TXN0000104113,1115.0,authentication_required,payment_link,payment_link,0.0,0.6972646713256836,766.4501085281372,"[""v3_action_passed_incremental_economic_gate""]"
TXN0000117047,149.0,customer_decline,no_action,no_action,0.0,0.0,0.0,"[""no_action_has_better_risk_adjusted_value""]"
TXN0000123373,1372.0,customer_decline,no_action,no_action,0.0,0.0,0.0,"[""no_action_has_better_risk_adjusted_value""]"
TXN0000193884,889.0,technical_retryable,payment_link,payment_link,0.0,0.7158322930335999,625.3749085068703,"[""v3_action_passed_incremental_economic_gate""]"
TXN0000124222,2564.0,customer_decline,payment_link,payment_link,0.0,0.6073615550994873,1546.2750272750854,"[""v3_action_passed_incremental_economic_gate""]"
TXN0000168522,462.0,technical_retryable,no_action,no_action,0.0,0.0,0.0,"[""no_action_has_better_risk_adjusted_value""]"
TXN0000234040,322.0,technical_retryable,retry_payment,retry_payment,0.0,0.57805997133255,183.13531076908112,"[""v3_action_passed_incremental_economic_gate""]"
TXN0000206134,355.0,technical_retryable,payment_link,payment_link,0.0,0.6896923780441284,233.8407942056656,"[""v3_action_passed_incremental_economic_gate""]"
TXN0000108405,161.0,customer_decline,payment_link,payment_link,0.0,0.6461036205291748,93.02268290519714,"[""v3_action_passed_incremental_economic_gate""]"
TXN0000082892,856.0,technical_retryable,payment_link,payment_link,0.0,0.6411945223808289,537.8625111579895,"[""v3_action_passed_incremental_economic_gate""]"
TXN0000082161,1433.0,technical_retryable,payment_link,payment_link,0.0,0.5753065943717957,813.4143497347832,"[""v3_action_passed_incremental_economic_gate""]"
TXN0000181164,2661.0,technical_retryable,payment_link,payment_link,0.0,0.6028291583061218,1593.1283902525902,"[""v3_action_passed_incremental_economic_gate""]"
TXN0000014662,91.0,customer_decline,whatsapp_reminder,whatsapp_reminder,0.0,0.5934653878211975,45.25535029172897,"[""v3_action_passed_incremental_economic_gate""]"
TXN0000155460,2372.0,technical_retryable,no_action,no_action,0.0,0.0,0.0,"[""no_action_has_better_risk_adjusted_value""]"
TXN0000010586,217.0,authentication_required,no_action,no_action,0.0,0.0,0.0,"[""no_action_has_better_risk_adjusted_value""]"
TXN0000204178,1515.0,technical_retryable,no_action,no_action,0.0,0.0,0.0,"[""no_action_has_better_risk_adjusted_value""]"
TXN0000118247,1273.0,authentication_required,no_action,no_action,0.0,0.0,0.0,"[""no_action_has_better_risk_adjusted_value""]"
TXN0000229608,1044.0,authentication_required,no_action,no_action,0.0,0.0,0.0,"[""no_action_has_better_risk_adjusted_value""]"
TXN0000171486,2096.0,technical_retryable,retry_payment,retry_payment,0.0,0.7226988077163696,1511.7767009735107,"[""v3_action_passed_incremental_economic_gate""]"
TXN0000064104,230.0,customer_decline,whatsapp_reminder,whatsapp_reminder,0.0,0.6963115930557251,151.40166640281677,"[""v3_action_passed_incremental_economic_gate""]"
TXN0000172853,649.0,customer_decline,whatsapp_reminder,whatsapp_reminder,0.0,0.7342175841331482,467.7572121024132,"[""v3_action_passed_incremental_economic_gate""]"
TXN0000051831,813.0,customer_decline,payment_link,payment_link,0.0,0.5130670666694641,406.1235252022743,"[""v3_action_passed_incremental_economic_gate""]"
TXN0000146044,875.0,customer_decline,no_action,no_action,0.0,0.0,0.0,"[""no_action_has_better_risk_adjusted_value""]"
TXN0000056223,193.0,technical_retryable,retry_payment,retry_payment,0.0,0.5931152701377869,111.47124713659286,"[""v3_action_passed_incremental_economic_gate""]"
TXN0000062411,1634.0,customer_decline,whatsapp_reminder,whatsapp_reminder,0.0,0.591047465801239,957.0215591192245,"[""v3_action_passed_incremental_economic_gate""]"
TXN0000068347,1880.0,customer_decline,payment_link,payment_link,0.0,0.6505767107009888,1212.084216117859,"[""v3_action_passed_incremental_economic_gate""]"
TXN0000191329,939.0,customer_decline,no_action,no_action,0.0,0.0,0.0,"[""no_action_has_better_risk_adjusted_value""]"
TXN0000243280,218.0,merchant_configuration,escalate_to_merchant,escalate_to_merchant,0.0,0.4365530014038086,70.16855430603027,"[""v3_action_passed_incremental_economic_gate""]"
TXN0000184665,95.0,technical_retryable,retry_payment,retry_payment,0.0,0.4910648763179779,43.6511632502079,"[""v3_action_passed_incremental_economic_gate""]"
TXN0000231968,214.0,technical_retryable,retry_payment,retry_payment,0.0,0.6591538190841675,138.05891728401184,"[""v3_action_passed_incremental_economic_gate""]"
TXN0000242207,778.0,technical_retryable,no_action,no_action,0.0,0.0,0.0,"[""no_action_has_better_risk_adjusted_value""]"
TXN0000143840,40.0,authentication_required,no_action,no_action,0.0,0.0,0.0,"[""no_action_has_better_risk_adjusted_value""]"
TXN0000172570,777.0,technical_retryable,no_action,no_action,0.0,0.0,0.0,"[""no_action_has_better_risk_adjusted_value""]"
TXN0000111127,84.0,technical_retryable,retry_payment,retry_payment,0.0,0.565702497959137,44.519009828567505,"[""v3_action_passed_incremental_economic_gate""]"
TXN0000069376,879.0,technical_retryable,no_action,no_action,0.0,0.0,0.0,"[""no_action_has_better_risk_adjusted_value""]"
TXN0000089598,306.0,authentication_required,whatsapp_reminder,whatsapp_reminder,0.0,0.6711149215698242,196.6111660003662,"[""v3_action_passed_incremental_economic_gate""]"
TXN0000103154,5350.0,customer_decline,no_action,no_action,0.0,0.0,0.0,"[""v3_stopping_rule_preserved"", ""customer_opted_out""]"
TXN0000068286,8877.0,merchant_configuration,escalate_to_merchant,escalate_to_merchant,0.0,0.3658323585987091,3222.4938472807407,"[""v3_action_passed_incremental_economic_gate""]"
TXN0000124183,6197.0,merchant_configuration,escalate_to_merchant,escalate_to_merchant,0.0,0.34235668182373047,2096.5843572616577,"[""v3_action_passed_incremental_economic_gate""]"
TXN0000111293,2078.0,customer_decline,no_action,no_action,0.0,0.0,0.0,"[""no_action_has_better_risk_adjusted_value""]"
TXN0000134966,586.0,technical_retryable,retry_payment,retry_payment,0.0,0.7045291662216187,409.85409140586853,"[""v3_action_passed_incremental_economic_gate""]"
TXN0000042622,1948.0,technical_retryable,payment_link,payment_link,0.0,0.6333940029144287,1222.8515176773071,"[""v3_action_passed_incremental_economic_gate""]"
TXN0000123708,571.0,authentication_required,whatsapp_reminder,whatsapp_reminder,0.0,0.6006275415420532,334.2083262205124,"[""v3_action_passed_incremental_economic_gate""]"
TXN0000225091,1353.0,technical_retryable,retry_payment,retry_payment,0.0,0.5737246870994568,773.249501645565,"[""v3_action_passed_incremental_economic_gate""]"
TXN0000090561,3380.0,customer_decline,payment_link,payment_link,0.0,0.6056757569313049,2036.1840584278107,"[""v3_action_passed_incremental_economic_gate""]"
TXN0000133177,6889.0,technical_retryable,payment_link,payment_link,0.0,0.5227271914482117,3590.06762188673,"[""v3_action_passed_incremental_economic_gate""]"
TXN0000000684,3969.0,authentication_required,whatsapp_reminder,whatsapp_reminder,0.0,0.5718070864677429,2260.7523261904716,"[""v3_action_passed_incremental_economic_gate""]"
TXN0000213407,163.0,technical_retryable,retry_payment,retry_payment,0.0,0.49263519048690796,77.299536049366,"[""v3_action_passed_incremental_economic_gate""]"
TXN0000028885,3216.0,customer_decline,payment_link,payment_link,0.0,0.6907300353050232,2210.3877935409546,"[""v3_action_passed_incremental_economic_gate""]"
TXN0000153023,5906.0,technical_retryable,payment_link,payment_link,0.0,0.5992311239242554,3528.059017896652,"[""v3_action_passed_incremental_economic_gate""]"
TXN0000150620,78.0,authentication_required,whatsapp_reminder,whatsapp_reminder,0.0,0.46034735441207886,27.15709364414215,"[""v3_action_passed_incremental_economic_gate""]"
TXN0000020190,1176.0,authentication_required,whatsapp_reminder,whatsapp_reminder,0.0,0.7128519415855408,829.563883304596,"[""v3_action_passed_incremental_economic_gate""]"
TXN0000107522,3352.0,authentication_required,payment_link,payment_link,0.0,0.6496019959449768,2166.4658904075623,"[""v3_action_passed_incremental_economic_gate""]"
TXN0000243264,155.0,merchant_configuration,escalate_to_merchant,escalate_to_merchant,0.0,0.5314429998397827,57.37366497516632,"[""v3_action_passed_incremental_economic_gate""]"
TXN0000029284,1349.0,customer_decline,whatsapp_reminder,whatsapp_reminder,0.0,0.7226991653442383,966.1711740493774,"[""v3_action_passed_incremental_economic_gate""]"
TXN0000209482,903.0,customer_decline,payment_link,payment_link,0.0,0.655482828617096,580.9009942412376,"[""v3_action_passed_incremental_economic_gate""]"
TXN0000146659,410.0,technical_retryable,retry_payment,retry_payment,0.0,0.5962823033332825,241.4757443666458,"[""v3_action_passed_incremental_economic_gate""]"
TXN0000155457,1745.0,technical_retryable,payment_link,payment_link,0.0,0.6133232712745667,1059.2491083741188,"[""v3_action_passed_incremental_economic_gate""]"
TXN0000090329,1267.0,authentication_required,no_action,no_action,0.0,0.0,0.0,"[""v3_stopping_rule_preserved"", ""customer_opted_out""]"
TXN0000052273,215.0,customer_decline,payment_link,payment_link,0.0,0.6493368148803711,128.60741519927979,"[""v3_action_passed_incremental_economic_gate""]"
TXN0000157924,471.0,merchant_configuration,escalate_to_merchant,escalate_to_merchant,0.0,0.5299100875854492,224.58765125274658,"[""v3_action_passed_incremental_economic_gate""]"
TXN0000026807,3587.0,merchant_configuration,escalate_to_merchant,escalate_to_merchant,0.0,0.44501474499702454,1571.267890304327,"[""v3_action_passed_incremental_economic_gate""]"
TXN0000165127,175.0,authentication_required,no_action,no_action,0.0,0.0,0.0,"[""no_action_has_better_risk_adjusted_value""]"
TXN0000117663,579.0,customer_decline,whatsapp_reminder,whatsapp_reminder,0.0,0.6507827043533325,368.05318582057953,"[""v3_action_passed_incremental_economic_gate""]"
TXN0000102673,1630.0,authentication_required,whatsapp_reminder,whatsapp_reminder,0.0,0.5340539813041687,861.757989525795,"[""v3_action_passed_incremental_economic_gate""]"
TXN0000168992,1079.0,customer_decline,no_action,no_action,0.0,0.0,0.0,"[""no_action_has_better_risk_adjusted_value""]"
TXN0000108899,1174.0,technical_retryable,retry_payment,retry_payment,0.0,0.5469122529029846,639.0749849081039,"[""v3_action_passed_incremental_economic_gate""]"
TXN0000068199,1317.0,technical_retryable,payment_link,payment_link,0.0,0.5980659127235413,776.6528070569038,"[""v3_action_passed_incremental_economic_gate""]"
TXN0000061812,979.0,authentication_required,payment_link,payment_link,0.0,0.6499148011207581,625.2665902972221,"[""v3_action_passed_incremental_economic_gate""]"
TXN0000124818,1639.0,customer_decline,whatsapp_reminder,whatsapp_reminder,0.0,0.6607370376586914,1074.1980047225952,"[""v3_action_passed_incremental_economic_gate""]"
TXN0000044737,382.0,authentication_required,no_action,no_action,0.0,0.0,0.0,"[""v3_stopping_rule_preserved"", ""customer_opted_out""]"
TXN0000052004,711.0,customer_decline,whatsapp_reminder,whatsapp_reminder,0.0,0.6081796288490295,423.66571611166,"[""v3_action_passed_incremental_economic_gate""]"
TXN0000118088,561.0,authentication_required,whatsapp_reminder,whatsapp_reminder,0.0,0.5182104706764221,281.9660740494728,"[""v3_action_passed_incremental_economic_gate""]"
TXN0000032108,9578.0,technical_retryable,payment_link,payment_link,0.0,0.48921769857406616,4674.727116942406,"[""v3_action_passed_incremental_economic_gate""]"
TXN0000096109,1327.0,merchant_configuration,escalate_to_merchant,escalate_to_merchant,0.0,0.6602481007575989,851.1492297053337,"[""v3_action_passed_incremental_economic_gate""]"
TXN0000138975,171.0,authentication_required,whatsapp_reminder,whatsapp_reminder,0.0,0.7280024886131287,115.738425552845,"[""v3_action_passed_incremental_economic_gate""]"
TXN0000063749,498.0,technical_retryable,retry_payment,retry_payment,0.0,0.5903273224830627,290.98300659656525,"[""v3_action_passed_incremental_economic_gate""]"
TXN0000167376,307.0,authentication_required,whatsapp_reminder,whatsapp_reminder,0.0,0.662739098072052,194.71090310811996,"[""v3_action_passed_incremental_economic_gate""]"
TXN0000032317,2743.0,customer_decline,whatsapp_reminder,whatsapp_reminder,0.0,0.7176069617271423,1959.6458960175514,"[""v3_action_passed_incremental_economic_gate""]"
TXN0000061744,246.0,technical_retryable,retry_payment,retry_payment,0.0,0.7285820841789246,176.23119270801544,"[""v3_action_passed_incremental_economic_gate""]"
TXN0000093654,996.0,technical_retryable,retry_payment,retry_payment,0.0,0.5984193682670593,593.0256907939911,"[""v3_action_passed_incremental_economic_gate""]"
TXN0000246929,2781.0,technical_retryable,payment_link,payment_link,0.0,0.6601468920707703,1824.868506848812,"[""v3_action_passed_incremental_economic_gate""]"
TXN0000016005,4196.0,merchant_configuration,escalate_to_merchant,escalate_to_merchant,0.0,0.5011428594589233,2077.7954382896423,"[""v3_action_passed_incremental_economic_gate""]"
TXN0000227201,1816.0,authentication_required,payment_link,payment_link,0.0,0.5152446031570435,924.6841993331909,"[""v3_action_passed_incremental_economic_gate""]"
TXN0000108259,293.0,authentication_required,whatsapp_reminder,whatsapp_reminder,0.0,0.7190200090408325,201.92286264896393,"[""v3_action_passed_incremental_economic_gate""]"
TXN0000180178,338.0,authentication_required,no_action,no_action,0.0,0.0,0.0,"[""no_action_has_better_risk_adjusted_value""]"
TXN0000164329,1387.0,technical_retryable,retry_payment,retry_payment,0.0,0.6189257502555847,855.450015604496,"[""v3_action_passed_incremental_economic_gate""]"
TXN0000054117,125.0,authentication_required,no_action,no_action,0.0,0.0,0.0,"[""no_action_has_better_risk_adjusted_value""]"
TXN0000137864,355.0,customer_decline,whatsapp_reminder,whatsapp_reminder,0.0,0.7026206851005554,240.68034321069717,"[""v3_action_passed_incremental_economic_gate""]"
TXN0000130492,287.0,authentication_required,whatsapp_reminder,whatsapp_reminder,0.0,0.6790247559547424,186.13010495901108,"[""v3_action_passed_incremental_economic_gate""]"
TXN0000040479,721.0,technical_retryable,payment_link,payment_link,0.0,0.7890255451202393,557.8874180316925,"[""v3_action_passed_incremental_economic_gate""]"
TXN0000035723,646.0,customer_decline,whatsapp_reminder,whatsapp_reminder,0.0,0.5377379059791565,338.6286872625351,"[""v3_action_passed_incremental_economic_gate""]"
TXN0000148393,163.0,technical_retryable,retry_payment,retry_payment,0.0,0.6323962807655334,100.08059376478195,"[""v3_action_passed_incremental_economic_gate""]"
TXN0000121491,1061.0,technical_retryable,payment_link,payment_link,0.0,0.6503192186355591,678.9886909723282,"[""v3_action_passed_incremental_economic_gate""]"
TXN0000062090,355.0,technical_retryable,retry_payment,retry_payment,0.0,0.6725184321403503,235.74404340982437,"[""v3_action_passed_incremental_economic_gate""]"
TXN0000231782,3674.0,authentication_required,payment_link,payment_link,0.0,0.5903058648109436,2157.783747315407,"[""v3_action_passed_incremental_economic_gate""]"
TXN0000064555,1727.0,customer_decline,whatsapp_reminder,whatsapp_reminder,0.0,0.671612024307251,1151.1239659786224,"[""v3_action_passed_incremental_economic_gate""]"
TXN0000156034,704.0,customer_decline,payment_link,payment_link,0.0,0.47845926880836487,325.83532524108887,"[""v3_action_passed_incremental_economic_gate""]"
TXN0000233309,75.0,technical_retryable,retry_payment,retry_payment,0.0,0.5001592040061951,34.51194030046463,"[""v3_action_passed_incremental_economic_gate""]"
TXN0000084064,403.0,merchant_configuration,escalate_to_merchant,escalate_to_merchant,0.0,0.4271913170814514,147.15810078382492,"[""v3_action_passed_incremental_economic_gate""]"
TXN0000052860,5036.0,technical_retryable,payment_link,payment_link,0.0,0.7405853867530823,3718.5880076885223,"[""v3_action_passed_incremental_economic_gate""]"
TXN0000211635,137.0,merchant_configuration,escalate_to_merchant,escalate_to_merchant,0.0,0.4542292654514313,37.229409366846085,"[""v3_action_passed_incremental_economic_gate""]"
TXN0000031852,366.0,customer_decline,payment_link,payment_link,0.0,0.6441092491149902,224.74398517608643,"[""v3_action_passed_incremental_economic_gate""]"
TXN0000014290,431.0,authentication_required,no_action,no_action,0.0,0.0,0.0,"[""no_action_has_better_risk_adjusted_value""]"
TXN0000171492,482.0,authentication_required,whatsapp_reminder,whatsapp_reminder,0.0,0.543255090713501,253.09895372390747,"[""v3_action_passed_incremental_economic_gate""]"
TXN0000213216,3530.0,authentication_required,whatsapp_reminder,whatsapp_reminder,0.0,0.8033789396286011,2827.177656888962,"[""v3_action_passed_incremental_economic_gate""]"
TXN0000207023,1023.0,authentication_required,no_action,no_action,0.0,0.0,0.0,"[""no_action_has_better_risk_adjusted_value""]"
TXN0000228588,1522.0,technical_retryable,no_action,no_action,0.0,0.0,0.0,"[""no_action_has_better_risk_adjusted_value""]"
TXN0000197833,1130.0,technical_retryable,payment_link,payment_link,0.0,0.6587349772453308,733.3705242872238,"[""v3_action_passed_incremental_economic_gate""]"
TXN0000227529,617.0,customer_decline,whatsapp_reminder,whatsapp_reminder,0.0,0.4520379304885864,270.1574031114578,"[""v3_action_passed_incremental_economic_gate""]"
TXN0000046943,387.0,authentication_required,whatsapp_reminder,whatsapp_reminder,0.0,0.6230810284614563,232.3823580145836,"[""v3_action_passed_incremental_economic_gate""]"
TXN0000043116,1986.0,authentication_required,whatsapp_reminder,whatsapp_reminder,0.0,0.5983278751373291,1179.5291600227356,"[""v3_action_passed_incremental_economic_gate""]"
TXN0000185279,806.0,customer_decline,no_action,no_action,0.0,0.0,0.0,"[""no_action_has_better_risk_adjusted_value""]"
TXN0000183634,690.0,technical_retryable,payment_link,payment_link,0.0,0.6405137181282043,430.954465508461,"[""v3_action_passed_incremental_economic_gate""]"
TXN0000131592,5278.0,authentication_required,payment_link,payment_link,0.0,0.6364336609840393,3348.0968626737595,"[""v3_action_passed_incremental_economic_gate""]"
TXN0000141483,4941.0,authentication_required,whatsapp_reminder,whatsapp_reminder,0.0,0.6039245128631592,2975.2410180568695,"[""v3_action_passed_incremental_economic_gate""]"
TXN0000241429,170.0,technical_retryable,retry_payment,retry_payment,0.0,0.5467227101325989,89.94286072254181,"[""v3_action_passed_incremental_economic_gate""]"
TXN0000016941,3981.0,technical_retryable,payment_link,payment_link,0.0,0.7184862494468689,2849.293759047985,"[""v3_action_passed_incremental_economic_gate""]"
TXN0000000588,126.0,technical_retryable,retry_payment,retry_payment,0.0,0.6031831502914429,73.0010769367218,"[""v3_action_passed_incremental_economic_gate""]"
TXN0000182459,294.0,authentication_required,no_action,no_action,0.0,0.0,0.0,"[""no_action_has_better_risk_adjusted_value""]"
TXN0000019150,437.0,technical_retryable,payment_link,payment_link,0.0,0.6630654335021973,278.7595944404602,"[""v3_action_passed_incremental_economic_gate""]"
TXN0000013166,1810.0,authentication_required,no_action,no_action,0.0,0.0,0.0,"[""no_action_has_better_risk_adjusted_value""]"
TXN0000179444,1870.0,authentication_required,whatsapp_reminder,whatsapp_reminder,0.0,0.6932486295700073,1287.6249372959137,"[""v3_action_passed_incremental_economic_gate""]"
TXN0000046200,4002.0,authentication_required,payment_link,payment_link,0.0,0.6224791407585144,2480.1615213155746,"[""v3_action_passed_incremental_economic_gate""]"
TXN0000182288,926.0,technical_retryable,payment_link,payment_link,0.0,0.6364096999168396,578.3153821229935,"[""v3_action_passed_incremental_economic_gate""]"
TXN0000065839,742.0,authentication_required,no_action,no_action,0.0,0.0,0.0,"[""no_action_has_better_risk_adjusted_value""]"
TXN0000118054,1152.0,technical_retryable,payment_link,payment_link,0.0,0.5817134380340576,659.1338806152344,"[""v3_action_passed_incremental_economic_gate""]"
TXN0000159176,1122.0,authentication_required,no_action,no_action,0.0,0.0,0.0,"[""no_action_has_better_risk_adjusted_value""]"
TXN0000027299,377.0,authentication_required,payment_link,payment_link,0.0,0.6890798211097717,248.78309255838394,"[""v3_action_passed_incremental_economic_gate""]"
TXN0000066689,452.0,technical_retryable,payment_link,payment_link,0.0,0.581110417842865,251.66190886497498,"[""v3_action_passed_incremental_economic_gate""]"
TXN0000020839,51.0,technical_retryable,retry_payment,retry_payment,0.0,0.5715301632881165,26.14803832769394,"[""v3_action_passed_incremental_economic_gate""]"
TXN0000086800,11703.0,merchant_configuration,escalate_to_merchant,escalate_to_merchant,0.0,0.37744271755218506,4392.212123513222,"[""v3_action_passed_incremental_economic_gate""]"
TXN0000247533,578.0,authentication_required,whatsapp_reminder,whatsapp_reminder,0.0,0.5865926146507263,330.3005312681198,"[""v3_action_passed_incremental_economic_gate""]"
TXN0000162339,4557.0,customer_decline,no_action,no_action,0.0,0.0,0.0,"[""no_action_has_better_risk_adjusted_value""]"
TXN0000006783,434.0,technical_retryable,retry_payment,retry_payment,0.0,0.531883955001831,227.83763647079468,"[""v3_action_passed_incremental_economic_gate""]"
TXN0000004780,642.0,technical_retryable,retry_payment,retry_payment,0.0,0.49370238184928894,313.9569291472435,"[""v3_action_passed_incremental_economic_gate""]"
TXN0000055770,422.0,technical_retryable,retry_payment,retry_payment,0.0,0.6015485525131226,250.85348916053772,"[""v3_action_passed_incremental_economic_gate""]"
TXN0000093584,689.0,customer_decline,payment_link,payment_link,0.0,0.581570029258728,389.7017501592636,"[""v3_action_passed_incremental_economic_gate""]"
TXN0000177305,776.0,technical_retryable,payment_link,payment_link,0.0,0.6695279479026794,508.55368757247925,"[""v3_action_passed_incremental_economic_gate""]"
TXN0000195867,5244.0,customer_decline,payment_link,payment_link,0.0,0.5477921366691589,2861.6219646930695,"[""v3_action_passed_incremental_economic_gate""]"
TXN0000132949,185.0,technical_retryable,retry_payment,retry_payment,0.0,0.5908225774765015,106.30217683315277,"[""v3_action_passed_incremental_economic_gate""]"
TXN0000101367,193.0,customer_decline,payment_link,payment_link,0.0,0.6628097891807556,116.92228931188583,"[""v3_action_passed_incremental_economic_gate""]"
TXN0000202241,1078.0,technical_retryable,payment_link,payment_link,0.0,0.618071436882019,655.2810089588165,"[""v3_action_passed_incremental_economic_gate""]"
TXN0000147004,576.0,authentication_required,no_action,no_action,0.0,0.0,0.0,"[""no_action_has_better_risk_adjusted_value""]"
TXN0000101297,1382.0,technical_retryable,payment_link,payment_link,0.0,0.46046197414398193,625.358448266983,"[""v3_action_passed_incremental_economic_gate""]"
TXN0000033507,584.0,authentication_required,whatsapp_reminder,whatsapp_reminder,0.0,0.6134505271911621,349.5051078796387,"[""v3_action_passed_incremental_economic_gate""]"
TXN0000001645,2752.0,merchant_configuration,escalate_to_merchant,escalate_to_merchant,0.0,0.47838178277015686,1291.5066661834717,"[""v3_action_passed_incremental_economic_gate""]"
TXN0000187957,531.0,customer_decline,no_action,no_action,0.0,0.0,0.0,"[""no_action_has_better_risk_adjusted_value""]"
TXN0000239514,2257.0,technical_retryable,payment_link,payment_link,0.0,0.7123265266418457,1596.7209706306458,"[""v3_action_passed_incremental_economic_gate""]"
TXN0000068339,490.0,technical_retryable,retry_payment,retry_payment,0.0,0.547635555267334,265.34142208099365,"[""v3_action_passed_incremental_economic_gate""]"
TXN0000157087,422.0,customer_decline,whatsapp_reminder,whatsapp_reminder,0.0,0.551723062992096,224.0771325826645,"[""v3_action_passed_incremental_economic_gate""]"
TXN0000034598,4181.0,fraud_risk,escalate_to_merchant,escalate_to_merchant,0.0,0.3928104341030121,1617.3404249846935,"[""fraud_manual_escalation_preserved""]"
TXN0000053270,216.0,customer_decline,no_action,no_action,0.0,0.0,0.0,"[""no_action_has_better_risk_adjusted_value""]"
TXN0000051656,647.0,customer_decline,payment_link,payment_link,0.0,0.5811164975166321,364.98237389326096,"[""v3_action_passed_incremental_economic_gate""]"
TXN0000097698,450.0,authentication_required,no_action,no_action,0.0,0.0,0.0,"[""no_action_has_better_risk_adjusted_value""]"
TXN0000099845,224.0,technical_retryable,retry_payment,retry_payment,0.0,0.6228227019309998,136.51228523254395,"[""v3_action_passed_incremental_economic_gate""]"
TXN0000230532,185.0,customer_decline,whatsapp_reminder,whatsapp_reminder,0.0,0.6945751309394836,119.74639922380447,"[""v3_action_passed_incremental_economic_gate""]"
TXN0000087730,134.0,authentication_required,no_action,no_action,0.0,0.0,0.0,"[""no_action_has_better_risk_adjusted_value""]"
TXN0000036146,6983.0,customer_decline,whatsapp_reminder,whatsapp_reminder,0.0,0.5470523834228516,3811.3167934417725,"[""v3_action_passed_incremental_economic_gate""]"
TXN0000132644,172.0,customer_decline,payment_link,payment_link,0.0,0.6725663542747498,104.68141293525696,"[""v3_action_passed_incremental_economic_gate""]"
TXN0000101476,369.0,customer_decline,no_action,no_action,0.0,0.0,0.0,"[""no_action_has_better_risk_adjusted_value""]"
TXN0000058431,490.0,technical_retryable,retry_payment,retry_payment,0.0,0.6235722899436951,302.5504220724106,"[""v3_action_passed_incremental_economic_gate""]"
TXN0000083377,7922.0,technical_retryable,payment_link,payment_link,0.0,0.5626854300498962,4446.593976855278,"[""v3_action_passed_incremental_economic_gate""]"
TXN0000208125,3875.0,technical_retryable,payment_link,payment_link,0.0,0.6075940132141113,2343.4268012046814,"[""v3_action_passed_incremental_economic_gate""]"
TXN0000044066,1591.0,technical_retryable,payment_link,payment_link,0.0,0.6728501319885254,1059.504559993744,"[""v3_action_passed_incremental_economic_gate""]"
TXN0000189301,1426.0,technical_retryable,payment_link,payment_link,0.0,0.6799227595329285,958.569855093956,"[""v3_action_passed_incremental_economic_gate""]"
TXN0000014068,285.0,technical_retryable,retry_payment,retry_payment,0.0,0.6003285646438599,168.09364092350006,"[""v3_action_passed_incremental_economic_gate""]"
TXN0000091946,396.0,authentication_required,whatsapp_reminder,whatsapp_reminder,0.0,0.6010894775390625,229.28143310546875,"[""v3_action_passed_incremental_economic_gate""]"
TXN0000011685,2473.0,technical_retryable,payment_link,payment_link,0.0,0.514358401298523,1261.0083264112473,"[""v3_action_passed_incremental_economic_gate""]"
TXN0000012058,365.0,technical_retryable,payment_link,payment_link,0.0,0.6108589172363281,211.96350479125977,"[""v3_action_passed_incremental_economic_gate""]"
TXN0000045905,302.0,customer_decline,whatsapp_reminder,whatsapp_reminder,0.0,0.615482747554779,177.12578976154327,"[""v3_action_passed_incremental_economic_gate""]"
TXN0000221728,935.0,technical_retryable,payment_link,payment_link,0.0,0.6067093014717102,556.273196876049,"[""v3_action_passed_incremental_economic_gate""]"
TXN0000077408,101.0,technical_retryable,retry_payment,retry_payment,0.0,0.5639637112617493,53.960334837436676,"[""v3_action_passed_incremental_economic_gate""]"
TXN0000134070,1098.0,technical_retryable,payment_link,payment_link,0.0,0.6563215255737305,709.641035079956,"[""v3_action_passed_incremental_economic_gate""]"
TXN0000064770,13294.0,authentication_required,no_action,no_action,0.0,0.0,0.0,"[""no_action_has_better_risk_adjusted_value""]"
TXN0000178671,1789.0,technical_retryable,payment_link,payment_link,0.0,0.5591182112693787,989.2624799609184,"[""v3_action_passed_incremental_economic_gate""]"
TXN0000075941,625.0,technical_retryable,no_action,no_action,0.0,0.0,0.0,"[""no_action_has_better_risk_adjusted_value""]"
TXN0000190491,3051.0,authentication_required,payment_link,payment_link,0.0,0.6560707688331604,1990.6719157099724,"[""v3_action_passed_incremental_economic_gate""]"
TXN0000091128,523.0,authentication_required,no_action,no_action,0.0,0.0,0.0,"[""no_action_has_better_risk_adjusted_value""]"
TXN0000131685,718.0,authentication_required,no_action,no_action,0.0,0.0,0.0,"[""no_action_has_better_risk_adjusted_value""]"
TXN0000135760,562.0,technical_retryable,retry_payment,retry_payment,0.0,0.5817492008209229,323.94305086135864,"[""v3_action_passed_incremental_economic_gate""]"
TXN0000050885,6535.0,technical_retryable,payment_link,payment_link,0.0,0.6417489051818848,4182.829095363617,"[""v3_action_passed_incremental_economic_gate""]"
TXN0000007262,548.0,technical_retryable,payment_link,payment_link,0.0,0.6557056903839111,348.3267183303833,"[""v3_action_passed_incremental_economic_gate""]"
TXN0000216475,1970.0,authentication_required,whatsapp_reminder,whatsapp_reminder,0.0,0.6288918256759644,1230.1668965816498,"[""v3_action_passed_incremental_economic_gate""]"
TXN0000174412,247.0,technical_retryable,retry_payment,retry_payment,0.0,0.6045482754707336,146.3234240412712,"[""v3_action_passed_incremental_economic_gate""]"
TXN0000163374,2861.0,technical_retryable,payment_link,payment_link,0.0,0.5742152333259583,1631.8297825455666,"[""v3_action_passed_incremental_economic_gate""]"
TXN0000141088,56.0,authentication_required,no_action,no_action,0.0,0.0,0.0,"[""no_action_has_better_risk_adjusted_value""]"
TXN0000039882,2148.0,technical_retryable,retry_payment,retry_payment,0.0,0.6413768529891968,1374.6774802207947,"[""v3_action_passed_incremental_economic_gate""]"
TXN0000034253,335.0,technical_retryable,no_action,no_action,0.0,0.0,0.0,"[""no_action_has_better_risk_adjusted_value""]"
TXN0000167140,492.0,technical_retryable,payment_link,payment_link,0.0,0.6897592544555664,328.3615531921387,"[""v3_action_passed_incremental_economic_gate""]"
TXN0000236393,501.0,customer_decline,whatsapp_reminder,whatsapp_reminder,0.0,0.5503206253051758,266.96063327789307,"[""v3_action_passed_incremental_economic_gate""]"
TXN0000190360,5507.0,authentication_required,whatsapp_reminder,whatsapp_reminder,0.0,0.5550822019577026,3048.0876861810684,"[""v3_action_passed_incremental_economic_gate""]"
TXN0000012089,430.0,authentication_required,whatsapp_reminder,whatsapp_reminder,0.0,0.6078540086746216,252.62722373008728,"[""v3_action_passed_incremental_economic_gate""]"
TXN0000104726,2387.0,authentication_required,payment_link,payment_link,0.0,0.5796301364898682,1372.5771358013153,"[""v3_action_passed_incremental_economic_gate""]"
TXN0000005759,769.0,customer_decline,no_action,no_action,0.0,0.0,0.0,"[""no_action_has_better_risk_adjusted_value""]"
TXN0000030286,67.0,technical_retryable,retry_payment,retry_payment,0.0,0.5843085646629333,36.148673832416534,"[""v3_action_passed_incremental_economic_gate""]"
TXN0000179511,459.0,authentication_required,payment_link,payment_link,0.0,0.6512501835823059,287.9238342642784,"[""v3_action_passed_incremental_economic_gate""]"
TXN0000154057,203.0,technical_retryable,retry_payment,retry_payment,0.0,0.5668274760246277,112.06597763299942,"[""v3_action_passed_incremental_economic_gate""]"
TXN0000030984,639.0,technical_retryable,no_action,no_action,0.0,0.0,0.0,"[""no_action_has_better_risk_adjusted_value""]"
TXN0000108362,2100.0,customer_decline,payment_link,payment_link,0.0,0.5641768574714661,1173.7714006900787,"[""v3_action_passed_incremental_economic_gate""]"
TXN0000083082,485.0,customer_decline,whatsapp_reminder,whatsapp_reminder,0.0,0.6011224389076233,282.7943828701973,"[""v3_action_passed_incremental_economic_gate""]"
TXN0000134420,128.0,authentication_required,no_action,no_action,0.0,0.0,0.0,"[""no_action_has_better_risk_adjusted_value""]"
TXN0000191686,1809.0,authentication_required,no_action,no_action,0.0,0.0,0.0,"[""no_action_has_better_risk_adjusted_value""]"
TXN0000143138,888.0,customer_decline,no_action,no_action,0.0,0.0,0.0,"[""no_action_has_better_risk_adjusted_value""]"
TXN0000025140,2770.0,authentication_required,payment_link,payment_link,0.0,0.7120124101638794,1961.274376153946,"[""v3_action_passed_incremental_economic_gate""]"
TXN0000184860,2433.0,authentication_required,no_action,no_action,0.0,0.0,0.0,"[""no_action_has_better_risk_adjusted_value""]"
TXN0000235483,563.0,customer_decline,payment_link,payment_link,0.0,0.665338397026062,363.5855175256729,"[""v3_action_passed_incremental_economic_gate""]"
TXN0000020326,62.0,merchant_configuration,escalate_to_merchant,no_action,0.0,0.0,0.0,"[""no_action_has_better_risk_adjusted_value""]"
TXN0000224346,1795.0,authentication_required,payment_link,payment_link,0.0,0.668860137462616,1189.6039467453957,"[""v3_action_passed_incremental_economic_gate""]"
TXN0000063435,715.0,technical_retryable,no_action,no_action,0.0,0.0,0.0,"[""no_action_has_better_risk_adjusted_value""]"
TXN0000059864,3820.0,technical_retryable,payment_link,payment_link,0.0,0.6424668431282043,2443.2233407497406,"[""v3_action_passed_incremental_economic_gate""]"
TXN0000068874,649.0,authentication_required,payment_link,payment_link,0.0,0.6227853298187256,393.1876790523529,"[""v3_action_passed_incremental_economic_gate""]"
TXN0000108174,1046.0,technical_retryable,payment_link,payment_link,0.0,0.6584828495979309,677.7730606794357,"[""v3_action_passed_incremental_economic_gate""]"
TXN0000142241,3954.0,authentication_required,payment_link,payment_link,0.0,0.6073964834213257,2390.6456954479218,"[""v3_action_passed_incremental_economic_gate""]"
TXN0000058071,923.0,authentication_required,payment_link,payment_link,0.0,0.6485419273376465,587.6041989326477,"[""v3_action_passed_incremental_economic_gate""]"
TXN0000203678,1034.0,technical_retryable,payment_link,payment_link,0.0,0.6408491134643555,651.6379833221436,"[""v3_action_passed_incremental_economic_gate""]"
TXN0000076341,1560.0,customer_decline,no_action,no_action,0.0,0.0,0.0,"[""no_action_has_better_risk_adjusted_value""]"
TXN0000173658,363.0,technical_retryable,retry_payment,retry_payment,0.0,0.45774534344673157,163.16155967116356,"[""v3_action_passed_incremental_economic_gate""]"
TXN0000019669,612.0,authentication_required,whatsapp_reminder,whatsapp_reminder,0.0,0.6237584948539734,372.9901988506317,"[""v3_action_passed_incremental_economic_gate""]"
TXN0000242860,735.0,authentication_required,no_action,no_action,0.0,0.0,0.0,"[""no_action_has_better_risk_adjusted_value""]"
TXN0000157757,3242.0,authentication_required,payment_link,payment_link,0.0,0.6935349702835083,2237.440373659134,"[""v3_action_passed_incremental_economic_gate""]"
TXN0000083336,8671.0,technical_retryable,retry_payment,retry_payment,0.0,0.7250102162361145,6283.563584983349,"[""v3_action_passed_incremental_economic_gate""]"
TXN0000119062,287.0,technical_retryable,retry_payment,retry_payment,0.0,0.5311080813407898,149.42801934480667,"[""v3_action_passed_incremental_economic_gate""]"
TXN0000076333,499.0,customer_decline,no_action,no_action,0.0,0.0,0.0,"[""no_action_has_better_risk_adjusted_value""]"
TXN0000153313,1339.0,technical_retryable,payment_link,payment_link,0.0,0.633673906326294,837.4893605709076,"[""v3_action_passed_incremental_economic_gate""]"
TXN0000181278,663.0,customer_decline,whatsapp_reminder,whatsapp_reminder,0.0,0.6777558326721191,440.602117061615,"[""v3_action_passed_incremental_economic_gate""]"
TXN0000094686,197.0,technical_retryable,retry_payment,retry_payment,0.0,0.6025731563568115,115.70691180229187,"[""v3_action_passed_incremental_economic_gate""]"
TXN0000063932,358.0,customer_decline,no_action,no_action,0.0,0.0,0.0,"[""no_action_has_better_risk_adjusted_value""]"
TXN0000061617,859.0,technical_retryable,payment_link,payment_link,0.0,0.6888934373855591,580.7594627141953,"[""v3_action_passed_incremental_economic_gate""]"
TXN0000119244,121.0,customer_decline,payment_link,payment_link,0.0,0.6161813735961914,63.55794620513916,"[""v3_action_passed_incremental_economic_gate""]"
TXN0000134031,273.0,authentication_required,no_action,no_action,0.0,0.0,0.0,"[""no_action_has_better_risk_adjusted_value""]"
TXN0000247910,98.0,customer_decline,whatsapp_reminder,whatsapp_reminder,0.0,0.5804208517074585,48.13124346733093,"[""v3_action_passed_incremental_economic_gate""]"
TXN0000025330,1583.0,technical_retryable,payment_link,payment_link,0.0,0.6876600384712219,1077.5658408999443,"[""v3_action_passed_incremental_economic_gate""]"
TXN0000033470,480.0,technical_retryable,retry_payment,retry_payment,0.0,0.5379305481910706,255.20666313171387,"[""v3_action_passed_incremental_economic_gate""]"
TXN0000116778,3781.0,authentication_required,payment_link,payment_link,0.0,0.5874823331832886,2210.270701766014,"[""v3_action_passed_incremental_economic_gate""]"
TXN0000234740,101.0,technical_retryable,retry_payment,retry_payment,0.0,0.7034613490104675,68.04959625005722,"[""v3_action_passed_incremental_economic_gate""]"
TXN0000201646,401.0,technical_retryable,retry_payment,retry_payment,0.0,0.5940528512001038,235.2151933312416,"[""v3_action_passed_incremental_economic_gate""]"
TXN0000141091,7638.0,technical_retryable,payment_link,payment_link,0.0,0.6239327192306519,4754.598109483719,"[""v3_action_passed_incremental_economic_gate""]"
TXN0000078510,289.0,technical_retryable,retry_payment,retry_payment,0.0,0.6281894445419312,178.5467494726181,"[""v3_action_passed_incremental_economic_gate""]"
TXN0000014354,219.0,technical_retryable,retry_payment,retry_payment,0.0,0.6698229312896729,143.69122195243835,"[""v3_action_passed_incremental_economic_gate""]"
TXN0000192996,8872.0,technical_retryable,payment_link,payment_link,0.0,0.6474001407623291,5732.734048843384,"[""v3_action_passed_incremental_economic_gate""]"
TXN0000016912,351.0,technical_retryable,retry_payment,retry_payment,0.0,0.5353145599365234,184.89541053771973,"[""v3_action_passed_incremental_economic_gate""]"
TXN0000185379,227.0,customer_decline,no_action,no_action,0.0,0.0,0.0,"[""no_action_has_better_risk_adjusted_value""]"
TXN0000195429,4518.0,customer_decline,no_action,no_action,0.0,0.0,0.0,"[""no_action_has_better_risk_adjusted_value""]"
TXN0000108002,1875.0,technical_retryable,retry_payment,retry_payment,0.0,0.5521422624588013,1032.2667421102524,"[""v3_action_passed_incremental_economic_gate""]"
TXN0000034805,5499.0,customer_decline,payment_link,payment_link,0.0,0.605084240436554,3316.35823816061,"[""v3_action_passed_incremental_economic_gate""]"
TXN0000181389,328.0,technical_retryable,payment_link,payment_link,0.0,0.6864418983459473,214.1529426574707,"[""v3_action_passed_incremental_economic_gate""]"
TXN0000108552,1947.0,merchant_configuration,escalate_to_merchant,escalate_to_merchant,0.0,0.4508483111858368,852.8016618788242,"[""v3_action_passed_incremental_economic_gate""]"
TXN0000058444,327.0,technical_retryable,retry_payment,retry_payment,0.0,0.5943961143493652,191.36752939224243,"[""v3_action_passed_incremental_economic_gate""]"
TXN0000145458,640.0,authentication_required,whatsapp_reminder,whatsapp_reminder,0.0,0.6860269904136658,430.3072738647461,"[""v3_action_passed_incremental_economic_gate""]"
TXN0000146191,1852.0,technical_retryable,payment_link,payment_link,0.0,0.7285827994346619,1338.3353445529938,"[""v3_action_passed_incremental_economic_gate""]"
TXN0000134087,1090.0,authentication_required,whatsapp_reminder,whatsapp_reminder,0.0,0.7007426023483276,755.0594365596771,"[""v3_action_passed_incremental_economic_gate""]"
TXN0000140977,1173.0,merchant_configuration,escalate_to_merchant,escalate_to_merchant,0.0,0.2631623446941376,283.6894303262234,"[""v3_action_passed_incremental_economic_gate""]"
TXN0000103693,151.0,customer_decline,no_action,no_action,0.0,0.0,0.0,"[""no_action_has_better_risk_adjusted_value""]"
TXN0000209729,2430.0,authentication_required,whatsapp_reminder,whatsapp_reminder,0.0,0.6360102891921997,1536.7550027370453,"[""v3_action_passed_incremental_economic_gate""]"
TXN0000177590,388.0,authentication_required,whatsapp_reminder,whatsapp_reminder,0.0,0.6072598099708557,226.86680626869202,"[""v3_action_passed_incremental_economic_gate""]"
TXN0000069604,9976.0,technical_retryable,payment_link,payment_link,0.0,0.6267448663711548,6241.40678691864,"[""v3_action_passed_incremental_economic_gate""]"
TXN0000141445,1143.0,merchant_configuration,no_action,no_action,0.0,0.0,0.0,"[""v3_stopping_rule_preserved"", ""customer_opted_out""]"
TXN0000137475,531.0,technical_retryable,retry_payment,retry_payment,0.0,0.41679781675338745,218.31964069604874,"[""v3_action_passed_incremental_economic_gate""]"
TXN0000028417,1260.0,customer_decline,whatsapp_reminder,whatsapp_reminder,0.0,0.634350597858429,790.5317533016205,"[""v3_action_passed_incremental_economic_gate""]"
TXN0000222094,243.0,customer_decline,payment_link,payment_link,0.0,0.6778349876403809,153.71390199661255,"[""v3_action_passed_incremental_economic_gate""]"
TXN0000109830,2888.0,customer_decline,payment_link,payment_link,0.0,0.6308708786964417,1810.9550976753235,"[""v3_action_passed_incremental_economic_gate""]"
TXN0000102052,898.0,technical_retryable,payment_link,payment_link,0.0,0.6134262084960938,539.8567352294922,"[""v3_action_passed_incremental_economic_gate""]"
TXN0000047720,488.0,technical_retryable,retry_payment,retry_payment,0.0,0.6021565794944763,290.85241079330444,"[""v3_action_passed_incremental_economic_gate""]"
TXN0000200607,137.0,authentication_required,whatsapp_reminder,whatsapp_reminder,0.0,0.710605800151825,88.60299462080002,"[""v3_action_passed_incremental_economic_gate""]"
TXN0000111228,217.0,customer_decline,whatsapp_reminder,whatsapp_reminder,0.0,0.562225878238678,113.25301557779312,"[""v3_action_passed_incremental_economic_gate""]"
TXN0000069461,797.0,technical_retryable,no_action,no_action,0.0,0.0,0.0,"[""no_action_has_better_risk_adjusted_value""]"
TXN0000144198,352.0,authentication_required,no_action,no_action,0.0,0.0,0.0,"[""no_action_has_better_risk_adjusted_value""]"
TXN0000181196,638.0,customer_decline,payment_link,payment_link,0.0,0.5374205708503723,331.87432420253754,"[""v3_action_passed_incremental_economic_gate""]"
TXN0000069736,168.0,merchant_configuration,escalate_to_merchant,no_action,0.0,0.0,0.0,"[""no_action_has_better_risk_adjusted_value""]"
TXN0000091811,211.0,technical_retryable,retry_payment,retry_payment,0.0,0.6494601368904114,134.0360888838768,"[""v3_action_passed_incremental_economic_gate""]"
TXN0000240920,854.0,customer_decline,payment_link,payment_link,0.0,0.6308978199958801,527.7867382764816,"[""v3_action_passed_incremental_economic_gate""]"
TXN0000188745,233.0,technical_retryable,retry_payment,retry_payment,0.0,0.5815799236297607,132.50812220573425,"[""v3_action_passed_incremental_economic_gate""]"
TXN0000120849,1496.0,customer_decline,no_action,no_action,0.0,0.0,0.0,"[""no_action_has_better_risk_adjusted_value""]"
TXN0000201659,7342.0,authentication_required,no_action,no_action,0.0,0.0,0.0,"[""no_action_has_better_risk_adjusted_value""]"
TXN0000104896,6316.0,authentication_required,payment_link,payment_link,0.0,0.4479500949382782,2818.252799630165,"[""v3_action_passed_incremental_economic_gate""]"
TXN0000110922,849.0,authentication_required,payment_link,payment_link,0.0,0.6995046734809875,582.8794677853584,"[""v3_action_passed_incremental_economic_gate""]"
TXN0000213317,524.0,technical_retryable,retry_payment,retry_payment,0.0,0.6561229228973389,340.80841159820557,"[""v3_action_passed_incremental_economic_gate""]"
TXN0000220261,354.0,authentication_required,whatsapp_reminder,whatsapp_reminder,0.0,0.5984421968460083,203.09853768348694,"[""v3_action_passed_incremental_economic_gate""]"
TXN0000048428,339.0,customer_decline,no_action,no_action,0.0,0.0,0.0,"[""no_action_has_better_risk_adjusted_value""]"
TXN0000217974,1219.0,merchant_configuration,escalate_to_merchant,escalate_to_merchant,0.0,0.5023411512374878,587.3538633584976,"[""v3_action_passed_incremental_economic_gate""]"
TXN0000161101,293.0,authentication_required,no_action,no_action,0.0,0.0,0.0,"[""v3_stopping_rule_preserved"", ""customer_opted_out""]"
TXN0000086144,326.0,merchant_configuration,escalate_to_merchant,escalate_to_merchant,0.0,0.5177109241485596,143.77376127243042,"[""v3_action_passed_incremental_economic_gate""]"
TXN0000088706,1718.0,technical_retryable,retry_payment,retry_payment,0.0,0.6898249387741089,1182.119244813919,"[""v3_action_passed_incremental_economic_gate""]"
TXN0000217416,258.0,customer_decline,whatsapp_reminder,whatsapp_reminder,0.0,0.6249967813491821,152.499169588089,"[""v3_action_passed_incremental_economic_gate""]"
TXN0000130706,243.0,technical_retryable,retry_payment,retry_payment,0.0,0.5574938654899597,132.4710093140602,"[""v3_action_passed_incremental_economic_gate""]"
TXN0000078603,474.0,technical_retryable,retry_payment,retry_payment,0.0,0.5720645189285278,268.1585819721222,"[""v3_action_passed_incremental_economic_gate""]"
TXN0000049297,1775.0,technical_retryable,payment_link,payment_link,0.0,0.607217013835907,1066.810199558735,"[""v3_action_passed_incremental_economic_gate""]"
TXN0000022968,397.0,authentication_required,no_action,no_action,0.0,0.0,0.0,"[""no_action_has_better_risk_adjusted_value""]"
TXN0000095773,166.0,customer_decline,no_action,no_action,0.0,0.0,0.0,"[""v3_stopping_rule_preserved"", ""customer_opted_out""]"
TXN0000086499,664.0,customer_decline,whatsapp_reminder,whatsapp_reminder,0.0,0.7004514932632446,456.34979152679443,"[""v3_action_passed_incremental_economic_gate""]"
TXN0000163655,706.0,technical_retryable,payment_link,payment_link,0.0,0.5652817487716675,388.08891463279724,"[""v3_action_passed_incremental_economic_gate""]"
TXN0000053627,1151.0,authentication_required,whatsapp_reminder,whatsapp_reminder,0.0,0.6118825078010559,695.5267664790154,"[""v3_action_passed_incremental_economic_gate""]"
TXN0000133579,11305.0,customer_decline,no_action,no_action,0.0,0.0,0.0,"[""no_action_has_better_risk_adjusted_value""]"
TXN0000017080,844.0,customer_decline,no_action,no_action,0.0,0.0,0.0,"[""no_action_has_better_risk_adjusted_value""]"
TXN0000146467,34.0,technical_retryable,no_action,no_action,0.0,0.0,0.0,"[""no_action_has_better_risk_adjusted_value""]"
TXN0000069400,1926.0,authentication_required,payment_link,payment_link,0.0,0.6738763451576233,1286.8858407735825,"[""v3_action_passed_incremental_economic_gate""]"
TXN0000210391,864.0,technical_retryable,no_action,no_action,0.0,0.0,0.0,"[""no_action_has_better_risk_adjusted_value""]"
TXN0000006758,614.0,technical_retryable,payment_link,payment_link,0.0,0.6846163868904114,409.3544615507126,"[""v3_action_passed_incremental_economic_gate""]"
TXN0000043144,438.0,technical_retryable,retry_payment,retry_payment,0.0,0.6099631786346436,264.1638722419739,"[""v3_action_passed_incremental_economic_gate""]"
TXN0000058599,1384.0,customer_decline,payment_link,payment_link,0.0,0.6914601922035217,945.9809060096741,"[""v3_action_passed_incremental_economic_gate""]"
TXN0000152039,78.0,authentication_required,no_action,no_action,0.0,0.0,0.0,"[""no_action_has_better_risk_adjusted_value""]"
TXN0000014936,89.0,technical_retryable,retry_payment,retry_payment,0.0,0.6763781905174255,57.19765895605087,"[""v3_action_passed_incremental_economic_gate""]"
TXN0000155499,3995.0,technical_retryable,payment_link,payment_link,0.0,0.6485934257507324,2580.130735874176,"[""v3_action_passed_incremental_economic_gate""]"
TXN0000233007,518.0,customer_decline,no_action,no_action,0.0,0.0,0.0,"[""no_action_has_better_risk_adjusted_value""]"
TXN0000192923,136.0,technical_retryable,no_action,no_action,0.0,0.0,0.0,"[""no_action_has_better_risk_adjusted_value""]"
TXN0000219684,213.0,customer_decline,whatsapp_reminder,whatsapp_reminder,0.0,0.6252177357673645,124.42137771844864,"[""v3_action_passed_incremental_economic_gate""]"
TXN0000168051,314.0,merchant_configuration,escalate_to_merchant,escalate_to_merchant,0.0,0.5420738458633423,145.21118760108948,"[""v3_action_passed_incremental_economic_gate""]"
TXN0000028317,381.0,customer_decline,no_action,no_action,0.0,0.0,0.0,"[""no_action_has_better_risk_adjusted_value""]"
TXN0000185420,4439.0,authentication_required,payment_link,payment_link,0.0,0.5058386921882629,2234.417954623699,"[""v3_action_passed_incremental_economic_gate""]"
TXN0000128696,1975.0,technical_retryable,payment_link,payment_link,0.0,0.6770641207695007,1326.201638519764,"[""v3_action_passed_incremental_economic_gate""]"
TXN0000074679,2860.0,technical_retryable,retry_payment,retry_payment,0.0,0.607096791267395,1733.2968230247498,"[""v3_action_passed_incremental_economic_gate""]"
TXN0000240116,682.0,customer_decline,no_action,no_action,0.0,0.0,0.0,"[""no_action_has_better_risk_adjusted_value""]"
TXN0000110552,163.0,customer_decline,no_action,no_action,0.0,0.0,0.0,"[""no_action_has_better_risk_adjusted_value""]"
TXN0000055585,1156.0,technical_retryable,retry_payment,retry_payment,0.0,0.5960686206817627,686.0553255081177,"[""v3_action_passed_incremental_economic_gate""]"
TXN0000165079,1563.0,technical_retryable,no_action,no_action,0.0,0.0,0.0,"[""v3_stopping_rule_preserved"", ""customer_opted_out""]"
TXN0000048177,8921.0,authentication_required,payment_link,payment_link,0.0,0.5783869028091431,5148.789559960365,"[""v3_action_passed_incremental_economic_gate""]"
TXN0000001921,284.0,technical_retryable,no_action,no_action,0.0,0.0,0.0,"[""no_action_has_better_risk_adjusted_value""]"
TXN0000222482,74.0,technical_retryable,retry_payment,retry_payment,0.0,0.6026151776313782,41.593523144721985,"[""v3_action_passed_incremental_economic_gate""]"
TXN0000081147,1948.0,technical_retryable,retry_payment,retry_payment,0.0,0.6931486129760742,1347.2534980773926,"[""v3_action_passed_incremental_economic_gate""]"
TXN0000158175,14441.0,customer_decline,payment_link,payment_link,0.0,0.638972282409668,9216.398730278015,"[""v3_action_passed_incremental_economic_gate""]"
TXN0000059725,3362.0,technical_retryable,retry_payment,retry_payment,0.0,0.6449916362762451,2165.461881160736,"[""v3_action_passed_incremental_economic_gate""]"
TXN0000229679,267.0,customer_decline,no_action,no_action,0.0,0.0,0.0,"[""no_action_has_better_risk_adjusted_value""]"
TXN0000110029,1825.0,technical_retryable,payment_link,payment_link,0.0,0.5797539353370667,1047.0509319901466,"[""v3_action_passed_incremental_economic_gate""]"
TXN0000092643,170.0,authentication_required,whatsapp_reminder,whatsapp_reminder,0.0,0.6458584666252136,101.04593932628632,"[""v3_action_passed_incremental_economic_gate""]"
TXN0000055536,1076.0,authentication_required,whatsapp_reminder,whatsapp_reminder,0.0,0.6719618439674377,714.280944108963,"[""v3_action_passed_incremental_economic_gate""]"
TXN0000120300,705.0,authentication_required,payment_link,payment_link,0.0,0.7068950533866882,487.3610126376152,"[""v3_action_passed_incremental_economic_gate""]"
TXN0000010364,1133.0,authentication_required,whatsapp_reminder,whatsapp_reminder,0.0,0.7512214779853821,842.3839345574379,"[""v3_action_passed_incremental_economic_gate""]"
TXN0000147193,3178.0,technical_retryable,payment_link,payment_link,0.0,0.5807656645774841,1834.6732820272446,"[""v3_action_passed_incremental_economic_gate""]"
TXN0000199642,1718.0,customer_decline,whatsapp_reminder,whatsapp_reminder,0.0,0.7169787287712097,1223.0194560289383,"[""v3_action_passed_incremental_economic_gate""]"
TXN0000187400,807.0,authentication_required,whatsapp_reminder,whatsapp_reminder,0.0,0.6189203858375549,490.71875137090683,"[""v3_action_passed_incremental_economic_gate""]"
TXN0000247555,2011.0,customer_decline,payment_link,payment_link,0.0,0.6137676239013672,1223.2866916656494,"[""v3_action_passed_incremental_economic_gate""]"
TXN0000010002,247.0,technical_retryable,retry_payment,retry_payment,0.0,0.4993167221546173,120.33123037219048,"[""v3_action_passed_incremental_economic_gate""]"
TXN0000133021,7953.0,authentication_required,payment_link,payment_link,0.0,0.6511560678482056,5167.644207596779,"[""v3_action_passed_incremental_economic_gate""]"
TXN0000112997,981.0,technical_retryable,retry_payment,retry_payment,0.0,0.7076541781425476,691.2087487578392,"[""v3_action_passed_incremental_economic_gate""]"
TXN0000246493,333.0,customer_decline,no_action,no_action,0.0,0.0,0.0,"[""no_action_has_better_risk_adjusted_value""]"
TXN0000001111,2032.0,authentication_required,payment_link,payment_link,0.0,0.7089950442314148,1429.6779298782349,"[""v3_action_passed_incremental_economic_gate""]"
TXN0000162525,394.0,authentication_required,payment_link,payment_link,0.0,0.6556295156478882,247.31802916526794,"[""v3_action_passed_incremental_economic_gate""]"
TXN0000103056,561.0,technical_retryable,no_action,no_action,0.0,0.0,0.0,"[""v3_stopping_rule_preserved"", ""customer_opted_out""]"
TXN0000057890,2511.0,customer_decline,whatsapp_reminder,whatsapp_reminder,0.0,0.5449511408805847,1359.6223147511482,"[""v3_action_passed_incremental_economic_gate""]"
TXN0000059983,3398.0,technical_retryable,payment_link,payment_link,0.0,0.6190742254257202,2092.6142179965973,"[""v3_action_passed_incremental_economic_gate""]"
TXN0000055019,264.0,customer_decline,no_action,no_action,0.0,0.0,0.0,"[""no_action_has_better_risk_adjusted_value""]"
TXN0000113742,278.0,authentication_required,payment_link,payment_link,0.0,0.6417679786682129,167.41149806976318,"[""v3_action_passed_incremental_economic_gate""]"
TXN0000063363,93.0,authentication_required,whatsapp_reminder,whatsapp_reminder,0.0,0.6398685574531555,50.75777584314346,"[""v3_action_passed_incremental_economic_gate""]"
TXN0000200662,424.0,authentication_required,whatsapp_reminder,whatsapp_reminder,0.0,0.6227946877479553,255.31494760513306,"[""v3_action_passed_incremental_economic_gate""]"
TXN0000112625,2558.0,authentication_required,no_action,no_action,0.0,0.0,0.0,"[""no_action_has_better_risk_adjusted_value""]"
TXN0000138229,1820.0,technical_retryable,no_action,no_action,0.0,0.0,0.0,"[""v3_stopping_rule_preserved"", ""customer_opted_out""]"
TXN0000217147,150.0,technical_retryable,retry_payment,retry_payment,0.0,0.4533330500125885,64.99995750188828,"[""v3_action_passed_incremental_economic_gate""]"
TXN0000235139,521.0,authentication_required,whatsapp_reminder,whatsapp_reminder,0.0,0.47282853722572327,237.59366789460182,"[""v3_action_passed_incremental_economic_gate""]"
TXN0000163574,249.0,customer_decline,whatsapp_reminder,whatsapp_reminder,0.0,0.6312978863716125,148.44317370653152,"[""v3_action_passed_incremental_economic_gate""]"
TXN0000148980,2959.0,customer_decline,whatsapp_reminder,whatsapp_reminder,0.0,0.712711751461029,2100.164072573185,"[""v3_action_passed_incremental_economic_gate""]"
TXN0000241511,1466.0,technical_retryable,no_action,no_action,0.0,0.0,0.0,"[""no_action_has_better_risk_adjusted_value""]"
TXN0000199531,457.0,authentication_required,whatsapp_reminder,whatsapp_reminder,0.0,0.6167780756950378,273.1175805926323,"[""v3_action_passed_incremental_economic_gate""]"
TXN0000241018,428.0,authentication_required,whatsapp_reminder,whatsapp_reminder,0.0,0.5450965166091919,224.55130910873413,"[""v3_action_passed_incremental_economic_gate""]"
TXN0000076520,1889.0,merchant_configuration,escalate_to_merchant,escalate_to_merchant,0.0,0.26085391640663147,467.75304809212685,"[""v3_action_passed_incremental_economic_gate""]"
TXN0000240033,492.0,authentication_required,payment_link,payment_link,0.0,0.6767351627349854,321.9537000656128,"[""v3_action_passed_incremental_economic_gate""]"
TXN0000008592,1349.0,merchant_configuration,escalate_to_merchant,escalate_to_merchant,0.0,0.427328884601593,551.466665327549,"[""v3_action_passed_incremental_economic_gate""]"
TXN0000048944,401.0,customer_decline,whatsapp_reminder,whatsapp_reminder,0.0,0.585712730884552,226.12080508470535,"[""v3_action_passed_incremental_economic_gate""]"
TXN0000203126,2195.0,customer_decline,no_action,no_action,0.0,0.0,0.0,"[""v3_stopping_rule_preserved"", ""customer_opted_out""]"
TXN0000218114,403.0,authentication_required,payment_link,payment_link,0.0,0.6997577548027039,271.00237518548965,"[""v3_action_passed_incremental_economic_gate""]"
TXN0000171277,117.0,customer_decline,payment_link,payment_link,0.0,0.6466370820999146,64.65653860569,"[""v3_action_passed_incremental_economic_gate""]"
TXN0000122460,38.0,technical_retryable,no_action,no_action,0.0,0.0,0.0,"[""no_action_has_better_risk_adjusted_value""]"
TXN0000192365,325.0,technical_retryable,retry_payment,retry_payment,0.0,0.618542492389679,198.02631002664566,"[""v3_action_passed_incremental_economic_gate""]"
TXN0000029974,617.0,authentication_required,no_action,no_action,0.0,0.0,0.0,"[""no_action_has_better_risk_adjusted_value""]"
TXN0000176281,918.0,authentication_required,whatsapp_reminder,whatsapp_reminder,0.0,0.5698695778846741,514.3902724981308,"[""v3_action_passed_incremental_economic_gate""]"
TXN0000043127,6799.0,fraud_risk,escalate_to_merchant,escalate_to_merchant,0.0,0.3794020414352417,2554.5544797182083,"[""fraud_manual_escalation_preserved""]"
TXN0000021687,1046.0,technical_retryable,no_action,no_action,0.0,0.0,0.0,"[""no_action_has_better_risk_adjusted_value""]"
TXN0000242168,1118.0,technical_retryable,payment_link,payment_link,0.0,0.637797474861145,702.0575768947601,"[""v3_action_passed_incremental_economic_gate""]"
TXN0000243170,120.0,customer_decline,no_action,no_action,0.0,0.0,0.0,"[""no_action_has_better_risk_adjusted_value""]"
TXN0000015997,588.0,merchant_configuration,escalate_to_merchant,escalate_to_merchant,0.0,0.43516120314598083,230.87478744983673,"[""v3_action_passed_incremental_economic_gate""]"
TXN0000062916,403.0,technical_retryable,no_action,no_action,0.0,0.0,0.0,"[""no_action_has_better_risk_adjusted_value""]"
TXN0000189136,395.0,merchant_configuration,escalate_to_merchant,escalate_to_merchant,0.0,0.4447745382785797,150.685942620039,"[""v3_action_passed_incremental_economic_gate""]"
TXN0000069326,1208.0,technical_retryable,payment_link,payment_link,0.0,0.6285511255264282,748.2897596359253,"[""v3_action_passed_incremental_economic_gate""]"
TXN0000177395,1803.0,technical_retryable,payment_link,payment_link,0.0,0.5278384685516357,940.6927587985992,"[""v3_action_passed_incremental_economic_gate""]"
TXN0000238542,735.0,technical_retryable,payment_link,payment_link,0.0,0.5517810583114624,394.55907785892487,"[""v3_action_passed_incremental_economic_gate""]"
TXN0000224453,383.0,technical_retryable,retry_payment,retry_payment,0.0,0.5779263377189636,218.34578734636307,"[""v3_action_passed_incremental_economic_gate""]"
TXN0000103151,1864.0,customer_decline,payment_link,payment_link,0.0,0.5724371075630188,1056.022768497467,"[""v3_action_passed_incremental_economic_gate""]"
TXN0000137794,917.0,customer_decline,payment_link,payment_link,0.0,0.5468741655349731,490.4836097955704,"[""v3_action_passed_incremental_economic_gate""]"
TXN0000070900,1013.0,authentication_required,whatsapp_reminder,whatsapp_reminder,0.0,0.6710681319236755,671.0420176386833,"[""v3_action_passed_incremental_economic_gate""]"
TXN0000109296,258.0,authentication_required,whatsapp_reminder,whatsapp_reminder,0.0,0.6522326469421387,159.52602291107178,"[""v3_action_passed_incremental_economic_gate""]"
TXN0000057827,658.0,authentication_required,no_action,no_action,0.0,0.0,0.0,"[""no_action_has_better_risk_adjusted_value""]"
TXN0000071816,161.0,authentication_required,no_action,no_action,0.0,0.0,0.0,"[""no_action_has_better_risk_adjusted_value""]"
TXN0000234750,935.0,authentication_required,whatsapp_reminder,whatsapp_reminder,0.0,0.5089318752288818,467.1013033390045,"[""v3_action_passed_incremental_economic_gate""]"
TXN0000167242,3189.0,authentication_required,whatsapp_reminder,whatsapp_reminder,0.0,0.5501103401184082,1745.5518746376038,"[""v3_action_passed_incremental_economic_gate""]"
TXN0000071852,552.0,technical_retryable,payment_link,payment_link,0.0,0.6120402216911316,326.84620237350464,"[""v3_action_passed_incremental_economic_gate""]"
TXN0000114667,5261.0,authentication_required,payment_link,payment_link,0.0,0.6769600510597229,3550.486828625202,"[""v3_action_passed_incremental_economic_gate""]"
TXN0000230781,906.0,customer_decline,payment_link,payment_link,0.0,0.6549618244171143,582.3954129219055,"[""v3_action_passed_incremental_economic_gate""]"
TXN0000075392,1774.0,technical_retryable,payment_link,payment_link,0.0,0.6709423661231995,1179.2517575025558,"[""v3_action_passed_incremental_economic_gate""]"
TXN0000015057,626.0,technical_retryable,payment_link,payment_link,0.0,0.6346555948257446,386.29440236091614,"[""v3_action_passed_incremental_economic_gate""]"
TXN0000150865,891.0,technical_retryable,no_action,no_action,0.0,0.0,0.0,"[""no_action_has_better_risk_adjusted_value""]"
TXN0000201556,632.0,authentication_required,whatsapp_reminder,whatsapp_reminder,0.0,0.6724330186843872,416.2276678085327,"[""v3_action_passed_incremental_economic_gate""]"
TXN0000096115,5969.0,authentication_required,payment_link,payment_link,0.0,0.6807273030281067,4052.261271774769,"[""v3_action_passed_incremental_economic_gate""]"
TXN0000246894,287.0,authentication_required,whatsapp_reminder,whatsapp_reminder,0.0,0.6646517515182495,182.0050526857376,"[""v3_action_passed_incremental_economic_gate""]"
TXN0000095299,6046.0,authentication_required,payment_link,payment_link,0.0,0.5624616742134094,3389.6432822942734,"[""v3_action_passed_incremental_economic_gate""]"
TXN0000218826,9564.0,merchant_configuration,escalate_to_merchant,escalate_to_merchant,0.0,0.5176743865013123,4926.03783249855,"[""v3_action_passed_incremental_economic_gate""]"
TXN0000048806,206.0,technical_retryable,retry_payment,retry_payment,0.0,0.5541393756866455,111.15271139144897,"[""v3_action_passed_incremental_economic_gate""]"
TXN0000224745,511.0,authentication_required,whatsapp_reminder,whatsapp_reminder,0.0,0.6772581934928894,337.3289368748665,"[""v3_action_passed_incremental_economic_gate""]"
TXN0000154071,504.0,authentication_required,whatsapp_reminder,whatsapp_reminder,0.0,0.6170798540115356,302.25824642181396,"[""v3_action_passed_incremental_economic_gate""]"
TXN0000114582,3103.0,technical_retryable,payment_link,payment_link,0.0,0.6650682091712952,2052.706653058529,"[""v3_action_passed_incremental_economic_gate""]"
TXN0000070461,2180.0,merchant_configuration,escalate_to_merchant,escalate_to_merchant,0.0,0.3487347662448883,735.2417904138565,"[""v3_action_passed_incremental_economic_gate""]"
TXN0000082968,1005.0,authentication_required,whatsapp_reminder,whatsapp_reminder,0.0,0.5584859251976013,552.5283548235893,"[""v3_action_passed_incremental_economic_gate""]"
TXN0000026094,580.0,technical_retryable,retry_payment,retry_payment,0.0,0.5263584852218628,302.2879214286804,"[""v3_action_passed_incremental_economic_gate""]"
TXN0000166160,2049.0,customer_decline,payment_link,payment_link,0.0,0.704068124294281,1431.6355866789818,"[""v3_action_passed_incremental_economic_gate""]"
TXN0000037722,2577.0,merchant_configuration,escalate_to_merchant,escalate_to_merchant,0.0,0.4559995234012604,1150.110771805048,"[""v3_action_passed_incremental_economic_gate""]"
TXN0000129060,2017.0,authentication_required,no_action,no_action,0.0,0.0,0.0,"[""no_action_has_better_risk_adjusted_value""]"
TXN0000103347,2186.0,authentication_required,no_action,no_action,0.0,0.0,0.0,"[""no_action_has_better_risk_adjusted_value""]"
TXN0000026017,154.0,authentication_required,no_action,no_action,0.0,0.0,0.0,"[""v3_stopping_rule_preserved"", ""customer_opted_out""]"
TXN0000085306,312.0,technical_retryable,retry_payment,retry_payment,0.0,0.6268107891082764,192.56496620178223,"[""v3_action_passed_incremental_economic_gate""]"
TXN0000052328,266.0,technical_retryable,retry_payment,retry_payment,0.0,0.6305937170982361,164.7379287481308,"[""v3_action_passed_incremental_economic_gate""]"
TXN0000030103,9129.0,technical_retryable,payment_link,payment_link,0.0,0.6262980103492737,5706.474536478519,"[""v3_action_passed_incremental_economic_gate""]"
TXN0000131824,54.0,customer_decline,no_action,no_action,0.0,0.0,0.0,"[""no_action_has_better_risk_adjusted_value""]"
TXN0000043970,416.0,customer_decline,no_action,no_action,0.0,0.0,0.0,"[""v3_stopping_rule_preserved"", ""customer_opted_out""]"
TXN0000087152,258.0,customer_decline,no_action,no_action,0.0,0.0,0.0,"[""no_action_has_better_risk_adjusted_value""]"
TXN0000169122,177.0,technical_retryable,retry_payment,retry_payment,0.0,0.4896954298019409,83.67609107494354,"[""v3_action_passed_incremental_economic_gate""]"
TXN0000162244,189.0,merchant_configuration,escalate_to_merchant,escalate_to_merchant,0.0,0.5735768675804138,83.40602797269821,"[""v3_action_passed_incremental_economic_gate""]"
TXN0000065083,1376.0,customer_decline,whatsapp_reminder,whatsapp_reminder,0.0,0.6137887239456177,835.8232841491699,"[""v3_action_passed_incremental_economic_gate""]"
TXN0000093564,3688.0,technical_retryable,payment_link,payment_link,0.0,0.6359211802482605,2334.2773127555847,"[""v3_action_passed_incremental_economic_gate""]"
TXN0000186888,2218.0,customer_decline,whatsapp_reminder,whatsapp_reminder,0.0,0.6523821949958801,1438.2337085008621,"[""v3_action_passed_incremental_economic_gate""]"
TXN0000092342,314.0,authentication_required,whatsapp_reminder,whatsapp_reminder,0.0,0.6221026182174683,186.59022212028503,"[""v3_action_passed_incremental_economic_gate""]"
TXN0000002027,9168.0,merchant_configuration,escalate_to_merchant,escalate_to_merchant,0.0,0.325959175825119,2963.393723964691,"[""v3_action_passed_incremental_economic_gate""]"
TXN0000087039,1375.0,technical_retryable,no_action,no_action,0.0,0.0,0.0,"[""no_action_has_better_risk_adjusted_value""]"
TXN0000074107,498.0,merchant_configuration,escalate_to_merchant,escalate_to_merchant,0.0,0.42214012145996094,185.22578048706055,"[""v3_action_passed_incremental_economic_gate""]"
TXN0000013800,4082.0,customer_decline,no_action,no_action,0.0,0.0,0.0,"[""no_action_has_better_risk_adjusted_value""]"
TXN0000122110,343.0,authentication_required,whatsapp_reminder,whatsapp_reminder,0.0,0.6354314088821411,209.2029732465744,"[""v3_action_passed_incremental_economic_gate""]"
TXN0000026155,926.0,merchant_configuration,escalate_to_merchant,escalate_to_merchant,0.0,0.366707980632782,314.5715900659561,"[""v3_action_passed_incremental_economic_gate""]"
TXN0000110449,413.0,customer_decline,no_action,no_action,0.0,0.0,0.0,"[""v3_stopping_rule_preserved"", ""customer_opted_out""]"
TXN0000036459,186.0,merchant_configuration,escalate_to_merchant,escalate_to_merchant,0.0,0.5442757606506348,76.23529148101807,"[""v3_action_passed_incremental_economic_gate""]"
TXN0000183355,3504.0,merchant_configuration,escalate_to_merchant,escalate_to_merchant,0.0,0.386970192193985,1330.9435534477234,"[""v3_action_passed_incremental_economic_gate""]"
TXN0000239870,2264.0,merchant_configuration,escalate_to_merchant,escalate_to_merchant,0.0,0.35948821902275085,788.8813278675079,"[""v3_action_passed_incremental_economic_gate""]"
TXN0000243077,425.0,customer_decline,whatsapp_reminder,whatsapp_reminder,0.0,0.6100178360939026,250.5075803399086,"[""v3_action_passed_incremental_economic_gate""]"
TXN0000130063,901.0,customer_decline,no_action,no_action,0.0,0.0,0.0,"[""v3_stopping_rule_preserved"", ""customer_opted_out""]"
TXN0000132480,242.0,merchant_configuration,escalate_to_merchant,escalate_to_merchant,0.0,0.39234232902526855,69.94684362411499,"[""v3_action_passed_incremental_economic_gate""]"
TXN0000045696,675.0,customer_decline,no_action,no_action,0.0,0.0,0.0,"[""no_action_has_better_risk_adjusted_value""]"
TXN0000218172,1268.0,customer_decline,whatsapp_reminder,whatsapp_reminder,0.0,0.6495580077171326,814.8895537853241,"[""v3_action_passed_incremental_economic_gate""]"
TXN0000182339,13994.0,authentication_required,whatsapp_reminder,whatsapp_reminder,0.0,0.6500642895698547,9088.249668240547,"[""v3_action_passed_incremental_economic_gate""]"
TXN0000121814,570.0,customer_decline,whatsapp_reminder,whatsapp_reminder,0.0,0.5630160570144653,312.16915249824524,"[""v3_action_passed_incremental_economic_gate""]"
TXN0000220166,2509.0,technical_retryable,payment_link,payment_link,0.0,0.5531237721443176,1376.787544310093,"[""v3_action_passed_incremental_economic_gate""]"
TXN0000169330,2792.0,authentication_required,payment_link,payment_link,0.0,0.6371340155601501,1767.8781714439392,"[""v3_action_passed_incremental_economic_gate""]"
TXN0000072228,1916.0,authentication_required,no_action,no_action,0.0,0.0,0.0,"[""no_action_has_better_risk_adjusted_value""]"
TXN0000010620,766.0,technical_retryable,no_action,no_action,0.0,0.0,0.0,"[""v3_stopping_rule_preserved"", ""customer_opted_out""]"
TXN0000219542,1316.0,technical_retryable,payment_link,payment_link,0.0,0.6407865285873413,832.2750716209412,"[""v3_action_passed_incremental_economic_gate""]"
TXN0000243537,3105.0,authentication_required,no_action,no_action,0.0,0.0,0.0,"[""no_action_has_better_risk_adjusted_value""]"
TXN0000160055,886.0,customer_decline,payment_link,payment_link,0.0,0.6712937355041504,583.7662496566772,"[""v3_action_passed_incremental_economic_gate""]"
TXN0000221679,1825.0,technical_retryable,payment_link,payment_link,0.0,0.6677088141441345,1207.5685858130455,"[""v3_action_passed_incremental_economic_gate""]"
TXN0000198841,4912.0,technical_retryable,retry_payment,retry_payment,0.0,0.6241965889930725,3063.053645133972,"[""v3_action_passed_incremental_economic_gate""]"
TXN0000104518,284.0,merchant_configuration,escalate_to_merchant,escalate_to_merchant,0.0,0.48547422885894775,112.87468099594116,"[""v3_action_passed_incremental_economic_gate""]"
TXN0000121977,1301.0,authentication_required,whatsapp_reminder,whatsapp_reminder,0.0,0.6928807497024536,892.6878553628922,"[""v3_action_passed_incremental_economic_gate""]"
TXN0000147727,441.0,merchant_configuration,escalate_to_merchant,escalate_to_merchant,0.0,0.5251453518867493,206.58910018205643,"[""v3_action_passed_incremental_economic_gate""]"
TXN0000163798,52.0,authentication_required,no_action,no_action,0.0,0.0,0.0,"[""no_action_has_better_risk_adjusted_value""]"
TXN0000155701,1591.0,authentication_required,payment_link,payment_link,0.0,0.5674906373023987,891.8776039481163,"[""v3_action_passed_incremental_economic_gate""]"
TXN0000119614,2051.0,authentication_required,whatsapp_reminder,whatsapp_reminder,0.0,0.7060023546218872,1439.2608293294907,"[""v3_action_passed_incremental_economic_gate""]"
TXN0000026366,746.0,authentication_required,whatsapp_reminder,whatsapp_reminder,0.0,0.5662702322006226,413.68759322166443,"[""v3_action_passed_incremental_economic_gate""]"
TXN0000059746,80.0,authentication_required,no_action,no_action,0.0,0.0,0.0,"[""no_action_has_better_risk_adjusted_value""]"
TXN0000044975,1057.0,authentication_required,payment_link,payment_link,0.0,0.6324711441993713,657.5219994187355,"[""v3_action_passed_incremental_economic_gate""]"
TXN0000120050,592.0,technical_retryable,payment_link,payment_link,0.0,0.6003726124763489,344.42058658599854,"[""v3_action_passed_incremental_economic_gate""]"
TXN0000170396,1381.0,authentication_required,no_action,no_action,0.0,0.0,0.0,"[""no_action_has_better_risk_adjusted_value""]"
TXN0000046480,3284.0,merchant_configuration,escalate_to_merchant,escalate_to_merchant,0.0,0.35945355892181396,1155.445487499237,"[""v3_action_passed_incremental_economic_gate""]"
TXN0000136637,1455.0,authentication_required,payment_link,payment_link,0.0,0.5058649182319641,725.0334560275078,"[""v3_action_passed_incremental_economic_gate""]"
TXN0000153914,3237.0,authentication_required,payment_link,payment_link,0.0,0.5533880591392517,1780.3171474337578,"[""v3_action_passed_incremental_economic_gate""]"
TXN0000016122,349.0,technical_retryable,retry_payment,retry_payment,0.0,0.4031631052494049,137.7039237320423,"[""v3_action_passed_incremental_economic_gate""]"
TXN0000224056,457.0,authentication_required,whatsapp_reminder,whatsapp_reminder,0.0,0.6238709688186646,276.3590327501297,"[""v3_action_passed_incremental_economic_gate""]"
TXN0000052411,1439.0,technical_retryable,payment_link,payment_link,0.0,0.6405264139175415,910.7175096273422,"[""v3_action_passed_incremental_economic_gate""]"
TXN0000107493,3684.0,technical_retryable,payment_link,payment_link,0.0,0.5159781575202942,1889.8635323047638,"[""v3_action_passed_incremental_economic_gate""]"
TXN0000120591,2231.0,customer_decline,payment_link,payment_link,0.0,0.5674992203712463,1255.0907606482506,"[""v3_action_passed_incremental_economic_gate""]"
TXN0000051642,792.0,technical_retryable,retry_payment,retry_payment,0.0,0.7064705491065979,556.5246748924255,"[""v3_action_passed_incremental_economic_gate""]"
TXN0000164578,530.0,technical_retryable,payment_link,payment_link,0.0,0.6408345103263855,328.6422904729843,"[""v3_action_passed_incremental_economic_gate""]"
TXN0000026692,354.0,authentication_required,whatsapp_reminder,whatsapp_reminder,0.0,0.460233598947525,154.17269402742386,"[""v3_action_passed_incremental_economic_gate""]"
TXN0000072145,488.0,technical_retryable,retry_payment,retry_payment,0.0,0.6262697577476501,302.61964178085327,"[""v3_action_passed_incremental_economic_gate""]"
TXN0000133942,267.0,authentication_required,payment_link,payment_link,0.0,0.7046692371368408,177.1466863155365,"[""v3_action_passed_incremental_economic_gate""]"
TXN0000198685,882.0,authentication_required,no_action,no_action,0.0,0.0,0.0,"[""no_action_has_better_risk_adjusted_value""]"
TXN0000199284,5660.0,customer_decline,no_action,no_action,0.0,0.0,0.0,"[""no_action_has_better_risk_adjusted_value""]"
TXN0000218542,312.0,technical_retryable,no_action,no_action,0.0,0.0,0.0,"[""no_action_has_better_risk_adjusted_value""]"
TXN0000079694,128.0,authentication_required,payment_link,payment_link,0.0,0.6071540713310242,66.7157211303711,"[""v3_action_passed_incremental_economic_gate""]"
TXN0000216172,329.0,technical_retryable,no_action,no_action,0.0,0.0,0.0,"[""no_action_has_better_risk_adjusted_value""]"
TXN0000240966,887.0,technical_retryable,retry_payment,retry_payment,0.0,0.644632875919342,568.7893609404564,"[""v3_action_passed_incremental_economic_gate""]"
TXN0000113109,6487.0,authentication_required,no_action,no_action,0.0,0.0,0.0,"[""no_action_has_better_risk_adjusted_value""]"
TXN0000191147,70.0,technical_retryable,retry_payment,retry_payment,0.0,0.6615305542945862,43.30713880062103,"[""v3_action_passed_incremental_economic_gate""]"
TXN0000085530,6468.0,technical_retryable,retry_payment,retry_payment,0.0,0.4578455686569214,2958.3451380729675,"[""v3_action_passed_incremental_economic_gate""]"
TXN0000159686,29.0,technical_retryable,no_action,no_action,0.0,0.0,0.0,"[""no_action_has_better_risk_adjusted_value""]"
TXN0000139348,628.0,authentication_required,no_action,no_action,0.0,0.0,0.0,"[""no_action_has_better_risk_adjusted_value""]"
TXN0000152029,372.0,authentication_required,no_action,no_action,0.0,0.0,0.0,"[""no_action_has_better_risk_adjusted_value""]"
TXN0000028780,325.0,authentication_required,no_action,no_action,0.0,0.0,0.0,"[""v3_stopping_rule_preserved"", ""customer_opted_out""]"
TXN0000227681,278.0,authentication_required,no_action,no_action,0.0,0.0,0.0,"[""no_action_has_better_risk_adjusted_value""]"
TXN0000170734,72.0,customer_decline,payment_link,payment_link,0.0,0.6484176516532898,35.686070919036865,"[""v3_action_passed_incremental_economic_gate""]"
TXN0000123445,859.0,authentication_required,whatsapp_reminder,whatsapp_reminder,0.0,0.6617732048034668,559.713182926178,"[""v3_action_passed_incremental_economic_gate""]"
TXN0000201271,3595.0,authentication_required,no_action,no_action,0.0,0.0,0.0,"[""no_action_has_better_risk_adjusted_value""]"
TXN0000244969,436.0,authentication_required,whatsapp_reminder,whatsapp_reminder,0.0,0.6280800104141235,265.09288454055786,"[""v3_action_passed_incremental_economic_gate""]"
TXN0000094344,275.0,technical_retryable,retry_payment,retry_payment,0.0,0.49714136123657227,133.71387434005737,"[""v3_action_passed_incremental_economic_gate""]"
TXN0000018503,609.0,merchant_configuration,escalate_to_merchant,escalate_to_merchant,0.0,0.4867602586746216,271.43699753284454,"[""v3_action_passed_incremental_economic_gate""]"
TXN0000209798,268.0,technical_retryable,retry_payment,retry_payment,0.0,0.5122798681259155,134.29100465774536,"[""v3_action_passed_incremental_economic_gate""]"
TXN0000009625,4694.0,authentication_required,payment_link,payment_link,0.0,0.575980007648468,2692.650155901909,"[""v3_action_passed_incremental_economic_gate""]"
TXN0000087549,1008.0,technical_retryable,payment_link,payment_link,0.0,0.5299955010414124,523.2354650497437,"[""v3_action_passed_incremental_economic_gate""]"
TXN0000247888,319.0,merchant_configuration,escalate_to_merchant,escalate_to_merchant,0.0,0.46269527077674866,122.59979137778282,"[""v3_action_passed_incremental_economic_gate""]"
TXN0000184314,735.0,technical_retryable,payment_link,payment_link,0.0,0.64182049036026,460.7380604147911,"[""v3_action_passed_incremental_economic_gate""]"
TXN0000213077,134.0,authentication_required,whatsapp_reminder,whatsapp_reminder,0.0,0.6980409622192383,84.78748893737793,"[""v3_action_passed_incremental_economic_gate""]"
TXN0000002407,3425.0,authentication_required,payment_link,payment_link,0.0,0.7297258973121643,2488.3111982941628,"[""v3_action_passed_incremental_economic_gate""]"
TXN0000043211,594.0,technical_retryable,payment_link,payment_link,0.0,0.5441051125526428,312.19843685626984,"[""v3_action_passed_incremental_economic_gate""]"
TXN0000199977,2417.0,authentication_required,payment_link,payment_link,0.0,0.6387568116188049,1532.8752136826515,"[""v3_action_passed_incremental_economic_gate""]"
TXN0000233405,1274.0,authentication_required,no_action,no_action,0.0,0.0,0.0,"[""v3_stopping_rule_preserved"", ""customer_opted_out""]"
TXN0000161181,561.0,technical_retryable,retry_payment,retry_payment,0.0,0.6056423187255859,336.7653408050537,"[""v3_action_passed_incremental_economic_gate""]"
TXN0000145474,684.0,authentication_required,whatsapp_reminder,whatsapp_reminder,0.0,0.597188413143158,399.72687458992004,"[""v3_action_passed_incremental_economic_gate""]"
TXN0000089381,315.0,customer_decline,no_action,no_action,0.0,0.0,0.0,"[""no_action_has_better_risk_adjusted_value""]"
TXN0000081889,3574.0,authentication_required,no_action,no_action,0.0,0.0,0.0,"[""no_action_has_better_risk_adjusted_value""]"
TXN0000205863,219.0,customer_decline,no_action,no_action,0.0,0.0,0.0,"[""no_action_has_better_risk_adjusted_value""]"
TXN0000075434,286.0,authentication_required,whatsapp_reminder,whatsapp_reminder,0.0,0.6549577116966248,178.56790554523468,"[""v3_action_passed_incremental_economic_gate""]"
TXN0000074811,429.0,customer_decline,no_action,no_action,0.0,0.0,0.0,"[""no_action_has_better_risk_adjusted_value""]"
TXN0000166435,2225.0,customer_decline,no_action,no_action,0.0,0.0,0.0,"[""no_action_has_better_risk_adjusted_value""]"
TXN0000195704,326.0,merchant_configuration,escalate_to_merchant,escalate_to_merchant,0.0,0.434465616941452,116.63579112291336,"[""v3_action_passed_incremental_economic_gate""]"
TXN0000248230,163.0,technical_retryable,retry_payment,retry_payment,0.0,0.6017577648162842,95.08651566505432,"[""v3_action_passed_incremental_economic_gate""]"
TXN0000218268,112.0,authentication_required,no_action,no_action,0.0,0.0,0.0,"[""no_action_has_better_risk_adjusted_value""]"
TXN0000209216,473.0,customer_decline,whatsapp_reminder,whatsapp_reminder,0.0,0.4437587261199951,201.1478774547577,"[""v3_action_passed_incremental_economic_gate""]"
TXN0000094394,3130.0,technical_retryable,payment_link,payment_link,0.0,0.6462329626083374,2011.709172964096,"[""v3_action_passed_incremental_economic_gate""]"
TXN0000026595,597.0,authentication_required,whatsapp_reminder,whatsapp_reminder,0.0,0.528626024723053,306.8397367596626,"[""v3_action_passed_incremental_economic_gate""]"
TXN0000004587,3743.0,customer_decline,whatsapp_reminder,whatsapp_reminder,0.0,0.763462483882904,2848.89007717371,"[""v3_action_passed_incremental_economic_gate""]"
TXN0000200552,743.0,technical_retryable,no_action,no_action,0.0,0.0,0.0,"[""no_action_has_better_risk_adjusted_value""]"
TXN0000168140,929.0,technical_retryable,no_action,no_action,0.0,0.0,0.0,"[""no_action_has_better_risk_adjusted_value""]"
TXN0000228968,620.0,merchant_configuration,escalate_to_merchant,escalate_to_merchant,0.0,0.42144760489463806,236.2975150346756,"[""v3_action_passed_incremental_economic_gate""]"
TXN0000137372,130.0,authentication_required,whatsapp_reminder,whatsapp_reminder,0.0,0.6459630131721497,75.22519171237946,"[""v3_action_passed_incremental_economic_gate""]"
TXN0000131614,62.0,authentication_required,no_action,no_action,0.0,0.0,0.0,"[""no_action_has_better_risk_adjusted_value""]"
TXN0000103622,204.0,customer_decline,whatsapp_reminder,whatsapp_reminder,0.0,0.5068397521972656,94.64530944824219,"[""v3_action_passed_incremental_economic_gate""]"
TXN0000138513,2449.0,customer_decline,whatsapp_reminder,whatsapp_reminder,0.0,0.5280540585517883,1284.4543893933296,"[""v3_action_passed_incremental_economic_gate""]"
TXN0000098149,6041.0,merchant_configuration,escalate_to_merchant,escalate_to_merchant,0.0,0.41988134384155273,2511.50319814682,"[""v3_action_passed_incremental_economic_gate""]"
TXN0000019193,479.0,merchant_configuration,escalate_to_merchant,escalate_to_merchant,0.0,0.2609761357307434,100.00756901502609,"[""v3_action_passed_incremental_economic_gate""]"
TXN0000154621,456.0,technical_retryable,retry_payment,retry_payment,0.0,0.6366739869117737,287.3233380317688,"[""v3_action_passed_incremental_economic_gate""]"
TXN0000167629,63.0,customer_decline,no_action,no_action,0.0,0.0,0.0,"[""no_action_has_better_risk_adjusted_value""]"
TXN0000142485,358.0,merchant_configuration,escalate_to_merchant,escalate_to_merchant,0.0,0.5633307695388794,176.67241549491882,"[""v3_action_passed_incremental_economic_gate""]"
TXN0000187045,1177.0,technical_retryable,no_action,no_action,0.0,0.0,0.0,"[""v3_stopping_rule_preserved"", ""customer_opted_out""]"
TXN0000110308,240.0,merchant_configuration,escalate_to_merchant,escalate_to_merchant,0.0,0.4344879388809204,79.2771053314209,"[""v3_action_passed_incremental_economic_gate""]"
TXN0000002921,1921.0,technical_retryable,payment_link,payment_link,0.0,0.5999286770820618,1141.4629886746407,"[""v3_action_passed_incremental_economic_gate""]"
TXN0000206898,906.0,technical_retryable,retry_payment,retry_payment,0.0,0.4744803309440613,426.8791798353195,"[""v3_action_passed_incremental_economic_gate""]"
TXN0000162766,2477.0,customer_decline,whatsapp_reminder,whatsapp_reminder,0.0,0.6900310516357422,1700.4569149017334,"[""v3_action_passed_incremental_economic_gate""]"
TXN0000005760,2143.0,technical_retryable,no_action,no_action,0.0,0.0,0.0,"[""v3_stopping_rule_preserved"", ""customer_opted_out""]"
TXN0000199891,509.0,technical_retryable,payment_link,payment_link,0.0,0.6681306958198547,329.07852417230606,"[""v3_action_passed_incremental_economic_gate""]"
TXN0000207620,449.0,technical_retryable,no_action,no_action,0.0,0.0,0.0,"[""no_action_has_better_risk_adjusted_value""]"
TXN0000005029,3212.0,authentication_required,no_action,no_action,0.0,0.0,0.0,"[""no_action_has_better_risk_adjusted_value""]"
TXN0000087132,220.0,authentication_required,no_action,no_action,0.0,0.0,0.0,"[""no_action_has_better_risk_adjusted_value""]"
TXN0000151566,594.0,technical_retryable,payment_link,payment_link,0.0,0.6413047313690186,369.935010433197,"[""v3_action_passed_incremental_economic_gate""]"
TXN0000224146,604.0,authentication_required,whatsapp_reminder,whatsapp_reminder,0.0,0.5343281626701355,313.98421025276184,"[""v3_action_passed_incremental_economic_gate""]"
TXN0000201632,5373.0,technical_retryable,retry_payment,retry_payment,0.0,0.6102858781814575,3276.0660234689713,"[""v3_action_passed_incremental_economic_gate""]"
TXN0000187435,436.0,authentication_required,no_action,no_action,0.0,0.0,0.0,"[""no_action_has_better_risk_adjusted_value""]"
TXN0000200919,639.0,authentication_required,whatsapp_reminder,whatsapp_reminder,0.0,0.6984450221061707,437.55636912584305,"[""v3_action_passed_incremental_economic_gate""]"
TXN0000171508,126.0,technical_retryable,retry_payment,retry_payment,0.0,0.5434874892234802,65.47942364215851,"[""v3_action_passed_incremental_economic_gate""]"
TXN0000176590,334.0,customer_decline,no_action,no_action,0.0,0.0,0.0,"[""no_action_has_better_risk_adjusted_value""]"
TXN0000190632,183.0,customer_decline,no_action,no_action,0.0,0.0,0.0,"[""no_action_has_better_risk_adjusted_value""]"
TXN0000045521,241.0,technical_retryable,retry_payment,retry_payment,0.0,0.5632219314575195,132.7364854812622,"[""v3_action_passed_incremental_economic_gate""]"
TXN0000213231,750.0,technical_retryable,no_action,no_action,0.0,0.0,0.0,"[""no_action_has_better_risk_adjusted_value""]"
TXN0000067503,1434.0,technical_retryable,retry_payment,retry_payment,0.0,0.577632486820221,825.3249861001968,"[""v3_action_passed_incremental_economic_gate""]"
TXN0000236465,207.0,technical_retryable,retry_payment,retry_payment,0.0,0.6559627652168274,132.78429239988327,"[""v3_action_passed_incremental_economic_gate""]"
TXN0000012368,2076.0,technical_retryable,retry_payment,retry_payment,0.0,0.5745642185211182,1189.7953176498413,"[""v3_action_passed_incremental_economic_gate""]"
TXN0000085462,1111.0,technical_retryable,payment_link,payment_link,0.0,0.5252867937088013,572.5936278104782,"[""v3_action_passed_incremental_economic_gate""]"
TXN0000179347,1143.0,merchant_configuration,escalate_to_merchant,escalate_to_merchant,0.0,0.5624699592590332,617.903163433075,"[""v3_action_passed_incremental_economic_gate""]"
TXN0000018645,5462.0,customer_decline,payment_link,payment_link,0.0,0.517130970954895,2813.5693633556366,"[""v3_action_passed_incremental_economic_gate""]"
TXN0000060768,2853.0,technical_retryable,no_action,no_action,0.0,0.0,0.0,"[""no_action_has_better_risk_adjusted_value""]"
TXN0000096373,1156.0,technical_retryable,payment_link,payment_link,0.0,0.6126753687858582,697.252726316452,"[""v3_action_passed_incremental_economic_gate""]"
TXN0000249007,1456.0,technical_retryable,payment_link,payment_link,0.0,0.5748015642166138,825.9110774993896,"[""v3_action_passed_incremental_economic_gate""]"
TXN0000073054,236.0,technical_retryable,retry_payment,retry_payment,0.0,0.6042110919952393,139.59381771087646,"[""v3_action_passed_incremental_economic_gate""]"
TXN0000242404,1295.0,authentication_required,payment_link,payment_link,0.0,0.6040298938751221,771.2187125682831,"[""v3_action_passed_incremental_economic_gate""]"
TXN0000119259,357.0,customer_decline,no_action,no_action,0.0,0.0,0.0,"[""v3_stopping_rule_preserved"", ""customer_opted_out""]"
TXN0000002502,469.0,technical_retryable,no_action,no_action,0.0,0.0,0.0,"[""no_action_has_better_risk_adjusted_value""]"
TXN0000205288,1833.0,authentication_required,no_action,no_action,0.0,0.0,0.0,"[""no_action_has_better_risk_adjusted_value""]"
TXN0000031049,1552.0,authentication_required,no_action,no_action,0.0,0.0,0.0,"[""no_action_has_better_risk_adjusted_value""]"
TXN0000169426,295.0,technical_retryable,retry_payment,retry_payment,0.0,0.5317288041114807,153.8599972128868,"[""v3_action_passed_incremental_economic_gate""]"
TXN0000227990,261.0,technical_retryable,retry_payment,retry_payment,0.0,0.5870172381401062,150.21149915456772,"[""v3_action_passed_incremental_economic_gate""]"
TXN0000241829,118.0,customer_decline,no_action,no_action,0.0,0.0,0.0,"[""no_action_has_better_risk_adjusted_value""]"
TXN0000055281,204.0,authentication_required,whatsapp_reminder,whatsapp_reminder,0.0,0.4729190468788147,87.7254855632782,"[""v3_action_passed_incremental_economic_gate""]"
TXN0000147444,163.0,customer_decline,payment_link,payment_link,0.0,0.7059515714645386,104.07010614871979,"[""v3_action_passed_incremental_economic_gate""]"
TXN0000090198,52.0,technical_retryable,retry_payment,retry_payment,0.0,0.6126801371574402,28.85936713218689,"[""v3_action_passed_incremental_economic_gate""]"
TXN0000136528,3347.0,technical_retryable,retry_payment,retry_payment,0.0,0.6133171916007996,2049.772640287876,"[""v3_action_passed_incremental_economic_gate""]"
TXN0000241513,259.0,customer_decline,payment_link,payment_link,0.0,0.7067996859550476,172.06111866235733,"[""v3_action_passed_incremental_economic_gate""]"
TXN0000182492,412.0,technical_retryable,retry_payment,retry_payment,0.0,0.5662584900856018,230.29849791526794,"[""v3_action_passed_incremental_economic_gate""]"
TXN0000009772,287.0,authentication_required,whatsapp_reminder,whatsapp_reminder,0.0,0.6619757413864136,181.2370377779007,"[""v3_action_passed_incremental_economic_gate""]"
TXN0000014105,2992.0,merchant_configuration,escalate_to_merchant,escalate_to_merchant,0.0,0.5321714282035828,1567.2569131851196,"[""v3_action_passed_incremental_economic_gate""]"
TXN0000094617,240.0,authentication_required,no_action,no_action,0.0,0.0,0.0,"[""no_action_has_better_risk_adjusted_value""]"
TXN0000058032,1615.0,authentication_required,payment_link,payment_link,0.0,0.7440225481987,1190.5964153409004,"[""v3_action_passed_incremental_economic_gate""]"
TXN0000054061,762.0,technical_retryable,payment_link,payment_link,0.0,0.6254361271858215,465.582328915596,"[""v3_action_passed_incremental_economic_gate""]"
TXN0000016082,302.0,technical_retryable,retry_payment,retry_payment,0.0,0.6027536392211914,179.0315990447998,"[""v3_action_passed_incremental_economic_gate""]"
TXN0000106572,365.0,customer_decline,no_action,no_action,0.0,0.0,0.0,"[""no_action_has_better_risk_adjusted_value""]"
TXN0000179087,134.0,authentication_required,no_action,no_action,0.0,0.0,0.0,"[""v3_stopping_rule_preserved"", ""customer_opted_out""]"
TXN0000114783,1226.0,customer_decline,no_action,no_action,0.0,0.0,0.0,"[""no_action_has_better_risk_adjusted_value""]"
TXN0000009853,786.0,customer_decline,no_action,no_action,0.0,0.0,0.0,"[""no_action_has_better_risk_adjusted_value""]"
TXN0000144125,575.0,technical_retryable,retry_payment,retry_payment,0.0,0.6342295408248901,361.68198597431183,"[""v3_action_passed_incremental_economic_gate""]"
TXN0000138953,396.0,authentication_required,no_action,no_action,0.0,0.0,0.0,"[""no_action_has_better_risk_adjusted_value""]"
TXN0000071397,403.0,customer_decline,whatsapp_reminder,whatsapp_reminder,0.0,0.6035570502281189,234.48349124193192,"[""v3_action_passed_incremental_economic_gate""]"
TXN0000197553,418.0,technical_retryable,no_action,no_action,0.0,0.0,0.0,"[""no_action_has_better_risk_adjusted_value""]"
TXN0000218271,578.0,customer_decline,no_action,no_action,0.0,0.0,0.0,"[""no_action_has_better_risk_adjusted_value""]"
TXN0000121373,2131.0,authentication_required,whatsapp_reminder,whatsapp_reminder,0.0,0.4775894284248352,1008.9930719733238,"[""v3_action_passed_incremental_economic_gate""]"
TXN0000099315,429.0,authentication_required,whatsapp_reminder,whatsapp_reminder,0.0,0.6063822507858276,251.38798558712006,"[""v3_action_passed_incremental_economic_gate""]"
TXN0000210497,180.0,merchant_configuration,escalate_to_merchant,escalate_to_merchant,0.0,0.46198126673698425,58.156628012657166,"[""v3_action_passed_incremental_economic_gate""]"
TXN0000098447,776.0,authentication_required,no_action,no_action,0.0,0.0,0.0,"[""no_action_has_better_risk_adjusted_value""]"
TXN0000023587,517.0,authentication_required,no_action,no_action,0.0,0.0,0.0,"[""no_action_has_better_risk_adjusted_value""]"
TXN0000123568,2595.0,customer_decline,payment_link,payment_link,0.0,0.7070519328117371,1823.7997656464577,"[""v3_action_passed_incremental_economic_gate""]"
TXN0000060301,160.0,technical_retryable,retry_payment,retry_payment,0.0,0.5797507762908936,89.76012420654297,"[""v3_action_passed_incremental_economic_gate""]"
TXN0000075943,61.0,authentication_required,whatsapp_reminder,whatsapp_reminder,0.0,0.6287084817886353,29.60121738910675,"[""v3_action_passed_incremental_economic_gate""]"
TXN0000069091,1403.0,customer_decline,payment_link,payment_link,0.0,0.5993903279304504,829.944630086422,"[""v3_action_passed_incremental_economic_gate""]"
TXN0000048551,362.0,authentication_required,no_action,no_action,0.0,0.0,0.0,"[""no_action_has_better_risk_adjusted_value""]"
TXN0000047262,2960.0,customer_decline,no_action,no_action,0.0,0.0,0.0,"[""no_action_has_better_risk_adjusted_value""]"
TXN0000113438,175.0,technical_retryable,retry_payment,retry_payment,0.0,0.6164302229881287,104.87528902292252,"[""v3_action_passed_incremental_economic_gate""]"
TXN0000152684,544.0,merchant_configuration,escalate_to_merchant,escalate_to_merchant,0.0,0.4830584228038788,237.78378200531006,"[""v3_action_passed_incremental_economic_gate""]"
TXN0000114488,436.0,merchant_configuration,no_action,no_action,0.0,0.0,0.0,"[""v3_stopping_rule_preserved"", ""customer_opted_out""]"
TXN0000041900,74.0,technical_retryable,retry_payment,retry_payment,0.0,0.55476975440979,38.05296182632446,"[""v3_action_passed_incremental_economic_gate""]"
TXN0000111595,2717.0,customer_decline,payment_link,payment_link,0.0,0.5430876016616821,1464.5690137147903,"[""v3_action_passed_incremental_economic_gate""]"
TXN0000085031,283.0,authentication_required,no_action,no_action,0.0,0.0,0.0,"[""no_action_has_better_risk_adjusted_value""]"
TXN0000118808,3041.0,authentication_required,no_action,no_action,0.0,0.0,0.0,"[""no_action_has_better_risk_adjusted_value""]"
TXN0000126701,248.0,technical_retryable,retry_payment,retry_payment,0.0,0.5827094912528992,141.511953830719,"[""v3_action_passed_incremental_economic_gate""]"
TXN0000099319,221.0,customer_decline,no_action,no_action,0.0,0.0,0.0,"[""no_action_has_better_risk_adjusted_value""]"
TXN0000069440,492.0,technical_retryable,retry_payment,retry_payment,0.0,0.5567883849143982,270.9398853778839,"[""v3_action_passed_incremental_economic_gate""]"
TXN0000066154,113.0,authentication_required,payment_link,payment_link,0.0,0.6675986647605896,64.43864911794662,"[""v3_action_passed_incremental_economic_gate""]"
TXN0000030746,3592.0,customer_decline,no_action,no_action,0.0,0.0,0.0,"[""v3_stopping_rule_preserved"", ""customer_opted_out""]"
TXN0000173085,163.0,technical_retryable,retry_payment,retry_payment,0.0,0.5466768741607666,86.10833048820496,"[""v3_action_passed_incremental_economic_gate""]"
TXN0000055595,631.0,technical_retryable,no_action,no_action,0.0,0.0,0.0,"[""no_action_has_better_risk_adjusted_value""]"
TXN0000031916,365.0,technical_retryable,payment_link,payment_link,0.0,0.7294678688049316,255.25577211380005,"[""v3_action_passed_incremental_economic_gate""]"
TXN0000043016,534.0,merchant_configuration,no_action,no_action,0.0,0.0,0.0,"[""v3_stopping_rule_preserved"", ""customer_opted_out""]"
TXN0000051595,494.0,authentication_required,no_action,no_action,0.0,0.0,0.0,"[""no_action_has_better_risk_adjusted_value""]"
TXN0000185709,358.0,technical_retryable,retry_payment,retry_payment,0.0,0.6011447906494141,212.20983505249023,"[""v3_action_passed_incremental_economic_gate""]"
TXN0000089055,67.0,customer_decline,whatsapp_reminder,whatsapp_reminder,0.0,0.6289705038070679,33.39102375507355,"[""v3_action_passed_incremental_economic_gate""]"
TXN0000098497,1845.0,technical_retryable,payment_link,payment_link,0.0,0.6127625703811646,1119.5469423532486,"[""v3_action_passed_incremental_economic_gate""]"
TXN0000068775,851.0,customer_decline,no_action,no_action,0.0,0.0,0.0,"[""no_action_has_better_risk_adjusted_value""]"
TXN0000112285,1379.0,technical_retryable,payment_link,payment_link,0.0,0.6136431694030762,835.213930606842,"[""v3_action_passed_incremental_economic_gate""]"
TXN0000035261,164.0,authentication_required,whatsapp_reminder,whatsapp_reminder,0.0,0.7016445398330688,106.31970453262329,"[""v3_action_passed_incremental_economic_gate""]"
TXN0000187644,85.0,technical_retryable,retry_payment,retry_payment,0.0,0.5334970355033875,42.34724801778793,"[""v3_action_passed_incremental_economic_gate""]"
TXN0000065964,864.0,authentication_required,no_action,no_action,0.0,0.0,0.0,"[""no_action_has_better_risk_adjusted_value""]"
TXN0000069679,1350.0,technical_retryable,no_action,no_action,0.0,0.0,0.0,"[""no_action_has_better_risk_adjusted_value""]"
TXN0000133464,290.0,technical_retryable,retry_payment,retry_payment,0.0,0.6598107218742371,188.34510934352875,"[""v3_action_passed_incremental_economic_gate""]"
TXN0000194349,2134.0,merchant_configuration,escalate_to_merchant,escalate_to_merchant,0.0,0.46531811356544495,967.9888543486595,"[""v3_action_passed_incremental_economic_gate""]"
TXN0000160420,1882.0,technical_retryable,no_action,no_action,0.0,0.0,0.0,"[""v3_stopping_rule_preserved"", ""customer_opted_out""]"
TXN0000084514,657.0,authentication_required,no_action,no_action,0.0,0.0,0.0,"[""v3_stopping_rule_preserved"", ""customer_opted_out""]"
TXN0000038345,164.0,technical_retryable,retry_payment,retry_payment,0.0,0.5640507340431213,89.5043203830719,"[""v3_action_passed_incremental_economic_gate""]"
TXN0000011414,1555.0,customer_decline,payment_link,payment_link,0.0,0.573547899723053,880.8669840693474,"[""v3_action_passed_incremental_economic_gate""]"
TXN0000020255,80.0,merchant_configuration,escalate_to_merchant,no_action,0.0,0.0,0.0,"[""no_action_has_better_risk_adjusted_value""]"
TXN0000200102,83.0,authentication_required,payment_link,payment_link,0.0,0.6549311876296997,43.359288573265076,"[""v3_action_passed_incremental_economic_gate""]"
TXN0000172193,328.0,technical_retryable,no_action,no_action,0.0,0.0,0.0,"[""no_action_has_better_risk_adjusted_value""]"
TXN0000147443,1085.0,customer_decline,payment_link,payment_link,0.0,0.5855476260185242,624.3191742300987,"[""v3_action_passed_incremental_economic_gate""]"
TXN0000227071,98.0,authentication_required,payment_link,payment_link,0.0,0.6729565858840942,54.949745416641235,"[""v3_action_passed_incremental_economic_gate""]"
TXN0000082510,514.0,customer_decline,payment_link,payment_link,0.0,0.6335729956626892,314.65651977062225,"[""v3_action_passed_incremental_economic_gate""]"
TXN0000110028,194.0,technical_retryable,retry_payment,retry_payment,0.0,0.5310176014900208,100.01741468906403,"[""v3_action_passed_incremental_economic_gate""]"
TXN0000064102,5412.0,customer_decline,no_action,no_action,0.0,0.0,0.0,"[""no_action_has_better_risk_adjusted_value""]"
TXN0000249957,634.0,customer_decline,payment_link,payment_link,0.0,0.6143001914024353,378.466321349144,"[""v3_action_passed_incremental_economic_gate""]"
TXN0000103096,419.0,customer_decline,no_action,no_action,0.0,0.0,0.0,"[""no_action_has_better_risk_adjusted_value""]"
TXN0000102348,2048.0,technical_retryable,payment_link,payment_link,0.0,0.6285264492034912,1276.22216796875,"[""v3_action_passed_incremental_economic_gate""]"
TXN0000039206,1043.0,technical_retryable,no_action,no_action,0.0,0.0,0.0,"[""no_action_has_better_risk_adjusted_value""]"
TXN0000161722,163.0,technical_retryable,retry_payment,retry_payment,0.0,0.4428645372390747,69.18691956996918,"[""v3_action_passed_incremental_economic_gate""]"
TXN0000216071,493.0,customer_decline,whatsapp_reminder,whatsapp_reminder,0.0,0.6208252310752869,297.3168389201164,"[""v3_action_passed_incremental_economic_gate""]"
TXN0000066399,3977.0,customer_decline,no_action,no_action,0.0,0.0,0.0,"[""no_action_has_better_risk_adjusted_value""]"
TXN0000068900,1525.0,technical_retryable,no_action,no_action,0.0,0.0,0.0,"[""no_action_has_better_risk_adjusted_value""]"
TXN0000073812,408.0,technical_retryable,retry_payment,retry_payment,0.0,0.5470130443572998,220.18132209777832,"[""v3_action_passed_incremental_economic_gate""]"
TXN0000044076,812.0,customer_decline,whatsapp_reminder,whatsapp_reminder,0.0,0.6308755874633789,503.5209770202637,"[""v3_action_passed_incremental_economic_gate""]"
TXN0000224738,3798.0,technical_retryable,retry_payment,retry_payment,0.0,0.5119584202766418,1941.4180802106857,"[""v3_action_passed_incremental_economic_gate""]"
TXN0000159148,722.0,technical_retryable,retry_payment,retry_payment,0.0,0.5578634142875671,399.7773851156235,"[""v3_action_passed_incremental_economic_gate""]"
TXN0000223493,168.0,technical_retryable,retry_payment,retry_payment,0.0,0.5476556420326233,89.00614786148071,"[""v3_action_passed_incremental_economic_gate""]"
TXN0000164224,1352.0,technical_retryable,retry_payment,retry_payment,0.0,0.6723556518554688,906.0248413085938,"[""v3_action_passed_incremental_economic_gate""]"
TXN0000069805,3497.0,authentication_required,payment_link,payment_link,0.0,0.6467828750610352,2250.79971408844,"[""v3_action_passed_incremental_economic_gate""]"
TXN0000087184,481.0,technical_retryable,payment_link,payment_link,0.0,0.593858540058136,274.6459577679634,"[""v3_action_passed_incremental_economic_gate""]"
TXN0000103317,4667.0,technical_retryable,payment_link,payment_link,0.0,0.5954099297523499,2767.7781421542168,"[""v3_action_passed_incremental_economic_gate""]"
TXN0000030205,1078.0,technical_retryable,payment_link,payment_link,0.0,0.5318508744239807,562.3352426290512,"[""v3_action_passed_incremental_economic_gate""]"
TXN0000174650,5727.0,authentication_required,no_action,no_action,0.0,0.0,0.0,"[""no_action_has_better_risk_adjusted_value""]"
TXN0000199755,645.0,authentication_required,no_action,no_action,0.0,0.0,0.0,"[""no_action_has_better_risk_adjusted_value""]"
TXN0000230033,528.0,merchant_configuration,escalate_to_merchant,escalate_to_merchant,0.0,0.5009703636169434,239.5123519897461,"[""v3_action_passed_incremental_economic_gate""]"
TXN0000056513,2046.0,authentication_required,payment_link,payment_link,0.0,0.6481046676635742,1315.0221500396729,"[""v3_action_passed_incremental_economic_gate""]"
TXN0000214289,931.0,merchant_configuration,escalate_to_merchant,escalate_to_merchant,0.0,0.4371587038040161,381.994753241539,"[""v3_action_passed_incremental_economic_gate""]"
TXN0000017357,165.0,technical_retryable,retry_payment,retry_payment,0.0,0.578446090221405,92.44360488653183,"[""v3_action_passed_incremental_economic_gate""]"
TXN0000056131,203.0,authentication_required,whatsapp_reminder,whatsapp_reminder,0.0,0.7090856432914734,135.1943855881691,"[""v3_action_passed_incremental_economic_gate""]"
TXN0000075020,379.0,merchant_configuration,escalate_to_merchant,escalate_to_merchant,0.0,0.44792869687080383,144.76497611403465,"[""v3_action_passed_incremental_economic_gate""]"
TXN0000129046,746.0,customer_decline,whatsapp_reminder,whatsapp_reminder,0.0,0.5105886459350586,372.1491298675537,"[""v3_action_passed_incremental_economic_gate""]"
TXN0000171527,320.0,technical_retryable,retry_payment,retry_payment,0.0,0.6080849766731262,191.5871925354004,"[""v3_action_passed_incremental_economic_gate""]"
TXN0000133045,870.0,authentication_required,whatsapp_reminder,whatsapp_reminder,0.0,0.639750599861145,547.8330218791962,"[""v3_action_passed_incremental_economic_gate""]"
TXN0000050281,14002.0,authentication_required,no_action,no_action,0.0,0.0,0.0,"[""no_action_has_better_risk_adjusted_value""]"
TXN0000179082,3279.0,authentication_required,whatsapp_reminder,whatsapp_reminder,0.0,0.5748407244682312,1876.15273553133,"[""v3_action_passed_incremental_economic_gate""]"
TXN0000027352,2444.0,authentication_required,whatsapp_reminder,whatsapp_reminder,0.0,0.6762654781341553,1644.0428285598755,"[""v3_action_passed_incremental_economic_gate""]"
TXN0000210171,1313.0,customer_decline,no_action,no_action,0.0,0.0,0.0,"[""no_action_has_better_risk_adjusted_value""]"
TXN0000195053,179.0,authentication_required,no_action,no_action,0.0,0.0,0.0,"[""no_action_has_better_risk_adjusted_value""]"
TXN0000146999,584.0,merchant_configuration,escalate_to_merchant,escalate_to_merchant,0.0,0.4274131953716278,224.60930609703064,"[""v3_action_passed_incremental_economic_gate""]"
TXN0000009358,201.0,customer_decline,whatsapp_reminder,whatsapp_reminder,0.0,0.7176140546798706,135.490424990654,"[""v3_action_passed_incremental_economic_gate""]"
TXN0000061747,753.0,technical_retryable,retry_payment,retry_payment,0.0,0.5491544604301453,410.5133087038994,"[""v3_action_passed_incremental_economic_gate""]"
TXN0000142271,52.0,customer_decline,no_action,no_action,0.0,0.0,0.0,"[""no_action_has_better_risk_adjusted_value""]"
TXN0000083226,2868.0,authentication_required,whatsapp_reminder,whatsapp_reminder,0.0,0.7521514892578125,2148.4204711914062,"[""v3_action_passed_incremental_economic_gate""]"
TXN0000190715,543.0,technical_retryable,retry_payment,retry_payment,0.0,0.6072492599487305,326.73634815216064,"[""v3_action_passed_incremental_economic_gate""]"
TXN0000226208,235.0,authentication_required,payment_link,payment_link,0.0,0.712668240070343,156.4770364165306,"[""v3_action_passed_incremental_economic_gate""]"
TXN0000007503,244.0,technical_retryable,retry_payment,retry_payment,0.0,0.6016466021537781,143.80177092552185,"[""v3_action_passed_incremental_economic_gate""]"
TXN0000081033,3356.0,customer_decline,payment_link,payment_link,0.0,0.6260896325111389,2090.156806707382,"[""v3_action_passed_incremental_economic_gate""]"
TXN0000050416,1924.0,authentication_required,no_action,no_action,0.0,0.0,0.0,"[""no_action_has_better_risk_adjusted_value""]"
TXN0000123944,1602.0,authentication_required,no_action,no_action,0.0,0.0,0.0,"[""no_action_has_better_risk_adjusted_value""]"
TXN0000004486,89.0,technical_retryable,retry_payment,retry_payment,0.0,0.6039653420448303,50.7529154419899,"[""v3_action_passed_incremental_economic_gate""]"
TXN0000247107,1038.0,customer_decline,whatsapp_reminder,whatsapp_reminder,0.0,0.4831725060939789,492.7830613255501,"[""v3_action_passed_incremental_economic_gate""]"
TXN0000156249,749.0,authentication_required,no_action,no_action,0.0,0.0,0.0,"[""no_action_has_better_risk_adjusted_value""]"
TXN0000164999,126.0,technical_retryable,no_action,no_action,0.0,0.0,0.0,"[""v3_stopping_rule_preserved"", ""customer_opted_out""]"
TXN0000146473,273.0,technical_retryable,retry_payment,retry_payment,0.0,0.6406434178352356,171.89565306901932,"[""v3_action_passed_incremental_economic_gate""]"
TXN0000213122,239.0,technical_retryable,retry_payment,retry_payment,0.0,0.6094201803207397,142.6514230966568,"[""v3_action_passed_incremental_economic_gate""]"
TXN0000031600,1961.0,customer_decline,no_action,no_action,0.0,0.0,0.0,"[""no_action_has_better_risk_adjusted_value""]"
TXN0000193058,473.0,authentication_required,whatsapp_reminder,whatsapp_reminder,0.0,0.5787221193313599,264.9855624437332,"[""v3_action_passed_incremental_economic_gate""]"
TXN0000043185,1724.0,customer_decline,no_action,no_action,0.0,0.0,0.0,"[""no_action_has_better_risk_adjusted_value""]"
TXN0000087805,487.0,customer_decline,payment_link,payment_link,0.0,0.6782463192939758,319.30595749616623,"[""v3_action_passed_incremental_economic_gate""]"
TXN0000112982,487.0,technical_retryable,payment_link,payment_link,0.0,0.7682435512542725,363.1346094608307,"[""v3_action_passed_incremental_economic_gate""]"
TXN0000065598,817.0,customer_decline,payment_link,payment_link,0.0,0.6652973294258118,532.5479181408882,"[""v3_action_passed_incremental_economic_gate""]"
TXN0000127270,455.0,authentication_required,no_action,no_action,0.0,0.0,0.0,"[""no_action_has_better_risk_adjusted_value""]"
TXN0000041838,1863.0,customer_decline,no_action,no_action,0.0,0.0,0.0,"[""no_action_has_better_risk_adjusted_value""]"
TXN0000190008,44.0,authentication_required,no_action,no_action,0.0,0.0,0.0,"[""no_action_has_better_risk_adjusted_value""]"
TXN0000127885,1399.0,technical_retryable,retry_payment,retry_payment,0.0,0.5746889114379883,800.9897871017456,"[""v3_action_passed_incremental_economic_gate""]"
TXN0000106156,1302.0,merchant_configuration,escalate_to_merchant,escalate_to_merchant,0.0,0.5610221028327942,705.450777888298,"[""v3_action_passed_incremental_economic_gate""]"
TXN0000077059,2140.0,customer_decline,whatsapp_reminder,whatsapp_reminder,0.0,0.7026321887969971,1494.8828840255737,"[""v3_action_passed_incremental_economic_gate""]"
TXN0000148365,408.0,technical_retryable,payment_link,payment_link,0.0,0.6673641204833984,261.28456115722656,"[""v3_action_passed_incremental_economic_gate""]"
TXN0000007535,652.0,authentication_required,payment_link,payment_link,0.0,0.4557749927043915,286.16529524326324,"[""v3_action_passed_incremental_economic_gate""]"
TXN0000105974,254.0,technical_retryable,retry_payment,retry_payment,0.0,0.6128746867179871,152.6701704263687,"[""v3_action_passed_incremental_economic_gate""]"
TXN0000184408,932.0,technical_retryable,payment_link,payment_link,0.0,0.5926205515861511,541.3223540782928,"[""v3_action_passed_incremental_economic_gate""]"
TXN0000174905,439.0,merchant_configuration,escalate_to_merchant,escalate_to_merchant,0.0,0.4650020897388458,179.13591739535332,"[""v3_action_passed_incremental_economic_gate""]"
TXN0000086916,3468.0,authentication_required,whatsapp_reminder,whatsapp_reminder,0.0,0.6414283514022827,2215.7235226631165,"[""v3_action_passed_incremental_economic_gate""]"
TXN0000150875,1959.0,technical_retryable,payment_link,payment_link,0.0,0.5808530449867249,1126.891115128994,"[""v3_action_passed_incremental_economic_gate""]"
TXN0000052677,556.0,authentication_required,whatsapp_reminder,whatsapp_reminder,0.0,0.6460261344909668,350.44053077697754,"[""v3_action_passed_incremental_economic_gate""]"
TXN0000225750,1949.0,customer_decline,payment_link,payment_link,0.0,0.5843587517738342,1127.915207207203,"[""v3_action_passed_incremental_economic_gate""]"
TXN0000097190,2575.0,technical_retryable,payment_link,payment_link,0.0,0.687588632106781,1759.540727674961,"[""v3_action_passed_incremental_economic_gate""]"
TXN0000026943,1737.0,technical_retryable,retry_payment,retry_payment,0.0,0.6678146123886108,1156.993981719017,"[""v3_action_passed_incremental_economic_gate""]"
TXN0000122221,7388.0,customer_decline,whatsapp_reminder,whatsapp_reminder,0.0,0.6451619267463684,4757.70631480217,"[""v3_action_passed_incremental_economic_gate""]"
TXN0000082464,183.0,authentication_required,payment_link,payment_link,0.0,0.7195234298706055,120.6727876663208,"[""v3_action_passed_incremental_economic_gate""]"
TXN0000154113,4828.0,technical_retryable,payment_link,payment_link,0.0,0.4838925898075104,2325.23342359066,"[""v3_action_passed_incremental_economic_gate""]"
TXN0000208399,417.0,authentication_required,no_action,no_action,0.0,0.0,0.0,"[""no_action_has_better_risk_adjusted_value""]"
TXN0000015124,329.0,technical_retryable,retry_payment,retry_payment,0.0,0.508617103099823,164.33502691984177,"[""v3_action_passed_incremental_economic_gate""]"
TXN0000013269,1397.0,customer_decline,payment_link,payment_link,0.0,0.6773492693901062,935.2569293379784,"[""v3_action_passed_incremental_economic_gate""]"
TXN0000181897,345.0,technical_retryable,retry_payment,retry_payment,0.0,0.5993768572807312,203.78501576185226,"[""v3_action_passed_incremental_economic_gate""]"
TXN0000233421,1119.0,authentication_required,no_action,no_action,0.0,0.0,0.0,"[""no_action_has_better_risk_adjusted_value""]"
TXN0000028590,458.0,technical_retryable,payment_link,payment_link,0.0,0.6876816153526306,303.9581798315048,"[""v3_action_passed_incremental_economic_gate""]"
TXN0000127303,1805.0,authentication_required,whatsapp_reminder,whatsapp_reminder,0.0,0.6530818939208984,1170.0628185272217,"[""v3_action_passed_incremental_economic_gate""]"
TXN0000220979,1369.0,customer_decline,payment_link,payment_link,0.0,0.4983380436897278,671.2247818112373,"[""v3_action_passed_incremental_economic_gate""]"
TXN0000178595,645.0,customer_decline,payment_link,payment_link,0.0,0.6645179986953735,417.61410915851593,"[""v3_action_passed_incremental_economic_gate""]"
TXN0000168809,1497.0,authentication_required,no_action,no_action,0.0,0.0,0.0,"[""v3_stopping_rule_preserved"", ""customer_opted_out""]"
TXN0000097046,1236.0,technical_retryable,retry_payment,retry_payment,0.0,0.6614482402801514,814.5500249862671,"[""v3_action_passed_incremental_economic_gate""]"
TXN0000150209,288.0,technical_retryable,retry_payment,retry_payment,0.0,0.6430956721305847,182.2115535736084,"[""v3_action_passed_incremental_economic_gate""]"
TXN0000183512,1235.0,technical_retryable,no_action,no_action,0.0,0.0,0.0,"[""no_action_has_better_risk_adjusted_value""]"
TXN0000114409,443.0,customer_decline,whatsapp_reminder,whatsapp_reminder,0.0,0.6900314688682556,296.93394070863724,"[""v3_action_passed_incremental_economic_gate""]"
TXN0000100634,1622.0,authentication_required,no_action,no_action,0.0,0.0,0.0,"[""no_action_has_better_risk_adjusted_value""]"
TXN0000001042,684.0,customer_decline,payment_link,payment_link,0.0,0.5938718318939209,395.2083330154419,"[""v3_action_passed_incremental_economic_gate""]"
TXN0000212724,1272.0,technical_retryable,payment_link,payment_link,0.0,0.48982420563697815,612.0563895702362,"[""v3_action_passed_incremental_economic_gate""]"
TXN0000243702,10605.0,technical_retryable,payment_link,payment_link,0.0,0.6057839393615723,6413.338676929474,"[""v3_action_passed_incremental_economic_gate""]"
TXN0000151642,318.0,customer_decline,no_action,no_action,0.0,0.0,0.0,"[""no_action_has_better_risk_adjusted_value""]"
TXN0000078413,230.0,customer_decline,no_action,no_action,0.0,0.0,0.0,"[""v3_stopping_rule_preserved"", ""customer_opted_out""]"
TXN0000235545,1253.0,technical_retryable,no_action,no_action,0.0,0.0,0.0,"[""no_action_has_better_risk_adjusted_value""]"
TXN0000064092,396.0,authentication_required,no_action,no_action,0.0,0.0,0.0,"[""no_action_has_better_risk_adjusted_value""]"
TXN0000191381,67.0,technical_retryable,no_action,no_action,0.0,0.0,0.0,"[""no_action_has_better_risk_adjusted_value""]"
TXN0000206345,105.0,technical_retryable,retry_payment,retry_payment,0.0,0.5848016142845154,58.404169499874115,"[""v3_action_passed_incremental_economic_gate""]"
TXN0000110622,420.0,authentication_required,no_action,no_action,0.0,0.0,0.0,"[""no_action_has_better_risk_adjusted_value""]"
TXN0000037198,1626.0,technical_retryable,no_action,no_action,0.0,0.0,0.0,"[""v3_stopping_rule_preserved"", ""customer_opted_out""]"
TXN0000180286,709.0,authentication_required,no_action,no_action,0.0,0.0,0.0,"[""no_action_has_better_risk_adjusted_value""]"
TXN0000026216,758.0,customer_decline,no_action,no_action,0.0,0.0,0.0,"[""no_action_has_better_risk_adjusted_value""]"
TXN0000171607,1902.0,merchant_configuration,escalate_to_merchant,escalate_to_merchant,0.0,0.5102568864822388,945.5085980892181,"[""v3_action_passed_incremental_economic_gate""]"
TXN0000026242,228.0,merchant_configuration,escalate_to_merchant,escalate_to_merchant,0.0,0.5794304609298706,107.1101450920105,"[""v3_action_passed_incremental_economic_gate""]"
TXN0000153246,590.0,technical_retryable,retry_payment,retry_payment,0.0,0.5569090247154236,325.5763245820999,"[""v3_action_passed_incremental_economic_gate""]"
TXN0000179440,916.0,technical_retryable,no_action,no_action,0.0,0.0,0.0,"[""no_action_has_better_risk_adjusted_value""]"
TXN0000051113,2475.0,technical_retryable,retry_payment,retry_payment,0.0,0.688148021697998,1700.1663537025452,"[""v3_action_passed_incremental_economic_gate""]"
TXN0000175671,271.0,technical_retryable,retry_payment,retry_payment,0.0,0.7006403803825378,186.87354308366776,"[""v3_action_passed_incremental_economic_gate""]"
TXN0000124451,49.0,customer_decline,no_action,no_action,0.0,0.0,0.0,"[""no_action_has_better_risk_adjusted_value""]"
TXN0000107107,668.0,authentication_required,whatsapp_reminder,whatsapp_reminder,0.0,0.6107620596885681,399.2390558719635,"[""v3_action_passed_incremental_economic_gate""]"
TXN0000136061,473.0,technical_retryable,retry_payment,retry_payment,0.0,0.6490722894668579,304.0111929178238,"[""v3_action_passed_incremental_economic_gate""]"
TXN0000087047,991.0,technical_retryable,no_action,no_action,0.0,0.0,0.0,"[""no_action_has_better_risk_adjusted_value""]"
TXN0000183321,285.0,authentication_required,whatsapp_reminder,whatsapp_reminder,0.0,0.7083426117897034,193.12764436006546,"[""v3_action_passed_incremental_economic_gate""]"
TXN0000092145,2585.0,authentication_required,whatsapp_reminder,whatsapp_reminder,0.0,0.7160427570343018,1842.22052693367,"[""v3_action_passed_incremental_economic_gate""]"
TXN0000100564,325.0,authentication_required,whatsapp_reminder,whatsapp_reminder,0.0,0.6324572563171387,196.79860830307007,"[""v3_action_passed_incremental_economic_gate""]"
TXN0000062343,272.0,technical_retryable,retry_payment,retry_payment,0.0,0.595336377620697,158.9314947128296,"[""v3_action_passed_incremental_economic_gate""]"
TXN0000152048,3311.0,technical_retryable,payment_link,payment_link,0.0,0.6717790365219116,2213.2603899240494,"[""v3_action_passed_incremental_economic_gate""]"
TXN0000226630,512.0,authentication_required,no_action,no_action,0.0,0.0,0.0,"[""no_action_has_better_risk_adjusted_value""]"
TXN0000093364,256.0,technical_retryable,retry_payment,retry_payment,0.0,0.4899306893348694,122.42225646972656,"[""v3_action_passed_incremental_economic_gate""]"
TXN0000158533,2504.0,merchant_configuration,escalate_to_merchant,escalate_to_merchant,0.0,0.5184558033943176,1273.2133316993713,"[""v3_action_passed_incremental_economic_gate""]"
TXN0000043415,619.0,technical_retryable,retry_payment,retry_payment,0.0,0.6045375466346741,371.20874136686325,"[""v3_action_passed_incremental_economic_gate""]"
TXN0000219834,152.0,customer_decline,no_action,no_action,0.0,0.0,0.0,"[""no_action_has_better_risk_adjusted_value""]"
TXN0000026875,1715.0,technical_retryable,payment_link,payment_link,0.0,0.5072481632232666,858.9305999279022,"[""v3_action_passed_incremental_economic_gate""]"
TXN0000147242,763.0,authentication_required,payment_link,payment_link,0.0,0.5892354249954224,438.58662927150726,"[""v3_action_passed_incremental_economic_gate""]"
TXN0000014229,3490.0,customer_decline,payment_link,payment_link,0.0,0.72421795129776,2516.5206500291824,"[""v3_action_passed_incremental_economic_gate""]"
TXN0000031359,406.0,authentication_required,whatsapp_reminder,whatsapp_reminder,0.0,0.5854352712631226,228.93672013282776,"[""v3_action_passed_incremental_economic_gate""]"
TXN0000223142,1244.0,technical_retryable,payment_link,payment_link,0.0,0.5920529365539551,725.5138530731201,"[""v3_action_passed_incremental_economic_gate""]"
TXN0000209840,344.0,authentication_required,whatsapp_reminder,whatsapp_reminder,0.0,0.49874335527420044,162.81771421432495,"[""v3_action_passed_incremental_economic_gate""]"
TXN0000064666,1214.0,authentication_required,no_action,no_action,0.0,0.0,0.0,"[""v3_stopping_rule_preserved"", ""customer_opted_out""]"
TXN0000155310,417.0,customer_decline,no_action,no_action,0.0,0.0,0.0,"[""no_action_has_better_risk_adjusted_value""]"
TXN0000246675,1115.0,authentication_required,whatsapp_reminder,whatsapp_reminder,0.0,0.6954958438873291,766.727865934372,"[""v3_action_passed_incremental_economic_gate""]"
TXN0000093003,538.0,authentication_required,no_action,no_action,0.0,0.0,0.0,"[""no_action_has_better_risk_adjusted_value""]"
TXN0000184002,618.0,technical_retryable,retry_payment,retry_payment,0.0,0.4825979471206665,295.2455313205719,"[""v3_action_passed_incremental_economic_gate""]"
TXN0000120262,191.0,merchant_configuration,escalate_to_merchant,escalate_to_merchant,0.0,0.5532910227775574,80.67858535051346,"[""v3_action_passed_incremental_economic_gate""]"
TXN0000186567,467.0,authentication_required,payment_link,payment_link,0.0,0.696606457233429,314.3152155280113,"[""v3_action_passed_incremental_economic_gate""]"
TXN0000066843,151.0,customer_decline,no_action,no_action,0.0,0.0,0.0,"[""no_action_has_better_risk_adjusted_value""]"
TXN0000205025,1749.0,technical_retryable,payment_link,payment_link,0.0,0.7006216645240784,1214.387291252613,"[""v3_action_passed_incremental_economic_gate""]"
TXN0000134295,580.0,technical_retryable,retry_payment,retry_payment,0.0,0.6254789233207703,359.77777552604675,"[""v3_action_passed_incremental_economic_gate""]"
TXN0000049622,200.0,technical_retryable,retry_payment,retry_payment,0.0,0.5844995379447937,113.89990758895874,"[""v3_action_passed_incremental_economic_gate""]"
TXN0000032149,1508.0,technical_retryable,no_action,no_action,0.0,0.0,0.0,"[""no_action_has_better_risk_adjusted_value""]"
TXN0000112919,862.0,authentication_required,no_action,no_action,0.0,0.0,0.0,"[""v3_stopping_rule_preserved"", ""customer_opted_out""]"
TXN0000008248,2918.0,authentication_required,no_action,no_action,0.0,0.0,0.0,"[""v3_stopping_rule_preserved"", ""customer_opted_out""]"
TXN0000109764,359.0,authentication_required,no_action,no_action,0.0,0.0,0.0,"[""no_action_has_better_risk_adjusted_value""]"
TXN0000068403,1577.0,technical_retryable,payment_link,payment_link,0.0,0.599457859992981,934.345045208931,"[""v3_action_passed_incremental_economic_gate""]"
TXN0000072714,63.0,customer_decline,whatsapp_reminder,whatsapp_reminder,0.0,0.6721522212028503,33.59558993577957,"[""v3_action_passed_incremental_economic_gate""]"
TXN0000126766,356.0,authentication_required,whatsapp_reminder,whatsapp_reminder,0.0,0.46782347559928894,157.79515731334686,"[""v3_action_passed_incremental_economic_gate""]"
TXN0000054466,107.0,customer_decline,no_action,no_action,0.0,0.0,0.0,"[""no_action_has_better_risk_adjusted_value""]"
TXN0000240241,120.0,authentication_required,whatsapp_reminder,whatsapp_reminder,0.0,0.6276282668113708,66.5653920173645,"[""v3_action_passed_incremental_economic_gate""]"
TXN0000142230,601.0,technical_retryable,retry_payment,retry_payment,0.0,0.6540175080299377,390.0645223259926,"[""v3_action_passed_incremental_economic_gate""]"
TXN0000185580,1764.0,customer_decline,whatsapp_reminder,whatsapp_reminder,0.0,0.6370927095413208,1115.08153963089,"[""v3_action_passed_incremental_economic_gate""]"
TXN0000043662,1165.0,technical_retryable,payment_link,payment_link,0.0,0.6750006675720215,775.375777721405,"[""v3_action_passed_incremental_economic_gate""]"
TXN0000201163,1290.0,customer_decline,whatsapp_reminder,whatsapp_reminder,0.0,0.6240493059158325,796.273604631424,"[""v3_action_passed_incremental_economic_gate""]"
TXN0000221378,265.0,merchant_configuration,escalate_to_merchant,escalate_to_merchant,0.0,0.5888243913650513,131.0384637117386,"[""v3_action_passed_incremental_economic_gate""]"
TXN0000214047,263.0,authentication_required,whatsapp_reminder,whatsapp_reminder,0.0,0.6303703784942627,157.0374095439911,"[""v3_action_passed_incremental_economic_gate""]"
TXN0000249614,315.0,technical_retryable,retry_payment,retry_payment,0.0,0.4930587708950043,152.31351283192635,"[""v3_action_passed_incremental_economic_gate""]"
TXN0000155706,1011.0,authentication_required,whatsapp_reminder,whatsapp_reminder,0.0,0.7202910780906677,719.4642799496651,"[""v3_action_passed_incremental_economic_gate""]"
TXN0000012140,798.0,technical_retryable,payment_link,payment_link,0.0,0.6094261407852173,475.3220603466034,"[""v3_action_passed_incremental_economic_gate""]"
TXN0000180870,5360.0,customer_decline,no_action,no_action,0.0,0.0,0.0,"[""no_action_has_better_risk_adjusted_value""]"
TXN0000190298,1992.0,authentication_required,no_action,no_action,0.0,0.0,0.0,"[""no_action_has_better_risk_adjusted_value""]"
TXN0000208211,302.0,merchant_configuration,escalate_to_merchant,escalate_to_merchant,0.0,0.5580001473426819,143.51604449748993,"[""v3_action_passed_incremental_economic_gate""]"
TXN0000158646,1533.0,customer_decline,payment_link,payment_link,0.0,0.5948763489723206,900.9454429745674,"[""v3_action_passed_incremental_economic_gate""]"
TXN0000146013,474.0,customer_decline,whatsapp_reminder,whatsapp_reminder,0.0,0.5794253349304199,265.89760875701904,"[""v3_action_passed_incremental_economic_gate""]"
TXN0000027068,648.0,authentication_required,payment_link,payment_link,0.0,0.58668452501297,369.17157220840454,"[""v3_action_passed_incremental_economic_gate""]"
TXN0000119796,7026.0,authentication_required,payment_link,payment_link,0.0,0.5536707043647766,3879.0903688669205,"[""v3_action_passed_incremental_economic_gate""]"
TXN0000187213,734.0,customer_decline,no_action,no_action,0.0,0.0,0.0,"[""no_action_has_better_risk_adjusted_value""]"
TXN0000006935,1095.0,customer_decline,payment_link,payment_link,0.0,0.6132902503013611,660.5528240799904,"[""v3_action_passed_incremental_economic_gate""]"
TXN0000035804,108.0,authentication_required,whatsapp_reminder,whatsapp_reminder,0.0,0.5923038125038147,55.21881175041199,"[""v3_action_passed_incremental_economic_gate""]"
TXN0000083279,683.0,authentication_required,no_action,no_action,0.0,0.0,0.0,"[""no_action_has_better_risk_adjusted_value""]"
TXN0000193962,499.0,technical_retryable,no_action,no_action,0.0,0.0,0.0,"[""no_action_has_better_risk_adjusted_value""]"
TXN0000209618,612.0,technical_retryable,retry_payment,retry_payment,0.0,0.5298569798469543,321.27247166633606,"[""v3_action_passed_incremental_economic_gate""]"
TXN0000161759,93.0,customer_decline,no_action,no_action,0.0,0.0,0.0,"[""no_action_has_better_risk_adjusted_value""]"
TXN0000063323,7177.0,technical_retryable,payment_link,payment_link,0.0,0.6424791812896729,4600.073084115982,"[""v3_action_passed_incremental_economic_gate""]"
TXN0000006108,620.0,authentication_required,whatsapp_reminder,whatsapp_reminder,0.0,0.6152930855751038,372.73171305656433,"[""v3_action_passed_incremental_economic_gate""]"
TXN0000146380,227.0,technical_retryable,retry_payment,retry_payment,0.0,0.6578042507171631,146.32156491279602,"[""v3_action_passed_incremental_economic_gate""]"
TXN0000215414,10949.0,technical_retryable,payment_link,payment_link,0.0,0.6444408893585205,7044.983297586441,"[""v3_action_passed_incremental_economic_gate""]"
TXN0000096472,452.0,merchant_configuration,escalate_to_merchant,escalate_to_merchant,0.0,0.397005170583725,154.4463371038437,"[""v3_action_passed_incremental_economic_gate""]"
TXN0000166819,2349.0,technical_retryable,retry_payment,retry_payment,0.0,0.5749934911727905,1347.659710764885,"[""v3_action_passed_incremental_economic_gate""]"
TXN0000143198,332.0,technical_retryable,retry_payment,retry_payment,0.0,0.5692964196205139,186.00641131401062,"[""v3_action_passed_incremental_economic_gate""]"
TXN0000093105,2732.0,technical_retryable,payment_link,payment_link,0.0,0.4381559491157532,1186.0420529842377,"[""v3_action_passed_incremental_economic_gate""]"
TXN0000161913,412.0,authentication_required,whatsapp_reminder,whatsapp_reminder,0.0,0.6161389350891113,245.09924125671387,"[""v3_action_passed_incremental_economic_gate""]"
TXN0000224033,3418.0,technical_retryable,payment_link,payment_link,0.0,0.6087355017662048,2069.657945036888,"[""v3_action_passed_incremental_economic_gate""]"
TXN0000247704,366.0,technical_retryable,payment_link,payment_link,0.0,0.6548796892166138,228.68596625328064,"[""v3_action_passed_incremental_economic_gate""]"
TXN0000215147,1558.0,technical_retryable,retry_payment,retry_payment,0.0,0.635431706905365,987.0025993585587,"[""v3_action_passed_incremental_economic_gate""]"
TXN0000007998,750.0,customer_decline,whatsapp_reminder,whatsapp_reminder,0.0,0.5006314516067505,366.72358870506287,"[""v3_action_passed_incremental_economic_gate""]"
TXN0000245604,75.0,authentication_required,whatsapp_reminder,whatsapp_reminder,0.0,0.6503201127052307,40.0240084528923,"[""v3_action_passed_incremental_economic_gate""]"
TXN0000217956,1166.0,merchant_configuration,escalate_to_merchant,escalate_to_merchant,0.0,0.47714105248451233,531.3464671969414,"[""v3_action_passed_incremental_economic_gate""]"
TXN0000043516,523.0,customer_decline,whatsapp_reminder,whatsapp_reminder,0.0,0.6250700950622559,318.1616597175598,"[""v3_action_passed_incremental_economic_gate""]"
TXN0000040217,83.0,customer_decline,whatsapp_reminder,whatsapp_reminder,0.0,0.683316171169281,47.96524220705032,"[""v3_action_passed_incremental_economic_gate""]"
TXN0000048793,1166.0,customer_decline,payment_link,payment_link,0.0,0.6688160300254822,768.8394910097122,"[""v3_action_passed_incremental_economic_gate""]"
TXN0000120910,2062.0,technical_retryable,retry_payment,retry_payment,0.0,0.7524596452713013,1548.5717885494232,"[""v3_action_passed_incremental_economic_gate""]"
TXN0000002448,473.0,customer_decline,whatsapp_reminder,whatsapp_reminder,0.0,0.6534287929534912,300.32181906700134,"[""v3_action_passed_incremental_economic_gate""]"
TXN0000081930,136.0,technical_retryable,no_action,no_action,0.0,0.0,0.0,"[""v3_stopping_rule_preserved"", ""customer_opted_out""]"
TXN0000106514,3356.0,technical_retryable,payment_link,payment_link,0.0,0.6979137659072876,2331.198598384857,"[""v3_action_passed_incremental_economic_gate""]"
TXN0000103995,567.0,technical_retryable,no_action,no_action,0.0,0.0,0.0,"[""no_action_has_better_risk_adjusted_value""]"
TXN0000237580,1450.0,customer_decline,payment_link,payment_link,0.0,0.6989489197731018,1002.4759336709976,"[""v3_action_passed_incremental_economic_gate""]"
TXN0000173032,616.0,technical_retryable,retry_payment,retry_payment,0.0,0.6582819223403931,402.50166416168213,"[""v3_action_passed_incremental_economic_gate""]"
TXN0000082394,140.0,customer_decline,no_action,no_action,0.0,0.0,0.0,"[""no_action_has_better_risk_adjusted_value""]"
TXN0000100921,163.0,technical_retryable,retry_payment,retry_payment,0.0,0.6120327115058899,96.76133197546005,"[""v3_action_passed_incremental_economic_gate""]"
TXN0000248795,226.0,technical_retryable,no_action,no_action,0.0,0.0,0.0,"[""v3_stopping_rule_preserved"", ""customer_opted_out""]"
TXN0000047270,449.0,technical_retryable,no_action,no_action,0.0,0.0,0.0,"[""v3_stopping_rule_preserved"", ""customer_opted_out""]"
TXN0000199914,371.0,authentication_required,whatsapp_reminder,whatsapp_reminder,0.0,0.7059029936790466,253.1400106549263,"[""v3_action_passed_incremental_economic_gate""]"
TXN0000011904,131.0,authentication_required,whatsapp_reminder,whatsapp_reminder,0.0,0.6160751581192017,71.95584571361542,"[""v3_action_passed_incremental_economic_gate""]"
TXN0000035473,95.0,technical_retryable,retry_payment,retry_payment,0.0,0.6074169874191284,54.7046138048172,"[""v3_action_passed_incremental_economic_gate""]"
TXN0000096967,305.0,customer_decline,payment_link,payment_link,0.0,0.6692848801612854,193.13188844919205,"[""v3_action_passed_incremental_economic_gate""]"
TXN0000087347,577.0,authentication_required,payment_link,payment_link,0.0,0.6890258193016052,386.5678977370262,"[""v3_action_passed_incremental_economic_gate""]"
TXN0000071479,115.0,technical_retryable,retry_payment,retry_payment,0.0,0.5379063487052917,58.85923010110855,"[""v3_action_passed_incremental_economic_gate""]"
TXN0000067529,1426.0,technical_retryable,no_action,no_action,0.0,0.0,0.0,"[""no_action_has_better_risk_adjusted_value""]"
TXN0000072009,2034.0,authentication_required,whatsapp_reminder,whatsapp_reminder,0.0,0.6351409554481506,1283.1267033815384,"[""v3_action_passed_incremental_economic_gate""]"
TXN0000072439,1100.0,technical_retryable,retry_payment,retry_payment,0.0,0.6129404306411743,671.2344737052917,"[""v3_action_passed_incremental_economic_gate""]"
TXN0000159969,737.0,customer_decline,no_action,no_action,0.0,0.0,0.0,"[""no_action_has_better_risk_adjusted_value""]"
TXN0000051212,263.0,technical_retryable,no_action,no_action,0.0,0.0,0.0,"[""no_action_has_better_risk_adjusted_value""]"
TXN0000094117,1702.0,authentication_required,whatsapp_reminder,whatsapp_reminder,0.0,0.7115161418914795,1202.250473499298,"[""v3_action_passed_incremental_economic_gate""]"
TXN0000201925,22.0,technical_retryable,no_action,no_action,0.0,0.0,0.0,"[""no_action_has_better_risk_adjusted_value""]"
TXN0000061215,279.0,authentication_required,no_action,no_action,0.0,0.0,0.0,"[""no_action_has_better_risk_adjusted_value""]"
TXN0000105760,1542.0,authentication_required,whatsapp_reminder,whatsapp_reminder,0.0,0.3974526822566986,604.1220360398293,"[""v3_action_passed_incremental_economic_gate""]"
TXN0000174944,673.0,technical_retryable,retry_payment,retry_payment,0.0,0.6696764826774597,447.6922728419304,"[""v3_action_passed_incremental_economic_gate""]"
TXN0000189806,2016.0,authentication_required,payment_link,payment_link,0.0,0.6138737201690674,1226.5694198608398,"[""v3_action_passed_incremental_economic_gate""]"
TXN0000043033,4327.0,authentication_required,whatsapp_reminder,whatsapp_reminder,0.0,0.6530933380126953,2817.1848735809326,"[""v3_action_passed_incremental_economic_gate""]"
TXN0000029819,231.0,technical_retryable,retry_payment,retry_payment,0.0,0.6217935681343079,140.63431423902512,"[""v3_action_passed_incremental_economic_gate""]"
TXN0000237897,5070.0,authentication_required,payment_link,payment_link,0.0,0.7102124691009521,3589.7772183418274,"[""v3_action_passed_incremental_economic_gate""]"
TXN0000142154,438.0,customer_decline,whatsapp_reminder,whatsapp_reminder,0.0,0.5802837014198303,245.41426122188568,"[""v3_action_passed_incremental_economic_gate""]"
TXN0000217309,2075.0,authentication_required,no_action,no_action,0.0,0.0,0.0,"[""no_action_has_better_risk_adjusted_value""]"
TXN0000119042,2262.0,authentication_required,no_action,no_action,0.0,0.0,0.0,"[""no_action_has_better_risk_adjusted_value""]"
TXN0000010234,1504.0,technical_retryable,payment_link,payment_link,0.0,0.62396639585495,927.4454593658447,"[""v3_action_passed_incremental_economic_gate""]"
TXN0000004424,198.0,merchant_configuration,escalate_to_merchant,escalate_to_merchant,0.0,0.4073127508163452,55.64792466163635,"[""v3_action_passed_incremental_economic_gate""]"
TXN0000220700,81.0,technical_retryable,retry_payment,retry_payment,0.0,0.6158238053321838,46.88172823190689,"[""v3_action_passed_incremental_economic_gate""]"
TXN0000105094,538.0,technical_retryable,retry_payment,retry_payment,0.0,0.6541837453842163,348.9508550167084,"[""v3_action_passed_incremental_economic_gate""]"
TXN0000227767,2436.0,technical_retryable,retry_payment,retry_payment,0.0,0.47871285676956177,1163.1445190906525,"[""v3_action_passed_incremental_economic_gate""]"
TXN0000161333,605.0,technical_retryable,no_action,no_action,0.0,0.0,0.0,"[""no_action_has_better_risk_adjusted_value""]"
TXN0000185777,253.0,authentication_required,whatsapp_reminder,whatsapp_reminder,0.0,0.6652066707611084,159.54728770256042,"[""v3_action_passed_incremental_economic_gate""]"
TXN0000231297,160.0,merchant_configuration,escalate_to_merchant,escalate_to_merchant,0.0,0.550650417804718,63.10406684875488,"[""v3_action_passed_incremental_economic_gate""]"
TXN0000129508,320.0,customer_decline,whatsapp_reminder,whatsapp_reminder,0.0,0.6378740668296814,195.36970138549805,"[""v3_action_passed_incremental_economic_gate""]"
TXN0000208955,267.0,technical_retryable,retry_payment,retry_payment,0.0,0.5516402721405029,144.28795266151428,"[""v3_action_passed_incremental_economic_gate""]"
TXN0000230519,735.0,authentication_required,no_action,no_action,0.0,0.0,0.0,"[""no_action_has_better_risk_adjusted_value""]"
TXN0000114280,1955.0,merchant_configuration,escalate_to_merchant,escalate_to_merchant,0.0,0.46708300709724426,888.1472788751125,"[""v3_action_passed_incremental_economic_gate""]"
TXN0000127090,1000.0,technical_retryable,payment_link,payment_link,0.0,0.7029450535774231,691.9450535774231,"[""v3_action_passed_incremental_economic_gate""]"
TXN0000160632,839.0,technical_retryable,no_action,no_action,0.0,0.0,0.0,"[""v3_stopping_rule_preserved"", ""customer_opted_out""]"
TXN0000206653,3010.0,authentication_required,payment_link,payment_link,0.0,0.6099233627319336,1824.8693218231201,"[""v3_action_passed_incremental_economic_gate""]"
TXN0000186933,116.0,customer_decline,no_action,no_action,0.0,0.0,0.0,"[""no_action_has_better_risk_adjusted_value""]"
TXN0000211113,328.0,technical_retryable,retry_payment,retry_payment,0.0,0.6513780355453491,210.6519956588745,"[""v3_action_passed_incremental_economic_gate""]"
TXN0000112646,572.0,customer_decline,whatsapp_reminder,whatsapp_reminder,0.0,0.6145312190055847,342.76185727119446,"[""v3_action_passed_incremental_economic_gate""]"
TXN0000103259,284.0,authentication_required,whatsapp_reminder,whatsapp_reminder,0.0,0.710496723651886,193.03106951713562,"[""v3_action_passed_incremental_economic_gate""]"
TXN0000161170,1001.0,authentication_required,payment_link,payment_link,0.0,0.6180325746536255,607.6506072282791,"[""v3_action_passed_incremental_economic_gate""]"
TXN0000077122,419.0,technical_retryable,retry_payment,retry_payment,0.0,0.5667700171470642,234.4766371846199,"[""v3_action_passed_incremental_economic_gate""]"
TXN0000000182,2241.0,technical_retryable,payment_link,payment_link,0.0,0.597176194190979,1327.271851181984,"[""v3_action_passed_incremental_economic_gate""]"
TXN0000097469,2368.0,merchant_configuration,no_action,no_action,0.0,0.0,0.0,"[""v3_stopping_rule_preserved"", ""customer_opted_out""]"
TXN0000083313,176.0,technical_retryable,retry_payment,retry_payment,0.0,0.5881813168525696,100.51991176605225,"[""v3_action_passed_incremental_economic_gate""]"
TXN0000062407,639.0,technical_retryable,no_action,no_action,0.0,0.0,0.0,"[""no_action_has_better_risk_adjusted_value""]"
TXN0000207854,338.0,customer_decline,no_action,no_action,0.0,0.0,0.0,"[""no_action_has_better_risk_adjusted_value""]"
TXN0000003705,425.0,technical_retryable,no_action,no_action,0.0,0.0,0.0,"[""no_action_has_better_risk_adjusted_value""]"
TXN0000065441,116.0,authentication_required,no_action,no_action,0.0,0.0,0.0,"[""v3_stopping_rule_preserved"", ""customer_opted_out""]"
TXN0000077968,4422.0,technical_retryable,retry_payment,retry_payment,0.0,0.43530339002609253,1921.9115906953812,"[""v3_action_passed_incremental_economic_gate""]"
TXN0000009797,752.0,authentication_required,whatsapp_reminder,whatsapp_reminder,0.0,0.5732801556587219,422.3566770553589,"[""v3_action_passed_incremental_economic_gate""]"
TXN0000132575,2763.0,customer_decline,payment_link,payment_link,0.0,0.6510745286941528,1787.9189227819443,"[""v3_action_passed_incremental_economic_gate""]"
TXN0000187510,410.0,authentication_required,no_action,no_action,0.0,0.0,0.0,"[""no_action_has_better_risk_adjusted_value""]"
TXN0000098105,214.0,authentication_required,whatsapp_reminder,whatsapp_reminder,0.0,0.5647122263908386,112.09841644763947,"[""v3_action_passed_incremental_economic_gate""]"
TXN0000063864,7512.0,merchant_configuration,escalate_to_merchant,escalate_to_merchant,0.0,0.4800332486629486,3581.00976395607,"[""v3_action_passed_incremental_economic_gate""]"
TXN0000086431,2515.0,technical_retryable,retry_payment,retry_payment,0.0,0.8292561769485474,2082.5792850255966,"[""v3_action_passed_incremental_economic_gate""]"
TXN0000094755,400.0,technical_retryable,retry_payment,retry_payment,0.0,0.6007264852523804,237.29059410095215,"[""v3_action_passed_incremental_economic_gate""]"
TXN0000082548,213.0,technical_retryable,retry_payment,retry_payment,0.0,0.6301555037498474,131.2231222987175,"[""v3_action_passed_incremental_economic_gate""]"
TXN0000240818,1818.0,merchant_configuration,escalate_to_merchant,escalate_to_merchant,0.0,0.469936341047287,829.3442680239677,"[""v3_action_passed_incremental_economic_gate""]"
TXN0000152721,200.0,technical_retryable,retry_payment,retry_payment,0.0,0.6186413168907166,120.72826337814331,"[""v3_action_passed_incremental_economic_gate""]"
TXN0000020653,1770.0,customer_decline,no_action,no_action,0.0,0.0,0.0,"[""no_action_has_better_risk_adjusted_value""]"
TXN0000028676,10688.0,merchant_configuration,escalate_to_merchant,escalate_to_merchant,0.0,0.3704054355621338,3933.893295288086,"[""v3_action_passed_incremental_economic_gate""]"
TXN0000179752,183.0,technical_retryable,retry_payment,retry_payment,0.0,0.4895505905151367,86.58775806427002,"[""v3_action_passed_incremental_economic_gate""]"
TXN0000221103,108.0,technical_retryable,retry_payment,retry_payment,0.0,0.5206853151321411,53.23401403427124,"[""v3_action_passed_incremental_economic_gate""]"
TXN0000018681,591.0,authentication_required,whatsapp_reminder,whatsapp_reminder,0.0,0.6718375086784363,388.30596762895584,"[""v3_action_passed_incremental_economic_gate""]"
TXN0000146166,3090.0,technical_retryable,no_action,no_action,0.0,0.0,0.0,"[""v3_stopping_rule_preserved"", ""customer_opted_out""]"
TXN0000112139,234.0,merchant_configuration,escalate_to_merchant,escalate_to_merchant,0.0,0.471779465675354,85.39639496803284,"[""v3_action_passed_incremental_economic_gate""]"
TXN0000067998,86.0,customer_decline,no_action,no_action,0.0,0.0,0.0,"[""no_action_has_better_risk_adjusted_value""]"
TXN0000063161,826.0,technical_retryable,payment_link,payment_link,0.0,0.6637738347053528,537.2771874666214,"[""v3_action_passed_incremental_economic_gate""]"
TXN0000028934,596.0,customer_decline,no_action,no_action,0.0,0.0,0.0,"[""no_action_has_better_risk_adjusted_value""]"
TXN0000067109,1472.0,technical_retryable,payment_link,payment_link,0.0,0.6850360035896301,997.3729972839355,"[""v3_action_passed_incremental_economic_gate""]"
TXN0000159450,1623.0,authentication_required,no_action,no_action,0.0,0.0,0.0,"[""no_action_has_better_risk_adjusted_value""]"
TXN0000106207,6821.0,technical_retryable,retry_payment,retry_payment,0.0,0.678784966468811,4626.99225628376,"[""v3_action_passed_incremental_economic_gate""]"
TXN0000127348,219.0,technical_retryable,retry_payment,retry_payment,0.0,0.6935204267501831,148.8809734582901,"[""v3_action_passed_incremental_economic_gate""]"
TXN0000131308,2208.0,technical_retryable,payment_link,payment_link,0.0,0.6179438829421997,1353.420093536377,"[""v3_action_passed_incremental_economic_gate""]"
TXN0000030815,310.0,authentication_required,whatsapp_reminder,whatsapp_reminder,0.0,0.6252264976501465,185.0702142715454,"[""v3_action_passed_incremental_economic_gate""]"
TXN0000136442,1185.0,authentication_required,payment_link,payment_link,0.0,0.5145292282104492,598.7171354293823,"[""v3_action_passed_incremental_economic_gate""]"
TXN0000205528,451.0,technical_retryable,no_action,no_action,0.0,0.0,0.0,"[""no_action_has_better_risk_adjusted_value""]"
TXN0000130990,495.0,technical_retryable,retry_payment,retry_payment,0.0,0.5136266350746155,251.24518436193466,"[""v3_action_passed_incremental_economic_gate""]"
TXN0000096286,453.0,technical_retryable,payment_link,payment_link,0.0,0.6979666948318481,305.1789127588272,"[""v3_action_passed_incremental_economic_gate""]"
TXN0000150280,2500.0,customer_decline,payment_link,payment_link,0.0,0.6547200083732605,1625.8000209331512,"[""v3_action_passed_incremental_economic_gate""]"
TXN0000046910,1002.0,technical_retryable,payment_link,payment_link,0.0,0.7241397500038147,714.5880295038223,"[""v3_action_passed_incremental_economic_gate""]"
TXN0000042658,126.0,authentication_required,no_action,no_action,0.0,0.0,0.0,"[""no_action_has_better_risk_adjusted_value""]"
TXN0000084112,1154.0,customer_decline,payment_link,payment_link,0.0,0.7303016781806946,831.7681366205215,"[""v3_action_passed_incremental_economic_gate""]"
TXN0000212423,4849.0,customer_decline,whatsapp_reminder,whatsapp_reminder,0.0,0.583871066570282,2822.4408017992973,"[""v3_action_passed_incremental_economic_gate""]"
TXN0000139389,543.0,customer_decline,whatsapp_reminder,whatsapp_reminder,0.0,0.7340193390846252,389.8225011229515,"[""v3_action_passed_incremental_economic_gate""]"
TXN0000020673,148.0,authentication_required,no_action,no_action,0.0,0.0,0.0,"[""no_action_has_better_risk_adjusted_value""]"
TXN0000012622,321.0,authentication_required,whatsapp_reminder,whatsapp_reminder,0.0,0.6331353783607483,194.4864564538002,"[""v3_action_passed_incremental_economic_gate""]"
TXN0000148680,2023.0,technical_retryable,retry_payment,retry_payment,0.0,0.7580047845840454,1530.4436792135239,"[""v3_action_passed_incremental_economic_gate""]"
TXN0000217627,3505.0,technical_retryable,retry_payment,retry_payment,0.0,0.6269221305847168,2194.3620676994324,"[""v3_action_passed_incremental_economic_gate""]"
TXN0000014513,706.0,technical_retryable,no_action,no_action,0.0,0.0,0.0,"[""v3_stopping_rule_preserved"", ""customer_opted_out""]"
TXN0000194916,2362.0,authentication_required,payment_link,payment_link,0.0,0.6650211811065674,1559.7800297737122,"[""v3_action_passed_incremental_economic_gate""]"
TXN0000154527,2172.0,merchant_configuration,escalate_to_merchant,escalate_to_merchant,0.0,0.43216946721076965,913.6720827817917,"[""v3_action_passed_incremental_economic_gate""]"
TXN0000072542,396.0,customer_decline,whatsapp_reminder,whatsapp_reminder,0.0,0.5437405109405518,206.5712423324585,"[""v3_action_passed_incremental_economic_gate""]"
TXN0000028303,6179.0,authentication_required,whatsapp_reminder,whatsapp_reminder,0.0,0.7863219976425171,4849.933623433113,"[""v3_action_passed_incremental_economic_gate""]"
TXN0000232301,3880.0,technical_retryable,retry_payment,retry_payment,0.0,0.5891830325126648,2283.0301661491394,"[""v3_action_passed_incremental_economic_gate""]"
TXN0000084202,1639.0,merchant_configuration,escalate_to_merchant,escalate_to_merchant,0.0,0.5012298822402954,796.5157769918442,"[""v3_action_passed_incremental_economic_gate""]"
TXN0000119954,581.0,authentication_required,no_action,no_action,0.0,0.0,0.0,"[""no_action_has_better_risk_adjusted_value""]"
TXN0000208181,2656.0,merchant_configuration,escalate_to_merchant,escalate_to_merchant,0.0,0.4522058367729187,1176.058702468872,"[""v3_action_passed_incremental_economic_gate""]"
TXN0000016643,2836.0,technical_retryable,payment_link,payment_link,0.0,0.5829363465309143,1642.207478761673,"[""v3_action_passed_incremental_economic_gate""]"
TXN0000245965,291.0,customer_decline,whatsapp_reminder,whatsapp_reminder,0.0,0.625703752040863,173.32979184389114,"[""v3_action_passed_incremental_economic_gate""]"
TXN0000036470,228.0,customer_decline,whatsapp_reminder,whatsapp_reminder,0.0,0.5588563084602356,118.66923832893372,"[""v3_action_passed_incremental_economic_gate""]"
TXN0000170292,128.0,authentication_required,whatsapp_reminder,whatsapp_reminder,0.0,0.5259163975715637,58.567298889160156,"[""v3_action_passed_incremental_economic_gate""]"
TXN0000005987,193.0,technical_retryable,retry_payment,retry_payment,0.0,0.5532109141349792,103.769706428051,"[""v3_action_passed_incremental_economic_gate""]"
TXN0000182734,398.0,technical_retryable,payment_link,payment_link,0.0,0.6648271083831787,253.60118913650513,"[""v3_action_passed_incremental_economic_gate""]"
TXN0000058456,524.0,authentication_required,no_action,no_action,0.0,0.0,0.0,"[""no_action_has_better_risk_adjusted_value""]"
TXN0000061699,660.0,merchant_configuration,escalate_to_merchant,escalate_to_merchant,0.0,0.4168146848678589,250.09769201278687,"[""v3_action_passed_incremental_economic_gate""]"
TXN0000194773,622.0,technical_retryable,no_action,no_action,0.0,0.0,0.0,"[""v3_stopping_rule_preserved"", ""customer_opted_out""]"
TXN0000061482,105.0,technical_retryable,retry_payment,retry_payment,0.0,0.746576189994812,75.39049994945526,"[""v3_action_passed_incremental_economic_gate""]"
TXN0000100163,503.0,technical_retryable,retry_payment,retry_payment,0.0,0.5574150681495667,277.379779279232,"[""v3_action_passed_incremental_economic_gate""]"
TXN0000132829,3306.0,authentication_required,payment_link,payment_link,0.0,0.6511948108673096,2141.8500447273254,"[""v3_action_passed_incremental_economic_gate""]"
TXN0000119556,241.0,customer_decline,no_action,no_action,0.0,0.0,0.0,"[""no_action_has_better_risk_adjusted_value""]"
TXN0000041848,111.0,customer_decline,payment_link,payment_link,0.0,0.7374343872070312,70.85521697998047,"[""v3_action_passed_incremental_economic_gate""]"
TXN0000133279,409.0,authentication_required,payment_link,payment_link,0.0,0.6479392647743225,254.0071592926979,"[""v3_action_passed_incremental_economic_gate""]"
TXN0000140502,2183.0,authentication_required,whatsapp_reminder,whatsapp_reminder,0.0,0.6389365196228027,1386.0484223365784,"[""v3_action_passed_incremental_economic_gate""]"
TXN0000171560,171.0,authentication_required,no_action,no_action,0.0,0.0,0.0,"[""no_action_has_better_risk_adjusted_value""]"
TXN0000163946,567.0,customer_decline,no_action,no_action,0.0,0.0,0.0,"[""no_action_has_better_risk_adjusted_value""]"
TXN0000221605,137.0,technical_retryable,retry_payment,retry_payment,0.0,0.5603023171424866,73.76141744852066,"[""v3_action_passed_incremental_economic_gate""]"
TXN0000148063,169.0,merchant_configuration,escalate_to_merchant,escalate_to_merchant,0.0,0.4312880039215088,47.887672662734985,"[""v3_action_passed_incremental_economic_gate""]"
TXN0000084711,91.0,technical_retryable,retry_payment,retry_payment,0.0,0.6290395855903625,54.24260228872299,"[""v3_action_passed_incremental_economic_gate""]"
TXN0000166312,814.0,technical_retryable,no_action,no_action,0.0,0.0,0.0,"[""no_action_has_better_risk_adjusted_value""]"
TXN0000019275,860.0,technical_retryable,no_action,no_action,0.0,0.0,0.0,"[""no_action_has_better_risk_adjusted_value""]"
TXN0000123035,6271.0,customer_decline,no_action,no_action,0.0,0.0,0.0,"[""no_action_has_better_risk_adjusted_value""]"
TXN0000016483,514.0,customer_decline,whatsapp_reminder,whatsapp_reminder,0.0,0.7396075129508972,371.40826165676117,"[""v3_action_passed_incremental_economic_gate""]"
TXN0000065719,1796.0,authentication_required,payment_link,payment_link,0.0,0.6668373346328735,1186.6398530006409,"[""v3_action_passed_incremental_economic_gate""]"
TXN0000245863,599.0,customer_decline,no_action,no_action,0.0,0.0,0.0,"[""no_action_has_better_risk_adjusted_value""]"
TXN0000002379,527.0,authentication_required,whatsapp_reminder,whatsapp_reminder,0.0,0.6135386824607849,314.58488565683365,"[""v3_action_passed_incremental_economic_gate""]"
TXN0000166218,366.0,merchant_configuration,escalate_to_merchant,escalate_to_merchant,0.0,0.49483439326286316,156.10938793420792,"[""v3_action_passed_incremental_economic_gate""]"
TXN0000232475,331.0,technical_retryable,retry_payment,retry_payment,0.0,0.5200987458229065,169.15268486738205,"[""v3_action_passed_incremental_economic_gate""]"
TXN0000038599,698.0,technical_retryable,retry_payment,retry_payment,0.0,0.607860803604126,421.28684091567993,"[""v3_action_passed_incremental_economic_gate""]"
TXN0000065207,553.0,technical_retryable,retry_payment,retry_payment,0.0,0.5332619547843933,291.8938609957695,"[""v3_action_passed_incremental_economic_gate""]"
TXN0000139061,679.0,technical_retryable,no_action,no_action,0.0,0.0,0.0,"[""no_action_has_better_risk_adjusted_value""]"
TXN0000146429,848.0,customer_decline,whatsapp_reminder,whatsapp_reminder,0.0,0.5325984954833984,442.8935241699219,"[""v3_action_passed_incremental_economic_gate""]"
TXN0000022610,4086.0,technical_retryable,retry_payment,retry_payment,0.0,0.47276392579078674,1928.7134007811546,"[""v3_action_passed_incremental_economic_gate""]"
TXN0000185868,330.0,authentication_required,whatsapp_reminder,whatsapp_reminder,0.0,0.5883350968360901,185.40058195590973,"[""v3_action_passed_incremental_economic_gate""]"
TXN0000177293,75.0,authentication_required,whatsapp_reminder,whatsapp_reminder,0.0,0.507645845413208,29.3234384059906,"[""v3_action_passed_incremental_economic_gate""]"
TXN0000072396,91.0,customer_decline,no_action,no_action,0.0,0.0,0.0,"[""v3_stopping_rule_preserved"", ""customer_opted_out""]"
TXN0000116810,130.0,customer_decline,no_action,no_action,0.0,0.0,0.0,"[""no_action_has_better_risk_adjusted_value""]"
TXN0000133246,128.0,technical_retryable,retry_payment,retry_payment,0.0,0.5806649923324585,71.32511901855469,"[""v3_action_passed_incremental_economic_gate""]"
TXN0000011120,2564.0,technical_retryable,retry_payment,retry_payment,0.0,0.5707471966743469,1460.3958122730255,"[""v3_action_passed_incremental_economic_gate""]"
TXN0000103991,1250.0,technical_retryable,payment_link,payment_link,0.0,0.6101433634757996,751.6792043447495,"[""v3_action_passed_incremental_economic_gate""]"
TXN0000193037,433.0,technical_retryable,retry_payment,retry_payment,0.0,0.7142087817192078,306.25240248441696,"[""v3_action_passed_incremental_economic_gate""]"
TXN0000183936,2063.0,technical_retryable,retry_payment,retry_payment,0.0,0.6616556644439697,1361.9956357479095,"[""v3_action_passed_incremental_economic_gate""]"
TXN0000053901,854.0,authentication_required,whatsapp_reminder,whatsapp_reminder,0.0,0.7519837617874146,633.444132566452,"[""v3_action_passed_incremental_economic_gate""]"
TXN0000216883,591.0,technical_retryable,retry_payment,retry_payment,0.0,0.5559898018836975,325.5899729132652,"[""v3_action_passed_incremental_economic_gate""]"
TXN0000185351,275.0,customer_decline,whatsapp_reminder,whatsapp_reminder,0.0,0.6903799772262573,181.10449373722076,"[""v3_action_passed_incremental_economic_gate""]"
TXN0000112958,721.0,merchant_configuration,escalate_to_merchant,escalate_to_merchant,0.0,0.5104960203170776,343.067630648613,"[""v3_action_passed_incremental_economic_gate""]"
TXN0000217447,1675.0,authentication_required,whatsapp_reminder,whatsapp_reminder,0.0,0.6586881875991821,1094.55271422863,"[""v3_action_passed_incremental_economic_gate""]"
TXN0000115846,214.0,technical_retryable,retry_payment,retry_payment,0.0,0.6461775302886963,135.281991481781,"[""v3_action_passed_incremental_economic_gate""]"
TXN0000233457,283.0,authentication_required,whatsapp_reminder,whatsapp_reminder,0.0,0.6283931732177734,169.08526802062988,"[""v3_action_passed_incremental_economic_gate""]"
TXN0000134911,229.0,technical_retryable,retry_payment,retry_payment,0.0,0.5350137948989868,119.51815903186798,"[""v3_action_passed_incremental_economic_gate""]"
TXN0000111187,103.0,customer_decline,whatsapp_reminder,whatsapp_reminder,0.0,0.6115447282791138,54.23910701274872,"[""v3_action_passed_incremental_economic_gate""]"
TXN0000074013,180.0,customer_decline,no_action,no_action,0.0,0.0,0.0,"[""no_action_has_better_risk_adjusted_value""]"
TXN0000021998,571.0,authentication_required,whatsapp_reminder,whatsapp_reminder,0.0,0.5449930429458618,302.4410275220871,"[""v3_action_passed_incremental_economic_gate""]"
TXN0000033157,2297.0,technical_retryable,no_action,no_action,0.0,0.0,0.0,"[""no_action_has_better_risk_adjusted_value""]"
TXN0000109188,1319.0,authentication_required,no_action,no_action,0.0,0.0,0.0,"[""no_action_has_better_risk_adjusted_value""]"
TXN0000121530,1779.0,merchant_configuration,escalate_to_merchant,escalate_to_merchant,0.0,0.4380747377872467,754.3349585235119,"[""v3_action_passed_incremental_economic_gate""]"
TXN0000079401,927.0,customer_decline,payment_link,payment_link,0.0,0.7440885901451111,678.770123064518,"[""v3_action_passed_incremental_economic_gate""]"
TXN0000213635,81.0,technical_retryable,retry_payment,retry_payment,0.0,0.7264725565910339,55.84427708387375,"[""v3_action_passed_incremental_economic_gate""]"
TXN0000048143,1226.0,authentication_required,no_action,no_action,0.0,0.0,0.0,"[""no_action_has_better_risk_adjusted_value""]"
TXN0000093187,155.0,customer_decline,no_action,no_action,0.0,0.0,0.0,"[""no_action_has_better_risk_adjusted_value""]"
TXN0000033563,276.0,technical_retryable,retry_payment,retry_payment,0.0,0.5436937808990479,147.0594835281372,"[""v3_action_passed_incremental_economic_gate""]"
TXN0000216287,743.0,customer_decline,whatsapp_reminder,whatsapp_reminder,0.0,0.46304851770401,335.29504865407944,"[""v3_action_passed_incremental_economic_gate""]"
TXN0000118438,152.0,authentication_required,whatsapp_reminder,whatsapp_reminder,0.0,0.6528712511062622,90.48643016815186,"[""v3_action_passed_incremental_economic_gate""]"
TXN0000134641,224.0,customer_decline,no_action,no_action,0.0,0.0,0.0,"[""no_action_has_better_risk_adjusted_value""]"
TXN0000208953,420.0,technical_retryable,retry_payment,retry_payment,0.0,0.46205827593803406,191.0644758939743,"[""v3_action_passed_incremental_economic_gate""]"
TXN0000030126,188.0,technical_retryable,retry_payment,retry_payment,0.0,0.6068455576896667,111.08696484565735,"[""v3_action_passed_incremental_economic_gate""]"
TXN0000227157,729.0,customer_decline,whatsapp_reminder,whatsapp_reminder,0.0,0.6833744645118713,489.4299846291542,"[""v3_action_passed_incremental_economic_gate""]"
TXN0000043593,1193.0,technical_retryable,payment_link,payment_link,0.0,0.6766614317893982,796.257088124752,"[""v3_action_passed_incremental_economic_gate""]"
TXN0000236986,222.0,technical_retryable,retry_payment,retry_payment,0.0,0.6369125843048096,138.39459371566772,"[""v3_action_passed_incremental_economic_gate""]"
TXN0000189818,4593.0,merchant_configuration,escalate_to_merchant,escalate_to_merchant,0.0,0.3437190651893616,1553.7016664147377,"[""v3_action_passed_incremental_economic_gate""]"
TXN0000136961,315.0,merchant_configuration,escalate_to_merchant,escalate_to_merchant,0.0,0.5031973719596863,133.50717216730118,"[""v3_action_passed_incremental_economic_gate""]"
TXN0000214853,968.0,authentication_required,no_action,no_action,0.0,0.0,0.0,"[""no_action_has_better_risk_adjusted_value""]"
TXN0000002133,2094.0,authentication_required,payment_link,payment_link,0.0,0.6864894032478333,1426.5088104009628,"[""v3_action_passed_incremental_economic_gate""]"
TXN0000206381,9082.0,merchant_configuration,escalate_to_merchant,escalate_to_merchant,0.0,0.29351943731307983,2640.743529677391,"[""v3_action_passed_incremental_economic_gate""]"
TXN0000170423,4021.0,customer_decline,no_action,no_action,0.0,0.0,0.0,"[""no_action_has_better_risk_adjusted_value""]"
TXN0000153031,97.0,technical_retryable,retry_payment,retry_payment,0.0,0.6763482689857483,62.605782091617584,"[""v3_action_passed_incremental_economic_gate""]"
TXN0000190124,341.0,authentication_required,whatsapp_reminder,whatsapp_reminder,0.0,0.7089728713035583,233.0097491145134,"[""v3_action_passed_incremental_economic_gate""]"
TXN0000136889,2171.0,authentication_required,no_action,no_action,0.0,0.0,0.0,"[""no_action_has_better_risk_adjusted_value""]"
TXN0000162422,145.0,authentication_required,whatsapp_reminder,whatsapp_reminder,0.0,0.6414300203323364,84.25735294818878,"[""v3_action_passed_incremental_economic_gate""]"
TXN0000015921,298.0,customer_decline,no_action,no_action,0.0,0.0,0.0,"[""no_action_has_better_risk_adjusted_value""]"
TXN0000085538,1717.0,technical_retryable,payment_link,payment_link,0.0,0.5650497078895569,959.1903484463692,"[""v3_action_passed_incremental_economic_gate""]"
TXN0000062688,611.0,customer_decline,whatsapp_reminder,whatsapp_reminder,0.0,0.6116073131561279,364.94206833839417,"[""v3_action_passed_incremental_economic_gate""]"
TXN0000009979,1966.0,authentication_required,no_action,no_action,0.0,0.0,0.0,"[""v3_stopping_rule_preserved"", ""customer_opted_out""]"
TXN0000051363,2903.0,technical_retryable,retry_payment,retry_payment,0.0,0.4812486171722412,1394.0647356510162,"[""v3_action_passed_incremental_economic_gate""]"
TXN0000203550,682.0,technical_retryable,retry_payment,retry_payment,0.0,0.5957825183868408,403.32367753982544,"[""v3_action_passed_incremental_economic_gate""]"
TXN0000210605,1448.0,authentication_required,payment_link,payment_link,0.0,0.6485854387283325,928.1517152786255,"[""v3_action_passed_incremental_economic_gate""]"
TXN0000208796,988.0,technical_retryable,payment_link,payment_link,0.0,0.6276904344558716,609.1581492424011,"[""v3_action_passed_incremental_economic_gate""]"
TXN0000219711,829.0,merchant_configuration,escalate_to_merchant,escalate_to_merchant,0.0,0.5210187435150146,406.92453837394714,"[""v3_action_passed_incremental_economic_gate""]"
TXN0000102807,1834.0,authentication_required,no_action,no_action,0.0,0.0,0.0,"[""no_action_has_better_risk_adjusted_value""]"
TXN0000138731,70.0,technical_retryable,retry_payment,retry_payment,0.0,0.6180163025856018,40.26114118099213,"[""v3_action_passed_incremental_economic_gate""]"
TXN0000203171,2813.0,customer_decline,whatsapp_reminder,whatsapp_reminder,0.0,0.7539294362068176,2112.053504049778,"[""v3_action_passed_incremental_economic_gate""]"
TXN0000007819,456.0,authentication_required,no_action,no_action,0.0,0.0,0.0,"[""no_action_has_better_risk_adjusted_value""]"
TXN0000159138,188.0,authentication_required,whatsapp_reminder,whatsapp_reminder,0.0,0.5475505590438843,94.18950510025024,"[""v3_action_passed_incremental_economic_gate""]"
TXN0000021452,1148.0,authentication_required,no_action,no_action,0.0,0.0,0.0,"[""no_action_has_better_risk_adjusted_value""]"
TXN0000109870,796.0,technical_retryable,retry_payment,retry_payment,0.0,0.48759621381759644,385.12658619880676,"[""v3_action_passed_incremental_economic_gate""]"
TXN0000027339,1281.0,authentication_required,payment_link,payment_link,0.0,0.6750585436820984,853.749994456768,"[""v3_action_passed_incremental_economic_gate""]"
TXN0000246481,231.0,technical_retryable,retry_payment,retry_payment,0.0,0.6073968410491943,137.3086702823639,"[""v3_action_passed_incremental_economic_gate""]"
TXN0000201688,347.0,authentication_required,no_action,no_action,0.0,0.0,0.0,"[""no_action_has_better_risk_adjusted_value""]"
TXN0000037247,748.0,authentication_required,payment_link,payment_link,0.0,0.6515999436378479,476.39675784111023,"[""v3_action_passed_incremental_economic_gate""]"
TXN0000047709,468.0,customer_decline,whatsapp_reminder,whatsapp_reminder,0.0,0.6329815983772278,287.4853880405426,"[""v3_action_passed_incremental_economic_gate""]"
TXN0000190517,323.0,customer_decline,whatsapp_reminder,whatsapp_reminder,0.0,0.636120617389679,196.7169594168663,"[""v3_action_passed_incremental_economic_gate""]"
TXN0000004415,164.0,customer_decline,payment_link,payment_link,0.0,0.6968163251876831,103.27787733078003,"[""v3_action_passed_incremental_economic_gate""]"
TXN0000041853,433.0,merchant_configuration,escalate_to_merchant,escalate_to_merchant,0.0,0.4342777132987976,163.04224985837936,"[""v3_action_passed_incremental_economic_gate""]"
TXN0000189985,225.0,technical_retryable,retry_payment,retry_payment,0.0,0.5763083100318909,126.66936975717545,"[""v3_action_passed_incremental_economic_gate""]"
TXN0000067097,889.0,customer_decline,no_action,no_action,0.0,0.0,0.0,"[""no_action_has_better_risk_adjusted_value""]"
TXN0000179967,335.0,technical_retryable,retry_payment,retry_payment,0.0,0.5712069272994995,188.35432064533234,"[""v3_action_passed_incremental_economic_gate""]"
TXN0000205845,1793.0,technical_retryable,payment_link,payment_link,0.0,0.6266722083091736,1112.6232694983482,"[""v3_action_passed_incremental_economic_gate""]"
TXN0000124555,503.0,authentication_required,whatsapp_reminder,whatsapp_reminder,0.0,0.6346125602722168,310.46011781692505,"[""v3_action_passed_incremental_economic_gate""]"
TXN0000112654,271.0,merchant_configuration,escalate_to_merchant,escalate_to_merchant,0.0,0.5200508832931519,115.93378937244415,"[""v3_action_passed_incremental_economic_gate""]"
TXN0000196444,303.0,technical_retryable,retry_payment,retry_payment,0.0,0.5158255100250244,153.2951295375824,"[""v3_action_passed_incremental_economic_gate""]"
TXN0000166492,2350.0,authentication_required,no_action,no_action,0.0,0.0,0.0,"[""no_action_has_better_risk_adjusted_value""]"
TXN0000015243,1599.0,authentication_required,payment_link,payment_link,0.0,0.6239686012268066,986.7257933616638,"[""v3_action_passed_incremental_economic_gate""]"
TXN0000216016,171.0,authentication_required,no_action,no_action,0.0,0.0,0.0,"[""no_action_has_better_risk_adjusted_value""]"
TXN0000048712,192.0,merchant_configuration,escalate_to_merchant,escalate_to_merchant,0.0,0.4988051652908325,70.77059173583984,"[""v3_action_passed_incremental_economic_gate""]"
TXN0000213421,222.0,customer_decline,payment_link,payment_link,0.0,0.6787649393081665,139.68581652641296,"[""v3_action_passed_incremental_economic_gate""]"
TXN0000034399,673.0,authentication_required,payment_link,payment_link,0.0,0.5774863958358765,377.64834439754486,"[""v3_action_passed_incremental_economic_gate""]"
TXN0000026447,297.0,merchant_configuration,escalate_to_merchant,escalate_to_merchant,0.0,0.4628813862800598,112.47577172517776,"[""v3_action_passed_incremental_economic_gate""]"
TXN0000070198,420.0,customer_decline,no_action,no_action,0.0,0.0,0.0,"[""no_action_has_better_risk_adjusted_value""]"
TXN0000148627,519.0,customer_decline,no_action,no_action,0.0,0.0,0.0,"[""no_action_has_better_risk_adjusted_value""]"
TXN0000207778,128.0,technical_retryable,retry_payment,retry_payment,0.0,0.5080844163894653,62.03480529785156,"[""v3_action_passed_incremental_economic_gate""]"
TXN0000090628,97.0,technical_retryable,retry_payment,retry_payment,0.0,0.5562883615493774,50.95997107028961,"[""v3_action_passed_incremental_economic_gate""]"
TXN0000165495,268.0,authentication_required,whatsapp_reminder,whatsapp_reminder,0.0,0.668487548828125,170.4046630859375,"[""v3_action_passed_incremental_economic_gate""]"
TXN0000082492,2620.0,technical_retryable,retry_payment,retry_payment,0.0,0.533324122428894,1394.3092007637024,"[""v3_action_passed_incremental_economic_gate""]"
TXN0000075961,375.0,customer_decline,whatsapp_reminder,whatsapp_reminder,0.0,0.6297499537467957,227.40623265504837,"[""v3_action_passed_incremental_economic_gate""]"
TXN0000230541,566.0,authentication_required,no_action,no_action,0.0,0.0,0.0,"[""no_action_has_better_risk_adjusted_value""]"
TXN0000058057,764.0,customer_decline,no_action,no_action,0.0,0.0,0.0,"[""no_action_has_better_risk_adjusted_value""]"
TXN0000166518,307.0,technical_retryable,retry_payment,retry_payment,0.0,0.6063676476478577,183.1548678278923,"[""v3_action_passed_incremental_economic_gate""]"
TXN0000127088,292.0,technical_retryable,retry_payment,retry_payment,0.0,0.58111971616745,166.68695712089539,"[""v3_action_passed_incremental_economic_gate""]"
TXN0000196007,7104.0,technical_retryable,payment_link,payment_link,0.0,0.7145273089408875,5065.002002716064,"[""v3_action_passed_incremental_economic_gate""]"
TXN0000087835,1666.0,technical_retryable,payment_link,payment_link,0.0,0.6503798365592957,1072.5328077077866,"[""v3_action_passed_incremental_economic_gate""]"
TXN0000113506,995.0,merchant_configuration,escalate_to_merchant,escalate_to_merchant,0.0,0.41440197825431824,387.32996836304665,"[""v3_action_passed_incremental_economic_gate""]"
TXN0000079444,610.0,technical_retryable,retry_payment,retry_payment,0.0,0.43122079968452454,260.04468780755997,"[""v3_action_passed_incremental_economic_gate""]"
TXN0000202455,470.0,customer_decline,no_action,no_action,0.0,0.0,0.0,"[""v3_stopping_rule_preserved"", ""customer_opted_out""]"
TXN0000201847,366.0,technical_retryable,retry_payment,retry_payment,0.0,0.4785265028476715,172.14070004224777,"[""v3_action_passed_incremental_economic_gate""]"
TXN0000108669,200.0,technical_retryable,retry_payment,retry_payment,0.0,0.5993295311927795,116.86590623855591,"[""v3_action_passed_incremental_economic_gate""]"
TXN0000216484,3346.0,authentication_required,payment_link,payment_link,0.0,0.6015949249267578,2001.9366188049316,"[""v3_action_passed_incremental_economic_gate""]"
TXN0000120612,670.0,customer_decline,no_action,no_action,0.0,0.0,0.0,"[""no_action_has_better_risk_adjusted_value""]"
TXN0000246085,173.0,technical_retryable,no_action,no_action,0.0,0.0,0.0,"[""no_action_has_better_risk_adjusted_value""]"
TXN0000228200,156.0,technical_retryable,retry_payment,retry_payment,0.0,0.5340457558631897,80.31113791465759,"[""v3_action_passed_incremental_economic_gate""]"
TXN0000066022,1296.0,technical_retryable,retry_payment,retry_payment,0.0,0.6702758073806763,865.6774463653564,"[""v3_action_passed_incremental_economic_gate""]"
TXN0000002514,2641.0,customer_decline,no_action,no_action,0.0,0.0,0.0,"[""no_action_has_better_risk_adjusted_value""]"
TXN0000243705,925.0,authentication_required,payment_link,payment_link,0.0,0.4670718312263489,421.0414438843727,"[""v3_action_passed_incremental_economic_gate""]"
TXN0000147816,932.0,authentication_required,no_action,no_action,0.0,0.0,0.0,"[""no_action_has_better_risk_adjusted_value""]"
TXN0000158671,2294.0,customer_decline,no_action,no_action,0.0,0.0,0.0,"[""no_action_has_better_risk_adjusted_value""]"
TXN0000213944,236.0,authentication_required,no_action,no_action,0.0,0.0,0.0,"[""no_action_has_better_risk_adjusted_value""]"
TXN0000068534,1271.0,customer_decline,whatsapp_reminder,whatsapp_reminder,0.0,0.5088636875152588,638.0157468318939,"[""v3_action_passed_incremental_economic_gate""]"
TXN0000075223,553.0,merchant_configuration,escalate_to_merchant,escalate_to_merchant,0.0,0.3438678979873657,165.15894758701324,"[""v3_action_passed_incremental_economic_gate""]"
TXN0000152224,94.0,authentication_required,no_action,no_action,0.0,0.0,0.0,"[""no_action_has_better_risk_adjusted_value""]"
TXN0000077340,1166.0,technical_retryable,payment_link,payment_link,0.0,0.6116588711738586,702.1942437887192,"[""v3_action_passed_incremental_economic_gate""]"
TXN0000015360,300.0,technical_retryable,no_action,no_action,0.0,0.0,0.0,"[""no_action_has_better_risk_adjusted_value""]"
TXN0000233179,120.0,authentication_required,no_action,no_action,0.0,0.0,0.0,"[""no_action_has_better_risk_adjusted_value""]"
TXN0000211919,299.0,technical_retryable,retry_payment,retry_payment,0.0,0.5195094347000122,152.33332097530365,"[""v3_action_passed_incremental_economic_gate""]"
TXN0000128874,138.0,technical_retryable,retry_payment,retry_payment,0.0,0.5534720420837402,73.37914180755615,"[""v3_action_passed_incremental_economic_gate""]"
TXN0000225797,811.0,authentication_required,whatsapp_reminder,whatsapp_reminder,0.0,0.50727778673172,402.6522850394249,"[""v3_action_passed_incremental_economic_gate""]"
TXN0000111181,245.0,authentication_required,whatsapp_reminder,whatsapp_reminder,0.0,0.5505669713020325,126.13890796899796,"[""v3_action_passed_incremental_economic_gate""]"
TXN0000042939,3348.0,technical_retryable,payment_link,payment_link,0.0,0.6426412463188171,2140.5628926754,"[""v3_action_passed_incremental_economic_gate""]"
TXN0000209694,385.0,authentication_required,whatsapp_reminder,whatsapp_reminder,0.0,0.5379494428634644,198.36053550243378,"[""v3_action_passed_incremental_economic_gate""]"
TXN0000208688,167.0,technical_retryable,retry_payment,retry_payment,0.0,0.6462867856025696,104.92989319562912,"[""v3_action_passed_incremental_economic_gate""]"
TXN0000080878,1502.0,merchant_configuration,escalate_to_merchant,escalate_to_merchant,0.0,0.3553183376789093,508.68814319372177,"[""v3_action_passed_incremental_economic_gate""]"
TXN0000244132,1717.0,authentication_required,no_action,no_action,0.0,0.0,0.0,"[""no_action_has_better_risk_adjusted_value""]"
TXN0000102113,97.0,authentication_required,payment_link,payment_link,0.0,0.6935678720474243,56.27608358860016,"[""v3_action_passed_incremental_economic_gate""]"
TXN0000080165,1753.0,customer_decline,no_action,no_action,0.0,0.0,0.0,"[""no_action_has_better_risk_adjusted_value""]"
TXN0000131896,7883.0,customer_decline,payment_link,payment_link,0.0,0.5226935148239136,4109.392977356911,"[""v3_action_passed_incremental_economic_gate""]"
TXN0000206704,2064.0,technical_retryable,payment_link,payment_link,0.0,0.6236228942871094,1276.1576538085938,"[""v3_action_passed_incremental_economic_gate""]"
TXN0000207246,2809.0,customer_decline,payment_link,payment_link,0.0,0.5870822668075562,1638.1140874624252,"[""v3_action_passed_incremental_economic_gate""]"
TXN0000070730,165.0,technical_retryable,no_action,no_action,0.0,0.0,0.0,"[""v3_stopping_rule_preserved"", ""customer_opted_out""]"
TXN0000035833,1008.0,authentication_required,no_action,no_action,0.0,0.0,0.0,"[""no_action_has_better_risk_adjusted_value""]"
TXN0000154873,209.0,authentication_required,no_action,no_action,0.0,0.0,0.0,"[""no_action_has_better_risk_adjusted_value""]"
TXN0000147840,428.0,customer_decline,whatsapp_reminder,whatsapp_reminder,0.0,0.5524677038192749,227.70617723464966,"[""v3_action_passed_incremental_economic_gate""]"
TXN0000114027,423.0,customer_decline,payment_link,payment_link,0.0,0.6084921360015869,246.39217352867126,"[""v3_action_passed_incremental_economic_gate""]"
TXN0000148994,299.0,authentication_required,whatsapp_reminder,whatsapp_reminder,0.0,0.5364574193954468,151.6507683992386,"[""v3_action_passed_incremental_economic_gate""]"
TXN0000005633,1882.0,authentication_required,payment_link,payment_link,0.0,0.778550386428833,1454.2318272590637,"[""v3_action_passed_incremental_economic_gate""]"
TXN0000110587,168.0,merchant_configuration,escalate_to_merchant,escalate_to_merchant,0.0,0.5077076554298401,60.294886112213135,"[""v3_action_passed_incremental_economic_gate""]"
TXN0000186881,1982.0,technical_retryable,payment_link,payment_link,0.0,0.45375701785087585,888.346409380436,"[""v3_action_passed_incremental_economic_gate""]"
TXN0000142131,45.0,technical_retryable,retry_payment,retry_payment,0.0,0.6447777152061462,26.01499718427658,"[""v3_action_passed_incremental_economic_gate""]"
TXN0000022057,119.0,merchant_configuration,escalate_to_merchant,escalate_to_merchant,0.0,0.49663758277893066,34.09987235069275,"[""v3_action_passed_incremental_economic_gate""]"
TXN0000081561,359.0,technical_retryable,retry_payment,retry_payment,0.0,0.5433960556983948,192.07918399572372,"[""v3_action_passed_incremental_economic_gate""]"
TXN0000138319,170.0,technical_retryable,retry_payment,retry_payment,0.0,0.6363134384155273,105.17328453063965,"[""v3_action_passed_incremental_economic_gate""]"
TXN0000174779,3225.0,authentication_required,whatsapp_reminder,whatsapp_reminder,0.0,0.6450009346008301,2071.378014087677,"[""v3_action_passed_incremental_economic_gate""]"
TXN0000024701,497.0,customer_decline,payment_link,payment_link,0.0,0.6050093770027161,289.6896603703499,"[""v3_action_passed_incremental_economic_gate""]"
TXN0000014876,201.0,technical_retryable,retry_payment,retry_payment,0.0,0.7280570864677429,143.33947438001633,"[""v3_action_passed_incremental_economic_gate""]"
TXN0000047702,822.0,customer_decline,no_action,no_action,0.0,0.0,0.0,"[""no_action_has_better_risk_adjusted_value""]"
TXN0000164864,1472.0,technical_retryable,payment_link,payment_link,0.0,0.6697580814361572,974.8838958740234,"[""v3_action_passed_incremental_economic_gate""]"
TXN0000133169,3073.0,technical_retryable,payment_link,payment_link,0.0,0.5330321788787842,1627.0078856945038,"[""v3_action_passed_incremental_economic_gate""]"
TXN0000025098,1491.0,customer_decline,payment_link,payment_link,0.0,0.6384631991386414,940.9486299157143,"[""v3_action_passed_incremental_economic_gate""]"
TXN0000125559,443.0,technical_retryable,retry_payment,retry_payment,0.0,0.5578629970550537,244.1333076953888,"[""v3_action_passed_incremental_economic_gate""]"
TXN0000167237,2193.0,customer_decline,payment_link,payment_link,0.0,0.4782063663005829,1037.7065612971783,"[""v3_action_passed_incremental_economic_gate""]"
TXN0000185049,376.0,merchant_configuration,escalate_to_merchant,escalate_to_merchant,0.0,0.5793054103851318,192.81883430480957,"[""v3_action_passed_incremental_economic_gate""]"
TXN0000086763,396.0,merchant_configuration,escalate_to_merchant,escalate_to_merchant,0.0,0.3806194067001343,125.72528505325317,"[""v3_action_passed_incremental_economic_gate""]"
TXN0000143532,2761.0,technical_retryable,payment_link,payment_link,0.0,0.5826366543769836,1597.6598027348518,"[""v3_action_passed_incremental_economic_gate""]"
TXN0000004932,258.0,technical_retryable,retry_payment,retry_payment,0.0,0.5015992522239685,126.41260707378387,"[""v3_action_passed_incremental_economic_gate""]"
TXN0000160612,1293.0,technical_retryable,no_action,no_action,0.0,0.0,0.0,"[""v3_stopping_rule_preserved"", ""customer_opted_out""]"
TXN0000053969,90.0,technical_retryable,no_action,no_action,0.0,0.0,0.0,"[""no_action_has_better_risk_adjusted_value""]"
TXN0000238453,537.0,technical_retryable,retry_payment,retry_payment,0.0,0.6007245779037476,319.58909833431244,"[""v3_action_passed_incremental_economic_gate""]"
TXN0000062107,11219.0,authentication_required,whatsapp_reminder,whatsapp_reminder,0.0,0.6825820207595825,7649.137690901756,"[""v3_action_passed_incremental_economic_gate""]"
TXN0000096619,819.0,technical_retryable,no_action,no_action,0.0,0.0,0.0,"[""no_action_has_better_risk_adjusted_value""]"
TXN0000076957,314.0,technical_retryable,retry_payment,retry_payment,0.0,0.49680930376052856,152.99812138080597,"[""v3_action_passed_incremental_economic_gate""]"
TXN0000092646,676.0,authentication_required,whatsapp_reminder,whatsapp_reminder,0.0,0.5178686380386353,341.32919931411743,"[""v3_action_passed_incremental_economic_gate""]"
TXN0000090861,11011.0,authentication_required,no_action,no_action,0.0,0.0,0.0,"[""no_action_has_better_risk_adjusted_value""]"
TXN0000179884,2411.0,authentication_required,payment_link,payment_link,0.0,0.6821627020835876,1633.6942747235298,"[""v3_action_passed_incremental_economic_gate""]"
TXN0000147254,1987.0,customer_decline,no_action,no_action,0.0,0.0,0.0,"[""no_action_has_better_risk_adjusted_value""]"
TXN0000011087,1956.0,technical_retryable,payment_link,payment_link,0.0,0.5774040818214417,1118.4023840427399,"[""v3_action_passed_incremental_economic_gate""]"
TXN0000010116,354.0,merchant_configuration,escalate_to_merchant,escalate_to_merchant,0.0,0.5056664347648621,154.00591790676117,"[""v3_action_passed_incremental_economic_gate""]"
TXN0000183550,162.0,merchant_configuration,escalate_to_merchant,escalate_to_merchant,0.0,0.4148375988006592,42.20369100570679,"[""v3_action_passed_incremental_economic_gate""]"
TXN0000159977,252.0,technical_retryable,retry_payment,retry_payment,0.0,0.5061740279197693,124.55585503578186,"[""v3_action_passed_incremental_economic_gate""]"
TXN0000072236,1449.0,customer_decline,payment_link,payment_link,0.0,0.6077197790145874,869.5859597921371,"[""v3_action_passed_incremental_economic_gate""]"
TXN0000000548,316.0,merchant_configuration,escalate_to_merchant,escalate_to_merchant,0.0,0.48348814249038696,127.78225302696228,"[""v3_action_passed_incremental_economic_gate""]"
TXN0000180136,534.0,technical_retryable,retry_payment,retry_payment,0.0,0.5697813630104065,301.26324784755707,"[""v3_action_passed_incremental_economic_gate""]"
TXN0000118930,8367.0,customer_decline,whatsapp_reminder,whatsapp_reminder,0.0,0.6217109560966492,5193.105569660664,"[""v3_action_passed_incremental_economic_gate""]"
TXN0000156461,46.0,technical_retryable,no_action,no_action,0.0,0.0,0.0,"[""no_action_has_better_risk_adjusted_value""]"
TXN0000017388,4674.0,technical_retryable,retry_payment,retry_payment,0.0,0.5053004622459412,2358.774360537529,"[""v3_action_passed_incremental_economic_gate""]"
TXN0000202290,117.0,authentication_required,whatsapp_reminder,whatsapp_reminder,0.0,0.585553765296936,59.759790539741516,"[""v3_action_passed_incremental_economic_gate""]"
TXN0000026512,1548.0,merchant_configuration,escalate_to_merchant,escalate_to_merchant,0.0,0.48604702949523926,727.4008016586304,"[""v3_action_passed_incremental_economic_gate""]"
TXN0000009341,255.0,technical_retryable,retry_payment,retry_payment,0.0,0.5942617654800415,148.53675019741058,"[""v3_action_passed_incremental_economic_gate""]"
TXN0000109445,298.0,technical_retryable,no_action,no_action,0.0,0.0,0.0,"[""no_action_has_better_risk_adjusted_value""]"
TXN0000218167,24.0,authentication_required,no_action,no_action,0.0,0.0,0.0,"[""no_action_has_better_risk_adjusted_value""]"
TXN0000079461,1280.0,customer_decline,payment_link,payment_link,0.0,0.7586739659309387,960.1026763916016,"[""v3_action_passed_incremental_economic_gate""]"
TXN0000088439,346.0,technical_retryable,retry_payment,retry_payment,0.0,0.44795557856559753,151.99263018369675,"[""v3_action_passed_incremental_economic_gate""]"
TXN0000080739,6180.0,technical_retryable,payment_link,payment_link,0.0,0.699376106262207,4311.144336700439,"[""v3_action_passed_incremental_economic_gate""]"
TXN0000161725,1536.0,authentication_required,whatsapp_reminder,whatsapp_reminder,0.0,0.6705077290534973,1021.1498718261719,"[""v3_action_passed_incremental_economic_gate""]"
TXN0000180112,135.0,authentication_required,no_action,no_action,0.0,0.0,0.0,"[""no_action_has_better_risk_adjusted_value""]"
TXN0000154447,507.0,authentication_required,payment_link,payment_link,0.0,0.6866381168365479,337.12552523612976,"[""v3_action_passed_incremental_economic_gate""]"
TXN0000015796,821.0,authentication_required,no_action,no_action,0.0,0.0,0.0,"[""no_action_has_better_risk_adjusted_value""]"
TXN0000074837,192.0,technical_retryable,retry_payment,retry_payment,0.0,0.5831354260444641,108.96200180053711,"[""v3_action_passed_incremental_economic_gate""]"
TXN0000206892,613.0,technical_retryable,retry_payment,retry_payment,0.0,0.5299043655395508,321.83137607574463,"[""v3_action_passed_incremental_economic_gate""]"
TXN0000244734,1530.0,authentication_required,payment_link,payment_link,0.0,0.6808567643165588,1030.710849404335,"[""v3_action_passed_incremental_economic_gate""]"
TXN0000032059,605.0,authentication_required,no_action,no_action,0.0,0.0,0.0,"[""no_action_has_better_risk_adjusted_value""]"
TXN0000165564,3200.0,technical_retryable,payment_link,payment_link,0.0,0.5730282664299011,1822.6904525756836,"[""v3_action_passed_incremental_economic_gate""]"
TXN0000134886,442.0,authentication_required,whatsapp_reminder,whatsapp_reminder,0.0,0.5779243111610413,246.69254553318024,"[""v3_action_passed_incremental_economic_gate""]"
TXN0000060907,36.0,technical_retryable,no_action,no_action,0.0,0.0,0.0,"[""no_action_has_better_risk_adjusted_value""]"
TXN0000207550,1368.0,technical_retryable,no_action,no_action,0.0,0.0,0.0,"[""no_action_has_better_risk_adjusted_value""]"
TXN0000209005,153.0,authentication_required,whatsapp_reminder,whatsapp_reminder,0.0,0.6313290596008301,87.843346118927,"[""v3_action_passed_incremental_economic_gate""]"
TXN0000112539,6590.0,customer_decline,no_action,no_action,0.0,0.0,0.0,"[""v3_stopping_rule_preserved"", ""customer_opted_out""]"
TXN0000024569,10148.0,authentication_required,no_action,no_action,0.0,0.0,0.0,"[""no_action_has_better_risk_adjusted_value""]"
TXN0000005374,1083.0,technical_retryable,no_action,no_action,0.0,0.0,0.0,"[""no_action_has_better_risk_adjusted_value""]"
TXN0000227755,380.0,technical_retryable,payment_link,payment_link,0.0,0.6634076237678528,241.09489703178406,"[""v3_action_passed_incremental_economic_gate""]"
TXN0000099526,87.0,authentication_required,no_action,no_action,0.0,0.0,0.0,"[""no_action_has_better_risk_adjusted_value""]"
TXN0000180726,1763.0,customer_decline,whatsapp_reminder,whatsapp_reminder,0.0,0.7140152454376221,1250.0588777065277,"[""v3_action_passed_incremental_economic_gate""]"
TXN0000048449,3285.0,customer_decline,payment_link,payment_link,0.0,0.6389415860176086,2087.9231100678444,"[""v3_action_passed_incremental_economic_gate""]"
TXN0000152457,1512.0,technical_retryable,no_action,no_action,0.0,0.0,0.0,"[""no_action_has_better_risk_adjusted_value""]"
TXN0000228249,154.0,technical_retryable,retry_payment,retry_payment,0.0,0.6166009306907654,91.95654332637787,"[""v3_action_passed_incremental_economic_gate""]"
TXN0000217501,7185.0,authentication_required,payment_link,payment_link,0.0,0.6183885931968689,4432.122042119503,"[""v3_action_passed_incremental_economic_gate""]"
TXN0000222629,1114.0,technical_retryable,retry_payment,retry_payment,0.0,0.47342273592948914,524.3929278254509,"[""v3_action_passed_incremental_economic_gate""]"
TXN0000105189,790.0,authentication_required,no_action,no_action,0.0,0.0,0.0,"[""no_action_has_better_risk_adjusted_value""]"
TXN0000158057,1426.0,technical_retryable,payment_link,payment_link,0.0,0.7488322854042053,1056.8348389863968,"[""v3_action_passed_incremental_economic_gate""]"
TXN0000213049,163.0,authentication_required,payment_link,payment_link,0.0,0.6858526468276978,100.79398143291473,"[""v3_action_passed_incremental_economic_gate""]"
TXN0000109963,732.0,authentication_required,payment_link,payment_link,0.0,0.61362624168396,438.1744089126587,"[""v3_action_passed_incremental_economic_gate""]"
TXN0000152597,351.0,customer_decline,whatsapp_reminder,whatsapp_reminder,0.0,0.6171926259994507,207.8846117258072,"[""v3_action_passed_incremental_economic_gate""]"
TXN0000035777,2154.0,customer_decline,no_action,no_action,0.0,0.0,0.0,"[""no_action_has_better_risk_adjusted_value""]"
TXN0000184134,1313.0,authentication_required,no_action,no_action,0.0,0.0,0.0,"[""no_action_has_better_risk_adjusted_value""]"
TXN0000186082,102.0,technical_retryable,retry_payment,retry_payment,0.0,0.6184504628181458,60.08194720745087,"[""v3_action_passed_incremental_economic_gate""]"
TXN0000202120,1623.0,authentication_required,payment_link,payment_link,0.0,0.6654164791107178,1068.970945596695,"[""v3_action_passed_incremental_economic_gate""]"
TXN0000169770,80.0,customer_decline,no_action,no_action,0.0,0.0,0.0,"[""no_action_has_better_risk_adjusted_value""]"
TXN0000192598,454.0,technical_retryable,payment_link,payment_link,0.0,0.6455432772636414,282.0766478776932,"[""v3_action_passed_incremental_economic_gate""]"
TXN0000163031,251.0,customer_decline,payment_link,payment_link,0.0,0.6153455376625061,143.45172995328903,"[""v3_action_passed_incremental_economic_gate""]"
TXN0000137785,2229.0,authentication_required,no_action,no_action,0.0,0.0,0.0,"[""no_action_has_better_risk_adjusted_value""]"
TXN0000011070,1851.0,technical_retryable,retry_payment,retry_payment,0.0,0.7597732543945312,1403.3402938842773,"[""v3_action_passed_incremental_economic_gate""]"
TXN0000147857,1159.0,authentication_required,payment_link,payment_link,0.0,0.678740382194519,775.6601029634476,"[""v3_action_passed_incremental_economic_gate""]"
TXN0000205994,366.0,technical_retryable,retry_payment,retry_payment,0.0,0.6251769661903381,225.81476962566376,"[""v3_action_passed_incremental_economic_gate""]"
TXN0000063724,335.0,technical_retryable,payment_link,payment_link,0.0,0.6350032091140747,201.72607505321503,"[""v3_action_passed_incremental_economic_gate""]"
TXN0000217383,2612.0,merchant_configuration,escalate_to_merchant,escalate_to_merchant,0.0,0.48628658056259155,1245.1805484294891,"[""v3_action_passed_incremental_economic_gate""]"
TXN0000158613,1367.0,technical_retryable,payment_link,payment_link,0.0,0.5578284859657288,751.5515403151512,"[""v3_action_passed_incremental_economic_gate""]"
TXN0000072548,403.0,authentication_required,no_action,no_action,0.0,0.0,0.0,"[""no_action_has_better_risk_adjusted_value""]"
TXN0000242915,3714.0,technical_retryable,retry_payment,retry_payment,0.0,0.6592289805412292,2445.3764337301254,"[""v3_action_passed_incremental_economic_gate""]"
TXN0000007309,1245.0,authentication_required,payment_link,payment_link,0.0,0.674235999584198,828.4238194823265,"[""v3_action_passed_incremental_economic_gate""]"
TXN0000195727,1088.0,technical_retryable,no_action,no_action,0.0,0.0,0.0,"[""no_action_has_better_risk_adjusted_value""]"
TXN0000032817,88.0,technical_retryable,retry_payment,retry_payment,0.0,0.6274518966674805,52.21576690673828,"[""v3_action_passed_incremental_economic_gate""]"
TXN0000092505,677.0,authentication_required,whatsapp_reminder,whatsapp_reminder,0.0,0.6855990886688232,455.40058302879333,"[""v3_action_passed_incremental_economic_gate""]"
TXN0000194605,356.0,technical_retryable,retry_payment,retry_payment,0.0,0.580878734588623,203.7928295135498,"[""v3_action_passed_incremental_economic_gate""]"
TXN0000228910,1067.0,technical_retryable,payment_link,payment_link,0.0,0.5894651412963867,617.9593057632446,"[""v3_action_passed_incremental_economic_gate""]"
TXN0000030171,612.0,technical_retryable,retry_payment,retry_payment,0.0,0.5229734182357788,317.05973196029663,"[""v3_action_passed_incremental_economic_gate""]"
TXN0000170102,364.0,technical_retryable,retry_payment,retry_payment,0.0,0.6379666924476624,229.2198760509491,"[""v3_action_passed_incremental_economic_gate""]"
TXN0000002459,613.0,technical_retryable,payment_link,payment_link,0.0,0.5789024233818054,343.8671855330467,"[""v3_action_passed_incremental_economic_gate""]"
TXN0000136477,65.0,customer_decline,no_action,no_action,0.0,0.0,0.0,"[""no_action_has_better_risk_adjusted_value""]"
TXN0000163153,656.0,authentication_required,whatsapp_reminder,whatsapp_reminder,0.0,0.627323567867279,402.77426052093506,"[""v3_action_passed_incremental_economic_gate""]"
TXN0000108121,518.0,merchant_configuration,escalate_to_merchant,escalate_to_merchant,0.0,0.4694187045097351,218.15888893604279,"[""v3_action_passed_incremental_economic_gate""]"
TXN0000091320,401.0,authentication_required,whatsapp_reminder,whatsapp_reminder,0.0,0.5575733780860901,214.83692461252213,"[""v3_action_passed_incremental_economic_gate""]"
TXN0000167690,3467.0,technical_retryable,payment_link,payment_link,0.0,0.6391724944114685,2205.0110381245613,"[""v3_action_passed_incremental_economic_gate""]"
TXN0000018002,321.0,authentication_required,whatsapp_reminder,whatsapp_reminder,0.0,0.47955939173698425,145.18856474757195,"[""v3_action_passed_incremental_economic_gate""]"
TXN0000029487,1822.0,technical_retryable,payment_link,payment_link,0.0,0.6753309965133667,1219.4530756473541,"[""v3_action_passed_incremental_economic_gate""]"
TXN0000170091,1441.0,technical_retryable,payment_link,payment_link,0.0,0.5474849343299866,777.9257903695107,"[""v3_action_passed_incremental_economic_gate""]"
TXN0000015027,130.0,technical_retryable,retry_payment,retry_payment,0.0,0.6479684710502625,81.23590123653412,"[""v3_action_passed_incremental_economic_gate""]"
TXN0000221838,563.0,authentication_required,no_action,no_action,0.0,0.0,0.0,"[""no_action_has_better_risk_adjusted_value""]"
TXN0000229249,1857.0,technical_retryable,payment_link,payment_link,0.0,0.647791862487793,1191.9494886398315,"[""v3_action_passed_incremental_economic_gate""]"
TXN0000246158,587.0,authentication_required,whatsapp_reminder,whatsapp_reminder,0.0,0.680448591709137,390.6733233332634,"[""v3_action_passed_incremental_economic_gate""]"
TXN0000121689,609.0,merchant_configuration,escalate_to_merchant,escalate_to_merchant,0.0,0.44576796889305115,246.47269305586815,"[""v3_action_passed_incremental_economic_gate""]"
TXN0000015186,290.0,authentication_required,no_action,no_action,0.0,0.0,0.0,"[""no_action_has_better_risk_adjusted_value""]"
TXN0000201865,336.0,technical_retryable,retry_payment,retry_payment,0.0,0.5819364190101624,192.53063678741455,"[""v3_action_passed_incremental_economic_gate""]"
TXN0000154944,206.0,authentication_required,payment_link,payment_link,0.0,0.6351657509803772,119.8441447019577,"[""v3_action_passed_incremental_economic_gate""]"
TXN0000185630,182.0,authentication_required,no_action,no_action,0.0,0.0,0.0,"[""no_action_has_better_risk_adjusted_value""]"
TXN0000247043,1556.0,merchant_configuration,escalate_to_merchant,escalate_to_merchant,0.0,0.5004638433456421,753.7217402458191,"[""v3_action_passed_incremental_economic_gate""]"
TXN0000001751,1183.0,authentication_required,payment_link,payment_link,0.0,0.5704368948936462,663.8268466591835,"[""v3_action_passed_incremental_economic_gate""]"
TXN0000240541,100.0,authentication_required,no_action,no_action,0.0,0.0,0.0,"[""no_action_has_better_risk_adjusted_value""]"
TXN0000003664,100.0,authentication_required,no_action,no_action,0.0,0.0,0.0,"[""no_action_has_better_risk_adjusted_value""]"
TXN0000054426,2081.0,authentication_required,no_action,no_action,0.0,0.0,0.0,"[""no_action_has_better_risk_adjusted_value""]"
TXN0000046445,204.0,technical_retryable,retry_payment,retry_payment,0.0,0.6197926998138428,123.43771076202393,"[""v3_action_passed_incremental_economic_gate""]"
TXN0000048503,1741.0,customer_decline,payment_link,payment_link,0.0,0.6353685259819031,1095.1766037344933,"[""v3_action_passed_incremental_economic_gate""]"
TXN0000122763,367.0,technical_retryable,retry_payment,retry_payment,0.0,0.5341463088989258,193.03169536590576,"[""v3_action_passed_incremental_economic_gate""]"
TXN0000009942,1018.0,authentication_required,no_action,no_action,0.0,0.0,0.0,"[""no_action_has_better_risk_adjusted_value""]"
TXN0000045262,426.0,technical_retryable,retry_payment,retry_payment,0.0,0.6035516262054443,254.1129927635193,"[""v3_action_passed_incremental_economic_gate""]"
TXN0000032265,974.0,authentication_required,no_action,no_action,0.0,0.0,0.0,"[""no_action_has_better_risk_adjusted_value""]"
TXN0000074156,2231.0,authentication_required,whatsapp_reminder,whatsapp_reminder,0.0,0.7473422884941101,1658.5706456303596,"[""v3_action_passed_incremental_economic_gate""]"
TXN0000068197,190.0,customer_decline,whatsapp_reminder,whatsapp_reminder,0.0,0.6530945897102356,115.33797204494476,"[""v3_action_passed_incremental_economic_gate""]"
TXN0000095078,870.0,customer_decline,whatsapp_reminder,whatsapp_reminder,0.0,0.5422906279563904,463.04284632205963,"[""v3_action_passed_incremental_economic_gate""]"
TXN0000133806,2083.0,authentication_required,no_action,no_action,0.0,0.0,0.0,"[""no_action_has_better_risk_adjusted_value""]"
TXN0000168947,1246.0,customer_decline,payment_link,payment_link,0.0,0.6720365881919861,826.3575888872147,"[""v3_action_passed_incremental_economic_gate""]"
TXN0000177483,927.0,authentication_required,no_action,no_action,0.0,0.0,0.0,"[""no_action_has_better_risk_adjusted_value""]"
TXN0000081093,607.0,technical_retryable,retry_payment,retry_payment,0.0,0.6118869185447693,368.41535955667496,"[""v3_action_passed_incremental_economic_gate""]"
TXN0000038748,101.0,technical_retryable,retry_payment,retry_payment,0.0,0.526768147945404,50.20358294248581,"[""v3_action_passed_incremental_economic_gate""]"
TXN0000120479,160.0,technical_retryable,retry_payment,retry_payment,0.0,0.6354258060455322,98.66812896728516,"[""v3_action_passed_incremental_economic_gate""]"
TXN0000199455,9382.0,authentication_required,payment_link,payment_link,0.0,0.6159264445304871,5767.62190258503,"[""v3_action_passed_incremental_economic_gate""]"
TXN0000141679,1587.0,customer_decline,whatsapp_reminder,whatsapp_reminder,0.0,0.6853190064430237,1078.8512632250786,"[""v3_action_passed_incremental_economic_gate""]"
TXN0000138511,1522.0,customer_decline,payment_link,payment_link,0.0,0.7968900203704834,1201.8666110038757,"[""v3_action_passed_incremental_economic_gate""]"
TXN0000009771,23975.0,technical_retryable,payment_link,payment_link,0.0,0.5810239911079407,13919.050186812878,"[""v3_action_passed_incremental_economic_gate""]"
TXN0000186266,385.0,customer_decline,no_action,no_action,0.0,0.0,0.0,"[""no_action_has_better_risk_adjusted_value""]"
TXN0000171179,467.0,authentication_required,whatsapp_reminder,whatsapp_reminder,0.0,0.6647827625274658,301.70355010032654,"[""v3_action_passed_incremental_economic_gate""]"
TXN0000064445,195.0,authentication_required,no_action,no_action,0.0,0.0,0.0,"[""v3_stopping_rule_preserved"", ""customer_opted_out""]"
TXN0000233173,2191.0,authentication_required,no_action,no_action,0.0,0.0,0.0,"[""no_action_has_better_risk_adjusted_value""]"
TXN0000136570,168.0,technical_retryable,retry_payment,retry_payment,0.0,0.5166268348693848,83.79330825805664,"[""v3_action_passed_incremental_economic_gate""]"
TXN0000141839,47.0,technical_retryable,no_action,no_action,0.0,0.0,0.0,"[""no_action_has_better_risk_adjusted_value""]"
TXN0000084443,203.0,authentication_required,no_action,no_action,0.0,0.0,0.0,"[""no_action_has_better_risk_adjusted_value""]"
TXN0000146810,654.0,technical_retryable,no_action,no_action,0.0,0.0,0.0,"[""no_action_has_better_risk_adjusted_value""]"
TXN0000242042,1651.0,technical_retryable,payment_link,payment_link,0.0,0.502612829208374,818.8137810230255,"[""v3_action_passed_incremental_economic_gate""]"
TXN0000186435,583.0,technical_retryable,retry_payment,retry_payment,0.0,0.604392409324646,349.3607746362686,"[""v3_action_passed_incremental_economic_gate""]"
TXN0000206700,2005.0,customer_decline,payment_link,payment_link,0.0,0.554747462272644,1101.2686618566513,"[""v3_action_passed_incremental_economic_gate""]"
TXN0000082790,914.0,technical_retryable,payment_link,payment_link,0.0,0.7054874300956726,633.8155111074448,"[""v3_action_passed_incremental_economic_gate""]"
TXN0000193548,304.0,authentication_required,no_action,no_action,0.0,0.0,0.0,"[""no_action_has_better_risk_adjusted_value""]"
TXN0000031601,275.0,merchant_configuration,escalate_to_merchant,escalate_to_merchant,0.0,0.36287710070610046,74.79120269417763,"[""v3_action_passed_incremental_economic_gate""]"
TXN0000030395,164.0,authentication_required,no_action,no_action,0.0,0.0,0.0,"[""no_action_has_better_risk_adjusted_value""]"
TXN0000011038,470.0,customer_decline,payment_link,payment_link,0.0,0.640326738357544,289.95356702804565,"[""v3_action_passed_incremental_economic_gate""]"
TXN0000074403,413.0,authentication_required,payment_link,payment_link,0.0,0.6386147737503052,252.74790155887604,"[""v3_action_passed_incremental_economic_gate""]"
TXN0000115231,756.0,customer_decline,whatsapp_reminder,whatsapp_reminder,0.0,0.6731929779052734,500.1838912963867,"[""v3_action_passed_incremental_economic_gate""]"
TXN0000197538,436.0,authentication_required,whatsapp_reminder,whatsapp_reminder,0.0,0.6243962049484253,263.4867453575134,"[""v3_action_passed_incremental_economic_gate""]"
TXN0000068069,177.0,merchant_configuration,escalate_to_merchant,escalate_to_merchant,0.0,0.5168313980102539,66.47915744781494,"[""v3_action_passed_incremental_economic_gate""]"
TXN0000165611,1653.0,customer_decline,no_action,no_action,0.0,0.0,0.0,"[""no_action_has_better_risk_adjusted_value""]"
TXN0000112315,1949.0,customer_decline,whatsapp_reminder,whatsapp_reminder,0.0,0.674948513507843,1306.724652826786,"[""v3_action_passed_incremental_economic_gate""]"
TXN0000082936,4219.0,technical_retryable,payment_link,payment_link,0.0,0.466512531042099,1957.2163684666157,"[""v3_action_passed_incremental_economic_gate""]"
TXN0000243369,168.0,technical_retryable,no_action,no_action,0.0,0.0,0.0,"[""no_action_has_better_risk_adjusted_value""]"
TXN0000123642,1822.0,merchant_configuration,escalate_to_merchant,escalate_to_merchant,0.0,0.3887438476085663,683.2912903428078,"[""v3_action_passed_incremental_economic_gate""]"
TXN0000015537,310.0,technical_retryable,payment_link,payment_link,0.0,0.6200643181800842,181.2199386358261,"[""v3_action_passed_incremental_economic_gate""]"
TXN0000082667,350.0,customer_decline,payment_link,payment_link,0.0,0.6065575480461121,201.29514181613922,"[""v3_action_passed_incremental_economic_gate""]"
TXN0000040946,5568.0,technical_retryable,retry_payment,retry_payment,0.0,0.45912978053092957,2553.434617996216,"[""v3_action_passed_incremental_economic_gate""]"
TXN0000147397,1150.0,technical_retryable,retry_payment,retry_payment,0.0,0.5138520002365112,587.9298002719879,"[""v3_action_passed_incremental_economic_gate""]"
TXN0000188206,728.0,technical_retryable,payment_link,payment_link,0.0,0.7098038792610168,505.73722410202026,"[""v3_action_passed_incremental_economic_gate""]"
TXN0000225391,563.0,customer_decline,no_action,no_action,0.0,0.0,0.0,"[""no_action_has_better_risk_adjusted_value""]"
TXN0000080181,2168.0,technical_retryable,retry_payment,retry_payment,0.0,0.5416909456253052,1171.3859701156616,"[""v3_action_passed_incremental_economic_gate""]"
TXN0000114839,403.0,authentication_required,payment_link,payment_link,0.0,0.6336472630500793,244.35984700918198,"[""v3_action_passed_incremental_economic_gate""]"
TXN0000183548,1007.0,technical_retryable,payment_link,payment_link,0.0,0.6297190189361572,623.1270520687103,"[""v3_action_passed_incremental_economic_gate""]"
TXN0000198441,1057.0,authentication_required,payment_link,payment_link,0.0,0.505720317363739,523.5463754534721,"[""v3_action_passed_incremental_economic_gate""]"
TXN0000096167,1615.0,customer_decline,whatsapp_reminder,whatsapp_reminder,0.0,0.6816102862358093,1092.050612270832,"[""v3_action_passed_incremental_economic_gate""]"
TXN0000207253,2050.0,technical_retryable,payment_link,payment_link,0.0,0.6579923629760742,1337.8843441009521,"[""v3_action_passed_incremental_economic_gate""]"
TXN0000152753,437.0,customer_decline,payment_link,payment_link,0.0,0.6211479902267456,260.44167172908783,"[""v3_action_passed_incremental_economic_gate""]"
TXN0000000393,3267.0,authentication_required,payment_link,payment_link,0.0,0.68532794713974,2227.9664033055305,"[""v3_action_passed_incremental_economic_gate""]"
TXN0000211722,1476.0,technical_retryable,payment_link,payment_link,0.0,0.6845377683639526,999.3777461051941,"[""v3_action_passed_incremental_economic_gate""]"
TXN0000056301,974.0,authentication_required,payment_link,payment_link,0.0,0.6801242828369141,651.4410514831543,"[""v3_action_passed_incremental_economic_gate""]"
TXN0000144590,1659.0,merchant_configuration,escalate_to_merchant,escalate_to_merchant,0.0,0.4402780830860138,705.4213398396969,"[""v3_action_passed_incremental_economic_gate""]"
TXN0000126980,345.0,customer_decline,whatsapp_reminder,whatsapp_reminder,0.0,0.6447141766548157,213.6763909459114,"[""v3_action_passed_incremental_economic_gate""]"
TXN0000102865,1903.0,merchant_configuration,escalate_to_merchant,escalate_to_merchant,0.0,0.3871702551841736,711.7849956154823,"[""v3_action_passed_incremental_economic_gate""]"
TXN0000157594,396.0,technical_retryable,retry_payment,retry_payment,0.0,0.5325173139572144,207.87685632705688,"[""v3_action_passed_incremental_economic_gate""]"
TXN0000210024,466.0,merchant_configuration,escalate_to_merchant,escalate_to_merchant,0.0,0.41469669342041016,168.24865913391113,"[""v3_action_passed_incremental_economic_gate""]"
TXN0000103585,331.0,authentication_required,whatsapp_reminder,whatsapp_reminder,0.0,0.6642528176307678,211.11768263578415,"[""v3_action_passed_incremental_economic_gate""]"
TXN0000237201,328.0,authentication_required,payment_link,payment_link,0.0,0.6715815663337708,209.2787537574768,"[""v3_action_passed_incremental_economic_gate""]"
TXN0000011061,213.0,customer_decline,no_action,no_action,0.0,0.0,0.0,"[""no_action_has_better_risk_adjusted_value""]"
TXN0000215973,426.0,technical_retryable,retry_payment,retry_payment,0.0,0.713294267654419,300.86335802078247,"[""v3_action_passed_incremental_economic_gate""]"
TXN0000062580,1037.0,authentication_required,payment_link,payment_link,0.0,0.6563611030578613,669.6464638710022,"[""v3_action_passed_incremental_economic_gate""]"
TXN0000111184,368.0,authentication_required,whatsapp_reminder,whatsapp_reminder,0.0,0.6749159097671509,239.61905479431152,"[""v3_action_passed_incremental_economic_gate""]"
TXN0000001729,275.0,customer_decline,no_action,no_action,0.0,0.0,0.0,"[""no_action_has_better_risk_adjusted_value""]"
TXN0000079960,126.0,customer_decline,no_action,no_action,0.0,0.0,0.0,"[""no_action_has_better_risk_adjusted_value""]"
TXN0000204211,2091.0,technical_retryable,payment_link,payment_link,0.0,0.641921877861023,1331.258646607399,"[""v3_action_passed_incremental_economic_gate""]"
TXN0000244204,453.0,technical_retryable,payment_link,payment_link,0.0,0.6539388298988342,285.2342899441719,"[""v3_action_passed_incremental_economic_gate""]"
TXN0000245683,947.0,authentication_required,payment_link,payment_link,0.0,0.6423349380493164,597.2911863327026,"[""v3_action_passed_incremental_economic_gate""]"
TXN0000172397,149.0,technical_retryable,retry_payment,retry_payment,0.0,0.503260612487793,71.98583126068115,"[""v3_action_passed_incremental_economic_gate""]"
TXN0000042523,441.0,customer_decline,no_action,no_action,0.0,0.0,0.0,"[""no_action_has_better_risk_adjusted_value""]"
TXN0000086113,308.0,technical_retryable,retry_payment,retry_payment,0.0,0.5283198952674866,159.72252774238586,"[""v3_action_passed_incremental_economic_gate""]"
TXN0000038430,806.0,customer_decline,no_action,no_action,0.0,0.0,0.0,"[""no_action_has_better_risk_adjusted_value""]"
TXN0000065853,216.0,technical_retryable,retry_payment,retry_payment,0.0,0.5957919955253601,125.69107103347778,"[""v3_action_passed_incremental_economic_gate""]"
TXN0000099094,1040.0,customer_decline,payment_link,payment_link,0.0,0.635162353515625,649.56884765625,"[""v3_action_passed_incremental_economic_gate""]"
TXN0000067351,289.0,technical_retryable,retry_payment,retry_payment,0.0,0.6467012763023376,183.89666885137558,"[""v3_action_passed_incremental_economic_gate""]"
TXN0000127255,757.0,authentication_required,payment_link,payment_link,0.0,0.6581494212150574,487.21911185979843,"[""v3_action_passed_incremental_economic_gate""]"
TXN0000114252,2009.0,authentication_required,payment_link,payment_link,0.0,0.6044989824295044,1203.4384557008743,"[""v3_action_passed_incremental_economic_gate""]"
TXN0000056078,202.0,customer_decline,whatsapp_reminder,whatsapp_reminder,0.0,0.6491069793701172,122.36960983276367,"[""v3_action_passed_incremental_economic_gate""]"
TXN0000245696,565.0,technical_retryable,retry_payment,retry_payment,0.0,0.5271023511886597,294.8128284215927,"[""v3_action_passed_incremental_economic_gate""]"
TXN0000099402,191.0,customer_decline,payment_link,payment_link,0.0,0.681525468826294,119.17136454582214,"[""v3_action_passed_incremental_economic_gate""]"
TXN0000176136,357.0,authentication_required,no_action,no_action,0.0,0.0,0.0,"[""v3_stopping_rule_preserved"", ""customer_opted_out""]"
TXN0000225236,5358.0,authentication_required,whatsapp_reminder,whatsapp_reminder,0.0,0.5672762393951416,3030.7160906791687,"[""v3_action_passed_incremental_economic_gate""]"
TXN0000092528,443.0,authentication_required,whatsapp_reminder,whatsapp_reminder,0.0,0.5091471076011658,216.80216866731644,"[""v3_action_passed_incremental_economic_gate""]"
TXN0000042396,915.0,technical_retryable,no_action,no_action,0.0,0.0,0.0,"[""no_action_has_better_risk_adjusted_value""]"
TXN0000067129,197.0,technical_retryable,retry_payment,retry_payment,0.0,0.37572431564331055,71.01769018173218,"[""v3_action_passed_incremental_economic_gate""]"
TXN0000139155,384.0,technical_retryable,retry_payment,retry_payment,0.0,0.5181128978729248,195.95535278320312,"[""v3_action_passed_incremental_economic_gate""]"
TXN0000198409,256.0,technical_retryable,retry_payment,retry_payment,0.0,0.6464849710464478,162.50015258789062,"[""v3_action_passed_incremental_economic_gate""]"
TXN0000003628,901.0,technical_retryable,retry_payment,retry_payment,0.0,0.7369446158409119,660.9870988726616,"[""v3_action_passed_incremental_economic_gate""]"
TXN0000017301,561.0,authentication_required,whatsapp_reminder,whatsapp_reminder,0.0,0.6125444769859314,334.8874515891075,"[""v3_action_passed_incremental_economic_gate""]"
TXN0000051607,2018.0,merchant_configuration,escalate_to_merchant,escalate_to_merchant,0.0,0.4770147502422333,937.6157659888268,"[""v3_action_passed_incremental_economic_gate""]"
TXN0000062623,288.0,authentication_required,whatsapp_reminder,whatsapp_reminder,0.0,0.6419321894645691,176.1264705657959,"[""v3_action_passed_incremental_economic_gate""]"
TXN0000015323,1078.0,technical_retryable,payment_link,payment_link,0.0,0.6666648387908936,707.6646962165833,"[""v3_action_passed_incremental_economic_gate""]"
TXN0000194575,346.0,authentication_required,whatsapp_reminder,whatsapp_reminder,0.0,0.6692063212394714,222.79538714885712,"[""v3_action_passed_incremental_economic_gate""]"
TXN0000052258,1506.0,authentication_required,whatsapp_reminder,whatsapp_reminder,0.0,0.6012918949127197,896.7955937385559,"[""v3_action_passed_incremental_economic_gate""]"
TXN0000104742,2444.0,customer_decline,no_action,no_action,0.0,0.0,0.0,"[""no_action_has_better_risk_adjusted_value""]"
TXN0000178507,1399.0,authentication_required,no_action,no_action,0.0,0.0,0.0,"[""no_action_has_better_risk_adjusted_value""]"
TXN0000213456,371.0,technical_retryable,no_action,no_action,0.0,0.0,0.0,"[""no_action_has_better_risk_adjusted_value""]"
TXN0000043730,110.0,technical_retryable,retry_payment,retry_payment,0.0,0.5809922814369202,60.90915095806122,"[""v3_action_passed_incremental_economic_gate""]"
TXN0000133348,157.0,technical_retryable,retry_payment,retry_payment,0.0,0.6299198865890503,95.8974221944809,"[""v3_action_passed_incremental_economic_gate""]"
TXN0000184246,7553.0,merchant_configuration,escalate_to_merchant,escalate_to_merchant,0.0,0.3327052593231201,2487.9228236675262,"[""v3_action_passed_incremental_economic_gate""]"
TXN0000034016,7122.0,technical_retryable,retry_payment,retry_payment,0.0,0.46075567603111267,3278.5019246935844,"[""v3_action_passed_incremental_economic_gate""]"
TXN0000234409,129.0,merchant_configuration,escalate_to_merchant,escalate_to_merchant,0.0,0.45209673047065735,33.3204782307148,"[""v3_action_passed_incremental_economic_gate""]"
TXN0000040684,1148.0,customer_decline,no_action,no_action,0.0,0.0,0.0,"[""no_action_has_better_risk_adjusted_value""]"
TXN0000175371,592.0,authentication_required,whatsapp_reminder,whatsapp_reminder,0.0,0.6872094869613647,398.07801628112793,"[""v3_action_passed_incremental_economic_gate""]"
TXN0000232072,316.0,technical_retryable,retry_payment,retry_payment,0.0,0.5986563563346863,186.17540860176086,"[""v3_action_passed_incremental_economic_gate""]"
TXN0000177525,205.0,authentication_required,no_action,no_action,0.0,0.0,0.0,"[""no_action_has_better_risk_adjusted_value""]"
TXN0000046896,224.0,authentication_required,no_action,no_action,0.0,0.0,0.0,"[""no_action_has_better_risk_adjusted_value""]"
TXN0000228266,2559.0,technical_retryable,payment_link,payment_link,0.0,0.7090545892715454,1803.4706939458847,"[""v3_action_passed_incremental_economic_gate""]"
TXN0000215467,509.0,customer_decline,whatsapp_reminder,whatsapp_reminder,0.0,0.7146040797233582,354.9834765791893,"[""v3_action_passed_incremental_economic_gate""]"
TXN0000066916,138.0,customer_decline,payment_link,payment_link,0.0,0.6648032665252686,80.74285078048706,"[""v3_action_passed_incremental_economic_gate""]"
TXN0000166884,1518.0,merchant_configuration,escalate_to_merchant,escalate_to_merchant,0.0,0.3991250693798065,580.8718553185463,"[""v3_action_passed_incremental_economic_gate""]"
TXN0000203837,223.0,technical_retryable,retry_payment,retry_payment,0.0,0.5322913527488708,115.7009716629982,"[""v3_action_passed_incremental_economic_gate""]"
TXN0000023664,209.0,authentication_required,no_action,no_action,0.0,0.0,0.0,"[""no_action_has_better_risk_adjusted_value""]"
TXN0000137079,706.0,customer_decline,payment_link,payment_link,0.0,0.604922354221344,416.07518208026886,"[""v3_action_passed_incremental_economic_gate""]"
TXN0000232647,1341.0,customer_decline,whatsapp_reminder,whatsapp_reminder,0.0,0.6363093256950378,844.5408057570457,"[""v3_action_passed_incremental_economic_gate""]"
TXN0000087224,4251.0,technical_retryable,retry_payment,retry_payment,0.0,0.4748398959636688,2015.5443977415562,"[""v3_action_passed_incremental_economic_gate""]"
TXN0000143597,255.0,customer_decline,whatsapp_reminder,whatsapp_reminder,0.0,0.5616967082023621,134.48266059160233,"[""v3_action_passed_incremental_economic_gate""]"
TXN0000102001,1168.0,authentication_required,payment_link,payment_link,0.0,0.6445884108543396,741.8792638778687,"[""v3_action_passed_incremental_economic_gate""]"
TXN0000147573,215.0,authentication_required,whatsapp_reminder,whatsapp_reminder,0.0,0.757771909236908,154.1709604859352,"[""v3_action_passed_incremental_economic_gate""]"
TXN0000202974,3865.0,authentication_required,no_action,no_action,0.0,0.0,0.0,"[""no_action_has_better_risk_adjusted_value""]"
TXN0000092781,3933.0,authentication_required,whatsapp_reminder,whatsapp_reminder,0.0,0.5410459637641907,2119.183775484562,"[""v3_action_passed_incremental_economic_gate""]"
TXN0000019280,733.0,authentication_required,payment_link,payment_link,0.0,0.6332669258117676,453.18465662002563,"[""v3_action_passed_incremental_economic_gate""]"
TXN0000037224,1348.0,customer_decline,payment_link,payment_link,0.0,0.6411019563674927,853.2054371833801,"[""v3_action_passed_incremental_economic_gate""]"
TXN0000160434,1653.0,technical_retryable,payment_link,payment_link,0.0,0.6346839666366577,1038.1325968503952,"[""v3_action_passed_incremental_economic_gate""]"
TXN0000171148,1134.0,customer_decline,payment_link,payment_link,0.0,0.5859094858169556,653.4213569164276,"[""v3_action_passed_incremental_economic_gate""]"
TXN0000029726,1795.0,technical_retryable,no_action,no_action,0.0,0.0,0.0,"[""no_action_has_better_risk_adjusted_value""]"
TXN0000007491,270.0,authentication_required,no_action,no_action,0.0,0.0,0.0,"[""no_action_has_better_risk_adjusted_value""]"
TXN0000013285,1336.0,merchant_configuration,escalate_to_merchant,escalate_to_merchant,0.0,0.4709432125091553,604.1801319122314,"[""v3_action_passed_incremental_economic_gate""]"
TXN0000034888,1630.0,authentication_required,no_action,no_action,0.0,0.0,0.0,"[""no_action_has_better_risk_adjusted_value""]"
TXN0000060286,1700.0,technical_retryable,retry_payment,retry_payment,0.0,0.3767514228820801,637.4774188995361,"[""v3_action_passed_incremental_economic_gate""]"
TXN0000147280,2249.0,merchant_configuration,escalate_to_merchant,escalate_to_merchant,0.0,0.5251632928848267,1156.0922456979752,"[""v3_action_passed_incremental_economic_gate""]"
TXN0000154954,1199.0,technical_retryable,no_action,no_action,0.0,0.0,0.0,"[""no_action_has_better_risk_adjusted_value""]"
TXN0000063432,1001.0,authentication_required,payment_link,payment_link,0.0,0.6269149780273438,616.5418930053711,"[""v3_action_passed_incremental_economic_gate""]"
TXN0000002650,444.0,merchant_configuration,escalate_to_merchant,escalate_to_merchant,0.0,0.4012279212474823,153.14519703388214,"[""v3_action_passed_incremental_economic_gate""]"
TXN0000029778,535.0,authentication_required,no_action,no_action,0.0,0.0,0.0,"[""no_action_has_better_risk_adjusted_value""]"
TXN0000064931,984.0,technical_retryable,retry_payment,retry_payment,0.0,0.5865848064422607,574.1994495391846,"[""v3_action_passed_incremental_economic_gate""]"
TXN0000016372,7113.0,authentication_required,no_action,no_action,0.0,0.0,0.0,"[""no_action_has_better_risk_adjusted_value""]"
TXN0000090067,1277.0,customer_decline,payment_link,payment_link,0.0,0.5707522630691528,717.8506399393082,"[""v3_action_passed_incremental_economic_gate""]"
TXN0000023492,244.0,customer_decline,whatsapp_reminder,whatsapp_reminder,0.0,0.7547070384025574,175.398517370224,"[""v3_action_passed_incremental_economic_gate""]"
TXN0000105190,748.0,technical_retryable,no_action,no_action,0.0,0.0,0.0,"[""no_action_has_better_risk_adjusted_value""]"
TXN0000231237,488.0,technical_retryable,no_action,no_action,0.0,0.0,0.0,"[""no_action_has_better_risk_adjusted_value""]"
TXN0000162976,241.0,technical_retryable,retry_payment,retry_payment,0.0,0.6604777574539185,156.17513954639435,"[""v3_action_passed_incremental_economic_gate""]"
TXN0000030460,918.0,customer_decline,no_action,no_action,0.0,0.0,0.0,"[""no_action_has_better_risk_adjusted_value""]"
TXN0000016380,694.0,technical_retryable,no_action,no_action,0.0,0.0,0.0,"[""no_action_has_better_risk_adjusted_value""]"
TXN0000079079,60.0,customer_decline,payment_link,payment_link,0.0,0.6192072033882141,26.152432203292847,"[""v3_action_passed_incremental_economic_gate""]"
TXN0000004610,749.0,technical_retryable,payment_link,payment_link,0.0,0.6080116033554077,444.4006909132004,"[""v3_action_passed_incremental_economic_gate""]"
TXN0000027345,1082.0,authentication_required,no_action,no_action,0.0,0.0,0.0,"[""no_action_has_better_risk_adjusted_value""]"
TXN0000193369,864.0,customer_decline,payment_link,payment_link,0.0,0.8147244453430176,692.9219207763672,"[""v3_action_passed_incremental_economic_gate""]"
TXN0000079688,2548.0,technical_retryable,retry_payment,retry_payment,0.0,0.4466058313846588,1134.9516583681107,"[""v3_action_passed_incremental_economic_gate""]"
TXN0000054556,233.0,technical_retryable,retry_payment,retry_payment,0.0,0.502149760723114,114.00089424848557,"[""v3_action_passed_incremental_economic_gate""]"
TXN0000234675,110.0,authentication_required,whatsapp_reminder,whatsapp_reminder,0.0,0.682354748249054,66.30902230739594,"[""v3_action_passed_incremental_economic_gate""]"
TXN0000239955,311.0,customer_decline,whatsapp_reminder,whatsapp_reminder,0.0,0.5530259013175964,163.2410553097725,"[""v3_action_passed_incremental_economic_gate""]"
TXN0000125508,6736.0,technical_retryable,retry_payment,retry_payment,0.0,0.5998747944831848,4037.756615638733,"[""v3_action_passed_incremental_economic_gate""]"
TXN0000151804,151.0,merchant_configuration,escalate_to_merchant,escalate_to_merchant,0.0,0.42445501685142517,39.0927075445652,"[""v3_action_passed_incremental_economic_gate""]"
TXN0000079724,1888.0,customer_decline,payment_link,payment_link,0.0,0.7201977968215942,1348.73344039917,"[""v3_action_passed_incremental_economic_gate""]"
TXN0000229973,943.0,customer_decline,payment_link,payment_link,0.0,0.5454499125480652,503.35926753282547,"[""v3_action_passed_incremental_economic_gate""]"
TXN0000241796,103.0,technical_retryable,retry_payment,retry_payment,0.0,0.5308846831321716,51.68112236261368,"[""v3_action_passed_incremental_economic_gate""]"
TXN0000057441,516.0,authentication_required,payment_link,payment_link,0.0,0.6341274380683899,316.2097580432892,"[""v3_action_passed_incremental_economic_gate""]"
TXN0000095366,377.0,technical_retryable,payment_link,payment_link,0.0,0.6119442582130432,219.7029853463173,"[""v3_action_passed_incremental_economic_gate""]"
TXN0000004864,191.0,technical_retryable,retry_payment,retry_payment,0.0,0.5721068978309631,106.27241748571396,"[""v3_action_passed_incremental_economic_gate""]"
TXN0000245920,1295.0,authentication_required,no_action,no_action,0.0,0.0,0.0,"[""no_action_has_better_risk_adjusted_value""]"
TXN0000025971,417.0,authentication_required,whatsapp_reminder,whatsapp_reminder,0.0,0.6945368647575378,280.8718726038933,"[""v3_action_passed_incremental_economic_gate""]"
TXN0000147417,2444.0,customer_decline,no_action,no_action,0.0,0.0,0.0,"[""no_action_has_better_risk_adjusted_value""]"
TXN0000223583,72.0,technical_retryable,retry_payment,retry_payment,0.0,0.5881556868553162,39.347209453582764,"[""v3_action_passed_incremental_economic_gate""]"
TXN0000029756,3654.0,technical_retryable,retry_payment,retry_payment,0.0,0.6617403626441956,2414.9992851018906,"[""v3_action_passed_incremental_economic_gate""]"
TXN0000200463,531.0,authentication_required,no_action,no_action,0.0,0.0,0.0,"[""no_action_has_better_risk_adjusted_value""]"
TXN0000187417,3169.0,technical_retryable,payment_link,payment_link,0.0,0.6254652738571167,1971.0994528532028,"[""v3_action_passed_incremental_economic_gate""]"
TXN0000173967,1989.0,technical_retryable,payment_link,payment_link,0.0,0.6568988561630249,1295.5718249082565,"[""v3_action_passed_incremental_economic_gate""]"
TXN0000154990,834.0,authentication_required,payment_link,payment_link,0.0,0.6755852103233337,552.4380654096603,"[""v3_action_passed_incremental_economic_gate""]"
TXN0000211491,1187.0,customer_decline,no_action,no_action,0.0,0.0,0.0,"[""no_action_has_better_risk_adjusted_value""]"
TXN0000039403,257.0,authentication_required,whatsapp_reminder,whatsapp_reminder,0.0,0.6883256435394287,168.14969038963318,"[""v3_action_passed_incremental_economic_gate""]"
TXN0000114059,853.0,customer_decline,payment_link,payment_link,0.0,0.6996974945068359,585.841962814331,"[""v3_action_passed_incremental_economic_gate""]"
TXN0000117703,729.0,fraud_risk,escalate_to_merchant,escalate_to_merchant,0.0,0.4920157194137573,333.6794594526291,"[""fraud_manual_escalation_preserved""]"
TXN0000024410,4694.0,technical_retryable,payment_link,payment_link,0.0,0.5338704586029053,2494.9879326820374,"[""v3_action_passed_incremental_economic_gate""]"
TXN0000120297,608.0,technical_retryable,retry_payment,retry_payment,0.0,0.6052718758583069,365.0053005218506,"[""v3_action_passed_incremental_economic_gate""]"
TXN0000119652,746.0,technical_retryable,no_action,no_action,0.0,0.0,0.0,"[""no_action_has_better_risk_adjusted_value""]"
TXN0000249412,7188.0,technical_retryable,payment_link,payment_link,0.0,0.6115767359733582,4385.013578176498,"[""v3_action_passed_incremental_economic_gate""]"
TXN0000016883,7785.0,technical_retryable,payment_link,payment_link,0.0,0.6640143990516663,5158.352096617222,"[""v3_action_passed_incremental_economic_gate""]"
TXN0000098516,696.0,merchant_configuration,escalate_to_merchant,escalate_to_merchant,0.0,0.5905835032463074,386.04611825942993,"[""v3_action_passed_incremental_economic_gate""]"
TXN0000231993,425.0,technical_retryable,payment_link,payment_link,0.0,0.7135292887687683,292.24994772672653,"[""v3_action_passed_incremental_economic_gate""]"
TXN0000203517,587.0,customer_decline,whatsapp_reminder,whatsapp_reminder,0.0,0.7054619193077087,405.35614663362503,"[""v3_action_passed_incremental_economic_gate""]"
TXN0000134593,552.0,authentication_required,whatsapp_reminder,whatsapp_reminder,0.0,0.6716455817222595,361.99836111068726,"[""v3_action_passed_incremental_economic_gate""]"
TXN0000072278,499.0,technical_retryable,retry_payment,retry_payment,0.0,0.6032797694206238,298.03660494089127,"[""v3_action_passed_incremental_economic_gate""]"
TXN0000127063,1221.0,authentication_required,whatsapp_reminder,whatsapp_reminder,0.0,0.7088924050331116,856.8076265454292,"[""v3_action_passed_incremental_economic_gate""]"
TXN0000052772,169.0,authentication_required,payment_link,payment_link,0.0,0.6694005131721497,102.12868672609329,"[""v3_action_passed_incremental_economic_gate""]"
TXN0000004753,547.0,customer_decline,payment_link,payment_link,0.0,0.6407312750816345,339.4800074696541,"[""v3_action_passed_incremental_economic_gate""]"
TXN0000202848,1922.0,technical_retryable,payment_link,payment_link,0.0,0.4826149344444275,916.5859040021896,"[""v3_action_passed_incremental_economic_gate""]"
TXN0000232929,2893.0,technical_retryable,payment_link,payment_link,0.0,0.730129063129425,2101.2633796334267,"[""v3_action_passed_incremental_economic_gate""]"
TXN0000154695,435.0,customer_decline,whatsapp_reminder,whatsapp_reminder,0.0,0.5554981231689453,232.8916835784912,"[""v3_action_passed_incremental_economic_gate""]"
TXN0000033834,147.0,technical_retryable,retry_payment,retry_payment,0.0,0.4963110089302063,69.95771831274033,"[""v3_action_passed_incremental_economic_gate""]"
TXN0000196893,4424.0,technical_retryable,payment_link,payment_link,0.0,0.6504690051078796,2866.6748785972595,"[""v3_action_passed_incremental_economic_gate""]"
TXN0000104909,174.0,technical_retryable,retry_payment,retry_payment,0.0,0.5384454727172852,90.68951225280762,"[""v3_action_passed_incremental_economic_gate""]"
TXN0000094911,217.0,customer_decline,whatsapp_reminder,whatsapp_reminder,0.0,0.6448513269424438,131.18273794651031,"[""v3_action_passed_incremental_economic_gate""]"
TXN0000070118,1534.0,technical_retryable,payment_link,payment_link,0.0,0.6950550079345703,1055.2143821716309,"[""v3_action_passed_incremental_economic_gate""]"
TXN0000171334,127.0,authentication_required,whatsapp_reminder,whatsapp_reminder,0.0,0.62046217918396,70.04869675636292,"[""v3_action_passed_incremental_economic_gate""]"
TXN0000096948,522.0,authentication_required,whatsapp_reminder,whatsapp_reminder,0.0,0.6645053029060364,338.121768116951,"[""v3_action_passed_incremental_economic_gate""]"
TXN0000058288,607.0,technical_retryable,no_action,no_action,0.0,0.0,0.0,"[""no_action_has_better_risk_adjusted_value""]"
TXN0000203228,2177.0,merchant_configuration,escalate_to_merchant,escalate_to_merchant,0.0,0.3713328540325165,783.3916232287884,"[""v3_action_passed_incremental_economic_gate""]"
TXN0000120791,853.0,customer_decline,whatsapp_reminder,whatsapp_reminder,0.0,0.5813683867454529,487.1572338938713,"[""v3_action_passed_incremental_economic_gate""]"
TXN0000027991,762.0,technical_retryable,no_action,no_action,0.0,0.0,0.0,"[""no_action_has_better_risk_adjusted_value""]"
TXN0000107134,87.0,merchant_configuration,escalate_to_merchant,no_action,0.0,0.0,0.0,"[""no_action_has_better_risk_adjusted_value""]"
TXN0000045843,752.0,authentication_required,whatsapp_reminder,whatsapp_reminder,0.0,0.5834155678749084,429.97850704193115,"[""v3_action_passed_incremental_economic_gate""]"
TXN0000248404,436.0,technical_retryable,payment_link,payment_link,0.0,0.6330772042274475,265.0216610431671,"[""v3_action_passed_incremental_economic_gate""]"
TXN0000162997,1763.0,authentication_required,no_action,no_action,0.0,0.0,0.0,"[""no_action_has_better_risk_adjusted_value""]"
TXN0000197398,1107.0,merchant_configuration,escalate_to_merchant,escalate_to_merchant,0.0,0.43278801441192627,454.0963319540024,"[""v3_action_passed_incremental_economic_gate""]"
TXN0000169364,2433.0,customer_decline,whatsapp_reminder,whatsapp_reminder,0.0,0.5882001519203186,1422.3409696221352,"[""v3_action_passed_incremental_economic_gate""]"
TXN0000039594,328.0,technical_retryable,retry_payment,retry_payment,0.0,0.5903668999671936,190.6403431892395,"[""v3_action_passed_incremental_economic_gate""]"
TXN0000061930,1757.0,technical_retryable,retry_payment,retry_payment,0.0,0.43854546546936035,767.5243828296661,"[""v3_action_passed_incremental_economic_gate""]"
TXN0000140877,807.0,authentication_required,payment_link,payment_link,0.0,0.6148879528045654,485.2145779132843,"[""v3_action_passed_incremental_economic_gate""]"
TXN0000115259,141.0,customer_decline,no_action,no_action,0.0,0.0,0.0,"[""no_action_has_better_risk_adjusted_value""]"
TXN0000035706,943.0,authentication_required,payment_link,payment_link,0.0,0.4845115840435028,445.89442375302315,"[""v3_action_passed_incremental_economic_gate""]"
TXN0000119675,3259.0,authentication_required,whatsapp_reminder,whatsapp_reminder,0.0,0.6288079023361206,2040.534953713417,"[""v3_action_passed_incremental_economic_gate""]"
TXN0000221784,4603.0,technical_retryable,payment_link,payment_link,0.0,0.5208534002304077,2386.4882012605667,"[""v3_action_passed_incremental_economic_gate""]"
TXN0000211593,5812.0,authentication_required,no_action,no_action,0.0,0.0,0.0,"[""no_action_has_better_risk_adjusted_value""]"
TXN0000047477,2702.0,technical_retryable,retry_payment,retry_payment,0.0,0.4547472894191742,1225.7271760106087,"[""v3_action_passed_incremental_economic_gate""]"
TXN0000048913,216.0,authentication_required,no_action,no_action,0.0,0.0,0.0,"[""no_action_has_better_risk_adjusted_value""]"
TXN0000210487,1905.0,technical_retryable,payment_link,payment_link,0.0,0.6933233141899109,1309.7809135317802,"[""v3_action_passed_incremental_economic_gate""]"
TXN0000178539,1365.0,authentication_required,whatsapp_reminder,whatsapp_reminder,0.0,0.6041052341461182,815.8536446094513,"[""v3_action_passed_incremental_economic_gate""]"
TXN0000177094,301.0,merchant_configuration,escalate_to_merchant,escalate_to_merchant,0.0,0.497526079416275,124.75534990429878,"[""v3_action_passed_incremental_economic_gate""]"
TXN0000183765,816.0,customer_decline,payment_link,payment_link,0.0,0.5877693891525269,468.6198215484619,"[""v3_action_passed_incremental_economic_gate""]"
TXN0000199185,234.0,technical_retryable,retry_payment,retry_payment,0.0,0.63791823387146,146.27286672592163,"[""v3_action_passed_incremental_economic_gate""]"
TXN0000184203,1770.0,technical_retryable,payment_link,payment_link,0.0,0.5732609033584595,1003.6717989444733,"[""v3_action_passed_incremental_economic_gate""]"
TXN0000225060,2306.0,merchant_configuration,escalate_to_merchant,escalate_to_merchant,0.0,0.4003627300262451,898.2364554405212,"[""v3_action_passed_incremental_economic_gate""]"
TXN0000149215,1544.0,customer_decline,whatsapp_reminder,whatsapp_reminder,0.0,0.5991712212562561,916.3703656196594,"[""v3_action_passed_incremental_economic_gate""]"
TXN0000064691,162.0,technical_retryable,retry_payment,retry_payment,0.0,0.6232119202613831,97.96033108234406,"[""v3_action_passed_incremental_economic_gate""]"
TXN0000150439,3378.0,technical_retryable,payment_link,payment_link,0.0,0.5687195658683777,1910.1346935033798,"[""v3_action_passed_incremental_economic_gate""]"
TXN0000131599,653.0,authentication_required,whatsapp_reminder,whatsapp_reminder,0.0,0.5868124961853027,374.4385600090027,"[""v3_action_passed_incremental_economic_gate""]"
TXN0000035391,839.0,merchant_configuration,escalate_to_merchant,escalate_to_merchant,0.0,0.3855697512626648,298.49302130937576,"[""v3_action_passed_incremental_economic_gate""]"
TXN0000090089,51.0,customer_decline,no_action,no_action,0.0,0.0,0.0,"[""no_action_has_better_risk_adjusted_value""]"
TXN0000234127,1012.0,technical_retryable,no_action,no_action,0.0,0.0,0.0,"[""no_action_has_better_risk_adjusted_value""]"
TXN0000207280,2233.0,technical_retryable,payment_link,payment_link,0.0,0.7049151659011841,1563.075565457344,"[""v3_action_passed_incremental_economic_gate""]"
TXN0000103381,1170.0,merchant_configuration,escalate_to_merchant,escalate_to_merchant,0.0,0.4519895613193512,503.8277867436409,"[""v3_action_passed_incremental_economic_gate""]"
TXN0000205164,316.0,customer_decline,whatsapp_reminder,whatsapp_reminder,0.0,0.6332265734672546,191.34959721565247,"[""v3_action_passed_incremental_economic_gate""]"
TXN0000188766,222.0,customer_decline,no_action,no_action,0.0,0.0,0.0,"[""no_action_has_better_risk_adjusted_value""]"
TXN0000143618,6072.0,authentication_required,whatsapp_reminder,whatsapp_reminder,0.0,0.6158300638198853,3730.5701475143433,"[""v3_action_passed_incremental_economic_gate""]"
TXN0000119398,394.0,technical_retryable,retry_payment,retry_payment,0.0,0.5679861307144165,220.7865355014801,"[""v3_action_passed_incremental_economic_gate""]"
TXN0000162670,1301.0,technical_retryable,retry_payment,retry_payment,0.0,0.5403416752815247,699.9845195412636,"[""v3_action_passed_incremental_economic_gate""]"
TXN0000043801,243.0,authentication_required,payment_link,payment_link,0.0,0.628743052482605,141.784561753273,"[""v3_action_passed_incremental_economic_gate""]"
TXN0000075735,2363.0,merchant_configuration,escalate_to_merchant,escalate_to_merchant,0.0,0.507749617099762,1174.8123452067375,"[""v3_action_passed_incremental_economic_gate""]"
TXN0000207871,2547.0,technical_retryable,payment_link,payment_link,0.0,0.6677023768424988,1689.6379538178444,"[""v3_action_passed_incremental_economic_gate""]"
TXN0000011917,826.0,authentication_required,whatsapp_reminder,whatsapp_reminder,0.0,0.6910158395767212,562.0290834903717,"[""v3_action_passed_incremental_economic_gate""]"
TXN0000214862,3545.0,technical_retryable,payment_link,payment_link,0.0,0.6850054860115051,2417.3444479107857,"[""v3_action_passed_incremental_economic_gate""]"
TXN0000149296,51.0,customer_decline,no_action,no_action,0.0,0.0,0.0,"[""no_action_has_better_risk_adjusted_value""]"
TXN0000002291,258.0,technical_retryable,retry_payment,retry_payment,0.0,0.5869424343109131,148.43114805221558,"[""v3_action_passed_incremental_economic_gate""]"
TXN0000042702,62.0,authentication_required,payment_link,payment_link,0.0,0.7536678314208984,35.7274055480957,"[""v3_action_passed_incremental_economic_gate""]"
TXN0000228945,1574.0,technical_retryable,no_action,no_action,0.0,0.0,0.0,"[""no_action_has_better_risk_adjusted_value""]"
TXN0000236971,324.0,technical_retryable,retry_payment,retry_payment,0.0,0.5955875515937805,189.9703667163849,"[""v3_action_passed_incremental_economic_gate""]"
TXN0000120279,117.0,authentication_required,no_action,no_action,0.0,0.0,0.0,"[""no_action_has_better_risk_adjusted_value""]"
TXN0000207069,838.0,authentication_required,whatsapp_reminder,whatsapp_reminder,0.0,0.6660866737365723,549.4306325912476,"[""v3_action_passed_incremental_economic_gate""]"
TXN0000158405,1058.0,authentication_required,no_action,no_action,0.0,0.0,0.0,"[""no_action_has_better_risk_adjusted_value""]"
TXN0000014954,153.0,technical_retryable,retry_payment,retry_payment,0.0,0.43714919686317444,63.88382712006569,"[""v3_action_passed_incremental_economic_gate""]"
TXN0000046317,351.0,technical_retryable,retry_payment,retry_payment,0.0,0.7541477084159851,261.7058456540108,"[""v3_action_passed_incremental_economic_gate""]"
TXN0000132752,2884.0,authentication_required,no_action,no_action,0.0,0.0,0.0,"[""no_action_has_better_risk_adjusted_value""]"
TXN0000087488,603.0,merchant_configuration,escalate_to_merchant,escalate_to_merchant,0.0,0.4513108730316162,247.14045643806458,"[""v3_action_passed_incremental_economic_gate""]"
TXN0000052817,1837.0,technical_retryable,payment_link,payment_link,0.0,0.5145456790924072,934.2204124927521,"[""v3_action_passed_incremental_economic_gate""]"
TXN0000015456,510.0,technical_retryable,retry_payment,retry_payment,0.0,0.5488710403442383,276.9242305755615,"[""v3_action_passed_incremental_economic_gate""]"
TXN0000098866,2079.0,technical_retryable,retry_payment,retry_payment,0.0,0.6923251152038574,1436.3439145088196,"[""v3_action_passed_incremental_economic_gate""]"
TXN0000149625,2229.0,technical_retryable,retry_payment,retry_payment,0.0,0.5749604105949402,1278.5867552161217,"[""v3_action_passed_incremental_economic_gate""]"
TXN0000230319,1359.0,customer_decline,whatsapp_reminder,whatsapp_reminder,0.0,0.4971155524253845,666.8300357460976,"[""v3_action_passed_incremental_economic_gate""]"
TXN0000127593,117.0,technical_retryable,retry_payment,retry_payment,0.0,0.5023113489151001,55.77042782306671,"[""v3_action_passed_incremental_economic_gate""]"
TXN0000125188,2582.0,authentication_required,whatsapp_reminder,whatsapp_reminder,0.0,0.6600369215011597,1695.4653313159943,"[""v3_action_passed_incremental_economic_gate""]"
TXN0000033285,2399.0,technical_retryable,payment_link,payment_link,0.0,0.579621434211731,1379.5118206739426,"[""v3_action_passed_incremental_economic_gate""]"
TXN0000076122,1071.0,technical_retryable,no_action,no_action,0.0,0.0,0.0,"[""no_action_has_better_risk_adjusted_value""]"
TXN0000202670,344.0,authentication_required,no_action,no_action,0.0,0.0,0.0,"[""no_action_has_better_risk_adjusted_value""]"
TXN0000190249,590.0,technical_retryable,retry_payment,retry_payment,0.0,0.6098352074623108,356.80277240276337,"[""v3_action_passed_incremental_economic_gate""]"
TXN0000206946,391.0,customer_decline,whatsapp_reminder,whatsapp_reminder,0.0,0.6407115459442139,241.76821446418762,"[""v3_action_passed_incremental_economic_gate""]"
TXN0000170467,560.0,technical_retryable,payment_link,payment_link,0.0,0.6546376347541809,355.5970754623413,"[""v3_action_passed_incremental_economic_gate""]"
TXN0000079817,153.0,technical_retryable,retry_payment,retry_payment,0.0,0.6004719138145447,88.87220281362534,"[""v3_action_passed_incremental_economic_gate""]"
TXN0000149732,299.0,merchant_configuration,escalate_to_merchant,escalate_to_merchant,0.0,0.5599056482315063,142.4117888212204,"[""v3_action_passed_incremental_economic_gate""]"
TXN0000198305,776.0,technical_retryable,retry_payment,retry_payment,0.0,0.5430119633674622,418.37728357315063,"[""v3_action_passed_incremental_economic_gate""]"
TXN0000196160,1653.0,technical_retryable,payment_link,payment_link,0.0,0.5427239537239075,886.122695505619,"[""v3_action_passed_incremental_economic_gate""]"
TXN0000021163,421.0,technical_retryable,retry_payment,retry_payment,0.0,0.5996588468551636,249.45637452602386,"[""v3_action_passed_incremental_economic_gate""]"
TXN0000126769,146.0,authentication_required,no_action,no_action,0.0,0.0,0.0,"[""no_action_has_better_risk_adjusted_value""]"
TXN0000202520,1445.0,authentication_required,payment_link,payment_link,0.0,0.7153984904289246,1022.750818669796,"[""v3_action_passed_incremental_economic_gate""]"
TXN0000225015,831.0,authentication_required,whatsapp_reminder,whatsapp_reminder,0.0,0.6500711441040039,531.4591207504272,"[""v3_action_passed_incremental_economic_gate""]"
TXN0000031727,269.0,authentication_required,no_action,no_action,0.0,0.0,0.0,"[""no_action_has_better_risk_adjusted_value""]"
TXN0000059639,172.0,authentication_required,payment_link,payment_link,0.0,0.6499860286712646,100.79759693145752,"[""v3_action_passed_incremental_economic_gate""]"
TXN0000069578,1449.0,technical_retryable,no_action,no_action,0.0,0.0,0.0,"[""no_action_has_better_risk_adjusted_value""]"
TXN0000114561,77.0,technical_retryable,no_action,no_action,0.0,0.0,0.0,"[""no_action_has_better_risk_adjusted_value""]"
TXN0000062634,856.0,technical_retryable,retry_payment,retry_payment,0.0,0.4749440550804138,403.55211114883423,"[""v3_action_passed_incremental_economic_gate""]"
TXN0000199384,1273.0,merchant_configuration,escalate_to_merchant,escalate_to_merchant,0.0,0.36002424359321594,433.3108620941639,"[""v3_action_passed_incremental_economic_gate""]"
TXN0000111109,1100.0,customer_decline,no_action,no_action,0.0,0.0,0.0,"[""no_action_has_better_risk_adjusted_value""]"
TXN0000135852,151.0,technical_retryable,retry_payment,retry_payment,0.0,0.517684280872345,75.17032641172409,"[""v3_action_passed_incremental_economic_gate""]"
TXN0000027698,1230.0,authentication_required,payment_link,payment_link,0.0,0.7521311044692993,914.1212584972382,"[""v3_action_passed_incremental_economic_gate""]"
TXN0000084524,288.0,authentication_required,whatsapp_reminder,whatsapp_reminder,0.0,0.6295626163482666,172.56403350830078,"[""v3_action_passed_incremental_economic_gate""]"
TXN0000158019,88.0,fraud_risk,escalate_to_merchant,escalate_to_merchant,0.0,0.4737367331981659,16.6888325214386,"[""fraud_manual_escalation_preserved""]"
TXN0000035734,320.0,technical_retryable,retry_payment,retry_payment,0.0,0.5852578282356262,184.2825050354004,"[""v3_action_passed_incremental_economic_gate""]"
TXN0000155186,2351.0,technical_retryable,payment_link,payment_link,0.0,0.5454151034355164,1271.270908176899,"[""v3_action_passed_incremental_economic_gate""]"
TXN0000139897,569.0,technical_retryable,payment_link,payment_link,0.0,0.6506810784339905,359.2375336289406,"[""v3_action_passed_incremental_economic_gate""]"
TXN0000007618,1691.0,authentication_required,payment_link,payment_link,0.0,0.5834004878997803,975.5302250385284,"[""v3_action_passed_incremental_economic_gate""]"
TXN0000013721,375.0,technical_retryable,retry_payment,retry_payment,0.0,0.6437187194824219,238.3945198059082,"[""v3_action_passed_incremental_economic_gate""]"
TXN0000009062,203.0,customer_decline,whatsapp_reminder,whatsapp_reminder,0.0,0.4720379412174225,87.07370206713676,"[""v3_action_passed_incremental_economic_gate""]"
TXN0000031689,1288.0,customer_decline,whatsapp_reminder,whatsapp_reminder,0.0,0.655426025390625,835.438720703125,"[""v3_action_passed_incremental_economic_gate""]"
TXN0000099818,2177.0,technical_retryable,payment_link,payment_link,0.0,0.6660023927688599,1438.887209057808,"[""v3_action_passed_incremental_economic_gate""]"
TXN0000114207,1205.0,customer_decline,whatsapp_reminder,whatsapp_reminder,0.0,0.6735455989837646,802.8724467754364,"[""v3_action_passed_incremental_economic_gate""]"
TXN0000047114,10722.0,technical_retryable,retry_payment,retry_payment,0.0,0.6288132071495056,6739.135207056999,"[""v3_action_passed_incremental_economic_gate""]"
TXN0000138593,916.0,customer_decline,whatsapp_reminder,whatsapp_reminder,0.0,0.5682470202445984,511.7642705440521,"[""v3_action_passed_incremental_economic_gate""]"
TXN0000096202,808.0,authentication_required,no_action,no_action,0.0,0.0,0.0,"[""no_action_has_better_risk_adjusted_value""]"
TXN0000111638,117.0,technical_retryable,no_action,no_action,0.0,0.0,0.0,"[""no_action_has_better_risk_adjusted_value""]"
TXN0000106447,1478.0,customer_decline,no_action,no_action,0.0,0.0,0.0,"[""v3_stopping_rule_preserved"", ""customer_opted_out""]"
TXN0000084449,215.0,customer_decline,no_action,no_action,0.0,0.0,0.0,"[""no_action_has_better_risk_adjusted_value""]"
TXN0000046446,217.0,authentication_required,no_action,no_action,0.0,0.0,0.0,"[""no_action_has_better_risk_adjusted_value""]"
TXN0000202627,430.0,merchant_configuration,escalate_to_merchant,escalate_to_merchant,0.0,0.5558817386627197,214.02914762496948,"[""v3_action_passed_incremental_economic_gate""]"
TXN0000215795,813.0,customer_decline,no_action,no_action,0.0,0.0,0.0,"[""no_action_has_better_risk_adjusted_value""]"
TXN0000091947,1045.0,authentication_required,whatsapp_reminder,whatsapp_reminder,0.0,0.5807276368141174,598.1103804707527,"[""v3_action_passed_incremental_economic_gate""]"
TXN0000173224,1633.0,authentication_required,no_action,no_action,0.0,0.0,0.0,"[""no_action_has_better_risk_adjusted_value""]"
TXN0000008162,2336.0,customer_decline,no_action,no_action,0.0,0.0,0.0,"[""no_action_has_better_risk_adjusted_value""]"
TXN0000030213,550.0,authentication_required,whatsapp_reminder,whatsapp_reminder,0.0,0.6187206506729126,331.54635787010193,"[""v3_action_passed_incremental_economic_gate""]"
TXN0000136909,519.0,merchant_configuration,escalate_to_merchant,escalate_to_merchant,0.0,0.5057222247123718,237.46983462572098,"[""v3_action_passed_incremental_economic_gate""]"
TXN0000084345,371.0,authentication_required,no_action,no_action,0.0,0.0,0.0,"[""no_action_has_better_risk_adjusted_value""]"
TXN0000057185,770.0,technical_retryable,retry_payment,retry_payment,0.0,0.4089062511920929,311.85781341791153,"[""v3_action_passed_incremental_economic_gate""]"
TXN0000042230,383.0,technical_retryable,retry_payment,retry_payment,0.0,0.597028374671936,225.6618674993515,"[""v3_action_passed_incremental_economic_gate""]"
TXN0000202716,617.0,technical_retryable,retry_payment,retry_payment,0.0,0.6457277536392212,395.4140239953995,"[""v3_action_passed_incremental_economic_gate""]"
TXN0000196658,142.0,technical_retryable,retry_payment,retry_payment,0.0,0.6002351641654968,82.23339331150055,"[""v3_action_passed_incremental_economic_gate""]"
TXN0000062001,1938.0,technical_retryable,payment_link,payment_link,0.0,0.6695656776428223,1286.6182832717896,"[""v3_action_passed_incremental_economic_gate""]"
TXN0000239830,377.0,merchant_configuration,escalate_to_merchant,escalate_to_merchant,0.0,0.5325696468353271,175.77875685691833,"[""v3_action_passed_incremental_economic_gate""]"
TXN0000158790,283.0,technical_retryable,retry_payment,retry_payment,0.0,0.6002805233001709,166.87938809394836,"[""v3_action_passed_incremental_economic_gate""]"
TXN0000077266,1215.0,technical_retryable,retry_payment,retry_payment,0.0,0.6506564021110535,787.54752856493,"[""v3_action_passed_incremental_economic_gate""]"
TXN0000161214,538.0,technical_retryable,retry_payment,retry_payment,0.0,0.5126358270645142,272.7980749607086,"[""v3_action_passed_incremental_economic_gate""]"
TXN0000099074,14531.0,authentication_required,payment_link,payment_link,0.0,0.6576874256134033,9545.855981588364,"[""v3_action_passed_incremental_economic_gate""]"
TXN0000234828,143.0,customer_decline,no_action,no_action,0.0,0.0,0.0,"[""no_action_has_better_risk_adjusted_value""]"
TXN0000114641,66.0,customer_decline,whatsapp_reminder,whatsapp_reminder,0.0,0.7127260565757751,38.28991973400116,"[""v3_action_passed_incremental_economic_gate""]"
TXN0000033926,591.0,customer_decline,no_action,no_action,0.0,0.0,0.0,"[""no_action_has_better_risk_adjusted_value""]"
TXN0000038693,1654.0,merchant_configuration,escalate_to_merchant,escalate_to_merchant,0.0,0.4433020353317261,708.2215664386749,"[""v3_action_passed_incremental_economic_gate""]"
TXN0000016530,384.0,technical_retryable,retry_payment,retry_payment,0.0,0.46694254875183105,176.30593872070312,"[""v3_action_passed_incremental_economic_gate""]"
TXN0000219451,727.0,authentication_required,whatsapp_reminder,whatsapp_reminder,0.0,0.6307503581047058,449.8055103421211,"[""v3_action_passed_incremental_economic_gate""]"
TXN0000240256,2022.0,technical_retryable,no_action,no_action,0.0,0.0,0.0,"[""v3_stopping_rule_preserved"", ""customer_opted_out""]"
TXN0000116941,184.0,technical_retryable,retry_payment,retry_payment,0.0,0.5426658391952515,96.85051441192627,"[""v3_action_passed_incremental_economic_gate""]"
TXN0000027051,1882.0,authentication_required,no_action,no_action,0.0,0.0,0.0,"[""no_action_has_better_risk_adjusted_value""]"
TXN0000142754,267.0,authentication_required,whatsapp_reminder,whatsapp_reminder,0.0,0.5188918113708496,129.79411363601685,"[""v3_action_passed_incremental_economic_gate""]"
TXN0000002199,427.0,authentication_required,whatsapp_reminder,whatsapp_reminder,0.0,0.444017618894577,180.8455232679844,"[""v3_action_passed_incremental_economic_gate""]"
TXN0000156311,402.0,authentication_required,payment_link,payment_link,0.0,0.6062835454940796,232.72598528862,"[""v3_action_passed_incremental_economic_gate""]"
TXN0000122141,362.0,authentication_required,no_action,no_action,0.0,0.0,0.0,"[""no_action_has_better_risk_adjusted_value""]"
TXN0000113666,702.0,technical_retryable,payment_link,payment_link,0.0,0.7088142037391663,486.5875710248947,"[""v3_action_passed_incremental_economic_gate""]"
TXN0000154833,328.0,merchant_configuration,escalate_to_merchant,escalate_to_merchant,0.0,0.4713822305202484,129.61337161064148,"[""v3_action_passed_incremental_economic_gate""]"
TXN0000228182,2947.0,technical_retryable,retry_payment,retry_payment,0.0,0.5453836917877197,1604.24573969841,"[""v3_action_passed_incremental_economic_gate""]"
TXN0000077919,5432.0,technical_retryable,retry_payment,retry_payment,0.0,0.5624851584434509,3052.4193806648254,"[""v3_action_passed_incremental_economic_gate""]"
TXN0000127876,199.0,customer_decline,no_action,no_action,0.0,0.0,0.0,"[""no_action_has_better_risk_adjusted_value""]"
TXN0000048520,6037.0,technical_retryable,retry_payment,retry_payment,0.0,0.5300872921943665,3197.1369829773903,"[""v3_action_passed_incremental_economic_gate""]"
TXN0000168125,533.0,authentication_required,payment_link,payment_link,0.0,0.5854772329330444,301.0593651533127,"[""v3_action_passed_incremental_economic_gate""]"
TXN0000089748,338.0,customer_decline,whatsapp_reminder,whatsapp_reminder,0.0,0.5799969434738159,187.28896689414978,"[""v3_action_passed_incremental_economic_gate""]"
TXN0000105356,878.0,merchant_configuration,escalate_to_merchant,escalate_to_merchant,0.0,0.49689680337905884,411.27539336681366,"[""v3_action_passed_incremental_economic_gate""]"
TXN0000051283,181.0,technical_retryable,retry_payment,retry_payment,0.0,0.6578485369682312,116.07058519124985,"[""v3_action_passed_incremental_economic_gate""]"
TXN0000211922,221.0,customer_decline,no_action,no_action,0.0,0.0,0.0,"[""no_action_has_better_risk_adjusted_value""]"
TXN0000216995,3846.0,technical_retryable,payment_link,payment_link,0.0,0.7085707187652588,2714.1629843711853,"[""v3_action_passed_incremental_economic_gate""]"
TXN0000027736,227.0,technical_retryable,retry_payment,retry_payment,0.0,0.5950550436973572,132.07749491930008,"[""v3_action_passed_incremental_economic_gate""]"
TXN0000005829,206.0,technical_retryable,retry_payment,retry_payment,0.0,0.6021708250045776,121.047189950943,"[""v3_action_passed_incremental_economic_gate""]"
TXN0000034155,214.0,authentication_required,no_action,no_action,0.0,0.0,0.0,"[""no_action_has_better_risk_adjusted_value""]"
TXN0000220386,117.0,customer_decline,no_action,no_action,0.0,0.0,0.0,"[""v3_stopping_rule_preserved"", ""customer_opted_out""]"
TXN0000011410,508.0,customer_decline,whatsapp_reminder,whatsapp_reminder,0.0,0.5203415155410767,255.58348989486694,"[""v3_action_passed_incremental_economic_gate""]"
TXN0000090430,484.0,technical_retryable,retry_payment,retry_payment,0.0,0.5677423477172852,271.787296295166,"[""v3_action_passed_incremental_economic_gate""]"
TXN0000139479,678.0,merchant_configuration,escalate_to_merchant,escalate_to_merchant,0.0,0.41202425956726074,254.35244798660278,"[""v3_action_passed_incremental_economic_gate""]"
TXN0000018164,912.0,authentication_required,no_action,no_action,0.0,0.0,0.0,"[""no_action_has_better_risk_adjusted_value""]"
TXN0000142293,1111.0,authentication_required,payment_link,payment_link,0.0,0.6444838643074036,705.0215732455254,"[""v3_action_passed_incremental_economic_gate""]"
TXN0000149600,300.0,technical_retryable,retry_payment,retry_payment,0.0,0.4128342270851135,120.85026812553406,"[""v3_action_passed_incremental_economic_gate""]"
TXN0000137727,324.0,technical_retryable,retry_payment,retry_payment,0.0,0.6416376829147339,204.89060926437378,"[""v3_action_passed_incremental_economic_gate""]"
TXN0000063005,143.0,technical_retryable,retry_payment,retry_payment,0.0,0.6573154330253601,90.9961069226265,"[""v3_action_passed_incremental_economic_gate""]"
TXN0000086474,1132.0,technical_retryable,retry_payment,retry_payment,0.0,0.6116634607315063,689.4030375480652,"[""v3_action_passed_incremental_economic_gate""]"
TXN0000112085,367.0,customer_decline,whatsapp_reminder,whatsapp_reminder,0.0,0.720339834690094,255.6147193312645,"[""v3_action_passed_incremental_economic_gate""]"
TXN0000057409,2085.0,authentication_required,no_action,no_action,0.0,0.0,0.0,"[""no_action_has_better_risk_adjusted_value""]"
TXN0000218239,425.0,technical_retryable,retry_payment,retry_payment,0.0,0.6068089604377747,254.89380818605423,"[""v3_action_passed_incremental_economic_gate""]"
TXN0000092302,512.0,authentication_required,whatsapp_reminder,whatsapp_reminder,0.0,0.6419610977172852,319.93408203125,"[""v3_action_passed_incremental_economic_gate""]"
TXN0000171895,266.0,authentication_required,whatsapp_reminder,whatsapp_reminder,0.0,0.685951828956604,173.71318650245667,"[""v3_action_passed_incremental_economic_gate""]"
TXN0000018736,1336.0,authentication_required,no_action,no_action,0.0,0.0,0.0,"[""no_action_has_better_risk_adjusted_value""]"
TXN0000112464,3647.0,authentication_required,no_action,no_action,0.0,0.0,0.0,"[""no_action_has_better_risk_adjusted_value""]"
TXN0000051778,202.0,customer_decline,no_action,no_action,0.0,0.0,0.0,"[""no_action_has_better_risk_adjusted_value""]"
TXN0000027207,2854.0,authentication_required,whatsapp_reminder,whatsapp_reminder,0.0,0.6551203727722168,1860.9635438919067,"[""v3_action_passed_incremental_economic_gate""]"
TXN0000044853,284.0,technical_retryable,retry_payment,retry_payment,0.0,0.552747905254364,153.98040509223938,"[""v3_action_passed_incremental_economic_gate""]"
TXN0000237144,164.0,technical_retryable,retry_payment,retry_payment,0.0,0.5580037832260132,88.51262044906616,"[""v3_action_passed_incremental_economic_gate""]"
TXN0000186889,192.0,merchant_configuration,escalate_to_merchant,escalate_to_merchant,0.0,0.5137587189674377,73.64167404174805,"[""v3_action_passed_incremental_economic_gate""]"
TXN0000029126,1263.0,customer_decline,payment_link,payment_link,0.0,0.6051232218742371,753.2706292271614,"[""v3_action_passed_incremental_economic_gate""]"
TXN0000240548,370.0,customer_decline,whatsapp_reminder,whatsapp_reminder,0.0,0.6774947643280029,241.92306280136108,"[""v3_action_passed_incremental_economic_gate""]"
TXN0000120646,287.0,authentication_required,no_action,no_action,0.0,0.0,0.0,"[""no_action_has_better_risk_adjusted_value""]"
TXN0000142467,60.0,authentication_required,no_action,no_action,0.0,0.0,0.0,"[""no_action_has_better_risk_adjusted_value""]"
TXN0000045086,867.0,customer_decline,whatsapp_reminder,whatsapp_reminder,0.0,0.6453548669815063,550.772669672966,"[""v3_action_passed_incremental_economic_gate""]"
TXN0000156111,1856.0,technical_retryable,payment_link,payment_link,0.0,0.69219970703125,1273.72265625,"[""v3_action_passed_incremental_economic_gate""]"
TXN0000082437,1282.0,technical_retryable,payment_link,payment_link,0.0,0.6646906733512878,841.133443236351,"[""v3_action_passed_incremental_economic_gate""]"
TXN0000207207,162.0,technical_retryable,retry_payment,retry_payment,0.0,0.6458463072776794,101.62710177898407,"[""v3_action_passed_incremental_economic_gate""]"
TXN0000240553,354.0,technical_retryable,retry_payment,retry_payment,0.0,0.5897878408432007,205.78489565849304,"[""v3_action_passed_incremental_economic_gate""]"
TXN0000244610,417.0,technical_retryable,payment_link,payment_link,0.0,0.639394998550415,255.62771439552307,"[""v3_action_passed_incremental_economic_gate""]"
TXN0000097221,202.0,authentication_required,no_action,no_action,0.0,0.0,0.0,"[""no_action_has_better_risk_adjusted_value""]"
TXN0000175076,1536.0,technical_retryable,payment_link,payment_link,0.0,0.6403822302818298,972.6271057128906,"[""v3_action_passed_incremental_economic_gate""]"
TXN0000067180,330.0,customer_decline,no_action,no_action,0.0,0.0,0.0,"[""no_action_has_better_risk_adjusted_value""]"
TXN0000212083,600.0,customer_decline,no_action,no_action,0.0,0.0,0.0,"[""no_action_has_better_risk_adjusted_value""]"
TXN0000150720,2301.0,authentication_required,payment_link,payment_link,0.0,0.6287841200828552,1435.8322603106499,"[""v3_action_passed_incremental_economic_gate""]"
TXN0000111016,143.0,technical_retryable,retry_payment,retry_payment,0.0,0.5542778372764587,76.2617307305336,"[""v3_action_passed_incremental_economic_gate""]"
TXN0000235328,43.0,authentication_required,no_action,no_action,0.0,0.0,0.0,"[""no_action_has_better_risk_adjusted_value""]"
TXN0000179941,173.0,technical_retryable,retry_payment,retry_payment,0.0,0.7139634490013123,120.51567667722702,"[""v3_action_passed_incremental_economic_gate""]"
TXN0000152685,2176.0,technical_retryable,retry_payment,retry_payment,0.0,0.5825161933898926,1264.5552368164062,"[""v3_action_passed_incremental_economic_gate""]"
TXN0000051094,3080.0,technical_retryable,payment_link,payment_link,0.0,0.7206442952156067,2208.5844292640686,"[""v3_action_passed_incremental_economic_gate""]"
TXN0000121198,1153.0,customer_decline,no_action,no_action,0.0,0.0,0.0,"[""no_action_has_better_risk_adjusted_value""]"
TXN0000038084,2469.0,customer_decline,no_action,no_action,0.0,0.0,0.0,"[""no_action_has_better_risk_adjusted_value""]"
TXN0000127822,2985.0,customer_decline,payment_link,payment_link,0.0,0.5659003257751465,1678.2124724388123,"[""v3_action_passed_incremental_economic_gate""]"
TXN0000000778,487.0,authentication_required,no_action,no_action,0.0,0.0,0.0,"[""no_action_has_better_risk_adjusted_value""]"
TXN0000162446,1629.0,merchant_configuration,escalate_to_merchant,escalate_to_merchant,0.0,0.34833773970603943,542.4421779811382,"[""v3_action_passed_incremental_economic_gate""]"
TXN0000054549,777.0,technical_retryable,payment_link,payment_link,0.0,0.546434223651886,413.5793917775154,"[""v3_action_passed_incremental_economic_gate""]"
TXN0000006696,4058.0,technical_retryable,no_action,no_action,0.0,0.0,0.0,"[""no_action_has_better_risk_adjusted_value""]"
TXN0000146200,232.0,technical_retryable,retry_payment,retry_payment,0.0,0.7430747747421265,169.39334774017334,"[""v3_action_passed_incremental_economic_gate""]"
TXN0000108831,729.0,technical_retryable,retry_payment,retry_payment,0.0,0.5280857086181641,381.9744815826416,"[""v3_action_passed_incremental_economic_gate""]"
TXN0000122551,2138.0,customer_decline,no_action,no_action,0.0,0.0,0.0,"[""no_action_has_better_risk_adjusted_value""]"
TXN0000112111,2217.0,customer_decline,payment_link,payment_link,0.0,0.4208011031150818,921.9160456061363,"[""v3_action_passed_incremental_economic_gate""]"
TXN0000196171,538.0,merchant_configuration,escalate_to_merchant,escalate_to_merchant,0.0,0.4859474301338196,236.43971741199493,"[""v3_action_passed_incremental_economic_gate""]"
TXN0000116314,313.0,authentication_required,no_action,no_action,0.0,0.0,0.0,"[""no_action_has_better_risk_adjusted_value""]"
TXN0000049529,820.0,technical_retryable,no_action,no_action,0.0,0.0,0.0,"[""no_action_has_better_risk_adjusted_value""]"
TXN0000206890,691.0,authentication_required,payment_link,payment_link,0.0,0.4730255603790283,315.86066222190857,"[""v3_action_passed_incremental_economic_gate""]"
TXN0000015808,131.0,authentication_required,no_action,no_action,0.0,0.0,0.0,"[""v3_stopping_rule_preserved"", ""customer_opted_out""]"
TXN0000059157,149.0,technical_retryable,retry_payment,retry_payment,0.0,0.5707821846008301,82.04654550552368,"[""v3_action_passed_incremental_economic_gate""]"
TXN0000051869,511.0,authentication_required,whatsapp_reminder,whatsapp_reminder,0.0,0.5638073086738586,279.35553473234177,"[""v3_action_passed_incremental_economic_gate""]"
TXN0000087557,989.0,customer_decline,whatsapp_reminder,whatsapp_reminder,0.0,0.6364395022392273,620.6886677145958,"[""v3_action_passed_incremental_economic_gate""]"
TXN0000166611,1742.0,authentication_required,payment_link,payment_link,0.0,0.6453745365142822,1113.2424426078796,"[""v3_action_passed_incremental_economic_gate""]"
TXN0000090274,489.0,authentication_required,whatsapp_reminder,whatsapp_reminder,0.0,0.5692877769470215,269.6317229270935,"[""v3_action_passed_incremental_economic_gate""]"
TXN0000130002,661.0,authentication_required,whatsapp_reminder,whatsapp_reminder,0.0,0.6658012270927429,431.34461110830307,"[""v3_action_passed_incremental_economic_gate""]"
TXN0000145133,101.0,customer_decline,whatsapp_reminder,whatsapp_reminder,0.0,0.5598610043525696,47.79596143960953,"[""v3_action_passed_incremental_economic_gate""]"
TXN0000197020,1602.0,customer_decline,no_action,no_action,0.0,0.0,0.0,"[""v3_stopping_rule_preserved"", ""customer_opted_out""]"
TXN0000040658,1010.0,technical_retryable,payment_link,payment_link,0.0,0.7990742325782776,796.0649749040604,"[""v3_action_passed_incremental_economic_gate""]"
TXN0000037963,2912.0,authentication_required,no_action,no_action,0.0,0.0,0.0,"[""no_action_has_better_risk_adjusted_value""]"
TXN0000133301,177.0,merchant_configuration,escalate_to_merchant,escalate_to_merchant,0.0,0.4543325901031494,55.416868448257446,"[""v3_action_passed_incremental_economic_gate""]"
TXN0000049935,1773.0,customer_decline,payment_link,payment_link,0.0,0.6243472099304199,1095.9676032066345,"[""v3_action_passed_incremental_economic_gate""]"
TXN0000002081,3257.0,customer_decline,whatsapp_reminder,whatsapp_reminder,0.0,0.6285253167152405,2038.3569565415382,"[""v3_action_passed_incremental_economic_gate""]"
TXN0000054088,2212.0,authentication_required,whatsapp_reminder,whatsapp_reminder,0.0,0.6308805346488953,1386.7577426433563,"[""v3_action_passed_incremental_economic_gate""]"
TXN0000216960,396.0,authentication_required,no_action,no_action,0.0,0.0,0.0,"[""no_action_has_better_risk_adjusted_value""]"
TXN0000165315,93.0,technical_retryable,retry_payment,retry_payment,0.0,0.5737568736076355,50.3593892455101,"[""v3_action_passed_incremental_economic_gate""]"
TXN0000219111,808.0,customer_decline,whatsapp_reminder,whatsapp_reminder,0.0,0.44795453548431396,353.1972646713257,"[""v3_action_passed_incremental_economic_gate""]"
TXN0000210916,3007.0,technical_retryable,payment_link,payment_link,0.0,0.678993284702301,2030.7328070998192,"[""v3_action_passed_incremental_economic_gate""]"
TXN0000126177,384.0,technical_retryable,retry_payment,retry_payment,0.0,0.5158275961875916,195.07779693603516,"[""v3_action_passed_incremental_economic_gate""]"
TXN0000021928,107.0,technical_retryable,retry_payment,retry_payment,0.0,0.7076128721237183,72.71457731723785,"[""v3_action_passed_incremental_economic_gate""]"
TXN0000038801,251.0,technical_retryable,retry_payment,retry_payment,0.0,0.6905004382133484,170.31560999155045,"[""v3_action_passed_incremental_economic_gate""]"
TXN0000109564,786.0,authentication_required,no_action,no_action,0.0,0.0,0.0,"[""no_action_has_better_risk_adjusted_value""]"
TXN0000233305,1280.0,customer_decline,no_action,no_action,0.0,0.0,0.0,"[""no_action_has_better_risk_adjusted_value""]"
TXN0000007576,129.0,customer_decline,no_action,no_action,0.0,0.0,0.0,"[""no_action_has_better_risk_adjusted_value""]"
TXN0000197090,1202.0,customer_decline,no_action,no_action,0.0,0.0,0.0,"[""no_action_has_better_risk_adjusted_value""]"
TXN0000193842,32.0,technical_retryable,no_action,no_action,0.0,0.0,0.0,"[""no_action_has_better_risk_adjusted_value""]"
TXN0000038358,4223.0,authentication_required,no_action,no_action,0.0,0.0,0.0,"[""no_action_has_better_risk_adjusted_value""]"
TXN0000169418,236.0,technical_retryable,retry_payment,retry_payment,0.0,0.6648262739181519,153.89900064468384,"[""v3_action_passed_incremental_economic_gate""]"
TXN0000235676,631.0,technical_retryable,retry_payment,retry_payment,0.0,0.667273223400116,418.0494039654732,"[""v3_action_passed_incremental_economic_gate""]"
TXN0000225705,143.0,technical_retryable,retry_payment,retry_payment,0.0,0.587329626083374,80.98813652992249,"[""v3_action_passed_incremental_economic_gate""]"
TXN0000115680,108.0,customer_decline,payment_link,payment_link,0.0,0.6348288655281067,57.56151747703552,"[""v3_action_passed_incremental_economic_gate""]"
TXN0000208493,3459.0,authentication_required,no_action,no_action,0.0,0.0,0.0,"[""no_action_has_better_risk_adjusted_value""]"
TXN0000134534,3068.0,merchant_configuration,escalate_to_merchant,escalate_to_merchant,0.0,0.4148619472980499,1247.7964543104172,"[""v3_action_passed_incremental_economic_gate""]"
TXN0000063816,152.0,authentication_required,whatsapp_reminder,whatsapp_reminder,0.0,0.6072751879692078,83.55582857131958,"[""v3_action_passed_incremental_economic_gate""]"
TXN0000244575,3404.0,technical_retryable,payment_link,payment_link,0.0,0.6893270015716553,2335.4691133499146,"[""v3_action_passed_incremental_economic_gate""]"
TXN0000232427,2172.0,customer_decline,no_action,no_action,0.0,0.0,0.0,"[""no_action_has_better_risk_adjusted_value""]"
TXN0000226744,125.0,authentication_required,payment_link,payment_link,0.0,0.6822063326835632,74.2757915854454,"[""v3_action_passed_incremental_economic_gate""]"
TXN0000094120,407.0,merchant_configuration,escalate_to_merchant,escalate_to_merchant,0.0,0.5721911787986755,207.88180977106094,"[""v3_action_passed_incremental_economic_gate""]"
TXN0000041547,583.0,authentication_required,whatsapp_reminder,whatsapp_reminder,0.0,0.6381109356880188,363.26867550611496,"[""v3_action_passed_incremental_economic_gate""]"
TXN0000090739,999.0,technical_retryable,retry_payment,retry_payment,0.0,0.6312469840049744,627.6157370209694,"[""v3_action_passed_incremental_economic_gate""]"
TXN0000113808,1135.0,technical_retryable,payment_link,payment_link,0.0,0.6460317969322205,722.2460895180702,"[""v3_action_passed_incremental_economic_gate""]"
TXN0000124498,1124.0,technical_retryable,retry_payment,retry_payment,0.0,0.5802617073059082,649.2141590118408,"[""v3_action_passed_incremental_economic_gate""]"
TXN0000074341,1399.0,authentication_required,no_action,no_action,0.0,0.0,0.0,"[""no_action_has_better_risk_adjusted_value""]"
TXN0000241240,2758.0,authentication_required,payment_link,payment_link,0.0,0.7125767469406128,1954.28666806221,"[""v3_action_passed_incremental_economic_gate""]"
TXN0000206990,891.0,customer_decline,no_action,no_action,0.0,0.0,0.0,"[""no_action_has_better_risk_adjusted_value""]"
TXN0000072382,101.0,customer_decline,no_action,no_action,0.0,0.0,0.0,"[""no_action_has_better_risk_adjusted_value""]"
TXN0000244701,353.0,technical_retryable,retry_payment,retry_payment,0.0,0.5659149289131165,196.7679699063301,"[""v3_action_passed_incremental_economic_gate""]"
TXN0000179033,1540.0,customer_decline,no_action,no_action,0.0,0.0,0.0,"[""no_action_has_better_risk_adjusted_value""]"
TXN0000052631,683.0,merchant_configuration,escalate_to_merchant,escalate_to_merchant,0.0,0.4051876366138458,251.7431558072567,"[""v3_action_passed_incremental_economic_gate""]"
TXN0000207134,561.0,technical_retryable,retry_payment,retry_payment,0.0,0.6104655265808105,339.4711604118347,"[""v3_action_passed_incremental_economic_gate""]"
TXN0000076198,86.0,technical_retryable,retry_payment,retry_payment,0.0,0.5758607983589172,46.52402865886688,"[""v3_action_passed_incremental_economic_gate""]"
TXN0000137268,1778.0,customer_decline,payment_link,payment_link,0.0,0.5636442303657532,991.1594415903091,"[""v3_action_passed_incremental_economic_gate""]"
TXN0000189779,1121.0,technical_retryable,no_action,no_action,0.0,0.0,0.0,"[""no_action_has_better_risk_adjusted_value""]"
TXN0000122457,2495.0,authentication_required,no_action,no_action,0.0,0.0,0.0,"[""no_action_has_better_risk_adjusted_value""]"
TXN0000212774,400.0,technical_retryable,retry_payment,retry_payment,0.0,0.6350226402282715,251.0090560913086,"[""v3_action_passed_incremental_economic_gate""]"
TXN0000016595,570.0,customer_decline,whatsapp_reminder,whatsapp_reminder,0.0,0.4892796576023102,270.1394048333168,"[""v3_action_passed_incremental_economic_gate""]"
TXN0000032211,1156.0,technical_retryable,no_action,no_action,0.0,0.0,0.0,"[""no_action_has_better_risk_adjusted_value""]"
TXN0000238357,451.0,authentication_required,whatsapp_reminder,whatsapp_reminder,0.0,0.5923316478729248,258.3915731906891,"[""v3_action_passed_incremental_economic_gate""]"
TXN0000109906,276.0,technical_retryable,retry_payment,retry_payment,0.0,0.5448879599571228,147.3890769481659,"[""v3_action_passed_incremental_economic_gate""]"
TXN0000026147,175.0,technical_retryable,retry_payment,retry_payment,0.0,0.626117467880249,106.57055687904358,"[""v3_action_passed_incremental_economic_gate""]"
TXN0000074641,1387.0,authentication_required,whatsapp_reminder,whatsapp_reminder,0.0,0.6076213121414185,834.0207599401474,"[""v3_action_passed_incremental_economic_gate""]"
TXN0000197830,2525.0,customer_decline,no_action,no_action,0.0,0.0,0.0,"[""no_action_has_better_risk_adjusted_value""]"
