payment_id,customer_id,recovered,amount_inr,amount_recovered,intervention_count,intervention_cost,terminal_state,stopped_reason,fraud_flag,customer_opted_out,contact_available,state_history
TXN0000052804,C006608,1,2137,2137,1,1.00000000,recovered,,0,False,True,"[""at_risk"", ""diagnosed"", ""action_selected"", ""action_executed"", ""recovered""]"
TXN0000179482,C001992,0,1201,0,0,0.00000000,stopped,"no_eligible_positive_value_action,failure_matrix:block",0,False,True,"[""at_risk"", ""diagnosed"", ""stopped""]"
TXN0000170868,C007195,0,35,0,0,0.00000000,stopped,"no_eligible_positive_value_action,failure_matrix:block",0,False,True,"[""at_risk"", ""diagnosed"", ""stopped""]"
TXN0000239488,C005520,1,589,589,1,1.00000000,recovered,,0,False,True,"[""at_risk"", ""diagnosed"", ""action_selected"", ""action_executed"", ""recovered""]"
TXN0000021257,C002908,1,172,172,1,0.75000000,recovered,,0,False,True,"[""at_risk"", ""diagnosed"", ""action_selected"", ""action_executed"", ""recovered""]"
TXN0000145269,C000023,0,167,0,1,1.00000000,stopped,"no_eligible_positive_value_action,failure_matrix:block",0,False,True,"[""at_risk"", ""diagnosed"", ""action_selected"", ""action_executed"", ""failed"", ""next_action"", ""diagnosed"", ""stopped""]"
TXN0000181411,C007252,1,5778,5778,2,11.00000000,recovered,,0,False,True,"[""at_risk"", ""diagnosed"", ""action_selected"", ""action_executed"", ""failed"", ""next_action"", ""diagnosed"", ""action_selected"", ""action_executed"", ""recovered""]"
TXN0000029557,C003698,1,552,552,1,10.00000000,recovered,,0,False,False,"[""at_risk"", ""diagnosed"", ""action_selected"", ""action_executed"", ""recovered""]"
TXN0000018440,C004676,0,824,0,2,11.00000000,stopped,"recent_intervention_limit_requires_escalation,failure_matrix:block",0,False,True,"[""at_risk"", ""diagnosed"", ""action_selected"", ""action_executed"", ""failed"", ""next_action"", ""diagnosed"", ""action_selected"", ""action_executed"", ""failed"", ""next_action"", ""diagnosed"", ""stopped""]"
TXN0000231148,C000062,1,319,319,1,1.00000000,recovered,,0,False,True,"[""at_risk"", ""diagnosed"", ""action_selected"", ""action_executed"", ""recovered""]"
TXN0000027707,C009053,0,95,0,0,0.00000000,stopped,"no_eligible_positive_value_action,failure_matrix:block",0,False,True,"[""at_risk"", ""diagnosed"", ""stopped""]"
TXN0000095845,C006793,1,2880,2880,1,10.00000000,recovered,,0,False,True,"[""at_risk"", ""diagnosed"", ""action_selected"", ""action_executed"", ""recovered""]"
TXN0000040953,C009727,0,636,0,0,0.00000000,stopped,"no_eligible_positive_value_action,failure_matrix:block",0,False,True,"[""at_risk"", ""diagnosed"", ""stopped""]"
TXN0000246834,C009422,0,211,0,1,1.00000000,stopped,"no_eligible_positive_value_action,failure_matrix:block",0,False,True,"[""at_risk"", ""diagnosed"", ""action_selected"", ""action_executed"", ""failed"", ""next_action"", ""diagnosed"", ""stopped""]"
TXN0000201314,C006992,0,75,0,1,0.75000000,stopped,"no_eligible_positive_value_action,failure_matrix:block",0,False,True,"[""at_risk"", ""diagnosed"", ""action_selected"", ""action_executed"", ""failed"", ""next_action"", ""diagnosed"", ""stopped""]"
TXN0000243507,C001496,1,279,279,1,0.75000000,recovered,,0,False,True,"[""at_risk"", ""diagnosed"", ""action_selected"", ""action_executed"", ""recovered""]"
TXN0000031139,C009462,1,904,904,1,1.00000000,recovered,,0,False,True,"[""at_risk"", ""diagnosed"", ""action_selected"", ""action_executed"", ""recovered""]"
TXN0000114122,C003718,0,412,0,1,1.00000000,stopped,"no_eligible_positive_value_action,failure_matrix:block",0,False,True,"[""at_risk"", ""diagnosed"", ""action_selected"", ""action_executed"", ""failed"", ""next_action"", ""diagnosed"", ""stopped""]"
TXN0000150048,C002256,0,429,0,1,0.75000000,stopped,"no_eligible_positive_value_action,failure_matrix:block",0,False,True,"[""at_risk"", ""diagnosed"", ""action_selected"", ""action_executed"", ""failed"", ""next_action"", ""diagnosed"", ""stopped""]"
TXN0000215167,C002628,0,6293,0,0,0.00000000,stopped,"no_eligible_positive_value_action,failure_matrix:block",0,False,True,"[""at_risk"", ""diagnosed"", ""stopped""]"
TXN0000101400,C001906,1,490,490,1,25.00000000,recovered,,0,False,False,"[""at_risk"", ""diagnosed"", ""action_selected"", ""action_executed"", ""recovered""]"
TXN0000149232,C001692,0,124,0,0,0.00000000,stopped,"no_eligible_positive_value_action,failure_matrix:block",0,False,False,"[""at_risk"", ""diagnosed"", ""stopped""]"
TXN0000044419,C007539,0,39,0,0,0.00000000,stopped,"no_eligible_positive_value_action,failure_matrix:block",0,False,False,"[""at_risk"", ""diagnosed"", ""stopped""]"
TXN0000020920,C002974,1,3253,3253,2,10.75000000,recovered,,0,False,True,"[""at_risk"", ""diagnosed"", ""action_selected"", ""action_executed"", ""failed"", ""next_action"", ""diagnosed"", ""action_selected"", ""action_executed"", ""recovered""]"
TXN0000222252,C005353,1,118,118,1,1.00000000,recovered,,0,False,True,"[""at_risk"", ""diagnosed"", ""action_selected"", ""action_executed"", ""recovered""]"
TXN0000145130,C006562,0,1593,0,0,0.00000000,stopped,"no_eligible_positive_value_action,failure_matrix:block",0,False,True,"[""at_risk"", ""diagnosed"", ""stopped""]"
TXN0000214915,C000026,0,71,0,1,1.00000000,stopped,"no_eligible_positive_value_action,failure_matrix:block",0,False,True,"[""at_risk"", ""diagnosed"", ""action_selected"", ""action_executed"", ""failed"", ""next_action"", ""diagnosed"", ""stopped""]"
TXN0000073672,C004585,0,1198,0,0,0.00000000,stopped,"no_eligible_positive_value_action,failure_matrix:block",0,False,True,"[""at_risk"", ""diagnosed"", ""stopped""]"
TXN0000052587,C005243,0,392,0,0,0.00000000,stopped,"no_eligible_positive_value_action,failure_matrix:block",0,False,False,"[""at_risk"", ""diagnosed"", ""stopped""]"
TXN0000201805,C006926,1,1692,1692,1,10.00000000,recovered,,0,False,False,"[""at_risk"", ""diagnosed"", ""action_selected"", ""action_executed"", ""recovered""]"
TXN0000104374,C001586,0,9747,0,0,0.00000000,stopped,customer_opted_out,0,True,True,"[""at_risk"", ""diagnosed"", ""stopped""]"
TXN0000010302,C006888,1,778,778,1,0.75000000,recovered,,0,False,True,"[""at_risk"", ""diagnosed"", ""action_selected"", ""action_executed"", ""recovered""]"
TXN0000053376,C000528,1,2708,2708,2,11.00000000,recovered,,0,False,False,"[""at_risk"", ""diagnosed"", ""action_selected"", ""action_executed"", ""failed"", ""next_action"", ""diagnosed"", ""action_selected"", ""action_executed"", ""recovered""]"
TXN0000035278,C002802,0,283,0,1,1.00000000,stopped,"no_eligible_positive_value_action,failure_matrix:block",0,False,True,"[""at_risk"", ""diagnosed"", ""action_selected"", ""action_executed"", ""failed"", ""next_action"", ""diagnosed"", ""stopped""]"
TXN0000193304,C008216,0,108,0,0,0.00000000,stopped,"no_eligible_positive_value_action,failure_matrix:block",0,False,True,"[""at_risk"", ""diagnosed"", ""stopped""]"
TXN0000056420,C007184,0,286,0,2,11.00000000,stopped,"recent_intervention_limit_requires_escalation,failure_matrix:block",0,False,True,"[""at_risk"", ""diagnosed"", ""action_selected"", ""action_executed"", ""failed"", ""next_action"", ""diagnosed"", ""action_selected"", ""action_executed"", ""failed"", ""next_action"", ""diagnosed"", ""stopped""]"
TXN0000222246,C007686,0,196,0,1,1.00000000,stopped,"no_eligible_positive_value_action,failure_matrix:block",0,False,True,"[""at_risk"", ""diagnosed"", ""action_selected"", ""action_executed"", ""failed"", ""next_action"", ""diagnosed"", ""stopped""]"
TXN0000108622,C008955,0,119,0,1,1.00000000,stopped,"no_eligible_positive_value_action,failure_matrix:block",0,False,True,"[""at_risk"", ""diagnosed"", ""action_selected"", ""action_executed"", ""failed"", ""next_action"", ""diagnosed"", ""stopped""]"
TXN0000104777,C007227,1,2929,2929,1,25.00000000,recovered,,0,False,True,"[""at_risk"", ""diagnosed"", ""action_selected"", ""action_executed"", ""recovered""]"
TXN0000236939,C003820,1,201,201,1,0.75000000,recovered,,0,False,True,"[""at_risk"", ""diagnosed"", ""action_selected"", ""action_executed"", ""recovered""]"
TXN0000068932,C000343,1,555,555,1,25.00000000,recovered,,0,False,True,"[""at_risk"", ""diagnosed"", ""action_selected"", ""action_executed"", ""recovered""]"
TXN0000122582,C003502,0,357,0,1,10.00000000,stopped,"no_eligible_positive_value_action,failure_matrix:block",0,False,False,"[""at_risk"", ""diagnosed"", ""action_selected"", ""action_executed"", ""failed"", ""next_action"", ""diagnosed"", ""stopped""]"
TXN0000054056,C004339,1,441,441,1,1.00000000,recovered,,0,False,True,"[""at_risk"", ""diagnosed"", ""action_selected"", ""action_executed"", ""recovered""]"
TXN0000056581,C006897,1,6338,6338,1,25.00000000,recovered,,0,False,True,"[""at_risk"", ""diagnosed"", ""action_selected"", ""action_executed"", ""recovered""]"
TXN0000140441,C002607,0,300,0,2,10.75000000,stopped,"no_eligible_positive_value_action,failure_matrix:block",0,False,True,"[""at_risk"", ""diagnosed"", ""action_selected"", ""action_executed"", ""failed"", ""next_action"", ""diagnosed"", ""action_selected"", ""action_executed"", ""failed"", ""next_action"", ""diagnosed"", ""stopped""]"
TXN0000201737,C009719,1,602,602,1,10.00000000,recovered,,0,False,True,"[""at_risk"", ""diagnosed"", ""action_selected"", ""action_executed"", ""recovered""]"
TXN0000155503,C004978,1,5622,5622,1,10.00000000,recovered,,0,False,True,"[""at_risk"", ""diagnosed"", ""action_selected"", ""action_executed"", ""recovered""]"
TXN0000014480,C003183,1,58,58,2,10.75000000,recovered,,0,False,True,"[""at_risk"", ""diagnosed"", ""action_selected"", ""action_executed"", ""failed"", ""next_action"", ""diagnosed"", ""action_selected"", ""action_executed"", ""recovered""]"
TXN0000191292,C004807,0,288,0,1,0.75000000,stopped,"no_eligible_positive_value_action,failure_matrix:block",0,False,True,"[""at_risk"", ""diagnosed"", ""action_selected"", ""action_executed"", ""failed"", ""next_action"", ""diagnosed"", ""stopped""]"
TXN0000071205,C006458,1,1698,1698,1,1.00000000,recovered,,0,False,True,"[""at_risk"", ""diagnosed"", ""action_selected"", ""action_executed"", ""recovered""]"
TXN0000180168,C001004,0,103,0,0,0.00000000,stopped,"no_eligible_positive_value_action,failure_matrix:block",0,False,True,"[""at_risk"", ""diagnosed"", ""stopped""]"
TXN0000183443,C002328,1,82,82,1,1.00000000,recovered,,0,False,True,"[""at_risk"", ""diagnosed"", ""action_selected"", ""action_executed"", ""recovered""]"
TXN0000142917,C007005,1,684,684,1,25.00000000,recovered,,0,False,True,"[""at_risk"", ""diagnosed"", ""action_selected"", ""action_executed"", ""recovered""]"
TXN0000189447,C005764,0,152,0,0,0.00000000,stopped,"no_eligible_positive_value_action,failure_matrix:block",0,False,False,"[""at_risk"", ""diagnosed"", ""stopped""]"
TXN0000224199,C004044,1,1275,1275,1,0.75000000,recovered,,0,False,True,"[""at_risk"", ""diagnosed"", ""action_selected"", ""action_executed"", ""recovered""]"
TXN0000025621,C000651,1,884,884,1,10.00000000,recovered,,0,False,True,"[""at_risk"", ""diagnosed"", ""action_selected"", ""action_executed"", ""recovered""]"
TXN0000095177,C001518,1,317,317,2,10.75000000,recovered,,0,False,True,"[""at_risk"", ""diagnosed"", ""action_selected"", ""action_executed"", ""failed"", ""next_action"", ""diagnosed"", ""action_selected"", ""action_executed"", ""recovered""]"
TXN0000009116,C008089,0,1898,0,0,0.00000000,stopped,"no_eligible_positive_value_action,failure_matrix:block",0,False,True,"[""at_risk"", ""diagnosed"", ""stopped""]"
TXN0000171793,C009255,1,208,208,1,0.75000000,recovered,,0,False,True,"[""at_risk"", ""diagnosed"", ""action_selected"", ""action_executed"", ""recovered""]"
TXN0000060492,C005253,0,340,0,0,0.00000000,stopped,"no_eligible_positive_value_action,failure_matrix:block",0,False,True,"[""at_risk"", ""diagnosed"", ""stopped""]"
TXN0000081660,C005352,1,5092,5092,1,10.00000000,recovered,,0,False,False,"[""at_risk"", ""diagnosed"", ""action_selected"", ""action_executed"", ""recovered""]"
TXN0000119409,C000640,1,1178,1178,2,10.75000000,recovered,,0,False,True,"[""at_risk"", ""diagnosed"", ""action_selected"", ""action_executed"", ""failed"", ""next_action"", ""diagnosed"", ""action_selected"", ""action_executed"", ""recovered""]"
TXN0000050027,C003084,0,38,0,0,0.00000000,stopped,"no_eligible_positive_value_action,failure_matrix:block",0,False,True,"[""at_risk"", ""diagnosed"", ""stopped""]"
TXN0000186272,C006677,0,308,0,1,0.75000000,stopped,"no_eligible_positive_value_action,failure_matrix:block",0,False,True,"[""at_risk"", ""diagnosed"", ""action_selected"", ""action_executed"", ""failed"", ""next_action"", ""diagnosed"", ""stopped""]"
TXN0000170195,C003604,0,949,0,0,0.00000000,stopped,"no_eligible_positive_value_action,failure_matrix:block",0,False,True,"[""at_risk"", ""diagnosed"", ""stopped""]"
TXN0000003749,C001280,1,549,549,1,10.00000000,recovered,,0,False,True,"[""at_risk"", ""diagnosed"", ""action_selected"", ""action_executed"", ""recovered""]"
TXN0000153955,C000976,0,160,0,1,1.00000000,stopped,"no_eligible_positive_value_action,failure_matrix:block",0,False,True,"[""at_risk"", ""diagnosed"", ""action_selected"", ""action_executed"", ""failed"", ""next_action"", ""diagnosed"", ""stopped""]"
TXN0000143933,C008612,1,71,71,1,25.00000000,recovered,,0,False,True,"[""at_risk"", ""diagnosed"", ""action_selected"", ""action_executed"", ""recovered""]"
TXN0000131914,C003606,0,818,0,0,0.00000000,stopped,"no_eligible_positive_value_action,failure_matrix:block",0,False,True,"[""at_risk"", ""diagnosed"", ""stopped""]"
TXN0000205318,C008714,1,1008,1008,1,25.00000000,recovered,,0,False,True,"[""at_risk"", ""diagnosed"", ""action_selected"", ""action_executed"", ""recovered""]"
TXN0000022077,C004740,1,5024,5024,1,10.00000000,recovered,,0,False,True,"[""at_risk"", ""diagnosed"", ""action_selected"", ""action_executed"", ""recovered""]"
TXN0000246411,C000493,0,1192,0,0,0.00000000,stopped,"no_eligible_positive_value_action,failure_matrix:block",0,False,True,"[""at_risk"", ""diagnosed"", ""stopped""]"
TXN0000188919,C003992,0,6565,0,2,10.75000000,stopped,"no_eligible_positive_value_action,failure_matrix:block",0,False,True,"[""at_risk"", ""diagnosed"", ""action_selected"", ""action_executed"", ""failed"", ""next_action"", ""diagnosed"", ""action_selected"", ""action_executed"", ""failed"", ""next_action"", ""diagnosed"", ""stopped""]"
TXN0000178856,C004263,0,2598,0,1,1.00000000,stopped,"no_eligible_positive_value_action,failure_matrix:block",0,False,True,"[""at_risk"", ""diagnosed"", ""action_selected"", ""action_executed"", ""failed"", ""next_action"", ""diagnosed"", ""stopped""]"
TXN0000204306,C006998,0,4571,0,0,0.00000000,stopped,"no_eligible_positive_value_action,failure_matrix:block",0,False,True,"[""at_risk"", ""diagnosed"", ""stopped""]"
TXN0000080518,C009391,1,267,267,1,1.00000000,recovered,,0,False,True,"[""at_risk"", ""diagnosed"", ""action_selected"", ""action_executed"", ""recovered""]"
TXN0000227176,C002230,0,1051,0,1,25.00000000,escalated,manual_escalation_completed,0,False,True,"[""at_risk"", ""diagnosed"", ""action_selected"", ""action_executed"", ""escalated""]"
TXN0000160806,C009874,1,359,359,1,25.00000000,recovered,,0,False,True,"[""at_risk"", ""diagnosed"", ""action_selected"", ""action_executed"", ""recovered""]"
TXN0000014441,C009336,1,6636,6636,2,11.00000000,recovered,,0,False,True,"[""at_risk"", ""diagnosed"", ""action_selected"", ""action_executed"", ""failed"", ""next_action"", ""diagnosed"", ""action_selected"", ""action_executed"", ""recovered""]"
TXN0000137478,C000298,0,277,0,0,0.00000000,stopped,"no_eligible_positive_value_action,failure_matrix:block",0,False,False,"[""at_risk"", ""diagnosed"", ""stopped""]"
TXN0000037696,C006756,1,1468,1468,1,10.00000000,recovered,,0,False,False,"[""at_risk"", ""diagnosed"", ""action_selected"", ""action_executed"", ""recovered""]"
TXN0000040072,C005335,0,292,0,1,0.75000000,stopped,"no_eligible_positive_value_action,failure_matrix:block",0,False,True,"[""at_risk"", ""diagnosed"", ""action_selected"", ""action_executed"", ""failed"", ""next_action"", ""diagnosed"", ""stopped""]"
TXN0000090438,C001369,1,243,243,1,1.00000000,recovered,,0,False,True,"[""at_risk"", ""diagnosed"", ""action_selected"", ""action_executed"", ""recovered""]"
TXN0000038527,C000261,1,1943,1943,1,0.75000000,recovered,,0,False,True,"[""at_risk"", ""diagnosed"", ""action_selected"", ""action_executed"", ""recovered""]"
TXN0000069545,C005507,0,1495,0,0,0.00000000,stopped,"no_eligible_positive_value_action,failure_matrix:block",0,False,True,"[""at_risk"", ""diagnosed"", ""stopped""]"
TXN0000222160,C005505,0,476,0,0,0.00000000,stopped,"no_eligible_positive_value_action,failure_matrix:block",0,False,True,"[""at_risk"", ""diagnosed"", ""stopped""]"
TXN0000228665,C005114,0,1054,0,0,0.00000000,stopped,"no_eligible_positive_value_action,failure_matrix:block",0,False,True,"[""at_risk"", ""diagnosed"", ""stopped""]"
TXN0000100747,C006127,1,489,489,1,10.00000000,recovered,,0,False,True,"[""at_risk"", ""diagnosed"", ""action_selected"", ""action_executed"", ""recovered""]"
TXN0000108582,C006895,0,2831,0,0,0.00000000,stopped,"no_eligible_positive_value_action,failure_matrix:block",0,False,True,"[""at_risk"", ""diagnosed"", ""stopped""]"
TXN0000141712,C001711,1,601,601,1,0.75000000,recovered,,0,False,True,"[""at_risk"", ""diagnosed"", ""action_selected"", ""action_executed"", ""recovered""]"
TXN0000133743,C006001,1,1137,1137,2,10.75000000,recovered,,0,False,True,"[""at_risk"", ""diagnosed"", ""action_selected"", ""action_executed"", ""failed"", ""next_action"", ""diagnosed"", ""action_selected"", ""action_executed"", ""recovered""]"
TXN0000131788,C003593,0,613,0,2,10.75000000,stopped,"no_eligible_positive_value_action,failure_matrix:block",0,False,True,"[""at_risk"", ""diagnosed"", ""action_selected"", ""action_executed"", ""failed"", ""next_action"", ""diagnosed"", ""action_selected"", ""action_executed"", ""failed"", ""next_action"", ""diagnosed"", ""stopped""]"
TXN0000085087,C004600,1,366,366,1,0.75000000,recovered,,0,False,True,"[""at_risk"", ""diagnosed"", ""action_selected"", ""action_executed"", ""recovered""]"
TXN0000161299,C009806,1,1330,1330,1,10.00000000,recovered,,0,False,True,"[""at_risk"", ""diagnosed"", ""action_selected"", ""action_executed"", ""recovered""]"
TXN0000162462,C000318,0,162,0,2,11.00000000,stopped,"recent_intervention_limit_requires_escalation,failure_matrix:block",0,False,True,"[""at_risk"", ""diagnosed"", ""action_selected"", ""action_executed"", ""failed"", ""next_action"", ""diagnosed"", ""action_selected"", ""action_executed"", ""failed"", ""next_action"", ""diagnosed"", ""stopped""]"
TXN0000080502,C005902,0,316,0,0,0.00000000,stopped,"no_eligible_positive_value_action,failure_matrix:block",0,False,True,"[""at_risk"", ""diagnosed"", ""stopped""]"
TXN0000063186,C008495,1,151,151,1,1.00000000,recovered,,0,False,True,"[""at_risk"", ""diagnosed"", ""action_selected"", ""action_executed"", ""recovered""]"
TXN0000047079,C003412,1,130,130,1,0.75000000,recovered,,0,False,True,"[""at_risk"", ""diagnosed"", ""action_selected"", ""action_executed"", ""recovered""]"
TXN0000224962,C005434,1,454,454,1,0.75000000,recovered,,0,False,True,"[""at_risk"", ""diagnosed"", ""action_selected"", ""action_executed"", ""recovered""]"
TXN0000071788,C007715,1,482,482,1,0.75000000,recovered,,0,False,True,"[""at_risk"", ""diagnosed"", ""action_selected"", ""action_executed"", ""recovered""]"
TXN0000036830,C006129,1,1764,1764,2,10.75000000,recovered,,0,False,True,"[""at_risk"", ""diagnosed"", ""action_selected"", ""action_executed"", ""failed"", ""next_action"", ""diagnosed"", ""action_selected"", ""action_executed"", ""recovered""]"
TXN0000153152,C002015,0,296,0,1,0.75000000,stopped,"no_eligible_positive_value_action,failure_matrix:block",0,False,True,"[""at_risk"", ""diagnosed"", ""action_selected"", ""action_executed"", ""failed"", ""next_action"", ""diagnosed"", ""stopped""]"
TXN0000097635,C009187,0,33,0,0,0.00000000,stopped,"no_eligible_positive_value_action,failure_matrix:block",0,False,True,"[""at_risk"", ""diagnosed"", ""stopped""]"
TXN0000139245,C000824,1,599,599,1,1.00000000,recovered,,0,False,True,"[""at_risk"", ""diagnosed"", ""action_selected"", ""action_executed"", ""recovered""]"
TXN0000116974,C004375,0,770,0,2,11.00000000,stopped,"recent_intervention_limit_requires_escalation,failure_matrix:block",0,False,True,"[""at_risk"", ""diagnosed"", ""action_selected"", ""action_executed"", ""failed"", ""next_action"", ""diagnosed"", ""action_selected"", ""action_executed"", ""failed"", ""next_action"", ""diagnosed"", ""stopped""]"
TXN0000059003,C008727,0,661,0,0,0.00000000,stopped,"no_eligible_positive_value_action,failure_matrix:block",0,False,True,"[""at_risk"", ""diagnosed"", ""stopped""]"
TXN0000091263,C006875,0,1018,0,0,0.00000000,stopped,"no_eligible_positive_value_action,failure_matrix:block",0,False,False,"[""at_risk"", ""diagnosed"", ""stopped""]"
TXN0000194064,C009056,1,288,288,1,1.00000000,recovered,,0,False,True,"[""at_risk"", ""diagnosed"", ""action_selected"", ""action_executed"", ""recovered""]"
TXN0000156130,C006231,0,1372,0,0,0.00000000,stopped,customer_opted_out,0,True,True,"[""at_risk"", ""diagnosed"", ""stopped""]"
TXN0000137189,C008773,0,282,0,1,1.00000000,stopped,"no_eligible_positive_value_action,failure_matrix:block",0,False,True,"[""at_risk"", ""diagnosed"", ""action_selected"", ""action_executed"", ""failed"", ""next_action"", ""diagnosed"", ""stopped""]"
TXN0000111056,C000014,1,2091,2091,1,1.00000000,recovered,,0,False,False,"[""at_risk"", ""diagnosed"", ""action_selected"", ""action_executed"", ""recovered""]"
TXN0000160426,C002783,0,2810,0,1,25.00000000,escalated,manual_escalation_completed,0,False,True,"[""at_risk"", ""diagnosed"", ""action_selected"", ""action_executed"", ""escalated""]"
TXN0000094540,C009094,0,864,0,0,0.00000000,stopped,"no_eligible_positive_value_action,failure_matrix:block",0,False,True,"[""at_risk"", ""diagnosed"", ""stopped""]"
TXN0000025768,C006471,0,10025,0,0,0.00000000,stopped,"no_eligible_positive_value_action,failure_matrix:block",0,False,True,"[""at_risk"", ""diagnosed"", ""stopped""]"
TXN0000020935,C007354,1,409,409,1,10.00000000,recovered,,0,False,True,"[""at_risk"", ""diagnosed"", ""action_selected"", ""action_executed"", ""recovered""]"
TXN0000125527,C007163,1,179,179,1,1.00000000,recovered,,0,False,True,"[""at_risk"", ""diagnosed"", ""action_selected"", ""action_executed"", ""recovered""]"
TXN0000202859,C008176,1,408,408,1,1.00000000,recovered,,0,False,True,"[""at_risk"", ""diagnosed"", ""action_selected"", ""action_executed"", ""recovered""]"
TXN0000169092,C005196,0,1200,0,2,11.00000000,stopped,"recent_intervention_limit_requires_escalation,failure_matrix:block",0,False,True,"[""at_risk"", ""diagnosed"", ""action_selected"", ""action_executed"", ""failed"", ""next_action"", ""diagnosed"", ""action_selected"", ""action_executed"", ""failed"", ""next_action"", ""diagnosed"", ""stopped""]"
TXN0000102977,C005912,1,1186,1186,1,0.75000000,recovered,,0,False,True,"[""at_risk"", ""diagnosed"", ""action_selected"", ""action_executed"", ""recovered""]"
TXN0000008063,C008983,1,1288,1288,1,10.00000000,recovered,,0,False,True,"[""at_risk"", ""diagnosed"", ""action_selected"", ""action_executed"", ""recovered""]"
TXN0000083414,C002766,0,475,0,0,0.00000000,stopped,"no_eligible_positive_value_action,failure_matrix:block",0,False,True,"[""at_risk"", ""diagnosed"", ""stopped""]"
TXN0000126211,C004878,1,153,153,2,11.00000000,recovered,,0,False,True,"[""at_risk"", ""diagnosed"", ""action_selected"", ""action_executed"", ""failed"", ""next_action"", ""diagnosed"", ""action_selected"", ""action_executed"", ""recovered""]"
TXN0000071775,C001454,1,561,561,1,10.00000000,recovered,,0,False,False,"[""at_risk"", ""diagnosed"", ""action_selected"", ""action_executed"", ""recovered""]"
TXN0000222637,C004275,1,632,632,1,10.00000000,recovered,,0,False,False,"[""at_risk"", ""diagnosed"", ""action_selected"", ""action_executed"", ""recovered""]"
TXN0000169843,C005260,0,76,0,1,0.75000000,stopped,"no_eligible_positive_value_action,failure_matrix:block",0,False,True,"[""at_risk"", ""diagnosed"", ""action_selected"", ""action_executed"", ""failed"", ""next_action"", ""diagnosed"", ""stopped""]"
TXN0000175417,C003231,1,4257,4257,1,10.00000000,recovered,,0,False,True,"[""at_risk"", ""diagnosed"", ""action_selected"", ""action_executed"", ""recovered""]"
TXN0000028424,C007412,0,1151,0,0,0.00000000,stopped,"no_eligible_positive_value_action,failure_matrix:block",0,False,True,"[""at_risk"", ""diagnosed"", ""stopped""]"
TXN0000066394,C002459,1,1831,1831,1,0.75000000,recovered,,0,False,True,"[""at_risk"", ""diagnosed"", ""action_selected"", ""action_executed"", ""recovered""]"
TXN0000244242,C009336,1,2308,2308,1,10.00000000,recovered,,0,False,True,"[""at_risk"", ""diagnosed"", ""action_selected"", ""action_executed"", ""recovered""]"
TXN0000172525,C005810,1,430,430,1,1.00000000,recovered,,0,False,True,"[""at_risk"", ""diagnosed"", ""action_selected"", ""action_executed"", ""recovered""]"
TXN0000231284,C002372,1,303,303,2,10.75000000,recovered,,0,False,True,"[""at_risk"", ""diagnosed"", ""action_selected"", ""action_executed"", ""failed"", ""next_action"", ""diagnosed"", ""action_selected"", ""action_executed"", ""recovered""]"
TXN0000066686,C005564,1,60,60,1,1.00000000,recovered,,0,False,True,"[""at_risk"", ""diagnosed"", ""action_selected"", ""action_executed"", ""recovered""]"
TXN0000069158,C003377,1,1714,1714,1,10.00000000,recovered,,0,False,False,"[""at_risk"", ""diagnosed"", ""action_selected"", ""action_executed"", ""recovered""]"
TXN0000080664,C005704,1,696,696,1,0.75000000,recovered,,0,False,True,"[""at_risk"", ""diagnosed"", ""action_selected"", ""action_executed"", ""recovered""]"
TXN0000134968,C009396,1,4912,4912,1,10.00000000,recovered,,0,False,True,"[""at_risk"", ""diagnosed"", ""action_selected"", ""action_executed"", ""recovered""]"
TXN0000087683,C003502,0,300,0,0,0.00000000,stopped,"no_eligible_positive_value_action,failure_matrix:block",0,False,False,"[""at_risk"", ""diagnosed"", ""stopped""]"
TXN0000070643,C003437,1,180,180,1,10.00000000,recovered,,0,False,True,"[""at_risk"", ""diagnosed"", ""action_selected"", ""action_executed"", ""recovered""]"
TXN0000133719,C006375,1,4417,4417,1,0.75000000,recovered,,0,False,True,"[""at_risk"", ""diagnosed"", ""action_selected"", ""action_executed"", ""recovered""]"
TXN0000207814,C003430,1,4921,4921,1,10.00000000,recovered,,0,False,False,"[""at_risk"", ""diagnosed"", ""action_selected"", ""action_executed"", ""recovered""]"
TXN0000044100,C000380,0,3460,0,1,10.00000000,stopped,"no_eligible_positive_value_action,failure_matrix:block",0,False,True,"[""at_risk"", ""diagnosed"", ""action_selected"", ""action_executed"", ""failed"", ""next_action"", ""diagnosed"", ""stopped""]"
TXN0000070143,C002766,0,282,0,0,0.00000000,stopped,"no_eligible_positive_value_action,failure_matrix:block",0,False,True,"[""at_risk"", ""diagnosed"", ""stopped""]"
TXN0000024970,C000569,0,1530,0,0,0.00000000,stopped,"no_eligible_positive_value_action,failure_matrix:block",0,False,False,"[""at_risk"", ""diagnosed"", ""stopped""]"
TXN0000140363,C000933,0,369,0,0,0.00000000,stopped,"no_eligible_positive_value_action,failure_matrix:block",0,False,True,"[""at_risk"", ""diagnosed"", ""stopped""]"
TXN0000137139,C008319,0,714,0,0,0.00000000,stopped,"no_eligible_positive_value_action,failure_matrix:block",0,False,True,"[""at_risk"", ""diagnosed"", ""stopped""]"
TXN0000104113,C006685,1,1115,1115,1,10.00000000,recovered,,0,False,True,"[""at_risk"", ""diagnosed"", ""action_selected"", ""action_executed"", ""recovered""]"
TXN0000117047,C004761,0,149,0,0,0.00000000,stopped,"no_eligible_positive_value_action,failure_matrix:block",0,False,True,"[""at_risk"", ""diagnosed"", ""stopped""]"
TXN0000123373,C001097,0,1372,0,0,0.00000000,stopped,"no_eligible_positive_value_action,failure_matrix:block",0,False,True,"[""at_risk"", ""diagnosed"", ""stopped""]"
TXN0000193884,C006157,1,889,889,1,10.00000000,recovered,,0,False,True,"[""at_risk"", ""diagnosed"", ""action_selected"", ""action_executed"", ""recovered""]"
TXN0000124222,C006630,1,2564,2564,2,10.75000000,recovered,,0,False,True,"[""at_risk"", ""diagnosed"", ""action_selected"", ""action_executed"", ""failed"", ""next_action"", ""diagnosed"", ""action_selected"", ""action_executed"", ""recovered""]"
TXN0000168522,C004799,0,462,0,0,0.00000000,stopped,"no_eligible_positive_value_action,failure_matrix:block",0,False,True,"[""at_risk"", ""diagnosed"", ""stopped""]"
TXN0000234040,C003886,1,322,322,1,1.00000000,recovered,,0,False,True,"[""at_risk"", ""diagnosed"", ""action_selected"", ""action_executed"", ""recovered""]"
TXN0000206134,C003754,0,355,0,2,11.00000000,stopped,"recent_intervention_limit_requires_escalation,failure_matrix:block",0,False,True,"[""at_risk"", ""diagnosed"", ""action_selected"", ""action_executed"", ""failed"", ""next_action"", ""diagnosed"", ""action_selected"", ""action_executed"", ""failed"", ""next_action"", ""diagnosed"", ""stopped""]"
TXN0000108405,C004719,1,161,161,1,10.00000000,recovered,,0,False,True,"[""at_risk"", ""diagnosed"", ""action_selected"", ""action_executed"", ""recovered""]"
TXN0000082892,C003977,1,856,856,2,11.00000000,recovered,,0,False,True,"[""at_risk"", ""diagnosed"", ""action_selected"", ""action_executed"", ""failed"", ""next_action"", ""diagnosed"", ""action_selected"", ""action_executed"", ""recovered""]"
TXN0000082161,C006925,1,1433,1433,1,10.00000000,recovered,,0,False,True,"[""at_risk"", ""diagnosed"", ""action_selected"", ""action_executed"", ""recovered""]"
TXN0000181164,C001738,1,2661,2661,2,11.00000000,recovered,,0,False,True,"[""at_risk"", ""diagnosed"", ""action_selected"", ""action_executed"", ""failed"", ""next_action"", ""diagnosed"", ""action_selected"", ""action_executed"", ""recovered""]"
TXN0000014662,C003535,1,91,91,1,0.75000000,recovered,,0,False,True,"[""at_risk"", ""diagnosed"", ""action_selected"", ""action_executed"", ""recovered""]"
TXN0000155460,C001407,0,2372,0,0,0.00000000,stopped,"no_eligible_positive_value_action,failure_matrix:block",0,False,True,"[""at_risk"", ""diagnosed"", ""stopped""]"
TXN0000010586,C008286,0,217,0,0,0.00000000,stopped,"no_eligible_positive_value_action,failure_matrix:block",0,False,True,"[""at_risk"", ""diagnosed"", ""stopped""]"
TXN0000204178,C000932,0,1515,0,0,0.00000000,stopped,"no_eligible_positive_value_action,failure_matrix:block",0,False,True,"[""at_risk"", ""diagnosed"", ""stopped""]"
TXN0000118247,C003666,0,1273,0,0,0.00000000,stopped,"no_eligible_positive_value_action,failure_matrix:block",0,False,True,"[""at_risk"", ""diagnosed"", ""stopped""]"
TXN0000229608,C006973,0,1044,0,0,0.00000000,stopped,"no_eligible_positive_value_action,failure_matrix:block",0,False,True,"[""at_risk"", ""diagnosed"", ""stopped""]"
TXN0000171486,C009628,1,2096,2096,1,1.00000000,recovered,,0,False,True,"[""at_risk"", ""diagnosed"", ""action_selected"", ""action_executed"", ""recovered""]"
TXN0000064104,C007585,1,230,230,1,0.75000000,recovered,,0,False,True,"[""at_risk"", ""diagnosed"", ""action_selected"", ""action_executed"", ""recovered""]"
TXN0000172853,C009309,1,649,649,2,10.75000000,recovered,,0,False,True,"[""at_risk"", ""diagnosed"", ""action_selected"", ""action_executed"", ""failed"", ""next_action"", ""diagnosed"", ""action_selected"", ""action_executed"", ""recovered""]"
TXN0000051831,C007934,1,813,813,2,10.75000000,recovered,,0,False,True,"[""at_risk"", ""diagnosed"", ""action_selected"", ""action_executed"", ""failed"", ""next_action"", ""diagnosed"", ""action_selected"", ""action_executed"", ""recovered""]"
TXN0000146044,C006961,0,875,0,0,0.00000000,stopped,"no_eligible_positive_value_action,failure_matrix:block",0,False,True,"[""at_risk"", ""diagnosed"", ""stopped""]"
TXN0000056223,C000950,1,193,193,1,1.00000000,recovered,,0,False,True,"[""at_risk"", ""diagnosed"", ""action_selected"", ""action_executed"", ""recovered""]"
TXN0000062411,C003164,1,1634,1634,1,0.75000000,recovered,,0,False,True,"[""at_risk"", ""diagnosed"", ""action_selected"", ""action_executed"", ""recovered""]"
TXN0000068347,C000603,1,1880,1880,1,10.00000000,recovered,,0,False,False,"[""at_risk"", ""diagnosed"", ""action_selected"", ""action_executed"", ""recovered""]"
TXN0000191329,C003606,0,939,0,0,0.00000000,stopped,"no_eligible_positive_value_action,failure_matrix:block",0,False,True,"[""at_risk"", ""diagnosed"", ""stopped""]"
TXN0000243280,C006489,1,218,218,1,25.00000000,recovered,,0,False,True,"[""at_risk"", ""diagnosed"", ""action_selected"", ""action_executed"", ""recovered""]"
TXN0000184665,C002155,1,95,95,1,1.00000000,recovered,,0,False,True,"[""at_risk"", ""diagnosed"", ""action_selected"", ""action_executed"", ""recovered""]"
TXN0000231968,C000626,1,214,214,1,1.00000000,recovered,,0,False,True,"[""at_risk"", ""diagnosed"", ""action_selected"", ""action_executed"", ""recovered""]"
TXN0000242207,C000658,0,778,0,0,0.00000000,stopped,"no_eligible_positive_value_action,failure_matrix:block",0,False,True,"[""at_risk"", ""diagnosed"", ""stopped""]"
TXN0000143840,C008737,0,40,0,0,0.00000000,stopped,"no_eligible_positive_value_action,failure_matrix:block",0,False,True,"[""at_risk"", ""diagnosed"", ""stopped""]"
TXN0000172570,C007661,0,777,0,0,0.00000000,stopped,"no_eligible_positive_value_action,failure_matrix:block",0,False,True,"[""at_risk"", ""diagnosed"", ""stopped""]"
TXN0000111127,C009956,1,84,84,1,1.00000000,recovered,,0,False,True,"[""at_risk"", ""diagnosed"", ""action_selected"", ""action_executed"", ""recovered""]"
TXN0000069376,C002375,0,879,0,0,0.00000000,stopped,"no_eligible_positive_value_action,failure_matrix:block",0,False,True,"[""at_risk"", ""diagnosed"", ""stopped""]"
TXN0000089598,C006139,1,306,306,1,0.75000000,recovered,,0,False,True,"[""at_risk"", ""diagnosed"", ""action_selected"", ""action_executed"", ""recovered""]"
TXN0000103154,C007007,0,5350,0,0,0.00000000,stopped,customer_opted_out,0,True,True,"[""at_risk"", ""diagnosed"", ""stopped""]"
TXN0000068286,C002046,1,8877,8877,1,25.00000000,recovered,,0,False,True,"[""at_risk"", ""diagnosed"", ""action_selected"", ""action_executed"", ""recovered""]"
TXN0000124183,C007299,0,6197,0,1,25.00000000,escalated,manual_escalation_completed,0,False,True,"[""at_risk"", ""diagnosed"", ""action_selected"", ""action_executed"", ""escalated""]"
TXN0000111293,C005528,0,2078,0,0,0.00000000,stopped,"no_eligible_positive_value_action,failure_matrix:block",0,False,True,"[""at_risk"", ""diagnosed"", ""stopped""]"
TXN0000134966,C003540,1,586,586,1,1.00000000,recovered,,0,False,True,"[""at_risk"", ""diagnosed"", ""action_selected"", ""action_executed"", ""recovered""]"
TXN0000042622,C003565,1,1948,1948,1,10.00000000,recovered,,0,False,True,"[""at_risk"", ""diagnosed"", ""action_selected"", ""action_executed"", ""recovered""]"
TXN0000123708,C008867,1,571,571,1,0.75000000,recovered,,0,False,True,"[""at_risk"", ""diagnosed"", ""action_selected"", ""action_executed"", ""recovered""]"
TXN0000225091,C002479,1,1353,1353,1,1.00000000,recovered,,0,False,True,"[""at_risk"", ""diagnosed"", ""action_selected"", ""action_executed"", ""recovered""]"
TXN0000090561,C008893,0,3380,0,2,10.75000000,stopped,"no_eligible_positive_value_action,failure_matrix:block",0,False,True,"[""at_risk"", ""diagnosed"", ""action_selected"", ""action_executed"", ""failed"", ""next_action"", ""diagnosed"", ""action_selected"", ""action_executed"", ""failed"", ""next_action"", ""diagnosed"", ""stopped""]"
TXN0000133177,C006538,1,6889,6889,1,10.00000000,recovered,,0,False,True,"[""at_risk"", ""diagnosed"", ""action_selected"", ""action_executed"", ""recovered""]"
TXN0000000684,C008860,1,3969,3969,1,0.75000000,recovered,,0,False,True,"[""at_risk"", ""diagnosed"", ""action_selected"", ""action_executed"", ""recovered""]"
TXN0000213407,C005688,1,163,163,1,1.00000000,recovered,,0,False,True,"[""at_risk"", ""diagnosed"", ""action_selected"", ""action_executed"", ""recovered""]"
TXN0000028885,C004356,1,3216,3216,1,10.00000000,recovered,,0,False,True,"[""at_risk"", ""diagnosed"", ""action_selected"", ""action_executed"", ""recovered""]"
TXN0000153023,C007250,1,5906,5906,2,11.00000000,recovered,,0,False,True,"[""at_risk"", ""diagnosed"", ""action_selected"", ""action_executed"", ""failed"", ""next_action"", ""diagnosed"", ""action_selected"", ""action_executed"", ""recovered""]"
TXN0000150620,C001091,1,78,78,1,0.75000000,recovered,,0,False,True,"[""at_risk"", ""diagnosed"", ""action_selected"", ""action_executed"", ""recovered""]"
TXN0000020190,C008696,1,1176,1176,1,0.75000000,recovered,,0,False,True,"[""at_risk"", ""diagnosed"", ""action_selected"", ""action_executed"", ""recovered""]"
TXN0000107522,C006170,1,3352,3352,1,10.00000000,recovered,,0,False,False,"[""at_risk"", ""diagnosed"", ""action_selected"", ""action_executed"", ""recovered""]"
TXN0000243264,C006239,1,155,155,1,25.00000000,recovered,,0,False,True,"[""at_risk"", ""diagnosed"", ""action_selected"", ""action_executed"", ""recovered""]"
TXN0000029284,C005342,1,1349,1349,2,10.75000000,recovered,,0,False,True,"[""at_risk"", ""diagnosed"", ""action_selected"", ""action_executed"", ""failed"", ""next_action"", ""diagnosed"", ""action_selected"", ""action_executed"", ""recovered""]"
TXN0000209482,C008562,1,903,903,1,10.00000000,recovered,,0,False,True,"[""at_risk"", ""diagnosed"", ""action_selected"", ""action_executed"", ""recovered""]"
TXN0000146659,C000266,1,410,410,1,1.00000000,recovered,,0,False,True,"[""at_risk"", ""diagnosed"", ""action_selected"", ""action_executed"", ""recovered""]"
TXN0000155457,C006900,0,1745,0,2,11.00000000,stopped,"recent_intervention_limit_requires_escalation,failure_matrix:block",0,False,True,"[""at_risk"", ""diagnosed"", ""action_selected"", ""action_executed"", ""failed"", ""next_action"", ""diagnosed"", ""action_selected"", ""action_executed"", ""failed"", ""next_action"", ""diagnosed"", ""stopped""]"
TXN0000090329,C008610,0,1267,0,0,0.00000000,stopped,customer_opted_out,0,True,True,"[""at_risk"", ""diagnosed"", ""stopped""]"
TXN0000052273,C002524,1,215,215,2,10.75000000,recovered,,0,False,True,"[""at_risk"", ""diagnosed"", ""action_selected"", ""action_executed"", ""failed"", ""next_action"", ""diagnosed"", ""action_selected"", ""action_executed"", ""recovered""]"
TXN0000157924,C001671,0,471,0,1,25.00000000,escalated,manual_escalation_completed,0,False,False,"[""at_risk"", ""diagnosed"", ""action_selected"", ""action_executed"", ""escalated""]"
TXN0000026807,C005528,0,3587,0,1,25.00000000,escalated,manual_escalation_completed,0,False,True,"[""at_risk"", ""diagnosed"", ""action_selected"", ""action_executed"", ""escalated""]"
TXN0000165127,C006973,0,175,0,0,0.00000000,stopped,"no_eligible_positive_value_action,failure_matrix:block",0,False,True,"[""at_risk"", ""diagnosed"", ""stopped""]"
TXN0000117663,C008545,1,579,579,1,0.75000000,recovered,,0,False,True,"[""at_risk"", ""diagnosed"", ""action_selected"", ""action_executed"", ""recovered""]"
TXN0000102673,C004332,1,1630,1630,1,0.75000000,recovered,,0,False,True,"[""at_risk"", ""diagnosed"", ""action_selected"", ""action_executed"", ""recovered""]"
TXN0000168992,C003435,0,1079,0,0,0.00000000,stopped,"no_eligible_positive_value_action,failure_matrix:block",0,False,True,"[""at_risk"", ""diagnosed"", ""stopped""]"
TXN0000108899,C004249,0,1174,0,1,1.00000000,stopped,"no_eligible_positive_value_action,failure_matrix:block",0,False,True,"[""at_risk"", ""diagnosed"", ""action_selected"", ""action_executed"", ""failed"", ""next_action"", ""diagnosed"", ""stopped""]"
TXN0000068199,C009611,1,1317,1317,1,10.00000000,recovered,,0,False,True,"[""at_risk"", ""diagnosed"", ""action_selected"", ""action_executed"", ""recovered""]"
TXN0000061812,C003471,1,979,979,1,10.00000000,recovered,,0,False,True,"[""at_risk"", ""diagnosed"", ""action_selected"", ""action_executed"", ""recovered""]"
TXN0000124818,C002194,0,1639,0,2,10.75000000,stopped,"no_eligible_positive_value_action,failure_matrix:block",0,False,True,"[""at_risk"", ""diagnosed"", ""action_selected"", ""action_executed"", ""failed"", ""next_action"", ""diagnosed"", ""action_selected"", ""action_executed"", ""failed"", ""next_action"", ""diagnosed"", ""stopped""]"
TXN0000044737,C006323,0,382,0,0,0.00000000,stopped,customer_opted_out,0,True,True,"[""at_risk"", ""diagnosed"", ""stopped""]"
TXN0000052004,C006230,1,711,711,1,0.75000000,recovered,,0,False,True,"[""at_risk"", ""diagnosed"", ""action_selected"", ""action_executed"", ""recovered""]"
TXN0000118088,C008587,1,561,561,1,0.75000000,recovered,,0,False,True,"[""at_risk"", ""diagnosed"", ""action_selected"", ""action_executed"", ""recovered""]"
TXN0000032108,C001817,1,9578,9578,1,10.00000000,recovered,,0,False,True,"[""at_risk"", ""diagnosed"", ""action_selected"", ""action_executed"", ""recovered""]"
TXN0000096109,C002530,1,1327,1327,1,25.00000000,recovered,,0,False,True,"[""at_risk"", ""diagnosed"", ""action_selected"", ""action_executed"", ""recovered""]"
TXN0000138975,C007016,1,171,171,1,0.75000000,recovered,,0,False,True,"[""at_risk"", ""diagnosed"", ""action_selected"", ""action_executed"", ""recovered""]"
TXN0000063749,C008472,1,498,498,1,1.00000000,recovered,,0,False,True,"[""at_risk"", ""diagnosed"", ""action_selected"", ""action_executed"", ""recovered""]"
TXN0000167376,C009729,0,307,0,1,0.75000000,stopped,"no_eligible_positive_value_action,failure_matrix:block",0,False,True,"[""at_risk"", ""diagnosed"", ""action_selected"", ""action_executed"", ""failed"", ""next_action"", ""diagnosed"", ""stopped""]"
TXN0000032317,C008011,1,2743,2743,1,0.75000000,recovered,,0,False,True,"[""at_risk"", ""diagnosed"", ""action_selected"", ""action_executed"", ""recovered""]"
TXN0000061744,C005843,1,246,246,1,1.00000000,recovered,,0,False,True,"[""at_risk"", ""diagnosed"", ""action_selected"", ""action_executed"", ""recovered""]"
TXN0000093654,C000209,1,996,996,1,1.00000000,recovered,,0,False,True,"[""at_risk"", ""diagnosed"", ""action_selected"", ""action_executed"", ""recovered""]"
TXN0000246929,C003822,1,2781,2781,1,10.00000000,recovered,,0,False,True,"[""at_risk"", ""diagnosed"", ""action_selected"", ""action_executed"", ""recovered""]"
TXN0000016005,C002168,1,4196,4196,1,25.00000000,recovered,,0,False,True,"[""at_risk"", ""diagnosed"", ""action_selected"", ""action_executed"", ""recovered""]"
TXN0000227201,C006701,1,1816,1816,2,10.75000000,recovered,,0,False,True,"[""at_risk"", ""diagnosed"", ""action_selected"", ""action_executed"", ""failed"", ""next_action"", ""diagnosed"", ""action_selected"", ""action_executed"", ""recovered""]"
TXN0000108259,C003842,0,293,0,1,0.75000000,stopped,"no_eligible_positive_value_action,failure_matrix:block",0,False,True,"[""at_risk"", ""diagnosed"", ""action_selected"", ""action_executed"", ""failed"", ""next_action"", ""diagnosed"", ""stopped""]"
TXN0000180178,C007102,0,338,0,0,0.00000000,stopped,"no_eligible_positive_value_action,failure_matrix:block",0,False,False,"[""at_risk"", ""diagnosed"", ""stopped""]"
TXN0000164329,C005940,1,1387,1387,2,11.00000000,recovered,,0,False,False,"[""at_risk"", ""diagnosed"", ""action_selected"", ""action_executed"", ""failed"", ""next_action"", ""diagnosed"", ""action_selected"", ""action_executed"", ""recovered""]"
TXN0000054117,C009903,0,125,0,0,0.00000000,stopped,"no_eligible_positive_value_action,failure_matrix:block",0,False,True,"[""at_risk"", ""diagnosed"", ""stopped""]"
TXN0000137864,C006593,1,355,355,1,0.75000000,recovered,,0,False,True,"[""at_risk"", ""diagnosed"", ""action_selected"", ""action_executed"", ""recovered""]"
TXN0000130492,C007285,1,287,287,1,0.75000000,recovered,,0,False,True,"[""at_risk"", ""diagnosed"", ""action_selected"", ""action_executed"", ""recovered""]"
TXN0000040479,C003887,1,721,721,1,10.00000000,recovered,,0,False,True,"[""at_risk"", ""diagnosed"", ""action_selected"", ""action_executed"", ""recovered""]"
TXN0000035723,C004288,0,646,0,2,10.75000000,stopped,"no_eligible_positive_value_action,failure_matrix:block",0,False,True,"[""at_risk"", ""diagnosed"", ""action_selected"", ""action_executed"", ""failed"", ""next_action"", ""diagnosed"", ""action_selected"", ""action_executed"", ""failed"", ""next_action"", ""diagnosed"", ""stopped""]"
TXN0000148393,C003500,1,163,163,1,1.00000000,recovered,,0,False,True,"[""at_risk"", ""diagnosed"", ""action_selected"", ""action_executed"", ""recovered""]"
TXN0000121491,C006392,1,1061,1061,1,10.00000000,recovered,,0,False,True,"[""at_risk"", ""diagnosed"", ""action_selected"", ""action_executed"", ""recovered""]"
TXN0000062090,C001656,1,355,355,1,1.00000000,recovered,,0,False,True,"[""at_risk"", ""diagnosed"", ""action_selected"", ""action_executed"", ""recovered""]"
TXN0000231782,C003025,1,3674,3674,1,10.00000000,recovered,,0,False,True,"[""at_risk"", ""diagnosed"", ""action_selected"", ""action_executed"", ""recovered""]"
TXN0000064555,C004801,1,1727,1727,1,0.75000000,recovered,,0,False,True,"[""at_risk"", ""diagnosed"", ""action_selected"", ""action_executed"", ""recovered""]"
TXN0000156034,C002069,1,704,704,1,10.00000000,recovered,,0,False,True,"[""at_risk"", ""diagnosed"", ""action_selected"", ""action_executed"", ""recovered""]"
TXN0000233309,C003995,0,75,0,1,1.00000000,stopped,"no_eligible_positive_value_action,failure_matrix:block",0,False,True,"[""at_risk"", ""diagnosed"", ""action_selected"", ""action_executed"", ""failed"", ""next_action"", ""diagnosed"", ""stopped""]"
TXN0000084064,C006854,1,403,403,1,25.00000000,recovered,,0,False,True,"[""at_risk"", ""diagnosed"", ""action_selected"", ""action_executed"", ""recovered""]"
TXN0000052860,C004744,1,5036,5036,1,10.00000000,recovered,,0,False,True,"[""at_risk"", ""diagnosed"", ""action_selected"", ""action_executed"", ""recovered""]"
TXN0000211635,C007494,1,137,137,1,25.00000000,recovered,,0,False,True,"[""at_risk"", ""diagnosed"", ""action_selected"", ""action_executed"", ""recovered""]"
TXN0000031852,C000181,1,366,366,1,10.00000000,recovered,,0,False,True,"[""at_risk"", ""diagnosed"", ""action_selected"", ""action_executed"", ""recovered""]"
TXN0000014290,C005658,0,431,0,0,0.00000000,stopped,"no_eligible_positive_value_action,failure_matrix:block",0,False,True,"[""at_risk"", ""diagnosed"", ""stopped""]"
TXN0000171492,C000884,0,482,0,2,10.75000000,stopped,"no_eligible_positive_value_action,failure_matrix:block",0,False,True,"[""at_risk"", ""diagnosed"", ""action_selected"", ""action_executed"", ""failed"", ""next_action"", ""diagnosed"", ""action_selected"", ""action_executed"", ""failed"", ""next_action"", ""diagnosed"", ""stopped""]"
TXN0000213216,C004109,1,3530,3530,1,0.75000000,recovered,,0,False,True,"[""at_risk"", ""diagnosed"", ""action_selected"", ""action_executed"", ""recovered""]"
TXN0000207023,C004236,0,1023,0,0,0.00000000,stopped,"no_eligible_positive_value_action,failure_matrix:block",0,False,True,"[""at_risk"", ""diagnosed"", ""stopped""]"
TXN0000228588,C007836,0,1522,0,0,0.00000000,stopped,"no_eligible_positive_value_action,failure_matrix:block",0,False,True,"[""at_risk"", ""diagnosed"", ""stopped""]"
TXN0000197833,C000085,1,1130,1130,1,10.00000000,recovered,,0,False,True,"[""at_risk"", ""diagnosed"", ""action_selected"", ""action_executed"", ""recovered""]"
TXN0000227529,C003887,0,617,0,1,0.75000000,stopped,"no_eligible_positive_value_action,failure_matrix:block",0,False,True,"[""at_risk"", ""diagnosed"", ""action_selected"", ""action_executed"", ""failed"", ""next_action"", ""diagnosed"", ""stopped""]"
TXN0000046943,C009907,1,387,387,1,0.75000000,recovered,,0,False,True,"[""at_risk"", ""diagnosed"", ""action_selected"", ""action_executed"", ""recovered""]"
TXN0000043116,C001311,1,1986,1986,2,10.75000000,recovered,,0,False,True,"[""at_risk"", ""diagnosed"", ""action_selected"", ""action_executed"", ""failed"", ""next_action"", ""diagnosed"", ""action_selected"", ""action_executed"", ""recovered""]"
TXN0000185279,C005863,0,806,0,0,0.00000000,stopped,"no_eligible_positive_value_action,failure_matrix:block",0,False,True,"[""at_risk"", ""diagnosed"", ""stopped""]"
TXN0000183634,C001131,1,690,690,1,10.00000000,recovered,,0,False,True,"[""at_risk"", ""diagnosed"", ""action_selected"", ""action_executed"", ""recovered""]"
TXN0000131592,C002038,1,5278,5278,1,10.00000000,recovered,,0,False,True,"[""at_risk"", ""diagnosed"", ""action_selected"", ""action_executed"", ""recovered""]"
TXN0000141483,C009318,1,4941,4941,1,0.75000000,recovered,,0,False,True,"[""at_risk"", ""diagnosed"", ""action_selected"", ""action_executed"", ""recovered""]"
TXN0000241429,C002638,0,170,0,1,1.00000000,stopped,"no_eligible_positive_value_action,failure_matrix:block",0,False,True,"[""at_risk"", ""diagnosed"", ""action_selected"", ""action_executed"", ""failed"", ""next_action"", ""diagnosed"", ""stopped""]"
TXN0000016941,C007369,1,3981,3981,1,10.00000000,recovered,,0,False,True,"[""at_risk"", ""diagnosed"", ""action_selected"", ""action_executed"", ""recovered""]"
TXN0000000588,C004405,1,126,126,1,1.00000000,recovered,,0,False,False,"[""at_risk"", ""diagnosed"", ""action_selected"", ""action_executed"", ""recovered""]"
TXN0000182459,C006123,0,294,0,0,0.00000000,stopped,"no_eligible_positive_value_action,failure_matrix:block",0,False,False,"[""at_risk"", ""diagnosed"", ""stopped""]"
TXN0000019150,C008424,1,437,437,1,10.00000000,recovered,,0,False,True,"[""at_risk"", ""diagnosed"", ""action_selected"", ""action_executed"", ""recovered""]"
TXN0000013166,C007150,0,1810,0,0,0.00000000,stopped,"no_eligible_positive_value_action,failure_matrix:block",0,False,True,"[""at_risk"", ""diagnosed"", ""stopped""]"
TXN0000179444,C001289,1,1870,1870,1,0.75000000,recovered,,0,False,True,"[""at_risk"", ""diagnosed"", ""action_selected"", ""action_executed"", ""recovered""]"
TXN0000046200,C000635,0,4002,0,1,10.00000000,stopped,"no_eligible_positive_value_action,failure_matrix:block",0,False,False,"[""at_risk"", ""diagnosed"", ""action_selected"", ""action_executed"", ""failed"", ""next_action"", ""diagnosed"", ""stopped""]"
TXN0000182288,C007695,1,926,926,1,10.00000000,recovered,,0,False,True,"[""at_risk"", ""diagnosed"", ""action_selected"", ""action_executed"", ""recovered""]"
TXN0000065839,C004780,0,742,0,0,0.00000000,stopped,"no_eligible_positive_value_action,failure_matrix:block",0,False,True,"[""at_risk"", ""diagnosed"", ""stopped""]"
TXN0000118054,C007079,1,1152,1152,1,10.00000000,recovered,,0,False,True,"[""at_risk"", ""diagnosed"", ""action_selected"", ""action_executed"", ""recovered""]"
TXN0000159176,C001642,0,1122,0,0,0.00000000,stopped,"no_eligible_positive_value_action,failure_matrix:block",0,False,True,"[""at_risk"", ""diagnosed"", ""stopped""]"
TXN0000027299,C008308,1,377,377,2,10.75000000,recovered,,0,False,True,"[""at_risk"", ""diagnosed"", ""action_selected"", ""action_executed"", ""failed"", ""next_action"", ""diagnosed"", ""action_selected"", ""action_executed"", ""recovered""]"
TXN0000066689,C001839,1,452,452,1,10.00000000,recovered,,0,False,False,"[""at_risk"", ""diagnosed"", ""action_selected"", ""action_executed"", ""recovered""]"
TXN0000020839,C005834,0,51,0,1,1.00000000,stopped,"no_eligible_positive_value_action,failure_matrix:block",0,False,True,"[""at_risk"", ""diagnosed"", ""action_selected"", ""action_executed"", ""failed"", ""next_action"", ""diagnosed"", ""stopped""]"
TXN0000086800,C003554,0,11703,0,1,25.00000000,escalated,manual_escalation_completed,0,False,True,"[""at_risk"", ""diagnosed"", ""action_selected"", ""action_executed"", ""escalated""]"
TXN0000247533,C008260,1,578,578,1,0.75000000,recovered,,0,False,True,"[""at_risk"", ""diagnosed"", ""action_selected"", ""action_executed"", ""recovered""]"
TXN0000162339,C005272,0,4557,0,0,0.00000000,stopped,"no_eligible_positive_value_action,failure_matrix:block",0,False,True,"[""at_risk"", ""diagnosed"", ""stopped""]"
TXN0000006783,C003907,1,434,434,1,1.00000000,recovered,,0,False,True,"[""at_risk"", ""diagnosed"", ""action_selected"", ""action_executed"", ""recovered""]"
TXN0000004780,C000580,1,642,642,1,1.00000000,recovered,,0,False,True,"[""at_risk"", ""diagnosed"", ""action_selected"", ""action_executed"", ""recovered""]"
TXN0000055770,C003029,1,422,422,1,1.00000000,recovered,,0,False,True,"[""at_risk"", ""diagnosed"", ""action_selected"", ""action_executed"", ""recovered""]"
TXN0000093584,C007324,1,689,689,1,10.00000000,recovered,,0,False,False,"[""at_risk"", ""diagnosed"", ""action_selected"", ""action_executed"", ""recovered""]"
TXN0000177305,C008509,1,776,776,1,10.00000000,recovered,,0,False,True,"[""at_risk"", ""diagnosed"", ""action_selected"", ""action_executed"", ""recovered""]"
TXN0000195867,C009722,0,5244,0,1,10.00000000,stopped,"no_eligible_positive_value_action,failure_matrix:block",0,False,True,"[""at_risk"", ""diagnosed"", ""action_selected"", ""action_executed"", ""failed"", ""next_action"", ""diagnosed"", ""stopped""]"
TXN0000132949,C002891,1,185,185,1,1.00000000,recovered,,0,False,True,"[""at_risk"", ""diagnosed"", ""action_selected"", ""action_executed"", ""recovered""]"
TXN0000101367,C006626,1,193,193,2,10.75000000,recovered,,0,False,True,"[""at_risk"", ""diagnosed"", ""action_selected"", ""action_executed"", ""failed"", ""next_action"", ""diagnosed"", ""action_selected"", ""action_executed"", ""recovered""]"
TXN0000202241,C007709,1,1078,1078,1,10.00000000,recovered,,0,False,False,"[""at_risk"", ""diagnosed"", ""action_selected"", ""action_executed"", ""recovered""]"
TXN0000147004,C004763,0,576,0,0,0.00000000,stopped,"no_eligible_positive_value_action,failure_matrix:block",0,False,True,"[""at_risk"", ""diagnosed"", ""stopped""]"
TXN0000101297,C002240,0,1382,0,2,11.00000000,stopped,"recent_intervention_limit_requires_escalation,failure_matrix:block",0,False,True,"[""at_risk"", ""diagnosed"", ""action_selected"", ""action_executed"", ""failed"", ""next_action"", ""diagnosed"", ""action_selected"", ""action_executed"", ""failed"", ""next_action"", ""diagnosed"", ""stopped""]"
TXN0000033507,C005039,1,584,584,1,0.75000000,recovered,,0,False,True,"[""at_risk"", ""diagnosed"", ""action_selected"", ""action_executed"", ""recovered""]"
TXN0000001645,C004941,1,2752,2752,1,25.00000000,recovered,,0,False,True,"[""at_risk"", ""diagnosed"", ""action_selected"", ""action_executed"", ""recovered""]"
TXN0000187957,C008061,0,531,0,0,0.00000000,stopped,"no_eligible_positive_value_action,failure_matrix:block",0,False,True,"[""at_risk"", ""diagnosed"", ""stopped""]"
TXN0000239514,C009886,1,2257,2257,1,10.00000000,recovered,,0,False,True,"[""at_risk"", ""diagnosed"", ""action_selected"", ""action_executed"", ""recovered""]"
TXN0000068339,C009537,1,490,490,1,1.00000000,recovered,,0,False,True,"[""at_risk"", ""diagnosed"", ""action_selected"", ""action_executed"", ""recovered""]"
TXN0000157087,C008651,1,422,422,1,0.75000000,recovered,,0,False,True,"[""at_risk"", ""diagnosed"", ""action_selected"", ""action_executed"", ""recovered""]"
TXN0000034598,C005724,1,4181,4181,1,25.00000000,recovered,,1,False,True,"[""at_risk"", ""diagnosed"", ""action_selected"", ""action_executed"", ""recovered""]"
TXN0000053270,C005397,0,216,0,0,0.00000000,stopped,"no_eligible_positive_value_action,failure_matrix:block",0,False,True,"[""at_risk"", ""diagnosed"", ""stopped""]"
TXN0000051656,C000796,0,647,0,2,10.75000000,stopped,"no_eligible_positive_value_action,failure_matrix:block",0,False,True,"[""at_risk"", ""diagnosed"", ""action_selected"", ""action_executed"", ""failed"", ""next_action"", ""diagnosed"", ""action_selected"", ""action_executed"", ""failed"", ""next_action"", ""diagnosed"", ""stopped""]"
TXN0000097698,C003012,0,450,0,0,0.00000000,stopped,"no_eligible_positive_value_action,failure_matrix:block",0,False,False,"[""at_risk"", ""diagnosed"", ""stopped""]"
TXN0000099845,C004737,1,224,224,1,1.00000000,recovered,,0,False,False,"[""at_risk"", ""diagnosed"", ""action_selected"", ""action_executed"", ""recovered""]"
TXN0000230532,C008815,1,185,185,1,0.75000000,recovered,,0,False,True,"[""at_risk"", ""diagnosed"", ""action_selected"", ""action_executed"", ""recovered""]"
TXN0000087730,C002638,0,134,0,0,0.00000000,stopped,"no_eligible_positive_value_action,failure_matrix:block",0,False,True,"[""at_risk"", ""diagnosed"", ""stopped""]"
TXN0000036146,C006798,1,6983,6983,1,0.75000000,recovered,,0,False,True,"[""at_risk"", ""diagnosed"", ""action_selected"", ""action_executed"", ""recovered""]"
TXN0000132644,C006825,1,172,172,1,10.00000000,recovered,,0,False,True,"[""at_risk"", ""diagnosed"", ""action_selected"", ""action_executed"", ""recovered""]"
TXN0000101476,C004729,0,369,0,0,0.00000000,stopped,"no_eligible_positive_value_action,failure_matrix:block",0,False,True,"[""at_risk"", ""diagnosed"", ""stopped""]"
TXN0000058431,C005264,0,490,0,2,11.00000000,stopped,"recent_intervention_limit_requires_escalation,failure_matrix:block",0,False,False,"[""at_risk"", ""diagnosed"", ""action_selected"", ""action_executed"", ""failed"", ""next_action"", ""diagnosed"", ""action_selected"", ""action_executed"", ""failed"", ""next_action"", ""diagnosed"", ""stopped""]"
TXN0000083377,C006282,1,7922,7922,2,11.00000000,recovered,,0,False,True,"[""at_risk"", ""diagnosed"", ""action_selected"", ""action_executed"", ""failed"", ""next_action"", ""diagnosed"", ""action_selected"", ""action_executed"", ""recovered""]"
TXN0000208125,C000011,1,3875,3875,1,10.00000000,recovered,,0,False,True,"[""at_risk"", ""diagnosed"", ""action_selected"", ""action_executed"", ""recovered""]"
TXN0000044066,C006831,1,1591,1591,1,10.00000000,recovered,,0,False,True,"[""at_risk"", ""diagnosed"", ""action_selected"", ""action_executed"", ""recovered""]"
TXN0000189301,C002909,1,1426,1426,1,10.00000000,recovered,,0,False,True,"[""at_risk"", ""diagnosed"", ""action_selected"", ""action_executed"", ""recovered""]"
TXN0000014068,C001731,1,285,285,1,1.00000000,recovered,,0,False,True,"[""at_risk"", ""diagnosed"", ""action_selected"", ""action_executed"", ""recovered""]"
TXN0000091946,C007001,1,396,396,1,0.75000000,recovered,,0,False,True,"[""at_risk"", ""diagnosed"", ""action_selected"", ""action_executed"", ""recovered""]"
TXN0000011685,C002802,1,2473,2473,1,10.00000000,recovered,,0,False,True,"[""at_risk"", ""diagnosed"", ""action_selected"", ""action_executed"", ""recovered""]"
TXN0000012058,C003981,0,365,0,2,11.00000000,stopped,"recent_intervention_limit_requires_escalation,failure_matrix:block",0,False,True,"[""at_risk"", ""diagnosed"", ""action_selected"", ""action_executed"", ""failed"", ""next_action"", ""diagnosed"", ""action_selected"", ""action_executed"", ""failed"", ""next_action"", ""diagnosed"", ""stopped""]"
TXN0000045905,C001082,1,302,302,1,0.75000000,recovered,,0,False,True,"[""at_risk"", ""diagnosed"", ""action_selected"", ""action_executed"", ""recovered""]"
TXN0000221728,C004790,1,935,935,1,10.00000000,recovered,,0,False,True,"[""at_risk"", ""diagnosed"", ""action_selected"", ""action_executed"", ""recovered""]"
TXN0000077408,C004491,1,101,101,1,1.00000000,recovered,,0,False,True,"[""at_risk"", ""diagnosed"", ""action_selected"", ""action_executed"", ""recovered""]"
TXN0000134070,C004754,1,1098,1098,2,11.00000000,recovered,,0,False,True,"[""at_risk"", ""diagnosed"", ""action_selected"", ""action_executed"", ""failed"", ""next_action"", ""diagnosed"", ""action_selected"", ""action_executed"", ""recovered""]"
TXN0000064770,C003665,0,13294,0,0,0.00000000,stopped,"no_eligible_positive_value_action,failure_matrix:block",0,False,True,"[""at_risk"", ""diagnosed"", ""stopped""]"
TXN0000178671,C007888,1,1789,1789,1,10.00000000,recovered,,0,False,True,"[""at_risk"", ""diagnosed"", ""action_selected"", ""action_executed"", ""recovered""]"
TXN0000075941,C004771,0,625,0,0,0.00000000,stopped,"no_eligible_positive_value_action,failure_matrix:block",0,False,True,"[""at_risk"", ""diagnosed"", ""stopped""]"
TXN0000190491,C001713,1,3051,3051,1,10.00000000,recovered,,0,False,False,"[""at_risk"", ""diagnosed"", ""action_selected"", ""action_executed"", ""recovered""]"
TXN0000091128,C007103,0,523,0,0,0.00000000,stopped,"no_eligible_positive_value_action,failure_matrix:block",0,False,False,"[""at_risk"", ""diagnosed"", ""stopped""]"
TXN0000131685,C001624,0,718,0,0,0.00000000,stopped,"no_eligible_positive_value_action,failure_matrix:block",0,False,True,"[""at_risk"", ""diagnosed"", ""stopped""]"
TXN0000135760,C007855,1,562,562,1,1.00000000,recovered,,0,False,False,"[""at_risk"", ""diagnosed"", ""action_selected"", ""action_executed"", ""recovered""]"
TXN0000050885,C002200,1,6535,6535,1,10.00000000,recovered,,0,False,False,"[""at_risk"", ""diagnosed"", ""action_selected"", ""action_executed"", ""recovered""]"
TXN0000007262,C001480,1,548,548,2,11.00000000,recovered,,0,False,True,"[""at_risk"", ""diagnosed"", ""action_selected"", ""action_executed"", ""failed"", ""next_action"", ""diagnosed"", ""action_selected"", ""action_executed"", ""recovered""]"
TXN0000216475,C004235,1,1970,1970,1,0.75000000,recovered,,0,False,True,"[""at_risk"", ""diagnosed"", ""action_selected"", ""action_executed"", ""recovered""]"
TXN0000174412,C004232,0,247,0,2,11.00000000,stopped,"recent_intervention_limit_requires_escalation,failure_matrix:block",0,False,True,"[""at_risk"", ""diagnosed"", ""action_selected"", ""action_executed"", ""failed"", ""next_action"", ""diagnosed"", ""action_selected"", ""action_executed"", ""failed"", ""next_action"", ""diagnosed"", ""stopped""]"
TXN0000163374,C008071,1,2861,2861,2,11.00000000,recovered,,0,False,True,"[""at_risk"", ""diagnosed"", ""action_selected"", ""action_executed"", ""failed"", ""next_action"", ""diagnosed"", ""action_selected"", ""action_executed"", ""recovered""]"
TXN0000141088,C003193,0,56,0,0,0.00000000,stopped,"no_eligible_positive_value_action,failure_matrix:block",0,False,True,"[""at_risk"", ""diagnosed"", ""stopped""]"
TXN0000039882,C001806,1,2148,2148,1,1.00000000,recovered,,0,False,True,"[""at_risk"", ""diagnosed"", ""action_selected"", ""action_executed"", ""recovered""]"
TXN0000034253,C002283,0,335,0,0,0.00000000,stopped,"no_eligible_positive_value_action,failure_matrix:block",0,False,True,"[""at_risk"", ""diagnosed"", ""stopped""]"
TXN0000167140,C002309,1,492,492,2,11.00000000,recovered,,0,False,True,"[""at_risk"", ""diagnosed"", ""action_selected"", ""action_executed"", ""failed"", ""next_action"", ""diagnosed"", ""action_selected"", ""action_executed"", ""recovered""]"
TXN0000236393,C004012,1,501,501,1,0.75000000,recovered,,0,False,True,"[""at_risk"", ""diagnosed"", ""action_selected"", ""action_executed"", ""recovered""]"
TXN0000190360,C008338,1,5507,5507,2,10.75000000,recovered,,0,False,True,"[""at_risk"", ""diagnosed"", ""action_selected"", ""action_executed"", ""failed"", ""next_action"", ""diagnosed"", ""action_selected"", ""action_executed"", ""recovered""]"
TXN0000012089,C003008,1,430,430,1,0.75000000,recovered,,0,False,True,"[""at_risk"", ""diagnosed"", ""action_selected"", ""action_executed"", ""recovered""]"
TXN0000104726,C003263,1,2387,2387,1,10.00000000,recovered,,0,False,True,"[""at_risk"", ""diagnosed"", ""action_selected"", ""action_executed"", ""recovered""]"
TXN0000005759,C000703,0,769,0,0,0.00000000,stopped,"no_eligible_positive_value_action,failure_matrix:block",0,False,False,"[""at_risk"", ""diagnosed"", ""stopped""]"
TXN0000030286,C008761,1,67,67,1,1.00000000,recovered,,0,False,True,"[""at_risk"", ""diagnosed"", ""action_selected"", ""action_executed"", ""recovered""]"
TXN0000179511,C009999,1,459,459,1,10.00000000,recovered,,0,False,True,"[""at_risk"", ""diagnosed"", ""action_selected"", ""action_executed"", ""recovered""]"
TXN0000154057,C006400,1,203,203,1,1.00000000,recovered,,0,False,False,"[""at_risk"", ""diagnosed"", ""action_selected"", ""action_executed"", ""recovered""]"
TXN0000030984,C002442,0,639,0,0,0.00000000,stopped,"no_eligible_positive_value_action,failure_matrix:block",0,False,False,"[""at_risk"", ""diagnosed"", ""stopped""]"
TXN0000108362,C004882,1,2100,2100,1,10.00000000,recovered,,0,False,True,"[""at_risk"", ""diagnosed"", ""action_selected"", ""action_executed"", ""recovered""]"
TXN0000083082,C004052,1,485,485,1,0.75000000,recovered,,0,False,True,"[""at_risk"", ""diagnosed"", ""action_selected"", ""action_executed"", ""recovered""]"
TXN0000134420,C006408,0,128,0,0,0.00000000,stopped,"no_eligible_positive_value_action,failure_matrix:block",0,False,True,"[""at_risk"", ""diagnosed"", ""stopped""]"
TXN0000191686,C007361,0,1809,0,0,0.00000000,stopped,"no_eligible_positive_value_action,failure_matrix:block",0,False,True,"[""at_risk"", ""diagnosed"", ""stopped""]"
TXN0000143138,C007850,0,888,0,0,0.00000000,stopped,"no_eligible_positive_value_action,failure_matrix:block",0,False,True,"[""at_risk"", ""diagnosed"", ""stopped""]"
TXN0000025140,C006069,1,2770,2770,1,10.00000000,recovered,,0,False,True,"[""at_risk"", ""diagnosed"", ""action_selected"", ""action_executed"", ""recovered""]"
TXN0000184860,C002130,0,2433,0,0,0.00000000,stopped,"no_eligible_positive_value_action,failure_matrix:block",0,False,True,"[""at_risk"", ""diagnosed"", ""stopped""]"
TXN0000235483,C005162,1,563,563,1,10.00000000,recovered,,0,False,False,"[""at_risk"", ""diagnosed"", ""action_selected"", ""action_executed"", ""recovered""]"
TXN0000020326,C005644,1,62,62,1,25.00000000,recovered,,0,False,True,"[""at_risk"", ""diagnosed"", ""action_selected"", ""action_executed"", ""recovered""]"
TXN0000224346,C003692,1,1795,1795,1,10.00000000,recovered,,0,False,True,"[""at_risk"", ""diagnosed"", ""action_selected"", ""action_executed"", ""recovered""]"
TXN0000063435,C003305,0,715,0,0,0.00000000,stopped,"no_eligible_positive_value_action,failure_matrix:block",0,False,True,"[""at_risk"", ""diagnosed"", ""stopped""]"
TXN0000059864,C006226,1,3820,3820,1,10.00000000,recovered,,0,False,True,"[""at_risk"", ""diagnosed"", ""action_selected"", ""action_executed"", ""recovered""]"
TXN0000068874,C000003,1,649,649,1,10.00000000,recovered,,0,False,False,"[""at_risk"", ""diagnosed"", ""action_selected"", ""action_executed"", ""recovered""]"
TXN0000108174,C005957,1,1046,1046,2,11.00000000,recovered,,0,False,True,"[""at_risk"", ""diagnosed"", ""action_selected"", ""action_executed"", ""failed"", ""next_action"", ""diagnosed"", ""action_selected"", ""action_executed"", ""recovered""]"
TXN0000142241,C005113,1,3954,3954,1,10.00000000,recovered,,0,False,True,"[""at_risk"", ""diagnosed"", ""action_selected"", ""action_executed"", ""recovered""]"
TXN0000058071,C007446,1,923,923,1,10.00000000,recovered,,0,False,True,"[""at_risk"", ""diagnosed"", ""action_selected"", ""action_executed"", ""recovered""]"
TXN0000203678,C002643,1,1034,1034,2,11.00000000,recovered,,0,False,True,"[""at_risk"", ""diagnosed"", ""action_selected"", ""action_executed"", ""failed"", ""next_action"", ""diagnosed"", ""action_selected"", ""action_executed"", ""recovered""]"
TXN0000076341,C004719,0,1560,0,0,0.00000000,stopped,"no_eligible_positive_value_action,failure_matrix:block",0,False,True,"[""at_risk"", ""diagnosed"", ""stopped""]"
TXN0000173658,C004309,1,363,363,1,1.00000000,recovered,,0,False,False,"[""at_risk"", ""diagnosed"", ""action_selected"", ""action_executed"", ""recovered""]"
TXN0000019669,C007115,1,612,612,1,0.75000000,recovered,,0,False,True,"[""at_risk"", ""diagnosed"", ""action_selected"", ""action_executed"", ""recovered""]"
TXN0000242860,C004176,0,735,0,0,0.00000000,stopped,"no_eligible_positive_value_action,failure_matrix:block",0,False,True,"[""at_risk"", ""diagnosed"", ""stopped""]"
TXN0000157757,C007181,1,3242,3242,1,10.00000000,recovered,,0,False,True,"[""at_risk"", ""diagnosed"", ""action_selected"", ""action_executed"", ""recovered""]"
TXN0000083336,C009800,1,8671,8671,1,1.00000000,recovered,,0,False,True,"[""at_risk"", ""diagnosed"", ""action_selected"", ""action_executed"", ""recovered""]"
TXN0000119062,C000827,1,287,287,1,1.00000000,recovered,,0,False,True,"[""at_risk"", ""diagnosed"", ""action_selected"", ""action_executed"", ""recovered""]"
TXN0000076333,C005950,0,499,0,0,0.00000000,stopped,"no_eligible_positive_value_action,failure_matrix:block",0,False,False,"[""at_risk"", ""diagnosed"", ""stopped""]"
TXN0000153313,C003158,1,1339,1339,1,10.00000000,recovered,,0,False,True,"[""at_risk"", ""diagnosed"", ""action_selected"", ""action_executed"", ""recovered""]"
TXN0000181278,C003870,1,663,663,1,0.75000000,recovered,,0,False,True,"[""at_risk"", ""diagnosed"", ""action_selected"", ""action_executed"", ""recovered""]"
TXN0000094686,C003589,1,197,197,1,1.00000000,recovered,,0,False,True,"[""at_risk"", ""diagnosed"", ""action_selected"", ""action_executed"", ""recovered""]"
TXN0000063932,C009108,0,358,0,0,0.00000000,stopped,"no_eligible_positive_value_action,failure_matrix:block",0,False,True,"[""at_risk"", ""diagnosed"", ""stopped""]"
TXN0000061617,C009991,1,859,859,1,10.00000000,recovered,,0,False,True,"[""at_risk"", ""diagnosed"", ""action_selected"", ""action_executed"", ""recovered""]"
TXN0000119244,C007117,1,121,121,1,10.00000000,recovered,,0,False,True,"[""at_risk"", ""diagnosed"", ""action_selected"", ""action_executed"", ""recovered""]"
TXN0000134031,C005114,0,273,0,0,0.00000000,stopped,"no_eligible_positive_value_action,failure_matrix:block",0,False,True,"[""at_risk"", ""diagnosed"", ""stopped""]"
TXN0000247910,C009456,1,98,98,2,10.75000000,recovered,,0,False,True,"[""at_risk"", ""diagnosed"", ""action_selected"", ""action_executed"", ""failed"", ""next_action"", ""diagnosed"", ""action_selected"", ""action_executed"", ""recovered""]"
TXN0000025330,C001494,1,1583,1583,1,10.00000000,recovered,,0,False,True,"[""at_risk"", ""diagnosed"", ""action_selected"", ""action_executed"", ""recovered""]"
TXN0000033470,C004960,1,480,480,1,1.00000000,recovered,,0,False,True,"[""at_risk"", ""diagnosed"", ""action_selected"", ""action_executed"", ""recovered""]"
TXN0000116778,C006557,1,3781,3781,1,10.00000000,recovered,,0,False,True,"[""at_risk"", ""diagnosed"", ""action_selected"", ""action_executed"", ""recovered""]"
TXN0000234740,C006767,1,101,101,1,1.00000000,recovered,,0,False,True,"[""at_risk"", ""diagnosed"", ""action_selected"", ""action_executed"", ""recovered""]"
TXN0000201646,C008462,1,401,401,1,1.00000000,recovered,,0,False,True,"[""at_risk"", ""diagnosed"", ""action_selected"", ""action_executed"", ""recovered""]"
TXN0000141091,C008558,1,7638,7638,2,11.00000000,recovered,,0,False,True,"[""at_risk"", ""diagnosed"", ""action_selected"", ""action_executed"", ""failed"", ""next_action"", ""diagnosed"", ""action_selected"", ""action_executed"", ""recovered""]"
TXN0000078510,C008864,1,289,289,1,1.00000000,recovered,,0,False,True,"[""at_risk"", ""diagnosed"", ""action_selected"", ""action_executed"", ""recovered""]"
TXN0000014354,C001991,0,219,0,2,11.00000000,stopped,"recent_intervention_limit_requires_escalation,failure_matrix:block",0,False,True,"[""at_risk"", ""diagnosed"", ""action_selected"", ""action_executed"", ""failed"", ""next_action"", ""diagnosed"", ""action_selected"", ""action_executed"", ""failed"", ""next_action"", ""diagnosed"", ""stopped""]"
TXN0000192996,C005259,1,8872,8872,1,10.00000000,recovered,,0,False,True,"[""at_risk"", ""diagnosed"", ""action_selected"", ""action_executed"", ""recovered""]"
TXN0000016912,C009050,0,351,0,1,1.00000000,stopped,"no_eligible_positive_value_action,failure_matrix:block",0,False,True,"[""at_risk"", ""diagnosed"", ""action_selected"", ""action_executed"", ""failed"", ""next_action"", ""diagnosed"", ""stopped""]"
TXN0000185379,C009133,0,227,0,0,0.00000000,stopped,"no_eligible_positive_value_action,failure_matrix:block",0,False,True,"[""at_risk"", ""diagnosed"", ""stopped""]"
TXN0000195429,C001688,0,4518,0,0,0.00000000,stopped,"no_eligible_positive_value_action,failure_matrix:block",0,False,True,"[""at_risk"", ""diagnosed"", ""stopped""]"
TXN0000108002,C007510,1,1875,1875,1,1.00000000,recovered,,0,False,True,"[""at_risk"", ""diagnosed"", ""action_selected"", ""action_executed"", ""recovered""]"
TXN0000034805,C000400,1,5499,5499,2,10.75000000,recovered,,0,False,True,"[""at_risk"", ""diagnosed"", ""action_selected"", ""action_executed"", ""failed"", ""next_action"", ""diagnosed"", ""action_selected"", ""action_executed"", ""recovered""]"
TXN0000181389,C008186,1,328,328,1,10.00000000,recovered,,0,False,True,"[""at_risk"", ""diagnosed"", ""action_selected"", ""action_executed"", ""recovered""]"
TXN0000108552,C009202,1,1947,1947,1,25.00000000,recovered,,0,False,True,"[""at_risk"", ""diagnosed"", ""action_selected"", ""action_executed"", ""recovered""]"
TXN0000058444,C008541,1,327,327,1,1.00000000,recovered,,0,False,True,"[""at_risk"", ""diagnosed"", ""action_selected"", ""action_executed"", ""recovered""]"
TXN0000145458,C009680,1,640,640,1,0.75000000,recovered,,0,False,True,"[""at_risk"", ""diagnosed"", ""action_selected"", ""action_executed"", ""recovered""]"
TXN0000146191,C007923,1,1852,1852,1,10.00000000,recovered,,0,False,True,"[""at_risk"", ""diagnosed"", ""action_selected"", ""action_executed"", ""recovered""]"
TXN0000134087,C007541,1,1090,1090,1,0.75000000,recovered,,0,False,True,"[""at_risk"", ""diagnosed"", ""action_selected"", ""action_executed"", ""recovered""]"
TXN0000140977,C003471,0,1173,0,1,25.00000000,escalated,manual_escalation_completed,0,False,True,"[""at_risk"", ""diagnosed"", ""action_selected"", ""action_executed"", ""escalated""]"
TXN0000103693,C001236,0,151,0,0,0.00000000,stopped,"no_eligible_positive_value_action,failure_matrix:block",0,False,True,"[""at_risk"", ""diagnosed"", ""stopped""]"
TXN0000209729,C002686,1,2430,2430,2,10.75000000,recovered,,0,False,True,"[""at_risk"", ""diagnosed"", ""action_selected"", ""action_executed"", ""failed"", ""next_action"", ""diagnosed"", ""action_selected"", ""action_executed"", ""recovered""]"
TXN0000177590,C005832,0,388,0,1,0.75000000,stopped,"no_eligible_positive_value_action,failure_matrix:block",0,False,True,"[""at_risk"", ""diagnosed"", ""action_selected"", ""action_executed"", ""failed"", ""next_action"", ""diagnosed"", ""stopped""]"
TXN0000069604,C000206,1,9976,9976,1,10.00000000,recovered,,0,False,True,"[""at_risk"", ""diagnosed"", ""action_selected"", ""action_executed"", ""recovered""]"
TXN0000141445,C003009,0,1143,0,0,0.00000000,stopped,customer_opted_out,0,True,True,"[""at_risk"", ""diagnosed"", ""stopped""]"
TXN0000137475,C002148,1,531,531,1,1.00000000,recovered,,0,False,True,"[""at_risk"", ""diagnosed"", ""action_selected"", ""action_executed"", ""recovered""]"
TXN0000028417,C005198,1,1260,1260,1,0.75000000,recovered,,0,False,True,"[""at_risk"", ""diagnosed"", ""action_selected"", ""action_executed"", ""recovered""]"
TXN0000222094,C000609,1,243,243,1,10.00000000,recovered,,0,False,True,"[""at_risk"", ""diagnosed"", ""action_selected"", ""action_executed"", ""recovered""]"
TXN0000109830,C000916,1,2888,2888,2,10.75000000,recovered,,0,False,True,"[""at_risk"", ""diagnosed"", ""action_selected"", ""action_executed"", ""failed"", ""next_action"", ""diagnosed"", ""action_selected"", ""action_executed"", ""recovered""]"
TXN0000102052,C009408,1,898,898,1,10.00000000,recovered,,0,False,True,"[""at_risk"", ""diagnosed"", ""action_selected"", ""action_executed"", ""recovered""]"
TXN0000047720,C000988,1,488,488,1,1.00000000,recovered,,0,False,True,"[""at_risk"", ""diagnosed"", ""action_selected"", ""action_executed"", ""recovered""]"
TXN0000200607,C005298,1,137,137,1,0.75000000,recovered,,0,False,True,"[""at_risk"", ""diagnosed"", ""action_selected"", ""action_executed"", ""recovered""]"
TXN0000111228,C009373,1,217,217,1,0.75000000,recovered,,0,False,True,"[""at_risk"", ""diagnosed"", ""action_selected"", ""action_executed"", ""recovered""]"
TXN0000069461,C001158,0,797,0,0,0.00000000,stopped,"no_eligible_positive_value_action,failure_matrix:block",0,False,True,"[""at_risk"", ""diagnosed"", ""stopped""]"
TXN0000144198,C005036,0,352,0,0,0.00000000,stopped,"no_eligible_positive_value_action,failure_matrix:block",0,False,True,"[""at_risk"", ""diagnosed"", ""stopped""]"
TXN0000181196,C000553,0,638,0,2,10.75000000,stopped,"no_eligible_positive_value_action,failure_matrix:block",0,False,True,"[""at_risk"", ""diagnosed"", ""action_selected"", ""action_executed"", ""failed"", ""next_action"", ""diagnosed"", ""action_selected"", ""action_executed"", ""failed"", ""next_action"", ""diagnosed"", ""stopped""]"
TXN0000069736,C000735,1,168,168,1,25.00000000,recovered,,0,False,True,"[""at_risk"", ""diagnosed"", ""action_selected"", ""action_executed"", ""recovered""]"
TXN0000091811,C008731,1,211,211,1,1.00000000,recovered,,0,False,True,"[""at_risk"", ""diagnosed"", ""action_selected"", ""action_executed"", ""recovered""]"
TXN0000240920,C008571,1,854,854,1,10.00000000,recovered,,0,False,True,"[""at_risk"", ""diagnosed"", ""action_selected"", ""action_executed"", ""recovered""]"
TXN0000188745,C000777,0,233,0,1,1.00000000,stopped,"no_eligible_positive_value_action,failure_matrix:block",0,False,True,"[""at_risk"", ""diagnosed"", ""action_selected"", ""action_executed"", ""failed"", ""next_action"", ""diagnosed"", ""stopped""]"
TXN0000120849,C004989,0,1496,0,0,0.00000000,stopped,"no_eligible_positive_value_action,failure_matrix:block",0,False,True,"[""at_risk"", ""diagnosed"", ""stopped""]"
TXN0000201659,C007734,0,7342,0,0,0.00000000,stopped,"no_eligible_positive_value_action,failure_matrix:block",0,False,True,"[""at_risk"", ""diagnosed"", ""stopped""]"
TXN0000104896,C002588,0,6316,0,1,10.00000000,stopped,"no_eligible_positive_value_action,failure_matrix:block",0,False,True,"[""at_risk"", ""diagnosed"", ""action_selected"", ""action_executed"", ""failed"", ""next_action"", ""diagnosed"", ""stopped""]"
TXN0000110922,C007945,1,849,849,1,10.00000000,recovered,,0,False,True,"[""at_risk"", ""diagnosed"", ""action_selected"", ""action_executed"", ""recovered""]"
TXN0000213317,C004524,1,524,524,1,1.00000000,recovered,,0,False,True,"[""at_risk"", ""diagnosed"", ""action_selected"", ""action_executed"", ""recovered""]"
TXN0000220261,C002467,0,354,0,1,0.75000000,stopped,"no_eligible_positive_value_action,failure_matrix:block",0,False,True,"[""at_risk"", ""diagnosed"", ""action_selected"", ""action_executed"", ""failed"", ""next_action"", ""diagnosed"", ""stopped""]"
TXN0000048428,C001941,0,339,0,0,0.00000000,stopped,"no_eligible_positive_value_action,failure_matrix:block",0,False,True,"[""at_risk"", ""diagnosed"", ""stopped""]"
TXN0000217974,C005874,0,1219,0,1,25.00000000,escalated,manual_escalation_completed,0,False,True,"[""at_risk"", ""diagnosed"", ""action_selected"", ""action_executed"", ""escalated""]"
TXN0000161101,C009691,0,293,0,0,0.00000000,stopped,customer_opted_out,0,True,True,"[""at_risk"", ""diagnosed"", ""stopped""]"
TXN0000086144,C005606,1,326,326,1,25.00000000,recovered,,0,False,True,"[""at_risk"", ""diagnosed"", ""action_selected"", ""action_executed"", ""recovered""]"
TXN0000088706,C001248,0,1718,0,2,11.00000000,stopped,"recent_intervention_limit_requires_escalation,failure_matrix:block",0,False,True,"[""at_risk"", ""diagnosed"", ""action_selected"", ""action_executed"", ""failed"", ""next_action"", ""diagnosed"", ""action_selected"", ""action_executed"", ""failed"", ""next_action"", ""diagnosed"", ""stopped""]"
TXN0000217416,C008835,1,258,258,1,0.75000000,recovered,,0,False,True,"[""at_risk"", ""diagnosed"", ""action_selected"", ""action_executed"", ""recovered""]"
TXN0000130706,C006844,1,243,243,1,1.00000000,recovered,,0,False,True,"[""at_risk"", ""diagnosed"", ""action_selected"", ""action_executed"", ""recovered""]"
TXN0000078603,C002621,1,474,474,1,1.00000000,recovered,,0,False,True,"[""at_risk"", ""diagnosed"", ""action_selected"", ""action_executed"", ""recovered""]"
TXN0000049297,C006739,1,1775,1775,2,11.00000000,recovered,,0,False,True,"[""at_risk"", ""diagnosed"", ""action_selected"", ""action_executed"", ""failed"", ""next_action"", ""diagnosed"", ""action_selected"", ""action_executed"", ""recovered""]"
TXN0000022968,C006088,0,397,0,0,0.00000000,stopped,"no_eligible_positive_value_action,failure_matrix:block",0,False,False,"[""at_risk"", ""diagnosed"", ""stopped""]"
TXN0000095773,C009691,0,166,0,0,0.00000000,stopped,customer_opted_out,0,True,True,"[""at_risk"", ""diagnosed"", ""stopped""]"
TXN0000086499,C009902,1,664,664,1,0.75000000,recovered,,0,False,True,"[""at_risk"", ""diagnosed"", ""action_selected"", ""action_executed"", ""recovered""]"
TXN0000163655,C005472,1,706,706,1,10.00000000,recovered,,0,False,True,"[""at_risk"", ""diagnosed"", ""action_selected"", ""action_executed"", ""recovered""]"
TXN0000053627,C004354,0,1151,0,2,10.75000000,stopped,"no_eligible_positive_value_action,failure_matrix:block",0,False,True,"[""at_risk"", ""diagnosed"", ""action_selected"", ""action_executed"", ""failed"", ""next_action"", ""diagnosed"", ""action_selected"", ""action_executed"", ""failed"", ""next_action"", ""diagnosed"", ""stopped""]"
TXN0000133579,C004145,0,11305,0,0,0.00000000,stopped,"no_eligible_positive_value_action,failure_matrix:block",0,False,False,"[""at_risk"", ""diagnosed"", ""stopped""]"
TXN0000017080,C001451,0,844,0,0,0.00000000,stopped,"no_eligible_positive_value_action,failure_matrix:block",0,False,True,"[""at_risk"", ""diagnosed"", ""stopped""]"
TXN0000146467,C009050,0,34,0,0,0.00000000,stopped,"no_eligible_positive_value_action,failure_matrix:block",0,False,True,"[""at_risk"", ""diagnosed"", ""stopped""]"
TXN0000069400,C000139,1,1926,1926,1,10.00000000,recovered,,0,False,True,"[""at_risk"", ""diagnosed"", ""action_selected"", ""action_executed"", ""recovered""]"
TXN0000210391,C007575,0,864,0,0,0.00000000,stopped,"no_eligible_positive_value_action,failure_matrix:block",0,False,True,"[""at_risk"", ""diagnosed"", ""stopped""]"
TXN0000006758,C006755,1,614,614,1,10.00000000,recovered,,0,False,True,"[""at_risk"", ""diagnosed"", ""action_selected"", ""action_executed"", ""recovered""]"
TXN0000043144,C007461,1,438,438,1,1.00000000,recovered,,0,False,True,"[""at_risk"", ""diagnosed"", ""action_selected"", ""action_executed"", ""recovered""]"
TXN0000058599,C004817,1,1384,1384,1,10.00000000,recovered,,0,False,True,"[""at_risk"", ""diagnosed"", ""action_selected"", ""action_executed"", ""recovered""]"
TXN0000152039,C007202,0,78,0,0,0.00000000,stopped,"no_eligible_positive_value_action,failure_matrix:block",0,False,True,"[""at_risk"", ""diagnosed"", ""stopped""]"
TXN0000014936,C001594,1,89,89,1,1.00000000,recovered,,0,False,True,"[""at_risk"", ""diagnosed"", ""action_selected"", ""action_executed"", ""recovered""]"
TXN0000155499,C003565,1,3995,3995,1,10.00000000,recovered,,0,False,True,"[""at_risk"", ""diagnosed"", ""action_selected"", ""action_executed"", ""recovered""]"
TXN0000233007,C005309,0,518,0,0,0.00000000,stopped,"no_eligible_positive_value_action,failure_matrix:block",0,False,False,"[""at_risk"", ""diagnosed"", ""stopped""]"
TXN0000192923,C009727,0,136,0,0,0.00000000,stopped,"no_eligible_positive_value_action,failure_matrix:block",0,False,True,"[""at_risk"", ""diagnosed"", ""stopped""]"
TXN0000219684,C003247,1,213,213,1,0.75000000,recovered,,0,False,True,"[""at_risk"", ""diagnosed"", ""action_selected"", ""action_executed"", ""recovered""]"
TXN0000168051,C007654,0,314,0,1,25.00000000,escalated,manual_escalation_completed,0,False,True,"[""at_risk"", ""diagnosed"", ""action_selected"", ""action_executed"", ""escalated""]"
TXN0000028317,C005608,0,381,0,0,0.00000000,stopped,"no_eligible_positive_value_action,failure_matrix:block",0,False,False,"[""at_risk"", ""diagnosed"", ""stopped""]"
TXN0000185420,C007322,0,4439,0,1,10.00000000,stopped,"no_eligible_positive_value_action,failure_matrix:block",0,False,False,"[""at_risk"", ""diagnosed"", ""action_selected"", ""action_executed"", ""failed"", ""next_action"", ""diagnosed"", ""stopped""]"
TXN0000128696,C006441,1,1975,1975,1,10.00000000,recovered,,0,False,True,"[""at_risk"", ""diagnosed"", ""action_selected"", ""action_executed"", ""recovered""]"
TXN0000074679,C009665,0,2860,0,1,1.00000000,stopped,"no_eligible_positive_value_action,failure_matrix:block",0,False,True,"[""at_risk"", ""diagnosed"", ""action_selected"", ""action_executed"", ""failed"", ""next_action"", ""diagnosed"", ""stopped""]"
TXN0000240116,C008151,0,682,0,0,0.00000000,stopped,"no_eligible_positive_value_action,failure_matrix:block",0,False,True,"[""at_risk"", ""diagnosed"", ""stopped""]"
TXN0000110552,C003067,0,163,0,0,0.00000000,stopped,"no_eligible_positive_value_action,failure_matrix:block",0,False,True,"[""at_risk"", ""diagnosed"", ""stopped""]"
TXN0000055585,C006483,1,1156,1156,1,1.00000000,recovered,,0,False,True,"[""at_risk"", ""diagnosed"", ""action_selected"", ""action_executed"", ""recovered""]"
TXN0000165079,C008787,0,1563,0,0,0.00000000,stopped,customer_opted_out,0,True,True,"[""at_risk"", ""diagnosed"", ""stopped""]"
TXN0000048177,C007096,1,8921,8921,1,10.00000000,recovered,,0,False,True,"[""at_risk"", ""diagnosed"", ""action_selected"", ""action_executed"", ""recovered""]"
TXN0000001921,C005386,0,284,0,0,0.00000000,stopped,"no_eligible_positive_value_action,failure_matrix:block",0,False,True,"[""at_risk"", ""diagnosed"", ""stopped""]"
TXN0000222482,C008366,0,74,0,1,1.00000000,stopped,"no_eligible_positive_value_action,failure_matrix:block",0,False,False,"[""at_risk"", ""diagnosed"", ""action_selected"", ""action_executed"", ""failed"", ""next_action"", ""diagnosed"", ""stopped""]"
TXN0000081147,C003384,1,1948,1948,1,1.00000000,recovered,,0,False,True,"[""at_risk"", ""diagnosed"", ""action_selected"", ""action_executed"", ""recovered""]"
TXN0000158175,C009140,1,14441,14441,1,10.00000000,recovered,,0,False,True,"[""at_risk"", ""diagnosed"", ""action_selected"", ""action_executed"", ""recovered""]"
TXN0000059725,C004392,1,3362,3362,1,1.00000000,recovered,,0,False,True,"[""at_risk"", ""diagnosed"", ""action_selected"", ""action_executed"", ""recovered""]"
TXN0000229679,C005498,0,267,0,0,0.00000000,stopped,"no_eligible_positive_value_action,failure_matrix:block",0,False,True,"[""at_risk"", ""diagnosed"", ""stopped""]"
TXN0000110029,C003294,0,1825,0,2,11.00000000,stopped,"recent_intervention_limit_requires_escalation,failure_matrix:block",0,False,True,"[""at_risk"", ""diagnosed"", ""action_selected"", ""action_executed"", ""failed"", ""next_action"", ""diagnosed"", ""action_selected"", ""action_executed"", ""failed"", ""next_action"", ""diagnosed"", ""stopped""]"
TXN0000092643,C003835,1,170,170,1,0.75000000,recovered,,0,False,True,"[""at_risk"", ""diagnosed"", ""action_selected"", ""action_executed"", ""recovered""]"
TXN0000055536,C008487,0,1076,0,1,0.75000000,stopped,"no_eligible_positive_value_action,failure_matrix:block",0,False,True,"[""at_risk"", ""diagnosed"", ""action_selected"", ""action_executed"", ""failed"", ""next_action"", ""diagnosed"", ""stopped""]"
TXN0000120300,C009022,1,705,705,1,10.00000000,recovered,,0,False,True,"[""at_risk"", ""diagnosed"", ""action_selected"", ""action_executed"", ""recovered""]"
TXN0000010364,C007590,1,1133,1133,1,0.75000000,recovered,,0,False,True,"[""at_risk"", ""diagnosed"", ""action_selected"", ""action_executed"", ""recovered""]"
TXN0000147193,C008080,1,3178,3178,1,10.00000000,recovered,,0,False,True,"[""at_risk"", ""diagnosed"", ""action_selected"", ""action_executed"", ""recovered""]"
TXN0000199642,C006235,1,1718,1718,1,0.75000000,recovered,,0,False,True,"[""at_risk"", ""diagnosed"", ""action_selected"", ""action_executed"", ""recovered""]"
TXN0000187400,C000855,1,807,807,1,0.75000000,recovered,,0,False,True,"[""at_risk"", ""diagnosed"", ""action_selected"", ""action_executed"", ""recovered""]"
TXN0000247555,C006074,1,2011,2011,2,10.75000000,recovered,,0,False,True,"[""at_risk"", ""diagnosed"", ""action_selected"", ""action_executed"", ""failed"", ""next_action"", ""diagnosed"", ""action_selected"", ""action_executed"", ""recovered""]"
TXN0000010002,C002287,1,247,247,1,1.00000000,recovered,,0,False,True,"[""at_risk"", ""diagnosed"", ""action_selected"", ""action_executed"", ""recovered""]"
TXN0000133021,C001818,1,7953,7953,2,10.75000000,recovered,,0,False,True,"[""at_risk"", ""diagnosed"", ""action_selected"", ""action_executed"", ""failed"", ""next_action"", ""diagnosed"", ""action_selected"", ""action_executed"", ""recovered""]"
TXN0000112997,C009455,1,981,981,1,1.00000000,recovered,,0,False,True,"[""at_risk"", ""diagnosed"", ""action_selected"", ""action_executed"", ""recovered""]"
TXN0000246493,C003139,0,333,0,0,0.00000000,stopped,"no_eligible_positive_value_action,failure_matrix:block",0,False,True,"[""at_risk"", ""diagnosed"", ""stopped""]"
TXN0000001111,C002209,1,2032,2032,1,10.00000000,recovered,,0,False,True,"[""at_risk"", ""diagnosed"", ""action_selected"", ""action_executed"", ""recovered""]"
TXN0000162525,C005117,1,394,394,1,10.00000000,recovered,,0,False,False,"[""at_risk"", ""diagnosed"", ""action_selected"", ""action_executed"", ""recovered""]"
TXN0000103056,C005484,0,561,0,0,0.00000000,stopped,customer_opted_out,0,True,True,"[""at_risk"", ""diagnosed"", ""stopped""]"
TXN0000057890,C005469,1,2511,2511,1,0.75000000,recovered,,0,False,True,"[""at_risk"", ""diagnosed"", ""action_selected"", ""action_executed"", ""recovered""]"
TXN0000059983,C004456,1,3398,3398,1,10.00000000,recovered,,0,False,True,"[""at_risk"", ""diagnosed"", ""action_selected"", ""action_executed"", ""recovered""]"
TXN0000055019,C007664,0,264,0,0,0.00000000,stopped,"no_eligible_positive_value_action,failure_matrix:block",0,False,True,"[""at_risk"", ""diagnosed"", ""stopped""]"
TXN0000113742,C005931,1,278,278,1,10.00000000,recovered,,0,False,True,"[""at_risk"", ""diagnosed"", ""action_selected"", ""action_executed"", ""recovered""]"
TXN0000063363,C000207,1,93,93,1,0.75000000,recovered,,0,False,True,"[""at_risk"", ""diagnosed"", ""action_selected"", ""action_executed"", ""recovered""]"
TXN0000200662,C003750,1,424,424,2,10.75000000,recovered,,0,False,True,"[""at_risk"", ""diagnosed"", ""action_selected"", ""action_executed"", ""failed"", ""next_action"", ""diagnosed"", ""action_selected"", ""action_executed"", ""recovered""]"
TXN0000112625,C009124,0,2558,0,0,0.00000000,stopped,"no_eligible_positive_value_action,failure_matrix:block",0,False,True,"[""at_risk"", ""diagnosed"", ""stopped""]"
TXN0000138229,C000172,0,1820,0,0,0.00000000,stopped,customer_opted_out,0,True,True,"[""at_risk"", ""diagnosed"", ""stopped""]"
TXN0000217147,C003414,0,150,0,1,1.00000000,stopped,"no_eligible_positive_value_action,failure_matrix:block",0,False,True,"[""at_risk"", ""diagnosed"", ""action_selected"", ""action_executed"", ""failed"", ""next_action"", ""diagnosed"", ""stopped""]"
TXN0000235139,C002276,1,521,521,1,0.75000000,recovered,,0,False,True,"[""at_risk"", ""diagnosed"", ""action_selected"", ""action_executed"", ""recovered""]"
TXN0000163574,C008887,1,249,249,1,0.75000000,recovered,,0,False,True,"[""at_risk"", ""diagnosed"", ""action_selected"", ""action_executed"", ""recovered""]"
TXN0000148980,C005726,1,2959,2959,1,0.75000000,recovered,,0,False,True,"[""at_risk"", ""diagnosed"", ""action_selected"", ""action_executed"", ""recovered""]"
TXN0000241511,C001398,0,1466,0,0,0.00000000,stopped,"no_eligible_positive_value_action,failure_matrix:block",0,False,True,"[""at_risk"", ""diagnosed"", ""stopped""]"
TXN0000199531,C001696,1,457,457,1,0.75000000,recovered,,0,False,True,"[""at_risk"", ""diagnosed"", ""action_selected"", ""action_executed"", ""recovered""]"
TXN0000241018,C001616,0,428,0,1,0.75000000,stopped,"no_eligible_positive_value_action,failure_matrix:block",0,False,True,"[""at_risk"", ""diagnosed"", ""action_selected"", ""action_executed"", ""failed"", ""next_action"", ""diagnosed"", ""stopped""]"
TXN0000076520,C003650,1,1889,1889,1,25.00000000,recovered,,0,False,True,"[""at_risk"", ""diagnosed"", ""action_selected"", ""action_executed"", ""recovered""]"
TXN0000240033,C005558,1,492,492,1,10.00000000,recovered,,0,False,True,"[""at_risk"", ""diagnosed"", ""action_selected"", ""action_executed"", ""recovered""]"
TXN0000008592,C005569,1,1349,1349,1,25.00000000,recovered,,0,False,False,"[""at_risk"", ""diagnosed"", ""action_selected"", ""action_executed"", ""recovered""]"
TXN0000048944,C001259,1,401,401,1,0.75000000,recovered,,0,False,True,"[""at_risk"", ""diagnosed"", ""action_selected"", ""action_executed"", ""recovered""]"
TXN0000203126,C002696,0,2195,0,0,0.00000000,stopped,customer_opted_out,0,True,True,"[""at_risk"", ""diagnosed"", ""stopped""]"
TXN0000218114,C000215,1,403,403,1,10.00000000,recovered,,0,False,True,"[""at_risk"", ""diagnosed"", ""action_selected"", ""action_executed"", ""recovered""]"
TXN0000171277,C000301,0,117,0,1,10.00000000,stopped,"no_eligible_positive_value_action,failure_matrix:block",0,False,False,"[""at_risk"", ""diagnosed"", ""action_selected"", ""action_executed"", ""failed"", ""next_action"", ""diagnosed"", ""stopped""]"
TXN0000122460,C004363,0,38,0,0,0.00000000,stopped,"no_eligible_positive_value_action,failure_matrix:block",0,False,True,"[""at_risk"", ""diagnosed"", ""stopped""]"
TXN0000192365,C008419,1,325,325,1,1.00000000,recovered,,0,False,True,"[""at_risk"", ""diagnosed"", ""action_selected"", ""action_executed"", ""recovered""]"
TXN0000029974,C008455,0,617,0,0,0.00000000,stopped,"no_eligible_positive_value_action,failure_matrix:block",0,False,True,"[""at_risk"", ""diagnosed"", ""stopped""]"
TXN0000176281,C004585,1,918,918,1,0.75000000,recovered,,0,False,True,"[""at_risk"", ""diagnosed"", ""action_selected"", ""action_executed"", ""recovered""]"
TXN0000043127,C008021,0,6799,0,1,25.00000000,escalated,manual_escalation_completed,1,False,True,"[""at_risk"", ""diagnosed"", ""action_selected"", ""action_executed"", ""escalated""]"
TXN0000021687,C008349,0,1046,0,0,0.00000000,stopped,"no_eligible_positive_value_action,failure_matrix:block",0,False,True,"[""at_risk"", ""diagnosed"", ""stopped""]"
TXN0000242168,C004412,1,1118,1118,1,10.00000000,recovered,,0,False,True,"[""at_risk"", ""diagnosed"", ""action_selected"", ""action_executed"", ""recovered""]"
TXN0000243170,C002591,0,120,0,0,0.00000000,stopped,"no_eligible_positive_value_action,failure_matrix:block",0,False,True,"[""at_risk"", ""diagnosed"", ""stopped""]"
TXN0000015997,C002698,0,588,0,1,25.00000000,escalated,manual_escalation_completed,0,False,True,"[""at_risk"", ""diagnosed"", ""action_selected"", ""action_executed"", ""escalated""]"
TXN0000062916,C000095,0,403,0,0,0.00000000,stopped,"no_eligible_positive_value_action,failure_matrix:block",0,False,True,"[""at_risk"", ""diagnosed"", ""stopped""]"
TXN0000189136,C003254,1,395,395,1,25.00000000,recovered,,0,False,True,"[""at_risk"", ""diagnosed"", ""action_selected"", ""action_executed"", ""recovered""]"
TXN0000069326,C004195,1,1208,1208,1,10.00000000,recovered,,0,False,True,"[""at_risk"", ""diagnosed"", ""action_selected"", ""action_executed"", ""recovered""]"
TXN0000177395,C001082,0,1803,0,2,11.00000000,stopped,"recent_intervention_limit_requires_escalation,failure_matrix:block",0,False,True,"[""at_risk"", ""diagnosed"", ""action_selected"", ""action_executed"", ""failed"", ""next_action"", ""diagnosed"", ""action_selected"", ""action_executed"", ""failed"", ""next_action"", ""diagnosed"", ""stopped""]"
TXN0000238542,C002557,1,735,735,1,10.00000000,recovered,,0,False,True,"[""at_risk"", ""diagnosed"", ""action_selected"", ""action_executed"", ""recovered""]"
TXN0000224453,C009276,1,383,383,1,1.00000000,recovered,,0,False,True,"[""at_risk"", ""diagnosed"", ""action_selected"", ""action_executed"", ""recovered""]"
TXN0000103151,C005323,1,1864,1864,1,10.00000000,recovered,,0,False,True,"[""at_risk"", ""diagnosed"", ""action_selected"", ""action_executed"", ""recovered""]"
TXN0000137794,C006209,1,917,917,1,10.00000000,recovered,,0,False,True,"[""at_risk"", ""diagnosed"", ""action_selected"", ""action_executed"", ""recovered""]"
TXN0000070900,C002229,1,1013,1013,1,0.75000000,recovered,,0,False,True,"[""at_risk"", ""diagnosed"", ""action_selected"", ""action_executed"", ""recovered""]"
TXN0000109296,C008726,1,258,258,2,10.75000000,recovered,,0,False,True,"[""at_risk"", ""diagnosed"", ""action_selected"", ""action_executed"", ""failed"", ""next_action"", ""diagnosed"", ""action_selected"", ""action_executed"", ""recovered""]"
TXN0000057827,C008945,0,658,0,0,0.00000000,stopped,"no_eligible_positive_value_action,failure_matrix:block",0,False,True,"[""at_risk"", ""diagnosed"", ""stopped""]"
TXN0000071816,C006575,0,161,0,0,0.00000000,stopped,"no_eligible_positive_value_action,failure_matrix:block",0,False,True,"[""at_risk"", ""diagnosed"", ""stopped""]"
TXN0000234750,C005859,0,935,0,2,10.75000000,stopped,"no_eligible_positive_value_action,failure_matrix:block",0,False,True,"[""at_risk"", ""diagnosed"", ""action_selected"", ""action_executed"", ""failed"", ""next_action"", ""diagnosed"", ""action_selected"", ""action_executed"", ""failed"", ""next_action"", ""diagnosed"", ""stopped""]"
TXN0000167242,C006549,1,3189,3189,2,10.75000000,recovered,,0,False,True,"[""at_risk"", ""diagnosed"", ""action_selected"", ""action_executed"", ""failed"", ""next_action"", ""diagnosed"", ""action_selected"", ""action_executed"", ""recovered""]"
TXN0000071852,C007365,1,552,552,1,10.00000000,recovered,,0,False,True,"[""at_risk"", ""diagnosed"", ""action_selected"", ""action_executed"", ""recovered""]"
TXN0000114667,C003876,1,5261,5261,1,10.00000000,recovered,,0,False,True,"[""at_risk"", ""diagnosed"", ""action_selected"", ""action_executed"", ""recovered""]"
TXN0000230781,C001312,1,906,906,1,10.00000000,recovered,,0,False,True,"[""at_risk"", ""diagnosed"", ""action_selected"", ""action_executed"", ""recovered""]"
TXN0000075392,C007149,1,1774,1774,1,10.00000000,recovered,,0,False,True,"[""at_risk"", ""diagnosed"", ""action_selected"", ""action_executed"", ""recovered""]"
TXN0000015057,C001499,1,626,626,2,11.00000000,recovered,,0,False,True,"[""at_risk"", ""diagnosed"", ""action_selected"", ""action_executed"", ""failed"", ""next_action"", ""diagnosed"", ""action_selected"", ""action_executed"", ""recovered""]"
TXN0000150865,C007180,0,891,0,0,0.00000000,stopped,"no_eligible_positive_value_action,failure_matrix:block",0,False,True,"[""at_risk"", ""diagnosed"", ""stopped""]"
TXN0000201556,C008415,1,632,632,1,0.75000000,recovered,,0,False,True,"[""at_risk"", ""diagnosed"", ""action_selected"", ""action_executed"", ""recovered""]"
TXN0000096115,C005526,1,5969,5969,2,10.75000000,recovered,,0,False,True,"[""at_risk"", ""diagnosed"", ""action_selected"", ""action_executed"", ""failed"", ""next_action"", ""diagnosed"", ""action_selected"", ""action_executed"", ""recovered""]"
TXN0000246894,C000434,1,287,287,1,0.75000000,recovered,,0,False,True,"[""at_risk"", ""diagnosed"", ""action_selected"", ""action_executed"", ""recovered""]"
TXN0000095299,C007259,1,6046,6046,2,10.75000000,recovered,,0,False,True,"[""at_risk"", ""diagnosed"", ""action_selected"", ""action_executed"", ""failed"", ""next_action"", ""diagnosed"", ""action_selected"", ""action_executed"", ""recovered""]"
TXN0000218826,C006134,1,9564,9564,1,25.00000000,recovered,,0,False,True,"[""at_risk"", ""diagnosed"", ""action_selected"", ""action_executed"", ""recovered""]"
TXN0000048806,C001707,1,206,206,1,1.00000000,recovered,,0,False,True,"[""at_risk"", ""diagnosed"", ""action_selected"", ""action_executed"", ""recovered""]"
TXN0000224745,C009011,1,511,511,1,0.75000000,recovered,,0,False,True,"[""at_risk"", ""diagnosed"", ""action_selected"", ""action_executed"", ""recovered""]"
TXN0000154071,C008969,1,504,504,1,0.75000000,recovered,,0,False,True,"[""at_risk"", ""diagnosed"", ""action_selected"", ""action_executed"", ""recovered""]"
TXN0000114582,C005161,1,3103,3103,1,10.00000000,recovered,,0,False,False,"[""at_risk"", ""diagnosed"", ""action_selected"", ""action_executed"", ""recovered""]"
TXN0000070461,C003892,1,2180,2180,1,25.00000000,recovered,,0,False,True,"[""at_risk"", ""diagnosed"", ""action_selected"", ""action_executed"", ""recovered""]"
TXN0000082968,C008660,1,1005,1005,1,0.75000000,recovered,,0,False,True,"[""at_risk"", ""diagnosed"", ""action_selected"", ""action_executed"", ""recovered""]"
TXN0000026094,C006238,1,580,580,1,1.00000000,recovered,,0,False,True,"[""at_risk"", ""diagnosed"", ""action_selected"", ""action_executed"", ""recovered""]"
TXN0000166160,C005800,1,2049,2049,1,10.00000000,recovered,,0,False,True,"[""at_risk"", ""diagnosed"", ""action_selected"", ""action_executed"", ""recovered""]"
TXN0000037722,C005042,1,2577,2577,1,25.00000000,recovered,,0,False,False,"[""at_risk"", ""diagnosed"", ""action_selected"", ""action_executed"", ""recovered""]"
TXN0000129060,C001595,0,2017,0,0,0.00000000,stopped,"no_eligible_positive_value_action,failure_matrix:block",0,False,True,"[""at_risk"", ""diagnosed"", ""stopped""]"
TXN0000103347,C009078,0,2186,0,0,0.00000000,stopped,"no_eligible_positive_value_action,failure_matrix:block",0,False,True,"[""at_risk"", ""diagnosed"", ""stopped""]"
TXN0000026017,C000035,0,154,0,0,0.00000000,stopped,customer_opted_out,0,True,True,"[""at_risk"", ""diagnosed"", ""stopped""]"
TXN0000085306,C004411,1,312,312,2,11.00000000,recovered,,0,False,True,"[""at_risk"", ""diagnosed"", ""action_selected"", ""action_executed"", ""failed"", ""next_action"", ""diagnosed"", ""action_selected"", ""action_executed"", ""recovered""]"
TXN0000052328,C002440,1,266,266,1,1.00000000,recovered,,0,False,True,"[""at_risk"", ""diagnosed"", ""action_selected"", ""action_executed"", ""recovered""]"
TXN0000030103,C008813,1,9129,9129,2,11.00000000,recovered,,0,False,True,"[""at_risk"", ""diagnosed"", ""action_selected"", ""action_executed"", ""failed"", ""next_action"", ""diagnosed"", ""action_selected"", ""action_executed"", ""recovered""]"
TXN0000131824,C008215,0,54,0,0,0.00000000,stopped,"no_eligible_positive_value_action,failure_matrix:block",0,False,True,"[""at_risk"", ""diagnosed"", ""stopped""]"
TXN0000043970,C004068,0,416,0,0,0.00000000,stopped,customer_opted_out,0,True,True,"[""at_risk"", ""diagnosed"", ""stopped""]"
TXN0000087152,C008011,0,258,0,0,0.00000000,stopped,"no_eligible_positive_value_action,failure_matrix:block",0,False,True,"[""at_risk"", ""diagnosed"", ""stopped""]"
TXN0000169122,C007340,1,177,177,1,1.00000000,recovered,,0,False,True,"[""at_risk"", ""diagnosed"", ""action_selected"", ""action_executed"", ""recovered""]"
TXN0000162244,C008940,1,189,189,1,25.00000000,recovered,,0,False,True,"[""at_risk"", ""diagnosed"", ""action_selected"", ""action_executed"", ""recovered""]"
TXN0000065083,C008177,1,1376,1376,1,0.75000000,recovered,,0,False,True,"[""at_risk"", ""diagnosed"", ""action_selected"", ""action_executed"", ""recovered""]"
TXN0000093564,C008941,1,3688,3688,2,11.00000000,recovered,,0,False,True,"[""at_risk"", ""diagnosed"", ""action_selected"", ""action_executed"", ""failed"", ""next_action"", ""diagnosed"", ""action_selected"", ""action_executed"", ""recovered""]"
TXN0000186888,C002430,1,2218,2218,1,0.75000000,recovered,,0,False,True,"[""at_risk"", ""diagnosed"", ""action_selected"", ""action_executed"", ""recovered""]"
TXN0000092342,C003100,1,314,314,2,10.75000000,recovered,,0,False,True,"[""at_risk"", ""diagnosed"", ""action_selected"", ""action_executed"", ""failed"", ""next_action"", ""diagnosed"", ""action_selected"", ""action_executed"", ""recovered""]"
TXN0000002027,C001899,1,9168,9168,1,25.00000000,recovered,,0,False,True,"[""at_risk"", ""diagnosed"", ""action_selected"", ""action_executed"", ""recovered""]"
TXN0000087039,C000473,0,1375,0,0,0.00000000,stopped,"no_eligible_positive_value_action,failure_matrix:block",0,False,True,"[""at_risk"", ""diagnosed"", ""stopped""]"
TXN0000074107,C007186,0,498,0,1,25.00000000,escalated,manual_escalation_completed,0,False,True,"[""at_risk"", ""diagnosed"", ""action_selected"", ""action_executed"", ""escalated""]"
TXN0000013800,C009304,0,4082,0,0,0.00000000,stopped,"no_eligible_positive_value_action,failure_matrix:block",0,False,True,"[""at_risk"", ""diagnosed"", ""stopped""]"
TXN0000122110,C006169,0,343,0,1,0.75000000,stopped,"no_eligible_positive_value_action,failure_matrix:block",0,False,True,"[""at_risk"", ""diagnosed"", ""action_selected"", ""action_executed"", ""failed"", ""next_action"", ""diagnosed"", ""stopped""]"
TXN0000026155,C008872,1,926,926,1,25.00000000,recovered,,0,False,True,"[""at_risk"", ""diagnosed"", ""action_selected"", ""action_executed"", ""recovered""]"
TXN0000110449,C002999,0,413,0,0,0.00000000,stopped,customer_opted_out,0,True,True,"[""at_risk"", ""diagnosed"", ""stopped""]"
TXN0000036459,C006553,1,186,186,1,25.00000000,recovered,,0,False,True,"[""at_risk"", ""diagnosed"", ""action_selected"", ""action_executed"", ""recovered""]"
TXN0000183355,C003517,1,3504,3504,1,25.00000000,recovered,,0,False,True,"[""at_risk"", ""diagnosed"", ""action_selected"", ""action_executed"", ""recovered""]"
TXN0000239870,C004158,0,2264,0,1,25.00000000,escalated,manual_escalation_completed,0,False,True,"[""at_risk"", ""diagnosed"", ""action_selected"", ""action_executed"", ""escalated""]"
TXN0000243077,C008391,1,425,425,1,0.75000000,recovered,,0,False,True,"[""at_risk"", ""diagnosed"", ""action_selected"", ""action_executed"", ""recovered""]"
TXN0000130063,C003484,0,901,0,0,0.00000000,stopped,customer_opted_out,0,True,True,"[""at_risk"", ""diagnosed"", ""stopped""]"
TXN0000132480,C007392,0,242,0,1,25.00000000,escalated,manual_escalation_completed,0,False,True,"[""at_risk"", ""diagnosed"", ""action_selected"", ""action_executed"", ""escalated""]"
TXN0000045696,C000174,0,675,0,0,0.00000000,stopped,"no_eligible_positive_value_action,failure_matrix:block",0,False,True,"[""at_risk"", ""diagnosed"", ""stopped""]"
TXN0000218172,C003158,1,1268,1268,1,0.75000000,recovered,,0,False,True,"[""at_risk"", ""diagnosed"", ""action_selected"", ""action_executed"", ""recovered""]"
TXN0000182339,C003915,1,13994,13994,2,10.75000000,recovered,,0,False,True,"[""at_risk"", ""diagnosed"", ""action_selected"", ""action_executed"", ""failed"", ""next_action"", ""diagnosed"", ""action_selected"", ""action_executed"", ""recovered""]"
TXN0000121814,C001374,1,570,570,1,0.75000000,recovered,,0,False,True,"[""at_risk"", ""diagnosed"", ""action_selected"", ""action_executed"", ""recovered""]"
TXN0000220166,C001930,0,2509,0,2,11.00000000,stopped,"recent_intervention_limit_requires_escalation,failure_matrix:block",0,False,False,"[""at_risk"", ""diagnosed"", ""action_selected"", ""action_executed"", ""failed"", ""next_action"", ""diagnosed"", ""action_selected"", ""action_executed"", ""failed"", ""next_action"", ""diagnosed"", ""stopped""]"
TXN0000169330,C000929,1,2792,2792,1,10.00000000,recovered,,0,False,True,"[""at_risk"", ""diagnosed"", ""action_selected"", ""action_executed"", ""recovered""]"
TXN0000072228,C006724,0,1916,0,0,0.00000000,stopped,"no_eligible_positive_value_action,failure_matrix:block",0,False,True,"[""at_risk"", ""diagnosed"", ""stopped""]"
TXN0000010620,C002999,0,766,0,0,0.00000000,stopped,customer_opted_out,0,True,True,"[""at_risk"", ""diagnosed"", ""stopped""]"
TXN0000219542,C007898,1,1316,1316,1,10.00000000,recovered,,0,False,True,"[""at_risk"", ""diagnosed"", ""action_selected"", ""action_executed"", ""recovered""]"
TXN0000243537,C000874,0,3105,0,0,0.00000000,stopped,"no_eligible_positive_value_action,failure_matrix:block",0,False,True,"[""at_risk"", ""diagnosed"", ""stopped""]"
TXN0000160055,C008491,0,886,0,2,10.75000000,stopped,"no_eligible_positive_value_action,failure_matrix:block",0,False,True,"[""at_risk"", ""diagnosed"", ""action_selected"", ""action_executed"", ""failed"", ""next_action"", ""diagnosed"", ""action_selected"", ""action_executed"", ""failed"", ""next_action"", ""diagnosed"", ""stopped""]"
TXN0000221679,C000404,1,1825,1825,1,10.00000000,recovered,,0,False,True,"[""at_risk"", ""diagnosed"", ""action_selected"", ""action_executed"", ""recovered""]"
TXN0000198841,C009831,1,4912,4912,1,1.00000000,recovered,,0,False,True,"[""at_risk"", ""diagnosed"", ""action_selected"", ""action_executed"", ""recovered""]"
TXN0000104518,C003057,1,284,284,1,25.00000000,recovered,,0,False,False,"[""at_risk"", ""diagnosed"", ""action_selected"", ""action_executed"", ""recovered""]"
TXN0000121977,C003996,0,1301,0,2,10.75000000,stopped,"no_eligible_positive_value_action,failure_matrix:block",0,False,True,"[""at_risk"", ""diagnosed"", ""action_selected"", ""action_executed"", ""failed"", ""next_action"", ""diagnosed"", ""action_selected"", ""action_executed"", ""failed"", ""next_action"", ""diagnosed"", ""stopped""]"
TXN0000147727,C000776,1,441,441,1,25.00000000,recovered,,0,False,True,"[""at_risk"", ""diagnosed"", ""action_selected"", ""action_executed"", ""recovered""]"
TXN0000163798,C000858,0,52,0,0,0.00000000,stopped,"no_eligible_positive_value_action,failure_matrix:block",0,False,True,"[""at_risk"", ""diagnosed"", ""stopped""]"
TXN0000155701,C006176,1,1591,1591,1,10.00000000,recovered,,0,False,True,"[""at_risk"", ""diagnosed"", ""action_selected"", ""action_executed"", ""recovered""]"
TXN0000119614,C006965,1,2051,2051,1,0.75000000,recovered,,0,False,True,"[""at_risk"", ""diagnosed"", ""action_selected"", ""action_executed"", ""recovered""]"
TXN0000026366,C005526,1,746,746,1,0.75000000,recovered,,0,False,True,"[""at_risk"", ""diagnosed"", ""action_selected"", ""action_executed"", ""recovered""]"
TXN0000059746,C004643,0,80,0,0,0.00000000,stopped,"no_eligible_positive_value_action,failure_matrix:block",0,False,True,"[""at_risk"", ""diagnosed"", ""stopped""]"
TXN0000044975,C001320,0,1057,0,1,10.00000000,stopped,"no_eligible_positive_value_action,failure_matrix:block",0,False,False,"[""at_risk"", ""diagnosed"", ""action_selected"", ""action_executed"", ""failed"", ""next_action"", ""diagnosed"", ""stopped""]"
TXN0000120050,C007017,1,592,592,1,10.00000000,recovered,,0,False,True,"[""at_risk"", ""diagnosed"", ""action_selected"", ""action_executed"", ""recovered""]"
TXN0000170396,C001538,0,1381,0,0,0.00000000,stopped,"no_eligible_positive_value_action,failure_matrix:block",0,False,True,"[""at_risk"", ""diagnosed"", ""stopped""]"
TXN0000046480,C008987,1,3284,3284,1,25.00000000,recovered,,0,False,True,"[""at_risk"", ""diagnosed"", ""action_selected"", ""action_executed"", ""recovered""]"
TXN0000136637,C002795,1,1455,1455,1,10.00000000,recovered,,0,False,True,"[""at_risk"", ""diagnosed"", ""action_selected"", ""action_executed"", ""recovered""]"
TXN0000153914,C006534,0,3237,0,1,10.00000000,stopped,"no_eligible_positive_value_action,failure_matrix:block",0,False,True,"[""at_risk"", ""diagnosed"", ""action_selected"", ""action_executed"", ""failed"", ""next_action"", ""diagnosed"", ""stopped""]"
TXN0000016122,C002829,0,349,0,1,1.00000000,stopped,"no_eligible_positive_value_action,failure_matrix:block",0,False,True,"[""at_risk"", ""diagnosed"", ""action_selected"", ""action_executed"", ""failed"", ""next_action"", ""diagnosed"", ""stopped""]"
TXN0000224056,C001860,1,457,457,2,10.75000000,recovered,,0,False,True,"[""at_risk"", ""diagnosed"", ""action_selected"", ""action_executed"", ""failed"", ""next_action"", ""diagnosed"", ""action_selected"", ""action_executed"", ""recovered""]"
TXN0000052411,C003209,1,1439,1439,1,10.00000000,recovered,,0,False,True,"[""at_risk"", ""diagnosed"", ""action_selected"", ""action_executed"", ""recovered""]"
TXN0000107493,C009403,1,3684,3684,2,11.00000000,recovered,,0,False,True,"[""at_risk"", ""diagnosed"", ""action_selected"", ""action_executed"", ""failed"", ""next_action"", ""diagnosed"", ""action_selected"", ""action_executed"", ""recovered""]"
TXN0000120591,C000649,1,2231,2231,1,10.00000000,recovered,,0,False,True,"[""at_risk"", ""diagnosed"", ""action_selected"", ""action_executed"", ""recovered""]"
TXN0000051642,C009712,1,792,792,1,1.00000000,recovered,,0,False,True,"[""at_risk"", ""diagnosed"", ""action_selected"", ""action_executed"", ""recovered""]"
TXN0000164578,C001247,1,530,530,1,10.00000000,recovered,,0,False,True,"[""at_risk"", ""diagnosed"", ""action_selected"", ""action_executed"", ""recovered""]"
TXN0000026692,C006917,0,354,0,1,0.75000000,stopped,"no_eligible_positive_value_action,failure_matrix:block",0,False,True,"[""at_risk"", ""diagnosed"", ""action_selected"", ""action_executed"", ""failed"", ""next_action"", ""diagnosed"", ""stopped""]"
TXN0000072145,C001531,1,488,488,1,1.00000000,recovered,,0,False,True,"[""at_risk"", ""diagnosed"", ""action_selected"", ""action_executed"", ""recovered""]"
TXN0000133942,C005629,1,267,267,1,10.00000000,recovered,,0,False,True,"[""at_risk"", ""diagnosed"", ""action_selected"", ""action_executed"", ""recovered""]"
TXN0000198685,C005290,0,882,0,0,0.00000000,stopped,"no_eligible_positive_value_action,failure_matrix:block",0,False,True,"[""at_risk"", ""diagnosed"", ""stopped""]"
TXN0000199284,C003820,0,5660,0,0,0.00000000,stopped,"no_eligible_positive_value_action,failure_matrix:block",0,False,True,"[""at_risk"", ""diagnosed"", ""stopped""]"
TXN0000218542,C009903,0,312,0,0,0.00000000,stopped,"no_eligible_positive_value_action,failure_matrix:block",0,False,True,"[""at_risk"", ""diagnosed"", ""stopped""]"
TXN0000079694,C000927,1,128,128,1,10.00000000,recovered,,0,False,True,"[""at_risk"", ""diagnosed"", ""action_selected"", ""action_executed"", ""recovered""]"
TXN0000216172,C002003,0,329,0,0,0.00000000,stopped,"no_eligible_positive_value_action,failure_matrix:block",0,False,True,"[""at_risk"", ""diagnosed"", ""stopped""]"
TXN0000240966,C004657,1,887,887,1,1.00000000,recovered,,0,False,True,"[""at_risk"", ""diagnosed"", ""action_selected"", ""action_executed"", ""recovered""]"
TXN0000113109,C009342,0,6487,0,0,0.00000000,stopped,"no_eligible_positive_value_action,failure_matrix:block",0,False,True,"[""at_risk"", ""diagnosed"", ""stopped""]"
TXN0000191147,C009834,1,70,70,1,1.00000000,recovered,,0,False,True,"[""at_risk"", ""diagnosed"", ""action_selected"", ""action_executed"", ""recovered""]"
TXN0000085530,C001803,1,6468,6468,1,1.00000000,recovered,,0,False,True,"[""at_risk"", ""diagnosed"", ""action_selected"", ""action_executed"", ""recovered""]"
TXN0000159686,C004412,0,29,0,0,0.00000000,stopped,"no_eligible_positive_value_action,failure_matrix:block",0,False,True,"[""at_risk"", ""diagnosed"", ""stopped""]"
TXN0000139348,C008089,0,628,0,0,0.00000000,stopped,"no_eligible_positive_value_action,failure_matrix:block",0,False,True,"[""at_risk"", ""diagnosed"", ""stopped""]"
TXN0000152029,C009581,0,372,0,0,0.00000000,stopped,"no_eligible_positive_value_action,failure_matrix:block",0,False,True,"[""at_risk"", ""diagnosed"", ""stopped""]"
TXN0000028780,C005484,0,325,0,0,0.00000000,stopped,customer_opted_out,0,True,True,"[""at_risk"", ""diagnosed"", ""stopped""]"
TXN0000227681,C004762,0,278,0,0,0.00000000,stopped,"no_eligible_positive_value_action,failure_matrix:block",0,False,True,"[""at_risk"", ""diagnosed"", ""stopped""]"
TXN0000170734,C004310,1,72,72,1,10.00000000,recovered,,0,False,True,"[""at_risk"", ""diagnosed"", ""action_selected"", ""action_executed"", ""recovered""]"
TXN0000123445,C003277,1,859,859,1,0.75000000,recovered,,0,False,True,"[""at_risk"", ""diagnosed"", ""action_selected"", ""action_executed"", ""recovered""]"
TXN0000201271,C003977,0,3595,0,0,0.00000000,stopped,"no_eligible_positive_value_action,failure_matrix:block",0,False,True,"[""at_risk"", ""diagnosed"", ""stopped""]"
TXN0000244969,C009612,0,436,0,1,0.75000000,stopped,"no_eligible_positive_value_action,failure_matrix:block",0,False,True,"[""at_risk"", ""diagnosed"", ""action_selected"", ""action_executed"", ""failed"", ""next_action"", ""diagnosed"", ""stopped""]"
TXN0000094344,C008623,1,275,275,1,1.00000000,recovered,,0,False,True,"[""at_risk"", ""diagnosed"", ""action_selected"", ""action_executed"", ""recovered""]"
TXN0000018503,C007414,1,609,609,1,25.00000000,recovered,,0,False,True,"[""at_risk"", ""diagnosed"", ""action_selected"", ""action_executed"", ""recovered""]"
TXN0000209798,C000945,1,268,268,1,1.00000000,recovered,,0,False,True,"[""at_risk"", ""diagnosed"", ""action_selected"", ""action_executed"", ""recovered""]"
TXN0000009625,C008146,1,4694,4694,1,10.00000000,recovered,,0,False,False,"[""at_risk"", ""diagnosed"", ""action_selected"", ""action_executed"", ""recovered""]"
TXN0000087549,C001957,1,1008,1008,1,10.00000000,recovered,,0,False,True,"[""at_risk"", ""diagnosed"", ""action_selected"", ""action_executed"", ""recovered""]"
TXN0000247888,C007760,1,319,319,1,25.00000000,recovered,,0,False,True,"[""at_risk"", ""diagnosed"", ""action_selected"", ""action_executed"", ""recovered""]"
TXN0000184314,C006429,1,735,735,1,10.00000000,recovered,,0,False,True,"[""at_risk"", ""diagnosed"", ""action_selected"", ""action_executed"", ""recovered""]"
TXN0000213077,C001209,1,134,134,1,0.75000000,recovered,,0,False,True,"[""at_risk"", ""diagnosed"", ""action_selected"", ""action_executed"", ""recovered""]"
TXN0000002407,C004941,1,3425,3425,1,10.00000000,recovered,,0,False,True,"[""at_risk"", ""diagnosed"", ""action_selected"", ""action_executed"", ""recovered""]"
TXN0000043211,C006122,1,594,594,2,11.00000000,recovered,,0,False,True,"[""at_risk"", ""diagnosed"", ""action_selected"", ""action_executed"", ""failed"", ""next_action"", ""diagnosed"", ""action_selected"", ""action_executed"", ""recovered""]"
TXN0000199977,C001343,1,2417,2417,1,10.00000000,recovered,,0,False,True,"[""at_risk"", ""diagnosed"", ""action_selected"", ""action_executed"", ""recovered""]"
TXN0000233405,C003484,0,1274,0,0,0.00000000,stopped,customer_opted_out,0,True,True,"[""at_risk"", ""diagnosed"", ""stopped""]"
TXN0000161181,C002160,1,561,561,1,1.00000000,recovered,,0,False,True,"[""at_risk"", ""diagnosed"", ""action_selected"", ""action_executed"", ""recovered""]"
TXN0000145474,C007695,1,684,684,1,0.75000000,recovered,,0,False,True,"[""at_risk"", ""diagnosed"", ""action_selected"", ""action_executed"", ""recovered""]"
TXN0000089381,C009787,0,315,0,0,0.00000000,stopped,"no_eligible_positive_value_action,failure_matrix:block",0,False,False,"[""at_risk"", ""diagnosed"", ""stopped""]"
TXN0000081889,C001997,0,3574,0,0,0.00000000,stopped,"no_eligible_positive_value_action,failure_matrix:block",0,False,True,"[""at_risk"", ""diagnosed"", ""stopped""]"
TXN0000205863,C006489,0,219,0,0,0.00000000,stopped,"no_eligible_positive_value_action,failure_matrix:block",0,False,True,"[""at_risk"", ""diagnosed"", ""stopped""]"
TXN0000075434,C004421,1,286,286,1,0.75000000,recovered,,0,False,True,"[""at_risk"", ""diagnosed"", ""action_selected"", ""action_executed"", ""recovered""]"
TXN0000074811,C001328,0,429,0,0,0.00000000,stopped,"no_eligible_positive_value_action,failure_matrix:block",0,False,True,"[""at_risk"", ""diagnosed"", ""stopped""]"
TXN0000166435,C001566,0,2225,0,0,0.00000000,stopped,"no_eligible_positive_value_action,failure_matrix:block",0,False,True,"[""at_risk"", ""diagnosed"", ""stopped""]"
TXN0000195704,C000928,1,326,326,1,25.00000000,recovered,,0,False,True,"[""at_risk"", ""diagnosed"", ""action_selected"", ""action_executed"", ""recovered""]"
TXN0000248230,C002687,1,163,163,1,1.00000000,recovered,,0,False,True,"[""at_risk"", ""diagnosed"", ""action_selected"", ""action_executed"", ""recovered""]"
TXN0000218268,C007224,0,112,0,0,0.00000000,stopped,"no_eligible_positive_value_action,failure_matrix:block",0,False,True,"[""at_risk"", ""diagnosed"", ""stopped""]"
TXN0000209216,C009651,0,473,0,1,0.75000000,stopped,"no_eligible_positive_value_action,failure_matrix:block",0,False,True,"[""at_risk"", ""diagnosed"", ""action_selected"", ""action_executed"", ""failed"", ""next_action"", ""diagnosed"", ""stopped""]"
TXN0000094394,C004575,1,3130,3130,1,10.00000000,recovered,,0,False,True,"[""at_risk"", ""diagnosed"", ""action_selected"", ""action_executed"", ""recovered""]"
TXN0000026595,C001636,1,597,597,1,0.75000000,recovered,,0,False,True,"[""at_risk"", ""diagnosed"", ""action_selected"", ""action_executed"", ""recovered""]"
TXN0000004587,C002237,0,3743,0,2,10.75000000,stopped,"no_eligible_positive_value_action,failure_matrix:block",0,False,True,"[""at_risk"", ""diagnosed"", ""action_selected"", ""action_executed"", ""failed"", ""next_action"", ""diagnosed"", ""action_selected"", ""action_executed"", ""failed"", ""next_action"", ""diagnosed"", ""stopped""]"
TXN0000200552,C007363,0,743,0,0,0.00000000,stopped,"no_eligible_positive_value_action,failure_matrix:block",0,False,True,"[""at_risk"", ""diagnosed"", ""stopped""]"
TXN0000168140,C008097,0,929,0,0,0.00000000,stopped,"no_eligible_positive_value_action,failure_matrix:block",0,False,True,"[""at_risk"", ""diagnosed"", ""stopped""]"
TXN0000228968,C002549,1,620,620,1,25.00000000,recovered,,0,False,True,"[""at_risk"", ""diagnosed"", ""action_selected"", ""action_executed"", ""recovered""]"
TXN0000137372,C000961,1,130,130,2,10.75000000,recovered,,0,False,True,"[""at_risk"", ""diagnosed"", ""action_selected"", ""action_executed"", ""failed"", ""next_action"", ""diagnosed"", ""action_selected"", ""action_executed"", ""recovered""]"
TXN0000131614,C008728,0,62,0,0,0.00000000,stopped,"no_eligible_positive_value_action,failure_matrix:block",0,False,True,"[""at_risk"", ""diagnosed"", ""stopped""]"
TXN0000103622,C005112,0,204,0,1,0.75000000,stopped,"no_eligible_positive_value_action,failure_matrix:block",0,False,True,"[""at_risk"", ""diagnosed"", ""action_selected"", ""action_executed"", ""failed"", ""next_action"", ""diagnosed"", ""stopped""]"
TXN0000138513,C004131,1,2449,2449,1,0.75000000,recovered,,0,False,True,"[""at_risk"", ""diagnosed"", ""action_selected"", ""action_executed"", ""recovered""]"
TXN0000098149,C003469,1,6041,6041,1,25.00000000,recovered,,0,False,True,"[""at_risk"", ""diagnosed"", ""action_selected"", ""action_executed"", ""recovered""]"
TXN0000019193,C008773,1,479,479,1,25.00000000,recovered,,0,False,True,"[""at_risk"", ""diagnosed"", ""action_selected"", ""action_executed"", ""recovered""]"
TXN0000154621,C003329,1,456,456,1,1.00000000,recovered,,0,False,True,"[""at_risk"", ""diagnosed"", ""action_selected"", ""action_executed"", ""recovered""]"
TXN0000167629,C008692,0,63,0,0,0.00000000,stopped,"no_eligible_positive_value_action,failure_matrix:block",0,False,True,"[""at_risk"", ""diagnosed"", ""stopped""]"
TXN0000142485,C002302,1,358,358,1,25.00000000,recovered,,0,False,True,"[""at_risk"", ""diagnosed"", ""action_selected"", ""action_executed"", ""recovered""]"
TXN0000187045,C009520,0,1177,0,0,0.00000000,stopped,customer_opted_out,0,True,True,"[""at_risk"", ""diagnosed"", ""stopped""]"
TXN0000110308,C007581,1,240,240,1,25.00000000,recovered,,0,False,True,"[""at_risk"", ""diagnosed"", ""action_selected"", ""action_executed"", ""recovered""]"
TXN0000002921,C006423,1,1921,1921,1,10.00000000,recovered,,0,False,True,"[""at_risk"", ""diagnosed"", ""action_selected"", ""action_executed"", ""recovered""]"
TXN0000206898,C002160,0,906,0,1,1.00000000,stopped,"no_eligible_positive_value_action,failure_matrix:block",0,False,True,"[""at_risk"", ""diagnosed"", ""action_selected"", ""action_executed"", ""failed"", ""next_action"", ""diagnosed"", ""stopped""]"
TXN0000162766,C003681,1,2477,2477,1,0.75000000,recovered,,0,False,True,"[""at_risk"", ""diagnosed"", ""action_selected"", ""action_executed"", ""recovered""]"
TXN0000005760,C006504,0,2143,0,0,0.00000000,stopped,customer_opted_out,0,True,True,"[""at_risk"", ""diagnosed"", ""stopped""]"
TXN0000199891,C001582,1,509,509,1,10.00000000,recovered,,0,False,False,"[""at_risk"", ""diagnosed"", ""action_selected"", ""action_executed"", ""recovered""]"
TXN0000207620,C008660,0,449,0,0,0.00000000,stopped,"no_eligible_positive_value_action,failure_matrix:block",0,False,True,"[""at_risk"", ""diagnosed"", ""stopped""]"
TXN0000005029,C003513,0,3212,0,0,0.00000000,stopped,"no_eligible_positive_value_action,failure_matrix:block",0,False,True,"[""at_risk"", ""diagnosed"", ""stopped""]"
TXN0000087132,C005732,0,220,0,0,0.00000000,stopped,"no_eligible_positive_value_action,failure_matrix:block",0,False,True,"[""at_risk"", ""diagnosed"", ""stopped""]"
TXN0000151566,C002112,1,594,594,2,11.00000000,recovered,,0,False,True,"[""at_risk"", ""diagnosed"", ""action_selected"", ""action_executed"", ""failed"", ""next_action"", ""diagnosed"", ""action_selected"", ""action_executed"", ""recovered""]"
TXN0000224146,C000683,0,604,0,1,0.75000000,stopped,"no_eligible_positive_value_action,failure_matrix:block",0,False,True,"[""at_risk"", ""diagnosed"", ""action_selected"", ""action_executed"", ""failed"", ""next_action"", ""diagnosed"", ""stopped""]"
TXN0000201632,C001496,1,5373,5373,1,1.00000000,recovered,,0,False,True,"[""at_risk"", ""diagnosed"", ""action_selected"", ""action_executed"", ""recovered""]"
TXN0000187435,C007135,0,436,0,0,0.00000000,stopped,"no_eligible_positive_value_action,failure_matrix:block",0,False,True,"[""at_risk"", ""diagnosed"", ""stopped""]"
TXN0000200919,C009613,1,639,639,1,0.75000000,recovered,,0,False,True,"[""at_risk"", ""diagnosed"", ""action_selected"", ""action_executed"", ""recovered""]"
TXN0000171508,C000445,0,126,0,1,1.00000000,stopped,"no_eligible_positive_value_action,failure_matrix:block",0,False,True,"[""at_risk"", ""diagnosed"", ""action_selected"", ""action_executed"", ""failed"", ""next_action"", ""diagnosed"", ""stopped""]"
TXN0000176590,C003490,0,334,0,0,0.00000000,stopped,"no_eligible_positive_value_action,failure_matrix:block",0,False,True,"[""at_risk"", ""diagnosed"", ""stopped""]"
TXN0000190632,C006535,0,183,0,0,0.00000000,stopped,"no_eligible_positive_value_action,failure_matrix:block",0,False,True,"[""at_risk"", ""diagnosed"", ""stopped""]"
TXN0000045521,C002571,1,241,241,1,1.00000000,recovered,,0,False,False,"[""at_risk"", ""diagnosed"", ""action_selected"", ""action_executed"", ""recovered""]"
TXN0000213231,C008383,0,750,0,0,0.00000000,stopped,"no_eligible_positive_value_action,failure_matrix:block",0,False,True,"[""at_risk"", ""diagnosed"", ""stopped""]"
TXN0000067503,C000976,1,1434,1434,1,1.00000000,recovered,,0,False,True,"[""at_risk"", ""diagnosed"", ""action_selected"", ""action_executed"", ""recovered""]"
TXN0000236465,C009849,1,207,207,1,1.00000000,recovered,,0,False,True,"[""at_risk"", ""diagnosed"", ""action_selected"", ""action_executed"", ""recovered""]"
TXN0000012368,C003269,1,2076,2076,1,1.00000000,recovered,,0,False,True,"[""at_risk"", ""diagnosed"", ""action_selected"", ""action_executed"", ""recovered""]"
TXN0000085462,C006713,1,1111,1111,2,11.00000000,recovered,,0,False,True,"[""at_risk"", ""diagnosed"", ""action_selected"", ""action_executed"", ""failed"", ""next_action"", ""diagnosed"", ""action_selected"", ""action_executed"", ""recovered""]"
TXN0000179347,C009866,1,1143,1143,1,25.00000000,recovered,,0,False,True,"[""at_risk"", ""diagnosed"", ""action_selected"", ""action_executed"", ""recovered""]"
TXN0000018645,C006891,1,5462,5462,1,10.00000000,recovered,,0,False,True,"[""at_risk"", ""diagnosed"", ""action_selected"", ""action_executed"", ""recovered""]"
TXN0000060768,C002160,0,2853,0,0,0.00000000,stopped,"no_eligible_positive_value_action,failure_matrix:block",0,False,True,"[""at_risk"", ""diagnosed"", ""stopped""]"
TXN0000096373,C007817,1,1156,1156,1,10.00000000,recovered,,0,False,True,"[""at_risk"", ""diagnosed"", ""action_selected"", ""action_executed"", ""recovered""]"
TXN0000249007,C003567,1,1456,1456,1,10.00000000,recovered,,0,False,True,"[""at_risk"", ""diagnosed"", ""action_selected"", ""action_executed"", ""recovered""]"
TXN0000073054,C009255,1,236,236,1,1.00000000,recovered,,0,False,True,"[""at_risk"", ""diagnosed"", ""action_selected"", ""action_executed"", ""recovered""]"
TXN0000242404,C000110,1,1295,1295,1,10.00000000,recovered,,0,False,False,"[""at_risk"", ""diagnosed"", ""action_selected"", ""action_executed"", ""recovered""]"
TXN0000119259,C000967,0,357,0,0,0.00000000,stopped,customer_opted_out,0,True,True,"[""at_risk"", ""diagnosed"", ""stopped""]"
TXN0000002502,C007180,0,469,0,0,0.00000000,stopped,"no_eligible_positive_value_action,failure_matrix:block",0,False,True,"[""at_risk"", ""diagnosed"", ""stopped""]"
TXN0000205288,C000643,0,1833,0,0,0.00000000,stopped,"no_eligible_positive_value_action,failure_matrix:block",0,False,True,"[""at_risk"", ""diagnosed"", ""stopped""]"
TXN0000031049,C007411,0,1552,0,0,0.00000000,stopped,"no_eligible_positive_value_action,failure_matrix:block",0,False,False,"[""at_risk"", ""diagnosed"", ""stopped""]"
TXN0000169426,C002959,1,295,295,1,1.00000000,recovered,,0,False,True,"[""at_risk"", ""diagnosed"", ""action_selected"", ""action_executed"", ""recovered""]"
TXN0000227990,C007786,1,261,261,1,1.00000000,recovered,,0,False,True,"[""at_risk"", ""diagnosed"", ""action_selected"", ""action_executed"", ""recovered""]"
TXN0000241829,C002160,0,118,0,0,0.00000000,stopped,"no_eligible_positive_value_action,failure_matrix:block",0,False,True,"[""at_risk"", ""diagnosed"", ""stopped""]"
TXN0000055281,C001084,1,204,204,1,0.75000000,recovered,,0,False,True,"[""at_risk"", ""diagnosed"", ""action_selected"", ""action_executed"", ""recovered""]"
TXN0000147444,C004742,1,163,163,1,10.00000000,recovered,,0,False,False,"[""at_risk"", ""diagnosed"", ""action_selected"", ""action_executed"", ""recovered""]"
TXN0000090198,C000618,1,52,52,1,1.00000000,recovered,,0,False,True,"[""at_risk"", ""diagnosed"", ""action_selected"", ""action_executed"", ""recovered""]"
TXN0000136528,C005988,1,3347,3347,1,1.00000000,recovered,,0,False,True,"[""at_risk"", ""diagnosed"", ""action_selected"", ""action_executed"", ""recovered""]"
TXN0000241513,C004122,1,259,259,1,10.00000000,recovered,,0,False,False,"[""at_risk"", ""diagnosed"", ""action_selected"", ""action_executed"", ""recovered""]"
TXN0000182492,C004307,1,412,412,1,1.00000000,recovered,,0,False,True,"[""at_risk"", ""diagnosed"", ""action_selected"", ""action_executed"", ""recovered""]"
TXN0000009772,C005698,1,287,287,1,0.75000000,recovered,,0,False,True,"[""at_risk"", ""diagnosed"", ""action_selected"", ""action_executed"", ""recovered""]"
TXN0000014105,C009942,1,2992,2992,1,25.00000000,recovered,,0,False,True,"[""at_risk"", ""diagnosed"", ""action_selected"", ""action_executed"", ""recovered""]"
TXN0000094617,C008018,0,240,0,0,0.00000000,stopped,"no_eligible_positive_value_action,failure_matrix:block",0,False,True,"[""at_risk"", ""diagnosed"", ""stopped""]"
TXN0000058032,C006632,1,1615,1615,1,10.00000000,recovered,,0,False,True,"[""at_risk"", ""diagnosed"", ""action_selected"", ""action_executed"", ""recovered""]"
TXN0000054061,C001852,1,762,762,2,11.00000000,recovered,,0,False,True,"[""at_risk"", ""diagnosed"", ""action_selected"", ""action_executed"", ""failed"", ""next_action"", ""diagnosed"", ""action_selected"", ""action_executed"", ""recovered""]"
TXN0000016082,C008528,1,302,302,1,1.00000000,recovered,,0,False,True,"[""at_risk"", ""diagnosed"", ""action_selected"", ""action_executed"", ""recovered""]"
TXN0000106572,C009880,0,365,0,0,0.00000000,stopped,"no_eligible_positive_value_action,failure_matrix:block",0,False,True,"[""at_risk"", ""diagnosed"", ""stopped""]"
TXN0000179087,C002438,0,134,0,0,0.00000000,stopped,customer_opted_out,0,True,True,"[""at_risk"", ""diagnosed"", ""stopped""]"
TXN0000114783,C006825,0,1226,0,0,0.00000000,stopped,"no_eligible_positive_value_action,failure_matrix:block",0,False,True,"[""at_risk"", ""diagnosed"", ""stopped""]"
TXN0000009853,C004995,0,786,0,0,0.00000000,stopped,"no_eligible_positive_value_action,failure_matrix:block",0,False,True,"[""at_risk"", ""diagnosed"", ""stopped""]"
TXN0000144125,C007631,1,575,575,1,1.00000000,recovered,,0,False,True,"[""at_risk"", ""diagnosed"", ""action_selected"", ""action_executed"", ""recovered""]"
TXN0000138953,C008613,0,396,0,0,0.00000000,stopped,"no_eligible_positive_value_action,failure_matrix:block",0,False,True,"[""at_risk"", ""diagnosed"", ""stopped""]"
TXN0000071397,C000953,1,403,403,1,0.75000000,recovered,,0,False,True,"[""at_risk"", ""diagnosed"", ""action_selected"", ""action_executed"", ""recovered""]"
TXN0000197553,C004740,0,418,0,0,0.00000000,stopped,"no_eligible_positive_value_action,failure_matrix:block",0,False,True,"[""at_risk"", ""diagnosed"", ""stopped""]"
TXN0000218271,C009854,0,578,0,0,0.00000000,stopped,"no_eligible_positive_value_action,failure_matrix:block",0,False,True,"[""at_risk"", ""diagnosed"", ""stopped""]"
TXN0000121373,C009236,1,2131,2131,1,0.75000000,recovered,,0,False,True,"[""at_risk"", ""diagnosed"", ""action_selected"", ""action_executed"", ""recovered""]"
TXN0000099315,C002798,0,429,0,1,0.75000000,stopped,"no_eligible_positive_value_action,failure_matrix:block",0,False,True,"[""at_risk"", ""diagnosed"", ""action_selected"", ""action_executed"", ""failed"", ""next_action"", ""diagnosed"", ""stopped""]"
TXN0000210497,C005704,1,180,180,1,25.00000000,recovered,,0,False,True,"[""at_risk"", ""diagnosed"", ""action_selected"", ""action_executed"", ""recovered""]"
TXN0000098447,C004686,0,776,0,0,0.00000000,stopped,"no_eligible_positive_value_action,failure_matrix:block",0,False,True,"[""at_risk"", ""diagnosed"", ""stopped""]"
TXN0000023587,C000049,0,517,0,0,0.00000000,stopped,"no_eligible_positive_value_action,failure_matrix:block",0,False,True,"[""at_risk"", ""diagnosed"", ""stopped""]"
TXN0000123568,C002468,1,2595,2595,2,10.75000000,recovered,,0,False,True,"[""at_risk"", ""diagnosed"", ""action_selected"", ""action_executed"", ""failed"", ""next_action"", ""diagnosed"", ""action_selected"", ""action_executed"", ""recovered""]"
TXN0000060301,C008666,1,160,160,1,1.00000000,recovered,,0,False,True,"[""at_risk"", ""diagnosed"", ""action_selected"", ""action_executed"", ""recovered""]"
TXN0000075943,C009138,0,61,0,1,0.75000000,stopped,"no_eligible_positive_value_action,failure_matrix:block",0,False,True,"[""at_risk"", ""diagnosed"", ""action_selected"", ""action_executed"", ""failed"", ""next_action"", ""diagnosed"", ""stopped""]"
TXN0000069091,C006311,1,1403,1403,1,10.00000000,recovered,,0,False,True,"[""at_risk"", ""diagnosed"", ""action_selected"", ""action_executed"", ""recovered""]"
TXN0000048551,C002475,0,362,0,0,0.00000000,stopped,"no_eligible_positive_value_action,failure_matrix:block",0,False,True,"[""at_risk"", ""diagnosed"", ""stopped""]"
TXN0000047262,C007529,0,2960,0,0,0.00000000,stopped,"no_eligible_positive_value_action,failure_matrix:block",0,False,False,"[""at_risk"", ""diagnosed"", ""stopped""]"
TXN0000113438,C001694,1,175,175,1,1.00000000,recovered,,0,False,True,"[""at_risk"", ""diagnosed"", ""action_selected"", ""action_executed"", ""recovered""]"
TXN0000152684,C001619,1,544,544,1,25.00000000,recovered,,0,False,True,"[""at_risk"", ""diagnosed"", ""action_selected"", ""action_executed"", ""recovered""]"
TXN0000114488,C001979,0,436,0,0,0.00000000,stopped,customer_opted_out,0,True,True,"[""at_risk"", ""diagnosed"", ""stopped""]"
TXN0000041900,C006989,0,74,0,1,1.00000000,stopped,"no_eligible_positive_value_action,failure_matrix:block",0,False,True,"[""at_risk"", ""diagnosed"", ""action_selected"", ""action_executed"", ""failed"", ""next_action"", ""diagnosed"", ""stopped""]"
TXN0000111595,C005795,1,2717,2717,1,10.00000000,recovered,,0,False,True,"[""at_risk"", ""diagnosed"", ""action_selected"", ""action_executed"", ""recovered""]"
TXN0000085031,C008285,0,283,0,0,0.00000000,stopped,"no_eligible_positive_value_action,failure_matrix:block",0,False,True,"[""at_risk"", ""diagnosed"", ""stopped""]"
TXN0000118808,C004995,0,3041,0,0,0.00000000,stopped,"no_eligible_positive_value_action,failure_matrix:block",0,False,True,"[""at_risk"", ""diagnosed"", ""stopped""]"
TXN0000126701,C007228,1,248,248,1,1.00000000,recovered,,0,False,False,"[""at_risk"", ""diagnosed"", ""action_selected"", ""action_executed"", ""recovered""]"
TXN0000099319,C005427,0,221,0,0,0.00000000,stopped,"no_eligible_positive_value_action,failure_matrix:block",0,False,True,"[""at_risk"", ""diagnosed"", ""stopped""]"
TXN0000069440,C002647,1,492,492,1,1.00000000,recovered,,0,False,True,"[""at_risk"", ""diagnosed"", ""action_selected"", ""action_executed"", ""recovered""]"
TXN0000066154,C007893,1,113,113,1,10.00000000,recovered,,0,False,True,"[""at_risk"", ""diagnosed"", ""action_selected"", ""action_executed"", ""recovered""]"
TXN0000030746,C006066,0,3592,0,0,0.00000000,stopped,customer_opted_out,0,True,True,"[""at_risk"", ""diagnosed"", ""stopped""]"
TXN0000173085,C006967,1,163,163,1,1.00000000,recovered,,0,False,True,"[""at_risk"", ""diagnosed"", ""action_selected"", ""action_executed"", ""recovered""]"
TXN0000055595,C007202,0,631,0,0,0.00000000,stopped,"no_eligible_positive_value_action,failure_matrix:block",0,False,True,"[""at_risk"", ""diagnosed"", ""stopped""]"
TXN0000031916,C008347,1,365,365,1,10.00000000,recovered,,0,False,True,"[""at_risk"", ""diagnosed"", ""action_selected"", ""action_executed"", ""recovered""]"
TXN0000043016,C004735,0,534,0,0,0.00000000,stopped,customer_opted_out,0,True,True,"[""at_risk"", ""diagnosed"", ""stopped""]"
TXN0000051595,C002785,0,494,0,0,0.00000000,stopped,"no_eligible_positive_value_action,failure_matrix:block",0,False,True,"[""at_risk"", ""diagnosed"", ""stopped""]"
TXN0000185709,C002196,1,358,358,1,1.00000000,recovered,,0,False,True,"[""at_risk"", ""diagnosed"", ""action_selected"", ""action_executed"", ""recovered""]"
TXN0000089055,C004238,0,67,0,1,0.75000000,stopped,"no_eligible_positive_value_action,failure_matrix:block",0,False,True,"[""at_risk"", ""diagnosed"", ""action_selected"", ""action_executed"", ""failed"", ""next_action"", ""diagnosed"", ""stopped""]"
TXN0000098497,C001696,1,1845,1845,1,10.00000000,recovered,,0,False,True,"[""at_risk"", ""diagnosed"", ""action_selected"", ""action_executed"", ""recovered""]"
TXN0000068775,C003222,0,851,0,0,0.00000000,stopped,"no_eligible_positive_value_action,failure_matrix:block",0,False,True,"[""at_risk"", ""diagnosed"", ""stopped""]"
TXN0000112285,C004054,1,1379,1379,1,10.00000000,recovered,,0,False,True,"[""at_risk"", ""diagnosed"", ""action_selected"", ""action_executed"", ""recovered""]"
TXN0000035261,C001264,1,164,164,1,0.75000000,recovered,,0,False,True,"[""at_risk"", ""diagnosed"", ""action_selected"", ""action_executed"", ""recovered""]"
TXN0000187644,C007995,1,85,85,1,1.00000000,recovered,,0,False,False,"[""at_risk"", ""diagnosed"", ""action_selected"", ""action_executed"", ""recovered""]"
TXN0000065964,C000807,0,864,0,0,0.00000000,stopped,"no_eligible_positive_value_action,failure_matrix:block",0,False,True,"[""at_risk"", ""diagnosed"", ""stopped""]"
TXN0000069679,C006361,0,1350,0,0,0.00000000,stopped,"no_eligible_positive_value_action,failure_matrix:block",0,False,False,"[""at_risk"", ""diagnosed"", ""stopped""]"
TXN0000133464,C009563,1,290,290,1,1.00000000,recovered,,0,False,True,"[""at_risk"", ""diagnosed"", ""action_selected"", ""action_executed"", ""recovered""]"
TXN0000194349,C006889,1,2134,2134,1,25.00000000,recovered,,0,False,True,"[""at_risk"", ""diagnosed"", ""action_selected"", ""action_executed"", ""recovered""]"
TXN0000160420,C005277,0,1882,0,0,0.00000000,stopped,customer_opted_out,0,True,True,"[""at_risk"", ""diagnosed"", ""stopped""]"
TXN0000084514,C007378,0,657,0,0,0.00000000,stopped,customer_opted_out,0,True,False,"[""at_risk"", ""diagnosed"", ""stopped""]"
TXN0000038345,C007424,1,164,164,1,1.00000000,recovered,,0,False,True,"[""at_risk"", ""diagnosed"", ""action_selected"", ""action_executed"", ""recovered""]"
TXN0000011414,C007574,1,1555,1555,1,10.00000000,recovered,,0,False,True,"[""at_risk"", ""diagnosed"", ""action_selected"", ""action_executed"", ""recovered""]"
TXN0000020255,C004631,1,80,80,1,25.00000000,recovered,,0,False,True,"[""at_risk"", ""diagnosed"", ""action_selected"", ""action_executed"", ""recovered""]"
TXN0000200102,C009122,1,83,83,2,10.75000000,recovered,,0,False,True,"[""at_risk"", ""diagnosed"", ""action_selected"", ""action_executed"", ""failed"", ""next_action"", ""diagnosed"", ""action_selected"", ""action_executed"", ""recovered""]"
TXN0000172193,C003209,0,328,0,0,0.00000000,stopped,"no_eligible_positive_value_action,failure_matrix:block",0,False,True,"[""at_risk"", ""diagnosed"", ""stopped""]"
TXN0000147443,C000947,1,1085,1085,1,10.00000000,recovered,,0,False,True,"[""at_risk"", ""diagnosed"", ""action_selected"", ""action_executed"", ""recovered""]"
TXN0000227071,C002837,0,98,0,2,10.75000000,stopped,"no_eligible_positive_value_action,failure_matrix:block",0,False,True,"[""at_risk"", ""diagnosed"", ""action_selected"", ""action_executed"", ""failed"", ""next_action"", ""diagnosed"", ""action_selected"", ""action_executed"", ""failed"", ""next_action"", ""diagnosed"", ""stopped""]"
TXN0000082510,C004244,0,514,0,2,10.75000000,stopped,"no_eligible_positive_value_action,failure_matrix:block",0,False,True,"[""at_risk"", ""diagnosed"", ""action_selected"", ""action_executed"", ""failed"", ""next_action"", ""diagnosed"", ""action_selected"", ""action_executed"", ""failed"", ""next_action"", ""diagnosed"", ""stopped""]"
TXN0000110028,C007129,1,194,194,1,1.00000000,recovered,,0,False,True,"[""at_risk"", ""diagnosed"", ""action_selected"", ""action_executed"", ""recovered""]"
TXN0000064102,C004129,0,5412,0,0,0.00000000,stopped,"no_eligible_positive_value_action,failure_matrix:block",0,False,True,"[""at_risk"", ""diagnosed"", ""stopped""]"
TXN0000249957,C008538,1,634,634,1,10.00000000,recovered,,0,False,True,"[""at_risk"", ""diagnosed"", ""action_selected"", ""action_executed"", ""recovered""]"
TXN0000103096,C000614,0,419,0,0,0.00000000,stopped,"no_eligible_positive_value_action,failure_matrix:block",0,False,True,"[""at_risk"", ""diagnosed"", ""stopped""]"
TXN0000102348,C002680,0,2048,0,2,11.00000000,stopped,"recent_intervention_limit_requires_escalation,failure_matrix:block",0,False,True,"[""at_risk"", ""diagnosed"", ""action_selected"", ""action_executed"", ""failed"", ""next_action"", ""diagnosed"", ""action_selected"", ""action_executed"", ""failed"", ""next_action"", ""diagnosed"", ""stopped""]"
TXN0000039206,C000515,0,1043,0,0,0.00000000,stopped,"no_eligible_positive_value_action,failure_matrix:block",0,False,True,"[""at_risk"", ""diagnosed"", ""stopped""]"
TXN0000161722,C001363,0,163,0,1,1.00000000,stopped,"no_eligible_positive_value_action,failure_matrix:block",0,False,True,"[""at_risk"", ""diagnosed"", ""action_selected"", ""action_executed"", ""failed"", ""next_action"", ""diagnosed"", ""stopped""]"
TXN0000216071,C008295,1,493,493,1,0.75000000,recovered,,0,False,True,"[""at_risk"", ""diagnosed"", ""action_selected"", ""action_executed"", ""recovered""]"
TXN0000066399,C004510,0,3977,0,0,0.00000000,stopped,"no_eligible_positive_value_action,failure_matrix:block",0,False,True,"[""at_risk"", ""diagnosed"", ""stopped""]"
TXN0000068900,C002218,0,1525,0,0,0.00000000,stopped,"no_eligible_positive_value_action,failure_matrix:block",0,False,True,"[""at_risk"", ""diagnosed"", ""stopped""]"
TXN0000073812,C006736,1,408,408,1,1.00000000,recovered,,0,False,True,"[""at_risk"", ""diagnosed"", ""action_selected"", ""action_executed"", ""recovered""]"
TXN0000044076,C000975,1,812,812,1,0.75000000,recovered,,0,False,True,"[""at_risk"", ""diagnosed"", ""action_selected"", ""action_executed"", ""recovered""]"
TXN0000224738,C002959,1,3798,3798,1,1.00000000,recovered,,0,False,True,"[""at_risk"", ""diagnosed"", ""action_selected"", ""action_executed"", ""recovered""]"
TXN0000159148,C008110,1,722,722,1,1.00000000,recovered,,0,False,True,"[""at_risk"", ""diagnosed"", ""action_selected"", ""action_executed"", ""recovered""]"
TXN0000223493,C005175,1,168,168,1,1.00000000,recovered,,0,False,False,"[""at_risk"", ""diagnosed"", ""action_selected"", ""action_executed"", ""recovered""]"
TXN0000164224,C000112,1,1352,1352,1,1.00000000,recovered,,0,False,True,"[""at_risk"", ""diagnosed"", ""action_selected"", ""action_executed"", ""recovered""]"
TXN0000069805,C000744,1,3497,3497,1,10.00000000,recovered,,0,False,False,"[""at_risk"", ""diagnosed"", ""action_selected"", ""action_executed"", ""recovered""]"
TXN0000087184,C003789,1,481,481,1,10.00000000,recovered,,0,False,True,"[""at_risk"", ""diagnosed"", ""action_selected"", ""action_executed"", ""recovered""]"
TXN0000103317,C003955,1,4667,4667,2,11.00000000,recovered,,0,False,False,"[""at_risk"", ""diagnosed"", ""action_selected"", ""action_executed"", ""failed"", ""next_action"", ""diagnosed"", ""action_selected"", ""action_executed"", ""recovered""]"
TXN0000030205,C006520,0,1078,0,2,11.00000000,stopped,"recent_intervention_limit_requires_escalation,failure_matrix:block",0,False,True,"[""at_risk"", ""diagnosed"", ""action_selected"", ""action_executed"", ""failed"", ""next_action"", ""diagnosed"", ""action_selected"", ""action_executed"", ""failed"", ""next_action"", ""diagnosed"", ""stopped""]"
TXN0000174650,C004307,0,5727,0,0,0.00000000,stopped,"no_eligible_positive_value_action,failure_matrix:block",0,False,True,"[""at_risk"", ""diagnosed"", ""stopped""]"
TXN0000199755,C000840,0,645,0,0,0.00000000,stopped,"no_eligible_positive_value_action,failure_matrix:block",0,False,True,"[""at_risk"", ""diagnosed"", ""stopped""]"
TXN0000230033,C008352,1,528,528,1,25.00000000,recovered,,0,False,True,"[""at_risk"", ""diagnosed"", ""action_selected"", ""action_executed"", ""recovered""]"
TXN0000056513,C001328,0,2046,0,1,10.00000000,stopped,"no_eligible_positive_value_action,failure_matrix:block",0,False,True,"[""at_risk"", ""diagnosed"", ""action_selected"", ""action_executed"", ""failed"", ""next_action"", ""diagnosed"", ""stopped""]"
TXN0000214289,C001317,1,931,931,1,25.00000000,recovered,,0,False,True,"[""at_risk"", ""diagnosed"", ""action_selected"", ""action_executed"", ""recovered""]"
TXN0000017357,C003048,1,165,165,1,1.00000000,recovered,,0,False,True,"[""at_risk"", ""diagnosed"", ""action_selected"", ""action_executed"", ""recovered""]"
TXN0000056131,C000712,1,203,203,2,10.75000000,recovered,,0,False,True,"[""at_risk"", ""diagnosed"", ""action_selected"", ""action_executed"", ""failed"", ""next_action"", ""diagnosed"", ""action_selected"", ""action_executed"", ""recovered""]"
TXN0000075020,C000693,1,379,379,1,25.00000000,recovered,,0,False,True,"[""at_risk"", ""diagnosed"", ""action_selected"", ""action_executed"", ""recovered""]"
TXN0000129046,C004244,0,746,0,1,0.75000000,stopped,"no_eligible_positive_value_action,failure_matrix:block",0,False,True,"[""at_risk"", ""diagnosed"", ""action_selected"", ""action_executed"", ""failed"", ""next_action"", ""diagnosed"", ""stopped""]"
TXN0000171527,C004785,1,320,320,1,1.00000000,recovered,,0,False,True,"[""at_risk"", ""diagnosed"", ""action_selected"", ""action_executed"", ""recovered""]"
TXN0000133045,C005644,0,870,0,1,0.75000000,stopped,"no_eligible_positive_value_action,failure_matrix:block",0,False,True,"[""at_risk"", ""diagnosed"", ""action_selected"", ""action_executed"", ""failed"", ""next_action"", ""diagnosed"", ""stopped""]"
TXN0000050281,C004081,0,14002,0,0,0.00000000,stopped,"no_eligible_positive_value_action,failure_matrix:block",0,False,True,"[""at_risk"", ""diagnosed"", ""stopped""]"
TXN0000179082,C000617,1,3279,3279,2,10.75000000,recovered,,0,False,True,"[""at_risk"", ""diagnosed"", ""action_selected"", ""action_executed"", ""failed"", ""next_action"", ""diagnosed"", ""action_selected"", ""action_executed"", ""recovered""]"
TXN0000027352,C003924,1,2444,2444,2,10.75000000,recovered,,0,False,True,"[""at_risk"", ""diagnosed"", ""action_selected"", ""action_executed"", ""failed"", ""next_action"", ""diagnosed"", ""action_selected"", ""action_executed"", ""recovered""]"
TXN0000210171,C006611,0,1313,0,0,0.00000000,stopped,"no_eligible_positive_value_action,failure_matrix:block",0,False,True,"[""at_risk"", ""diagnosed"", ""stopped""]"
TXN0000195053,C006385,0,179,0,0,0.00000000,stopped,"no_eligible_positive_value_action,failure_matrix:block",0,False,True,"[""at_risk"", ""diagnosed"", ""stopped""]"
TXN0000146999,C009403,1,584,584,1,25.00000000,recovered,,0,False,True,"[""at_risk"", ""diagnosed"", ""action_selected"", ""action_executed"", ""recovered""]"
TXN0000009358,C002178,1,201,201,1,0.75000000,recovered,,0,False,True,"[""at_risk"", ""diagnosed"", ""action_selected"", ""action_executed"", ""recovered""]"
TXN0000061747,C005687,1,753,753,1,1.00000000,recovered,,0,False,True,"[""at_risk"", ""diagnosed"", ""action_selected"", ""action_executed"", ""recovered""]"
TXN0000142271,C002980,0,52,0,0,0.00000000,stopped,"no_eligible_positive_value_action,failure_matrix:block",0,False,True,"[""at_risk"", ""diagnosed"", ""stopped""]"
TXN0000083226,C009844,1,2868,2868,2,10.75000000,recovered,,0,False,True,"[""at_risk"", ""diagnosed"", ""action_selected"", ""action_executed"", ""failed"", ""next_action"", ""diagnosed"", ""action_selected"", ""action_executed"", ""recovered""]"
TXN0000190715,C000611,0,543,0,1,1.00000000,stopped,"no_eligible_positive_value_action,failure_matrix:block",0,False,True,"[""at_risk"", ""diagnosed"", ""action_selected"", ""action_executed"", ""failed"", ""next_action"", ""diagnosed"", ""stopped""]"
TXN0000226208,C002333,1,235,235,1,10.00000000,recovered,,0,False,True,"[""at_risk"", ""diagnosed"", ""action_selected"", ""action_executed"", ""recovered""]"
TXN0000007503,C001973,1,244,244,1,1.00000000,recovered,,0,False,True,"[""at_risk"", ""diagnosed"", ""action_selected"", ""action_executed"", ""recovered""]"
TXN0000081033,C002397,0,3356,0,2,10.75000000,stopped,"no_eligible_positive_value_action,failure_matrix:block",0,False,True,"[""at_risk"", ""diagnosed"", ""action_selected"", ""action_executed"", ""failed"", ""next_action"", ""diagnosed"", ""action_selected"", ""action_executed"", ""failed"", ""next_action"", ""diagnosed"", ""stopped""]"
TXN0000050416,C006548,0,1924,0,0,0.00000000,stopped,"no_eligible_positive_value_action,failure_matrix:block",0,False,True,"[""at_risk"", ""diagnosed"", ""stopped""]"
TXN0000123944,C008796,0,1602,0,0,0.00000000,stopped,"no_eligible_positive_value_action,failure_matrix:block",0,False,True,"[""at_risk"", ""diagnosed"", ""stopped""]"
TXN0000004486,C005229,1,89,89,1,1.00000000,recovered,,0,False,True,"[""at_risk"", ""diagnosed"", ""action_selected"", ""action_executed"", ""recovered""]"
TXN0000247107,C003248,1,1038,1038,2,10.75000000,recovered,,0,False,True,"[""at_risk"", ""diagnosed"", ""action_selected"", ""action_executed"", ""failed"", ""next_action"", ""diagnosed"", ""action_selected"", ""action_executed"", ""recovered""]"
TXN0000156249,C009618,0,749,0,0,0.00000000,stopped,"no_eligible_positive_value_action,failure_matrix:block",0,False,True,"[""at_risk"", ""diagnosed"", ""stopped""]"
TXN0000164999,C004484,0,126,0,0,0.00000000,stopped,customer_opted_out,0,True,True,"[""at_risk"", ""diagnosed"", ""stopped""]"
TXN0000146473,C005491,1,273,273,2,11.00000000,recovered,,0,False,True,"[""at_risk"", ""diagnosed"", ""action_selected"", ""action_executed"", ""failed"", ""next_action"", ""diagnosed"", ""action_selected"", ""action_executed"", ""recovered""]"
TXN0000213122,C002729,1,239,239,1,1.00000000,recovered,,0,False,True,"[""at_risk"", ""diagnosed"", ""action_selected"", ""action_executed"", ""recovered""]"
TXN0000031600,C004677,0,1961,0,0,0.00000000,stopped,"no_eligible_positive_value_action,failure_matrix:block",0,False,True,"[""at_risk"", ""diagnosed"", ""stopped""]"
TXN0000193058,C005196,1,473,473,1,0.75000000,recovered,,0,False,True,"[""at_risk"", ""diagnosed"", ""action_selected"", ""action_executed"", ""recovered""]"
TXN0000043185,C006006,0,1724,0,0,0.00000000,stopped,"no_eligible_positive_value_action,failure_matrix:block",0,False,True,"[""at_risk"", ""diagnosed"", ""stopped""]"
TXN0000087805,C008611,1,487,487,1,10.00000000,recovered,,0,False,True,"[""at_risk"", ""diagnosed"", ""action_selected"", ""action_executed"", ""recovered""]"
TXN0000112982,C008946,1,487,487,1,10.00000000,recovered,,0,False,True,"[""at_risk"", ""diagnosed"", ""action_selected"", ""action_executed"", ""recovered""]"
TXN0000065598,C002677,1,817,817,1,10.00000000,recovered,,0,False,True,"[""at_risk"", ""diagnosed"", ""action_selected"", ""action_executed"", ""recovered""]"
TXN0000127270,C008345,0,455,0,0,0.00000000,stopped,"no_eligible_positive_value_action,failure_matrix:block",0,False,False,"[""at_risk"", ""diagnosed"", ""stopped""]"
TXN0000041838,C004026,0,1863,0,0,0.00000000,stopped,"no_eligible_positive_value_action,failure_matrix:block",0,False,True,"[""at_risk"", ""diagnosed"", ""stopped""]"
TXN0000190008,C009176,0,44,0,0,0.00000000,stopped,"no_eligible_positive_value_action,failure_matrix:block",0,False,True,"[""at_risk"", ""diagnosed"", ""stopped""]"
TXN0000127885,C008886,1,1399,1399,1,1.00000000,recovered,,0,False,False,"[""at_risk"", ""diagnosed"", ""action_selected"", ""action_executed"", ""recovered""]"
TXN0000106156,C001384,1,1302,1302,1,25.00000000,recovered,,0,False,True,"[""at_risk"", ""diagnosed"", ""action_selected"", ""action_executed"", ""recovered""]"
TXN0000077059,C004638,0,2140,0,2,10.75000000,stopped,"no_eligible_positive_value_action,failure_matrix:block",0,False,True,"[""at_risk"", ""diagnosed"", ""action_selected"", ""action_executed"", ""failed"", ""next_action"", ""diagnosed"", ""action_selected"", ""action_executed"", ""failed"", ""next_action"", ""diagnosed"", ""stopped""]"
TXN0000148365,C002776,1,408,408,1,10.00000000,recovered,,0,False,True,"[""at_risk"", ""diagnosed"", ""action_selected"", ""action_executed"", ""recovered""]"
TXN0000007535,C006976,1,652,652,1,10.00000000,recovered,,0,False,True,"[""at_risk"", ""diagnosed"", ""action_selected"", ""action_executed"", ""recovered""]"
TXN0000105974,C000530,1,254,254,2,11.00000000,recovered,,0,False,True,"[""at_risk"", ""diagnosed"", ""action_selected"", ""action_executed"", ""failed"", ""next_action"", ""diagnosed"", ""action_selected"", ""action_executed"", ""recovered""]"
TXN0000184408,C000060,1,932,932,2,11.00000000,recovered,,0,False,True,"[""at_risk"", ""diagnosed"", ""action_selected"", ""action_executed"", ""failed"", ""next_action"", ""diagnosed"", ""action_selected"", ""action_executed"", ""recovered""]"
TXN0000174905,C008187,0,439,0,1,25.00000000,escalated,manual_escalation_completed,0,False,True,"[""at_risk"", ""diagnosed"", ""action_selected"", ""action_executed"", ""escalated""]"
TXN0000086916,C006704,0,3468,0,2,10.75000000,stopped,"no_eligible_positive_value_action,failure_matrix:block",0,False,True,"[""at_risk"", ""diagnosed"", ""action_selected"", ""action_executed"", ""failed"", ""next_action"", ""diagnosed"", ""action_selected"", ""action_executed"", ""failed"", ""next_action"", ""diagnosed"", ""stopped""]"
TXN0000150875,C003891,1,1959,1959,2,11.00000000,recovered,,0,False,True,"[""at_risk"", ""diagnosed"", ""action_selected"", ""action_executed"", ""failed"", ""next_action"", ""diagnosed"", ""action_selected"", ""action_executed"", ""recovered""]"
TXN0000052677,C005546,1,556,556,1,0.75000000,recovered,,0,False,True,"[""at_risk"", ""diagnosed"", ""action_selected"", ""action_executed"", ""recovered""]"
TXN0000225750,C000380,1,1949,1949,1,10.00000000,recovered,,0,False,True,"[""at_risk"", ""diagnosed"", ""action_selected"", ""action_executed"", ""recovered""]"
TXN0000097190,C007060,1,2575,2575,2,11.00000000,recovered,,0,False,True,"[""at_risk"", ""diagnosed"", ""action_selected"", ""action_executed"", ""failed"", ""next_action"", ""diagnosed"", ""action_selected"", ""action_executed"", ""recovered""]"
TXN0000026943,C001490,1,1737,1737,1,1.00000000,recovered,,0,False,True,"[""at_risk"", ""diagnosed"", ""action_selected"", ""action_executed"", ""recovered""]"
TXN0000122221,C005818,1,7388,7388,1,0.75000000,recovered,,0,False,True,"[""at_risk"", ""diagnosed"", ""action_selected"", ""action_executed"", ""recovered""]"
TXN0000082464,C009557,1,183,183,1,10.00000000,recovered,,0,False,True,"[""at_risk"", ""diagnosed"", ""action_selected"", ""action_executed"", ""recovered""]"
TXN0000154113,C007893,1,4828,4828,1,10.00000000,recovered,,0,False,True,"[""at_risk"", ""diagnosed"", ""action_selected"", ""action_executed"", ""recovered""]"
TXN0000208399,C002330,0,417,0,0,0.00000000,stopped,"no_eligible_positive_value_action,failure_matrix:block",0,False,False,"[""at_risk"", ""diagnosed"", ""stopped""]"
TXN0000015124,C003987,1,329,329,1,1.00000000,recovered,,0,False,True,"[""at_risk"", ""diagnosed"", ""action_selected"", ""action_executed"", ""recovered""]"
TXN0000013269,C001864,1,1397,1397,1,10.00000000,recovered,,0,False,True,"[""at_risk"", ""diagnosed"", ""action_selected"", ""action_executed"", ""recovered""]"
TXN0000181897,C004556,1,345,345,1,1.00000000,recovered,,0,False,True,"[""at_risk"", ""diagnosed"", ""action_selected"", ""action_executed"", ""recovered""]"
TXN0000233421,C008272,0,1119,0,0,0.00000000,stopped,"no_eligible_positive_value_action,failure_matrix:block",0,False,True,"[""at_risk"", ""diagnosed"", ""stopped""]"
TXN0000028590,C008724,1,458,458,2,11.00000000,recovered,,0,False,True,"[""at_risk"", ""diagnosed"", ""action_selected"", ""action_executed"", ""failed"", ""next_action"", ""diagnosed"", ""action_selected"", ""action_executed"", ""recovered""]"
TXN0000127303,C009416,1,1805,1805,2,10.75000000,recovered,,0,False,True,"[""at_risk"", ""diagnosed"", ""action_selected"", ""action_executed"", ""failed"", ""next_action"", ""diagnosed"", ""action_selected"", ""action_executed"", ""recovered""]"
TXN0000220979,C004061,0,1369,0,2,10.75000000,stopped,"no_eligible_positive_value_action,failure_matrix:block",0,False,True,"[""at_risk"", ""diagnosed"", ""action_selected"", ""action_executed"", ""failed"", ""next_action"", ""diagnosed"", ""action_selected"", ""action_executed"", ""failed"", ""next_action"", ""diagnosed"", ""stopped""]"
TXN0000178595,C000905,1,645,645,2,10.75000000,recovered,,0,False,True,"[""at_risk"", ""diagnosed"", ""action_selected"", ""action_executed"", ""failed"", ""next_action"", ""diagnosed"", ""action_selected"", ""action_executed"", ""recovered""]"
TXN0000168809,C002999,0,1497,0,0,0.00000000,stopped,customer_opted_out,0,True,True,"[""at_risk"", ""diagnosed"", ""stopped""]"
TXN0000097046,C009605,1,1236,1236,1,1.00000000,recovered,,0,False,True,"[""at_risk"", ""diagnosed"", ""action_selected"", ""action_executed"", ""recovered""]"
TXN0000150209,C006267,0,288,0,1,1.00000000,stopped,"no_eligible_positive_value_action,failure_matrix:block",0,False,True,"[""at_risk"", ""diagnosed"", ""action_selected"", ""action_executed"", ""failed"", ""next_action"", ""diagnosed"", ""stopped""]"
TXN0000183512,C002267,0,1235,0,0,0.00000000,stopped,"no_eligible_positive_value_action,failure_matrix:block",0,False,True,"[""at_risk"", ""diagnosed"", ""stopped""]"
TXN0000114409,C007270,1,443,443,1,0.75000000,recovered,,0,False,True,"[""at_risk"", ""diagnosed"", ""action_selected"", ""action_executed"", ""recovered""]"
TXN0000100634,C001802,0,1622,0,0,0.00000000,stopped,"no_eligible_positive_value_action,failure_matrix:block",0,False,True,"[""at_risk"", ""diagnosed"", ""stopped""]"
TXN0000001042,C001179,1,684,684,1,10.00000000,recovered,,0,False,True,"[""at_risk"", ""diagnosed"", ""action_selected"", ""action_executed"", ""recovered""]"
TXN0000212724,C007684,1,1272,1272,1,10.00000000,recovered,,0,False,True,"[""at_risk"", ""diagnosed"", ""action_selected"", ""action_executed"", ""recovered""]"
TXN0000243702,C005218,1,10605,10605,2,11.00000000,recovered,,0,False,True,"[""at_risk"", ""diagnosed"", ""action_selected"", ""action_executed"", ""failed"", ""next_action"", ""diagnosed"", ""action_selected"", ""action_executed"", ""recovered""]"
TXN0000151642,C003306,0,318,0,0,0.00000000,stopped,"no_eligible_positive_value_action,failure_matrix:block",0,False,True,"[""at_risk"", ""diagnosed"", ""stopped""]"
TXN0000078413,C006164,0,230,0,0,0.00000000,stopped,customer_opted_out,0,True,True,"[""at_risk"", ""diagnosed"", ""stopped""]"
TXN0000235545,C005384,0,1253,0,0,0.00000000,stopped,"no_eligible_positive_value_action,failure_matrix:block",0,False,True,"[""at_risk"", ""diagnosed"", ""stopped""]"
TXN0000064092,C006595,0,396,0,0,0.00000000,stopped,"no_eligible_positive_value_action,failure_matrix:block",0,False,True,"[""at_risk"", ""diagnosed"", ""stopped""]"
TXN0000191381,C003589,0,67,0,0,0.00000000,stopped,"no_eligible_positive_value_action,failure_matrix:block",0,False,True,"[""at_risk"", ""diagnosed"", ""stopped""]"
TXN0000206345,C002258,1,105,105,1,1.00000000,recovered,,0,False,True,"[""at_risk"", ""diagnosed"", ""action_selected"", ""action_executed"", ""recovered""]"
TXN0000110622,C000580,0,420,0,0,0.00000000,stopped,"no_eligible_positive_value_action,failure_matrix:block",0,False,True,"[""at_risk"", ""diagnosed"", ""stopped""]"
TXN0000037198,C007656,0,1626,0,0,0.00000000,stopped,customer_opted_out,0,True,True,"[""at_risk"", ""diagnosed"", ""stopped""]"
TXN0000180286,C005367,0,709,0,0,0.00000000,stopped,"no_eligible_positive_value_action,failure_matrix:block",0,False,True,"[""at_risk"", ""diagnosed"", ""stopped""]"
TXN0000026216,C002647,0,758,0,0,0.00000000,stopped,"no_eligible_positive_value_action,failure_matrix:block",0,False,True,"[""at_risk"", ""diagnosed"", ""stopped""]"
TXN0000171607,C009427,1,1902,1902,1,25.00000000,recovered,,0,False,True,"[""at_risk"", ""diagnosed"", ""action_selected"", ""action_executed"", ""recovered""]"
TXN0000026242,C006584,1,228,228,1,25.00000000,recovered,,0,False,True,"[""at_risk"", ""diagnosed"", ""action_selected"", ""action_executed"", ""recovered""]"
TXN0000153246,C007035,1,590,590,1,1.00000000,recovered,,0,False,True,"[""at_risk"", ""diagnosed"", ""action_selected"", ""action_executed"", ""recovered""]"
TXN0000179440,C008005,0,916,0,0,0.00000000,stopped,"no_eligible_positive_value_action,failure_matrix:block",0,False,True,"[""at_risk"", ""diagnosed"", ""stopped""]"
TXN0000051113,C007892,1,2475,2475,1,1.00000000,recovered,,0,False,True,"[""at_risk"", ""diagnosed"", ""action_selected"", ""action_executed"", ""recovered""]"
TXN0000175671,C009006,1,271,271,1,1.00000000,recovered,,0,False,True,"[""at_risk"", ""diagnosed"", ""action_selected"", ""action_executed"", ""recovered""]"
TXN0000124451,C007529,0,49,0,0,0.00000000,stopped,"no_eligible_positive_value_action,failure_matrix:block",0,False,False,"[""at_risk"", ""diagnosed"", ""stopped""]"
TXN0000107107,C002554,1,668,668,1,0.75000000,recovered,,0,False,True,"[""at_risk"", ""diagnosed"", ""action_selected"", ""action_executed"", ""recovered""]"
TXN0000136061,C009184,1,473,473,1,1.00000000,recovered,,0,False,False,"[""at_risk"", ""diagnosed"", ""action_selected"", ""action_executed"", ""recovered""]"
TXN0000087047,C007919,0,991,0,0,0.00000000,stopped,"no_eligible_positive_value_action,failure_matrix:block",0,False,True,"[""at_risk"", ""diagnosed"", ""stopped""]"
TXN0000183321,C008081,1,285,285,1,0.75000000,recovered,,0,False,True,"[""at_risk"", ""diagnosed"", ""action_selected"", ""action_executed"", ""recovered""]"
TXN0000092145,C005101,1,2585,2585,2,10.75000000,recovered,,0,False,True,"[""at_risk"", ""diagnosed"", ""action_selected"", ""action_executed"", ""failed"", ""next_action"", ""diagnosed"", ""action_selected"", ""action_executed"", ""recovered""]"
TXN0000100564,C004906,0,325,0,1,0.75000000,stopped,"no_eligible_positive_value_action,failure_matrix:block",0,False,True,"[""at_risk"", ""diagnosed"", ""action_selected"", ""action_executed"", ""failed"", ""next_action"", ""diagnosed"", ""stopped""]"
TXN0000062343,C002405,0,272,0,1,1.00000000,stopped,"no_eligible_positive_value_action,failure_matrix:block",0,False,True,"[""at_risk"", ""diagnosed"", ""action_selected"", ""action_executed"", ""failed"", ""next_action"", ""diagnosed"", ""stopped""]"
TXN0000152048,C007277,1,3311,3311,1,10.00000000,recovered,,0,False,True,"[""at_risk"", ""diagnosed"", ""action_selected"", ""action_executed"", ""recovered""]"
TXN0000226630,C002676,0,512,0,0,0.00000000,stopped,"no_eligible_positive_value_action,failure_matrix:block",0,False,True,"[""at_risk"", ""diagnosed"", ""stopped""]"
TXN0000093364,C001919,1,256,256,1,1.00000000,recovered,,0,False,True,"[""at_risk"", ""diagnosed"", ""action_selected"", ""action_executed"", ""recovered""]"
TXN0000158533,C005050,1,2504,2504,1,25.00000000,recovered,,0,False,True,"[""at_risk"", ""diagnosed"", ""action_selected"", ""action_executed"", ""recovered""]"
TXN0000043415,C008000,1,619,619,1,1.00000000,recovered,,0,False,True,"[""at_risk"", ""diagnosed"", ""action_selected"", ""action_executed"", ""recovered""]"
TXN0000219834,C004532,0,152,0,0,0.00000000,stopped,"no_eligible_positive_value_action,failure_matrix:block",0,False,True,"[""at_risk"", ""diagnosed"", ""stopped""]"
TXN0000026875,C003344,1,1715,1715,1,10.00000000,recovered,,0,False,True,"[""at_risk"", ""diagnosed"", ""action_selected"", ""action_executed"", ""recovered""]"
TXN0000147242,C007108,1,763,763,1,10.00000000,recovered,,0,False,True,"[""at_risk"", ""diagnosed"", ""action_selected"", ""action_executed"", ""recovered""]"
TXN0000014229,C004173,1,3490,3490,1,10.00000000,recovered,,0,False,True,"[""at_risk"", ""diagnosed"", ""action_selected"", ""action_executed"", ""recovered""]"
TXN0000031359,C008223,1,406,406,1,0.75000000,recovered,,0,False,True,"[""at_risk"", ""diagnosed"", ""action_selected"", ""action_executed"", ""recovered""]"
TXN0000223142,C001469,1,1244,1244,1,10.00000000,recovered,,0,False,True,"[""at_risk"", ""diagnosed"", ""action_selected"", ""action_executed"", ""recovered""]"
TXN0000209840,C009790,1,344,344,1,0.75000000,recovered,,0,False,True,"[""at_risk"", ""diagnosed"", ""action_selected"", ""action_executed"", ""recovered""]"
TXN0000064666,C009691,0,1214,0,0,0.00000000,stopped,customer_opted_out,0,True,True,"[""at_risk"", ""diagnosed"", ""stopped""]"
TXN0000155310,C007112,0,417,0,0,0.00000000,stopped,"no_eligible_positive_value_action,failure_matrix:block",0,False,False,"[""at_risk"", ""diagnosed"", ""stopped""]"
TXN0000246675,C005873,1,1115,1115,2,10.75000000,recovered,,0,False,True,"[""at_risk"", ""diagnosed"", ""action_selected"", ""action_executed"", ""failed"", ""next_action"", ""diagnosed"", ""action_selected"", ""action_executed"", ""recovered""]"
TXN0000093003,C009625,0,538,0,0,0.00000000,stopped,"no_eligible_positive_value_action,failure_matrix:block",0,False,True,"[""at_risk"", ""diagnosed"", ""stopped""]"
TXN0000184002,C005438,1,618,618,1,1.00000000,recovered,,0,False,True,"[""at_risk"", ""diagnosed"", ""action_selected"", ""action_executed"", ""recovered""]"
TXN0000120262,C001954,1,191,191,1,25.00000000,recovered,,0,False,True,"[""at_risk"", ""diagnosed"", ""action_selected"", ""action_executed"", ""recovered""]"
TXN0000186567,C000177,1,467,467,1,10.00000000,recovered,,0,False,True,"[""at_risk"", ""diagnosed"", ""action_selected"", ""action_executed"", ""recovered""]"
TXN0000066843,C005546,0,151,0,0,0.00000000,stopped,"no_eligible_positive_value_action,failure_matrix:block",0,False,True,"[""at_risk"", ""diagnosed"", ""stopped""]"
TXN0000205025,C009938,1,1749,1749,1,10.00000000,recovered,,0,False,True,"[""at_risk"", ""diagnosed"", ""action_selected"", ""action_executed"", ""recovered""]"
TXN0000134295,C003410,1,580,580,1,1.00000000,recovered,,0,False,True,"[""at_risk"", ""diagnosed"", ""action_selected"", ""action_executed"", ""recovered""]"
TXN0000049622,C003151,1,200,200,1,1.00000000,recovered,,0,False,True,"[""at_risk"", ""diagnosed"", ""action_selected"", ""action_executed"", ""recovered""]"
TXN0000032149,C008573,0,1508,0,0,0.00000000,stopped,"no_eligible_positive_value_action,failure_matrix:block",0,False,True,"[""at_risk"", ""diagnosed"", ""stopped""]"
TXN0000112919,C009648,0,862,0,0,0.00000000,stopped,customer_opted_out,0,True,True,"[""at_risk"", ""diagnosed"", ""stopped""]"
TXN0000008248,C004484,0,2918,0,0,0.00000000,stopped,customer_opted_out,0,True,True,"[""at_risk"", ""diagnosed"", ""stopped""]"
TXN0000109764,C007302,0,359,0,0,0.00000000,stopped,"no_eligible_positive_value_action,failure_matrix:block",0,False,True,"[""at_risk"", ""diagnosed"", ""stopped""]"
TXN0000068403,C007782,1,1577,1577,1,10.00000000,recovered,,0,False,True,"[""at_risk"", ""diagnosed"", ""action_selected"", ""action_executed"", ""recovered""]"
TXN0000072714,C002507,1,63,63,1,0.75000000,recovered,,0,False,True,"[""at_risk"", ""diagnosed"", ""action_selected"", ""action_executed"", ""recovered""]"
TXN0000126766,C008502,0,356,0,1,0.75000000,stopped,"no_eligible_positive_value_action,failure_matrix:block",0,False,True,"[""at_risk"", ""diagnosed"", ""action_selected"", ""action_executed"", ""failed"", ""next_action"", ""diagnosed"", ""stopped""]"
TXN0000054466,C009255,0,107,0,0,0.00000000,stopped,"no_eligible_positive_value_action,failure_matrix:block",0,False,True,"[""at_risk"", ""diagnosed"", ""stopped""]"
TXN0000240241,C003028,1,120,120,1,0.75000000,recovered,,0,False,True,"[""at_risk"", ""diagnosed"", ""action_selected"", ""action_executed"", ""recovered""]"
TXN0000142230,C008763,1,601,601,1,1.00000000,recovered,,0,False,True,"[""at_risk"", ""diagnosed"", ""action_selected"", ""action_executed"", ""recovered""]"
TXN0000185580,C000452,1,1764,1764,2,10.75000000,recovered,,0,False,True,"[""at_risk"", ""diagnosed"", ""action_selected"", ""action_executed"", ""failed"", ""next_action"", ""diagnosed"", ""action_selected"", ""action_executed"", ""recovered""]"
TXN0000043662,C003167,1,1165,1165,1,10.00000000,recovered,,0,False,True,"[""at_risk"", ""diagnosed"", ""action_selected"", ""action_executed"", ""recovered""]"
TXN0000201163,C001620,1,1290,1290,1,0.75000000,recovered,,0,False,True,"[""at_risk"", ""diagnosed"", ""action_selected"", ""action_executed"", ""recovered""]"
TXN0000221378,C002376,1,265,265,1,25.00000000,recovered,,0,False,True,"[""at_risk"", ""diagnosed"", ""action_selected"", ""action_executed"", ""recovered""]"
TXN0000214047,C007651,1,263,263,1,0.75000000,recovered,,0,False,True,"[""at_risk"", ""diagnosed"", ""action_selected"", ""action_executed"", ""recovered""]"
TXN0000249614,C009026,1,315,315,1,1.00000000,recovered,,0,False,True,"[""at_risk"", ""diagnosed"", ""action_selected"", ""action_executed"", ""recovered""]"
TXN0000155706,C008435,1,1011,1011,2,10.75000000,recovered,,0,False,True,"[""at_risk"", ""diagnosed"", ""action_selected"", ""action_executed"", ""failed"", ""next_action"", ""diagnosed"", ""action_selected"", ""action_executed"", ""recovered""]"
TXN0000012140,C002185,1,798,798,1,10.00000000,recovered,,0,False,True,"[""at_risk"", ""diagnosed"", ""action_selected"", ""action_executed"", ""recovered""]"
TXN0000180870,C007227,0,5360,0,0,0.00000000,stopped,"no_eligible_positive_value_action,failure_matrix:block",0,False,True,"[""at_risk"", ""diagnosed"", ""stopped""]"
TXN0000190298,C001064,0,1992,0,0,0.00000000,stopped,"no_eligible_positive_value_action,failure_matrix:block",0,False,True,"[""at_risk"", ""diagnosed"", ""stopped""]"
TXN0000208211,C003055,1,302,302,1,25.00000000,recovered,,0,False,True,"[""at_risk"", ""diagnosed"", ""action_selected"", ""action_executed"", ""recovered""]"
TXN0000158646,C000907,1,1533,1533,1,10.00000000,recovered,,0,False,True,"[""at_risk"", ""diagnosed"", ""action_selected"", ""action_executed"", ""recovered""]"
TXN0000146013,C008020,1,474,474,1,0.75000000,recovered,,0,False,True,"[""at_risk"", ""diagnosed"", ""action_selected"", ""action_executed"", ""recovered""]"
TXN0000027068,C007358,1,648,648,1,10.00000000,recovered,,0,False,False,"[""at_risk"", ""diagnosed"", ""action_selected"", ""action_executed"", ""recovered""]"
TXN0000119796,C002295,0,7026,0,1,10.00000000,stopped,"no_eligible_positive_value_action,failure_matrix:block",0,False,False,"[""at_risk"", ""diagnosed"", ""action_selected"", ""action_executed"", ""failed"", ""next_action"", ""diagnosed"", ""stopped""]"
TXN0000187213,C001999,0,734,0,0,0.00000000,stopped,"no_eligible_positive_value_action,failure_matrix:block",0,False,True,"[""at_risk"", ""diagnosed"", ""stopped""]"
TXN0000006935,C005178,1,1095,1095,1,10.00000000,recovered,,0,False,True,"[""at_risk"", ""diagnosed"", ""action_selected"", ""action_executed"", ""recovered""]"
TXN0000035804,C006791,1,108,108,1,0.75000000,recovered,,0,False,True,"[""at_risk"", ""diagnosed"", ""action_selected"", ""action_executed"", ""recovered""]"
TXN0000083279,C007340,0,683,0,0,0.00000000,stopped,"no_eligible_positive_value_action,failure_matrix:block",0,False,True,"[""at_risk"", ""diagnosed"", ""stopped""]"
TXN0000193962,C003842,0,499,0,0,0.00000000,stopped,"no_eligible_positive_value_action,failure_matrix:block",0,False,True,"[""at_risk"", ""diagnosed"", ""stopped""]"
TXN0000209618,C003648,1,612,612,1,1.00000000,recovered,,0,False,True,"[""at_risk"", ""diagnosed"", ""action_selected"", ""action_executed"", ""recovered""]"
TXN0000161759,C008421,0,93,0,0,0.00000000,stopped,"no_eligible_positive_value_action,failure_matrix:block",0,False,False,"[""at_risk"", ""diagnosed"", ""stopped""]"
TXN0000063323,C002787,1,7177,7177,2,11.00000000,recovered,,0,False,True,"[""at_risk"", ""diagnosed"", ""action_selected"", ""action_executed"", ""failed"", ""next_action"", ""diagnosed"", ""action_selected"", ""action_executed"", ""recovered""]"
TXN0000006108,C006101,1,620,620,1,0.75000000,recovered,,0,False,True,"[""at_risk"", ""diagnosed"", ""action_selected"", ""action_executed"", ""recovered""]"
TXN0000146380,C000982,1,227,227,1,1.00000000,recovered,,0,False,True,"[""at_risk"", ""diagnosed"", ""action_selected"", ""action_executed"", ""recovered""]"
TXN0000215414,C005692,1,10949,10949,1,10.00000000,recovered,,0,False,True,"[""at_risk"", ""diagnosed"", ""action_selected"", ""action_executed"", ""recovered""]"
TXN0000096472,C003911,1,452,452,1,25.00000000,recovered,,0,False,True,"[""at_risk"", ""diagnosed"", ""action_selected"", ""action_executed"", ""recovered""]"
TXN0000166819,C006449,1,2349,2349,1,1.00000000,recovered,,0,False,True,"[""at_risk"", ""diagnosed"", ""action_selected"", ""action_executed"", ""recovered""]"
TXN0000143198,C004440,1,332,332,1,1.00000000,recovered,,0,False,True,"[""at_risk"", ""diagnosed"", ""action_selected"", ""action_executed"", ""recovered""]"
TXN0000093105,C007145,1,2732,2732,2,11.00000000,recovered,,0,False,True,"[""at_risk"", ""diagnosed"", ""action_selected"", ""action_executed"", ""failed"", ""next_action"", ""diagnosed"", ""action_selected"", ""action_executed"", ""recovered""]"
TXN0000161913,C001276,1,412,412,1,0.75000000,recovered,,0,False,True,"[""at_risk"", ""diagnosed"", ""action_selected"", ""action_executed"", ""recovered""]"
TXN0000224033,C006039,1,3418,3418,1,10.00000000,recovered,,0,False,True,"[""at_risk"", ""diagnosed"", ""action_selected"", ""action_executed"", ""recovered""]"
TXN0000247704,C004185,1,366,366,1,10.00000000,recovered,,0,False,True,"[""at_risk"", ""diagnosed"", ""action_selected"", ""action_executed"", ""recovered""]"
TXN0000215147,C002201,1,1558,1558,1,1.00000000,recovered,,0,False,True,"[""at_risk"", ""diagnosed"", ""action_selected"", ""action_executed"", ""recovered""]"
TXN0000007998,C007265,0,750,0,2,10.75000000,stopped,"no_eligible_positive_value_action,failure_matrix:block",0,False,True,"[""at_risk"", ""diagnosed"", ""action_selected"", ""action_executed"", ""failed"", ""next_action"", ""diagnosed"", ""action_selected"", ""action_executed"", ""failed"", ""next_action"", ""diagnosed"", ""stopped""]"
TXN0000245604,C007261,1,75,75,2,10.75000000,recovered,,0,False,True,"[""at_risk"", ""diagnosed"", ""action_selected"", ""action_executed"", ""failed"", ""next_action"", ""diagnosed"", ""action_selected"", ""action_executed"", ""recovered""]"
TXN0000217956,C003020,1,1166,1166,1,25.00000000,recovered,,0,False,True,"[""at_risk"", ""diagnosed"", ""action_selected"", ""action_executed"", ""recovered""]"
TXN0000043516,C003129,1,523,523,1,0.75000000,recovered,,0,False,True,"[""at_risk"", ""diagnosed"", ""action_selected"", ""action_executed"", ""recovered""]"
TXN0000040217,C000787,1,83,83,1,0.75000000,recovered,,0,False,True,"[""at_risk"", ""diagnosed"", ""action_selected"", ""action_executed"", ""recovered""]"
TXN0000048793,C005959,1,1166,1166,1,10.00000000,recovered,,0,False,True,"[""at_risk"", ""diagnosed"", ""action_selected"", ""action_executed"", ""recovered""]"
TXN0000120910,C007582,0,2062,0,1,1.00000000,stopped,"no_eligible_positive_value_action,failure_matrix:block",0,False,False,"[""at_risk"", ""diagnosed"", ""action_selected"", ""action_executed"", ""failed"", ""next_action"", ""diagnosed"", ""stopped""]"
TXN0000002448,C007707,1,473,473,1,0.75000000,recovered,,0,False,True,"[""at_risk"", ""diagnosed"", ""action_selected"", ""action_executed"", ""recovered""]"
TXN0000081930,C007284,0,136,0,0,0.00000000,stopped,customer_opted_out,0,True,True,"[""at_risk"", ""diagnosed"", ""stopped""]"
TXN0000106514,C006492,1,3356,3356,1,10.00000000,recovered,,0,False,True,"[""at_risk"", ""diagnosed"", ""action_selected"", ""action_executed"", ""recovered""]"
TXN0000103995,C004129,0,567,0,0,0.00000000,stopped,"no_eligible_positive_value_action,failure_matrix:block",0,False,True,"[""at_risk"", ""diagnosed"", ""stopped""]"
TXN0000237580,C008822,1,1450,1450,1,10.00000000,recovered,,0,False,True,"[""at_risk"", ""diagnosed"", ""action_selected"", ""action_executed"", ""recovered""]"
TXN0000173032,C004355,1,616,616,1,1.00000000,recovered,,0,False,False,"[""at_risk"", ""diagnosed"", ""action_selected"", ""action_executed"", ""recovered""]"
TXN0000082394,C006173,0,140,0,0,0.00000000,stopped,"no_eligible_positive_value_action,failure_matrix:block",0,False,True,"[""at_risk"", ""diagnosed"", ""stopped""]"
TXN0000100921,C006619,0,163,0,1,1.00000000,stopped,"no_eligible_positive_value_action,failure_matrix:block",0,False,True,"[""at_risk"", ""diagnosed"", ""action_selected"", ""action_executed"", ""failed"", ""next_action"", ""diagnosed"", ""stopped""]"
TXN0000248795,C004508,0,226,0,0,0.00000000,stopped,customer_opted_out,0,True,True,"[""at_risk"", ""diagnosed"", ""stopped""]"
TXN0000047270,C006155,0,449,0,0,0.00000000,stopped,customer_opted_out,0,True,True,"[""at_risk"", ""diagnosed"", ""stopped""]"
TXN0000199914,C008389,0,371,0,1,0.75000000,stopped,"no_eligible_positive_value_action,failure_matrix:block",0,False,True,"[""at_risk"", ""diagnosed"", ""action_selected"", ""action_executed"", ""failed"", ""next_action"", ""diagnosed"", ""stopped""]"
TXN0000011904,C006018,0,131,0,1,0.75000000,stopped,"no_eligible_positive_value_action,failure_matrix:block",0,False,True,"[""at_risk"", ""diagnosed"", ""action_selected"", ""action_executed"", ""failed"", ""next_action"", ""diagnosed"", ""stopped""]"
TXN0000035473,C006188,1,95,95,1,1.00000000,recovered,,0,False,False,"[""at_risk"", ""diagnosed"", ""action_selected"", ""action_executed"", ""recovered""]"
TXN0000096967,C000684,1,305,305,2,10.75000000,recovered,,0,False,True,"[""at_risk"", ""diagnosed"", ""action_selected"", ""action_executed"", ""failed"", ""next_action"", ""diagnosed"", ""action_selected"", ""action_executed"", ""recovered""]"
TXN0000087347,C003486,1,577,577,1,10.00000000,recovered,,0,False,True,"[""at_risk"", ""diagnosed"", ""action_selected"", ""action_executed"", ""recovered""]"
TXN0000071479,C003059,0,115,0,1,1.00000000,stopped,"no_eligible_positive_value_action,failure_matrix:block",0,False,True,"[""at_risk"", ""diagnosed"", ""action_selected"", ""action_executed"", ""failed"", ""next_action"", ""diagnosed"", ""stopped""]"
TXN0000067529,C001378,0,1426,0,0,0.00000000,stopped,"no_eligible_positive_value_action,failure_matrix:block",0,False,True,"[""at_risk"", ""diagnosed"", ""stopped""]"
TXN0000072009,C009912,1,2034,2034,1,0.75000000,recovered,,0,False,True,"[""at_risk"", ""diagnosed"", ""action_selected"", ""action_executed"", ""recovered""]"
TXN0000072439,C000256,1,1100,1100,1,1.00000000,recovered,,0,False,True,"[""at_risk"", ""diagnosed"", ""action_selected"", ""action_executed"", ""recovered""]"
TXN0000159969,C003833,0,737,0,0,0.00000000,stopped,"no_eligible_positive_value_action,failure_matrix:block",0,False,True,"[""at_risk"", ""diagnosed"", ""stopped""]"
TXN0000051212,C009427,0,263,0,0,0.00000000,stopped,"no_eligible_positive_value_action,failure_matrix:block",0,False,True,"[""at_risk"", ""diagnosed"", ""stopped""]"
TXN0000094117,C009794,1,1702,1702,1,0.75000000,recovered,,0,False,True,"[""at_risk"", ""diagnosed"", ""action_selected"", ""action_executed"", ""recovered""]"
TXN0000201925,C003098,0,22,0,0,0.00000000,stopped,"no_eligible_positive_value_action,failure_matrix:block",0,False,True,"[""at_risk"", ""diagnosed"", ""stopped""]"
TXN0000061215,C009642,0,279,0,0,0.00000000,stopped,"no_eligible_positive_value_action,failure_matrix:block",0,False,True,"[""at_risk"", ""diagnosed"", ""stopped""]"
TXN0000105760,C005912,1,1542,1542,1,0.75000000,recovered,,0,False,True,"[""at_risk"", ""diagnosed"", ""action_selected"", ""action_executed"", ""recovered""]"
TXN0000174944,C009624,1,673,673,1,1.00000000,recovered,,0,False,True,"[""at_risk"", ""diagnosed"", ""action_selected"", ""action_executed"", ""recovered""]"
TXN0000189806,C002636,0,2016,0,2,10.75000000,stopped,"no_eligible_positive_value_action,failure_matrix:block",0,False,True,"[""at_risk"", ""diagnosed"", ""action_selected"", ""action_executed"", ""failed"", ""next_action"", ""diagnosed"", ""action_selected"", ""action_executed"", ""failed"", ""next_action"", ""diagnosed"", ""stopped""]"
TXN0000043033,C001990,1,4327,4327,1,0.75000000,recovered,,0,False,True,"[""at_risk"", ""diagnosed"", ""action_selected"", ""action_executed"", ""recovered""]"
TXN0000029819,C004524,1,231,231,1,1.00000000,recovered,,0,False,True,"[""at_risk"", ""diagnosed"", ""action_selected"", ""action_executed"", ""recovered""]"
TXN0000237897,C005357,1,5070,5070,1,10.00000000,recovered,,0,False,True,"[""at_risk"", ""diagnosed"", ""action_selected"", ""action_executed"", ""recovered""]"
TXN0000142154,C004823,1,438,438,1,0.75000000,recovered,,0,False,True,"[""at_risk"", ""diagnosed"", ""action_selected"", ""action_executed"", ""recovered""]"
TXN0000217309,C000580,0,2075,0,0,0.00000000,stopped,"no_eligible_positive_value_action,failure_matrix:block",0,False,True,"[""at_risk"", ""diagnosed"", ""stopped""]"
TXN0000119042,C002627,0,2262,0,0,0.00000000,stopped,"no_eligible_positive_value_action,failure_matrix:block",0,False,True,"[""at_risk"", ""diagnosed"", ""stopped""]"
TXN0000010234,C007844,1,1504,1504,2,11.00000000,recovered,,0,False,True,"[""at_risk"", ""diagnosed"", ""action_selected"", ""action_executed"", ""failed"", ""next_action"", ""diagnosed"", ""action_selected"", ""action_executed"", ""recovered""]"
TXN0000004424,C003811,1,198,198,1,25.00000000,recovered,,0,False,True,"[""at_risk"", ""diagnosed"", ""action_selected"", ""action_executed"", ""recovered""]"
TXN0000220700,C004399,1,81,81,1,1.00000000,recovered,,0,False,False,"[""at_risk"", ""diagnosed"", ""action_selected"", ""action_executed"", ""recovered""]"
TXN0000105094,C005888,0,538,0,1,1.00000000,stopped,"no_eligible_positive_value_action,failure_matrix:block",0,False,True,"[""at_risk"", ""diagnosed"", ""action_selected"", ""action_executed"", ""failed"", ""next_action"", ""diagnosed"", ""stopped""]"
TXN0000227767,C002554,1,2436,2436,1,1.00000000,recovered,,0,False,True,"[""at_risk"", ""diagnosed"", ""action_selected"", ""action_executed"", ""recovered""]"
TXN0000161333,C000026,0,605,0,0,0.00000000,stopped,"no_eligible_positive_value_action,failure_matrix:block",0,False,True,"[""at_risk"", ""diagnosed"", ""stopped""]"
TXN0000185777,C000135,0,253,0,1,0.75000000,stopped,"no_eligible_positive_value_action,failure_matrix:block",0,False,True,"[""at_risk"", ""diagnosed"", ""action_selected"", ""action_executed"", ""failed"", ""next_action"", ""diagnosed"", ""stopped""]"
TXN0000231297,C002926,1,160,160,1,25.00000000,recovered,,0,False,True,"[""at_risk"", ""diagnosed"", ""action_selected"", ""action_executed"", ""recovered""]"
TXN0000129508,C002248,1,320,320,1,0.75000000,recovered,,0,False,True,"[""at_risk"", ""diagnosed"", ""action_selected"", ""action_executed"", ""recovered""]"
TXN0000208955,C005948,0,267,0,2,11.00000000,stopped,"recent_intervention_limit_requires_escalation,failure_matrix:block",0,False,True,"[""at_risk"", ""diagnosed"", ""action_selected"", ""action_executed"", ""failed"", ""next_action"", ""diagnosed"", ""action_selected"", ""action_executed"", ""failed"", ""next_action"", ""diagnosed"", ""stopped""]"
TXN0000230519,C002544,0,735,0,0,0.00000000,stopped,"no_eligible_positive_value_action,failure_matrix:block",0,False,True,"[""at_risk"", ""diagnosed"", ""stopped""]"
TXN0000114280,C002951,0,1955,0,1,25.00000000,escalated,manual_escalation_completed,0,False,False,"[""at_risk"", ""diagnosed"", ""action_selected"", ""action_executed"", ""escalated""]"
TXN0000127090,C008708,1,1000,1000,1,10.00000000,recovered,,0,False,True,"[""at_risk"", ""diagnosed"", ""action_selected"", ""action_executed"", ""recovered""]"
TXN0000160632,C009948,0,839,0,0,0.00000000,stopped,customer_opted_out,0,True,True,"[""at_risk"", ""diagnosed"", ""stopped""]"
TXN0000206653,C007294,1,3010,3010,2,10.75000000,recovered,,0,False,True,"[""at_risk"", ""diagnosed"", ""action_selected"", ""action_executed"", ""failed"", ""next_action"", ""diagnosed"", ""action_selected"", ""action_executed"", ""recovered""]"
TXN0000186933,C003225,0,116,0,0,0.00000000,stopped,"no_eligible_positive_value_action,failure_matrix:block",0,False,True,"[""at_risk"", ""diagnosed"", ""stopped""]"
TXN0000211113,C007765,0,328,0,1,1.00000000,stopped,"no_eligible_positive_value_action,failure_matrix:block",0,False,True,"[""at_risk"", ""diagnosed"", ""action_selected"", ""action_executed"", ""failed"", ""next_action"", ""diagnosed"", ""stopped""]"
TXN0000112646,C005320,1,572,572,1,0.75000000,recovered,,0,False,True,"[""at_risk"", ""diagnosed"", ""action_selected"", ""action_executed"", ""recovered""]"
TXN0000103259,C001238,1,284,284,1,0.75000000,recovered,,0,False,True,"[""at_risk"", ""diagnosed"", ""action_selected"", ""action_executed"", ""recovered""]"
TXN0000161170,C003777,1,1001,1001,1,10.00000000,recovered,,0,False,True,"[""at_risk"", ""diagnosed"", ""action_selected"", ""action_executed"", ""recovered""]"
TXN0000077122,C004079,1,419,419,2,11.00000000,recovered,,0,False,True,"[""at_risk"", ""diagnosed"", ""action_selected"", ""action_executed"", ""failed"", ""next_action"", ""diagnosed"", ""action_selected"", ""action_executed"", ""recovered""]"
TXN0000000182,C004864,0,2241,0,2,11.00000000,stopped,"recent_intervention_limit_requires_escalation,failure_matrix:block",0,False,False,"[""at_risk"", ""diagnosed"", ""action_selected"", ""action_executed"", ""failed"", ""next_action"", ""diagnosed"", ""action_selected"", ""action_executed"", ""failed"", ""next_action"", ""diagnosed"", ""stopped""]"
TXN0000097469,C001917,0,2368,0,0,0.00000000,stopped,customer_opted_out,0,True,True,"[""at_risk"", ""diagnosed"", ""stopped""]"
TXN0000083313,C005536,1,176,176,1,1.00000000,recovered,,0,False,True,"[""at_risk"", ""diagnosed"", ""action_selected"", ""action_executed"", ""recovered""]"
TXN0000062407,C009977,0,639,0,0,0.00000000,stopped,"no_eligible_positive_value_action,failure_matrix:block",0,False,True,"[""at_risk"", ""diagnosed"", ""stopped""]"
TXN0000207854,C000253,0,338,0,0,0.00000000,stopped,"no_eligible_positive_value_action,failure_matrix:block",0,False,True,"[""at_risk"", ""diagnosed"", ""stopped""]"
TXN0000003705,C004729,0,425,0,0,0.00000000,stopped,"no_eligible_positive_value_action,failure_matrix:block",0,False,True,"[""at_risk"", ""diagnosed"", ""stopped""]"
TXN0000065441,C003802,0,116,0,0,0.00000000,stopped,customer_opted_out,0,True,False,"[""at_risk"", ""diagnosed"", ""stopped""]"
TXN0000077968,C008481,1,4422,4422,1,1.00000000,recovered,,0,False,True,"[""at_risk"", ""diagnosed"", ""action_selected"", ""action_executed"", ""recovered""]"
TXN0000009797,C001817,0,752,0,1,0.75000000,stopped,"no_eligible_positive_value_action,failure_matrix:block",0,False,True,"[""at_risk"", ""diagnosed"", ""action_selected"", ""action_executed"", ""failed"", ""next_action"", ""diagnosed"", ""stopped""]"
TXN0000132575,C006400,1,2763,2763,1,10.00000000,recovered,,0,False,False,"[""at_risk"", ""diagnosed"", ""action_selected"", ""action_executed"", ""recovered""]"
TXN0000187510,C002362,0,410,0,0,0.00000000,stopped,"no_eligible_positive_value_action,failure_matrix:block",0,False,True,"[""at_risk"", ""diagnosed"", ""stopped""]"
TXN0000098105,C008879,1,214,214,1,0.75000000,recovered,,0,False,True,"[""at_risk"", ""diagnosed"", ""action_selected"", ""action_executed"", ""recovered""]"
TXN0000063864,C008529,1,7512,7512,1,25.00000000,recovered,,0,False,False,"[""at_risk"", ""diagnosed"", ""action_selected"", ""action_executed"", ""recovered""]"
TXN0000086431,C006197,1,2515,2515,1,1.00000000,recovered,,0,False,True,"[""at_risk"", ""diagnosed"", ""action_selected"", ""action_executed"", ""recovered""]"
TXN0000094755,C000089,0,400,0,1,1.00000000,stopped,"no_eligible_positive_value_action,failure_matrix:block",0,False,True,"[""at_risk"", ""diagnosed"", ""action_selected"", ""action_executed"", ""failed"", ""next_action"", ""diagnosed"", ""stopped""]"
TXN0000082548,C004960,1,213,213,1,1.00000000,recovered,,0,False,True,"[""at_risk"", ""diagnosed"", ""action_selected"", ""action_executed"", ""recovered""]"
TXN0000240818,C004234,1,1818,1818,1,25.00000000,recovered,,0,False,True,"[""at_risk"", ""diagnosed"", ""action_selected"", ""action_executed"", ""recovered""]"
TXN0000152721,C001299,1,200,200,2,11.00000000,recovered,,0,False,True,"[""at_risk"", ""diagnosed"", ""action_selected"", ""action_executed"", ""failed"", ""next_action"", ""diagnosed"", ""action_selected"", ""action_executed"", ""recovered""]"
TXN0000020653,C005526,0,1770,0,0,0.00000000,stopped,"no_eligible_positive_value_action,failure_matrix:block",0,False,True,"[""at_risk"", ""diagnosed"", ""stopped""]"
TXN0000028676,C006353,0,10688,0,1,25.00000000,escalated,manual_escalation_completed,0,False,True,"[""at_risk"", ""diagnosed"", ""action_selected"", ""action_executed"", ""escalated""]"
TXN0000179752,C000317,1,183,183,1,1.00000000,recovered,,0,False,True,"[""at_risk"", ""diagnosed"", ""action_selected"", ""action_executed"", ""recovered""]"
TXN0000221103,C008920,0,108,0,1,1.00000000,stopped,"no_eligible_positive_value_action,failure_matrix:block",0,False,True,"[""at_risk"", ""diagnosed"", ""action_selected"", ""action_executed"", ""failed"", ""next_action"", ""diagnosed"", ""stopped""]"
TXN0000018681,C005185,1,591,591,1,0.75000000,recovered,,0,False,True,"[""at_risk"", ""diagnosed"", ""action_selected"", ""action_executed"", ""recovered""]"
TXN0000146166,C008658,0,3090,0,0,0.00000000,stopped,customer_opted_out,0,True,True,"[""at_risk"", ""diagnosed"", ""stopped""]"
TXN0000112139,C004723,1,234,234,1,25.00000000,recovered,,0,False,True,"[""at_risk"", ""diagnosed"", ""action_selected"", ""action_executed"", ""recovered""]"
TXN0000067998,C002490,0,86,0,0,0.00000000,stopped,"no_eligible_positive_value_action,failure_matrix:block",0,False,True,"[""at_risk"", ""diagnosed"", ""stopped""]"
TXN0000063161,C009556,1,826,826,2,11.00000000,recovered,,0,False,True,"[""at_risk"", ""diagnosed"", ""action_selected"", ""action_executed"", ""failed"", ""next_action"", ""diagnosed"", ""action_selected"", ""action_executed"", ""recovered""]"
TXN0000028934,C005466,0,596,0,0,0.00000000,stopped,"no_eligible_positive_value_action,failure_matrix:block",0,False,True,"[""at_risk"", ""diagnosed"", ""stopped""]"
TXN0000067109,C005197,1,1472,1472,2,11.00000000,recovered,,0,False,True,"[""at_risk"", ""diagnosed"", ""action_selected"", ""action_executed"", ""failed"", ""next_action"", ""diagnosed"", ""action_selected"", ""action_executed"", ""recovered""]"
TXN0000159450,C005596,0,1623,0,0,0.00000000,stopped,"no_eligible_positive_value_action,failure_matrix:block",0,False,True,"[""at_risk"", ""diagnosed"", ""stopped""]"
TXN0000106207,C009865,1,6821,6821,1,1.00000000,recovered,,0,False,True,"[""at_risk"", ""diagnosed"", ""action_selected"", ""action_executed"", ""recovered""]"
TXN0000127348,C003271,1,219,219,1,1.00000000,recovered,,0,False,True,"[""at_risk"", ""diagnosed"", ""action_selected"", ""action_executed"", ""recovered""]"
TXN0000131308,C000410,1,2208,2208,1,10.00000000,recovered,,0,False,True,"[""at_risk"", ""diagnosed"", ""action_selected"", ""action_executed"", ""recovered""]"
TXN0000030815,C005872,1,310,310,2,10.75000000,recovered,,0,False,True,"[""at_risk"", ""diagnosed"", ""action_selected"", ""action_executed"", ""failed"", ""next_action"", ""diagnosed"", ""action_selected"", ""action_executed"", ""recovered""]"
TXN0000136442,C009049,1,1185,1185,1,10.00000000,recovered,,0,False,True,"[""at_risk"", ""diagnosed"", ""action_selected"", ""action_executed"", ""recovered""]"
TXN0000205528,C004421,0,451,0,0,0.00000000,stopped,"no_eligible_positive_value_action,failure_matrix:block",0,False,True,"[""at_risk"", ""diagnosed"", ""stopped""]"
TXN0000130990,C005982,0,495,0,1,1.00000000,stopped,"no_eligible_positive_value_action,failure_matrix:block",0,False,True,"[""at_risk"", ""diagnosed"", ""action_selected"", ""action_executed"", ""failed"", ""next_action"", ""diagnosed"", ""stopped""]"
TXN0000096286,C005181,1,453,453,1,10.00000000,recovered,,0,False,True,"[""at_risk"", ""diagnosed"", ""action_selected"", ""action_executed"", ""recovered""]"
TXN0000150280,C002382,1,2500,2500,1,10.00000000,recovered,,0,False,True,"[""at_risk"", ""diagnosed"", ""action_selected"", ""action_executed"", ""recovered""]"
TXN0000046910,C004403,1,1002,1002,1,10.00000000,recovered,,0,False,True,"[""at_risk"", ""diagnosed"", ""action_selected"", ""action_executed"", ""recovered""]"
TXN0000042658,C007363,0,126,0,0,0.00000000,stopped,"no_eligible_positive_value_action,failure_matrix:block",0,False,True,"[""at_risk"", ""diagnosed"", ""stopped""]"
TXN0000084112,C008997,1,1154,1154,1,10.00000000,recovered,,0,False,True,"[""at_risk"", ""diagnosed"", ""action_selected"", ""action_executed"", ""recovered""]"
TXN0000212423,C004728,1,4849,4849,1,0.75000000,recovered,,0,False,True,"[""at_risk"", ""diagnosed"", ""action_selected"", ""action_executed"", ""recovered""]"
TXN0000139389,C007603,1,543,543,1,0.75000000,recovered,,0,False,True,"[""at_risk"", ""diagnosed"", ""action_selected"", ""action_executed"", ""recovered""]"
TXN0000020673,C004889,0,148,0,0,0.00000000,stopped,"no_eligible_positive_value_action,failure_matrix:block",0,False,False,"[""at_risk"", ""diagnosed"", ""stopped""]"
TXN0000012622,C000341,1,321,321,1,0.75000000,recovered,,0,False,True,"[""at_risk"", ""diagnosed"", ""action_selected"", ""action_executed"", ""recovered""]"
TXN0000148680,C009005,1,2023,2023,1,1.00000000,recovered,,0,False,True,"[""at_risk"", ""diagnosed"", ""action_selected"", ""action_executed"", ""recovered""]"
TXN0000217627,C007676,1,3505,3505,1,1.00000000,recovered,,0,False,True,"[""at_risk"", ""diagnosed"", ""action_selected"", ""action_executed"", ""recovered""]"
TXN0000014513,C008781,0,706,0,0,0.00000000,stopped,customer_opted_out,0,True,True,"[""at_risk"", ""diagnosed"", ""stopped""]"
TXN0000194916,C000268,1,2362,2362,2,10.75000000,recovered,,0,False,True,"[""at_risk"", ""diagnosed"", ""action_selected"", ""action_executed"", ""failed"", ""next_action"", ""diagnosed"", ""action_selected"", ""action_executed"", ""recovered""]"
TXN0000154527,C007896,1,2172,2172,1,25.00000000,recovered,,0,False,True,"[""at_risk"", ""diagnosed"", ""action_selected"", ""action_executed"", ""recovered""]"
TXN0000072542,C009199,0,396,0,1,0.75000000,stopped,"no_eligible_positive_value_action,failure_matrix:block",0,False,True,"[""at_risk"", ""diagnosed"", ""action_selected"", ""action_executed"", ""failed"", ""next_action"", ""diagnosed"", ""stopped""]"
TXN0000028303,C004769,1,6179,6179,1,0.75000000,recovered,,0,False,True,"[""at_risk"", ""diagnosed"", ""action_selected"", ""action_executed"", ""recovered""]"
TXN0000232301,C008676,1,3880,3880,1,1.00000000,recovered,,0,False,True,"[""at_risk"", ""diagnosed"", ""action_selected"", ""action_executed"", ""recovered""]"
TXN0000084202,C001180,1,1639,1639,1,25.00000000,recovered,,0,False,True,"[""at_risk"", ""diagnosed"", ""action_selected"", ""action_executed"", ""recovered""]"
TXN0000119954,C006704,0,581,0,0,0.00000000,stopped,"no_eligible_positive_value_action,failure_matrix:block",0,False,True,"[""at_risk"", ""diagnosed"", ""stopped""]"
TXN0000208181,C002641,1,2656,2656,1,25.00000000,recovered,,0,False,False,"[""at_risk"", ""diagnosed"", ""action_selected"", ""action_executed"", ""recovered""]"
TXN0000016643,C008936,1,2836,2836,2,11.00000000,recovered,,0,False,True,"[""at_risk"", ""diagnosed"", ""action_selected"", ""action_executed"", ""failed"", ""next_action"", ""diagnosed"", ""action_selected"", ""action_executed"", ""recovered""]"
TXN0000245965,C003324,1,291,291,1,0.75000000,recovered,,0,False,True,"[""at_risk"", ""diagnosed"", ""action_selected"", ""action_executed"", ""recovered""]"
TXN0000036470,C005394,1,228,228,1,0.75000000,recovered,,0,False,True,"[""at_risk"", ""diagnosed"", ""action_selected"", ""action_executed"", ""recovered""]"
TXN0000170292,C004816,1,128,128,1,0.75000000,recovered,,0,False,True,"[""at_risk"", ""diagnosed"", ""action_selected"", ""action_executed"", ""recovered""]"
TXN0000005987,C008439,1,193,193,1,1.00000000,recovered,,0,False,True,"[""at_risk"", ""diagnosed"", ""action_selected"", ""action_executed"", ""recovered""]"
TXN0000182734,C006383,1,398,398,1,10.00000000,recovered,,0,False,True,"[""at_risk"", ""diagnosed"", ""action_selected"", ""action_executed"", ""recovered""]"
TXN0000058456,C007607,0,524,0,0,0.00000000,stopped,"no_eligible_positive_value_action,failure_matrix:block",0,False,False,"[""at_risk"", ""diagnosed"", ""stopped""]"
TXN0000061699,C008202,1,660,660,1,25.00000000,recovered,,0,False,True,"[""at_risk"", ""diagnosed"", ""action_selected"", ""action_executed"", ""recovered""]"
TXN0000194773,C003211,0,622,0,0,0.00000000,stopped,customer_opted_out,0,True,True,"[""at_risk"", ""diagnosed"", ""stopped""]"
TXN0000061482,C006725,1,105,105,1,1.00000000,recovered,,0,False,True,"[""at_risk"", ""diagnosed"", ""action_selected"", ""action_executed"", ""recovered""]"
TXN0000100163,C001749,1,503,503,1,1.00000000,recovered,,0,False,True,"[""at_risk"", ""diagnosed"", ""action_selected"", ""action_executed"", ""recovered""]"
TXN0000132829,C004063,0,3306,0,2,10.75000000,stopped,"no_eligible_positive_value_action,failure_matrix:block",0,False,True,"[""at_risk"", ""diagnosed"", ""action_selected"", ""action_executed"", ""failed"", ""next_action"", ""diagnosed"", ""action_selected"", ""action_executed"", ""failed"", ""next_action"", ""diagnosed"", ""stopped""]"
TXN0000119556,C004260,0,241,0,0,0.00000000,stopped,"no_eligible_positive_value_action,failure_matrix:block",0,False,False,"[""at_risk"", ""diagnosed"", ""stopped""]"
TXN0000041848,C007381,1,111,111,1,10.00000000,recovered,,0,False,True,"[""at_risk"", ""diagnosed"", ""action_selected"", ""action_executed"", ""recovered""]"
TXN0000133279,C000335,0,409,0,2,10.75000000,stopped,"no_eligible_positive_value_action,failure_matrix:block",0,False,True,"[""at_risk"", ""diagnosed"", ""action_selected"", ""action_executed"", ""failed"", ""next_action"", ""diagnosed"", ""action_selected"", ""action_executed"", ""failed"", ""next_action"", ""diagnosed"", ""stopped""]"
TXN0000140502,C001313,1,2183,2183,1,0.75000000,recovered,,0,False,True,"[""at_risk"", ""diagnosed"", ""action_selected"", ""action_executed"", ""recovered""]"
TXN0000171560,C008394,0,171,0,0,0.00000000,stopped,"no_eligible_positive_value_action,failure_matrix:block",0,False,True,"[""at_risk"", ""diagnosed"", ""stopped""]"
TXN0000163946,C007419,0,567,0,0,0.00000000,stopped,"no_eligible_positive_value_action,failure_matrix:block",0,False,True,"[""at_risk"", ""diagnosed"", ""stopped""]"
TXN0000221605,C001709,0,137,0,1,1.00000000,stopped,"no_eligible_positive_value_action,failure_matrix:block",0,False,True,"[""at_risk"", ""diagnosed"", ""action_selected"", ""action_executed"", ""failed"", ""next_action"", ""diagnosed"", ""stopped""]"
TXN0000148063,C001927,1,169,169,1,25.00000000,recovered,,0,False,False,"[""at_risk"", ""diagnosed"", ""action_selected"", ""action_executed"", ""recovered""]"
TXN0000084711,C009301,1,91,91,1,1.00000000,recovered,,0,False,True,"[""at_risk"", ""diagnosed"", ""action_selected"", ""action_executed"", ""recovered""]"
TXN0000166312,C004794,0,814,0,0,0.00000000,stopped,"no_eligible_positive_value_action,failure_matrix:block",0,False,True,"[""at_risk"", ""diagnosed"", ""stopped""]"
TXN0000019275,C006599,0,860,0,0,0.00000000,stopped,"no_eligible_positive_value_action,failure_matrix:block",0,False,True,"[""at_risk"", ""diagnosed"", ""stopped""]"
TXN0000123035,C006259,0,6271,0,0,0.00000000,stopped,"no_eligible_positive_value_action,failure_matrix:block",0,False,True,"[""at_risk"", ""diagnosed"", ""stopped""]"
TXN0000016483,C001531,1,514,514,1,0.75000000,recovered,,0,False,True,"[""at_risk"", ""diagnosed"", ""action_selected"", ""action_executed"", ""recovered""]"
TXN0000065719,C005658,1,1796,1796,1,10.00000000,recovered,,0,False,True,"[""at_risk"", ""diagnosed"", ""action_selected"", ""action_executed"", ""recovered""]"
TXN0000245863,C006944,0,599,0,0,0.00000000,stopped,"no_eligible_positive_value_action,failure_matrix:block",0,False,False,"[""at_risk"", ""diagnosed"", ""stopped""]"
TXN0000002379,C002905,1,527,527,1,0.75000000,recovered,,0,False,True,"[""at_risk"", ""diagnosed"", ""action_selected"", ""action_executed"", ""recovered""]"
TXN0000166218,C004486,1,366,366,1,25.00000000,recovered,,0,False,False,"[""at_risk"", ""diagnosed"", ""action_selected"", ""action_executed"", ""recovered""]"
TXN0000232475,C007924,0,331,0,1,1.00000000,stopped,"no_eligible_positive_value_action,failure_matrix:block",0,False,True,"[""at_risk"", ""diagnosed"", ""action_selected"", ""action_executed"", ""failed"", ""next_action"", ""diagnosed"", ""stopped""]"
TXN0000038599,C001927,0,698,0,1,1.00000000,stopped,"no_eligible_positive_value_action,failure_matrix:block",0,False,False,"[""at_risk"", ""diagnosed"", ""action_selected"", ""action_executed"", ""failed"", ""next_action"", ""diagnosed"", ""stopped""]"
TXN0000065207,C004892,1,553,553,1,1.00000000,recovered,,0,False,False,"[""at_risk"", ""diagnosed"", ""action_selected"", ""action_executed"", ""recovered""]"
TXN0000139061,C001117,0,679,0,0,0.00000000,stopped,"no_eligible_positive_value_action,failure_matrix:block",0,False,True,"[""at_risk"", ""diagnosed"", ""stopped""]"
TXN0000146429,C004089,1,848,848,1,0.75000000,recovered,,0,False,True,"[""at_risk"", ""diagnosed"", ""action_selected"", ""action_executed"", ""recovered""]"
TXN0000022610,C002866,0,4086,0,1,1.00000000,stopped,"no_eligible_positive_value_action,failure_matrix:block",0,False,True,"[""at_risk"", ""diagnosed"", ""action_selected"", ""action_executed"", ""failed"", ""next_action"", ""diagnosed"", ""stopped""]"
TXN0000185868,C001683,0,330,0,1,0.75000000,stopped,"no_eligible_positive_value_action,failure_matrix:block",0,False,True,"[""at_risk"", ""diagnosed"", ""action_selected"", ""action_executed"", ""failed"", ""next_action"", ""diagnosed"", ""stopped""]"
TXN0000177293,C007930,1,75,75,2,10.75000000,recovered,,0,False,True,"[""at_risk"", ""diagnosed"", ""action_selected"", ""action_executed"", ""failed"", ""next_action"", ""diagnosed"", ""action_selected"", ""action_executed"", ""recovered""]"
TXN0000072396,C006028,0,91,0,0,0.00000000,stopped,customer_opted_out,0,True,True,"[""at_risk"", ""diagnosed"", ""stopped""]"
TXN0000116810,C000001,0,130,0,0,0.00000000,stopped,"no_eligible_positive_value_action,failure_matrix:block",0,False,False,"[""at_risk"", ""diagnosed"", ""stopped""]"
TXN0000133246,C004972,1,128,128,1,1.00000000,recovered,,0,False,True,"[""at_risk"", ""diagnosed"", ""action_selected"", ""action_executed"", ""recovered""]"
TXN0000011120,C002177,1,2564,2564,1,1.00000000,recovered,,0,False,False,"[""at_risk"", ""diagnosed"", ""action_selected"", ""action_executed"", ""recovered""]"
TXN0000103991,C006410,1,1250,1250,2,11.00000000,recovered,,0,False,True,"[""at_risk"", ""diagnosed"", ""action_selected"", ""action_executed"", ""failed"", ""next_action"", ""diagnosed"", ""action_selected"", ""action_executed"", ""recovered""]"
TXN0000193037,C005824,1,433,433,1,1.00000000,recovered,,0,False,True,"[""at_risk"", ""diagnosed"", ""action_selected"", ""action_executed"", ""recovered""]"
TXN0000183936,C004501,0,2063,0,1,1.00000000,stopped,"no_eligible_positive_value_action,failure_matrix:block",0,False,True,"[""at_risk"", ""diagnosed"", ""action_selected"", ""action_executed"", ""failed"", ""next_action"", ""diagnosed"", ""stopped""]"
TXN0000053901,C001444,0,854,0,2,10.75000000,stopped,"no_eligible_positive_value_action,failure_matrix:block",0,False,True,"[""at_risk"", ""diagnosed"", ""action_selected"", ""action_executed"", ""failed"", ""next_action"", ""diagnosed"", ""action_selected"", ""action_executed"", ""failed"", ""next_action"", ""diagnosed"", ""stopped""]"
TXN0000216883,C006652,1,591,591,1,1.00000000,recovered,,0,False,False,"[""at_risk"", ""diagnosed"", ""action_selected"", ""action_executed"", ""recovered""]"
TXN0000185351,C004423,1,275,275,1,0.75000000,recovered,,0,False,True,"[""at_risk"", ""diagnosed"", ""action_selected"", ""action_executed"", ""recovered""]"
TXN0000112958,C004916,1,721,721,1,25.00000000,recovered,,0,False,True,"[""at_risk"", ""diagnosed"", ""action_selected"", ""action_executed"", ""recovered""]"
TXN0000217447,C008488,1,1675,1675,1,0.75000000,recovered,,0,False,True,"[""at_risk"", ""diagnosed"", ""action_selected"", ""action_executed"", ""recovered""]"
TXN0000115846,C000610,1,214,214,1,1.00000000,recovered,,0,False,True,"[""at_risk"", ""diagnosed"", ""action_selected"", ""action_executed"", ""recovered""]"
TXN0000233457,C001079,1,283,283,2,10.75000000,recovered,,0,False,True,"[""at_risk"", ""diagnosed"", ""action_selected"", ""action_executed"", ""failed"", ""next_action"", ""diagnosed"", ""action_selected"", ""action_executed"", ""recovered""]"
TXN0000134911,C004345,1,229,229,1,1.00000000,recovered,,0,False,True,"[""at_risk"", ""diagnosed"", ""action_selected"", ""action_executed"", ""recovered""]"
TXN0000111187,C000189,1,103,103,1,0.75000000,recovered,,0,False,True,"[""at_risk"", ""diagnosed"", ""action_selected"", ""action_executed"", ""recovered""]"
TXN0000074013,C005641,0,180,0,0,0.00000000,stopped,"no_eligible_positive_value_action,failure_matrix:block",0,False,False,"[""at_risk"", ""diagnosed"", ""stopped""]"
TXN0000021998,C004740,1,571,571,1,0.75000000,recovered,,0,False,True,"[""at_risk"", ""diagnosed"", ""action_selected"", ""action_executed"", ""recovered""]"
TXN0000033157,C003158,0,2297,0,0,0.00000000,stopped,"no_eligible_positive_value_action,failure_matrix:block",0,False,True,"[""at_risk"", ""diagnosed"", ""stopped""]"
TXN0000109188,C002075,0,1319,0,0,0.00000000,stopped,"no_eligible_positive_value_action,failure_matrix:block",0,False,True,"[""at_risk"", ""diagnosed"", ""stopped""]"
TXN0000121530,C007738,1,1779,1779,1,25.00000000,recovered,,0,False,True,"[""at_risk"", ""diagnosed"", ""action_selected"", ""action_executed"", ""recovered""]"
TXN0000079401,C002668,1,927,927,1,10.00000000,recovered,,0,False,True,"[""at_risk"", ""diagnosed"", ""action_selected"", ""action_executed"", ""recovered""]"
TXN0000213635,C000518,1,81,81,1,1.00000000,recovered,,0,False,True,"[""at_risk"", ""diagnosed"", ""action_selected"", ""action_executed"", ""recovered""]"
TXN0000048143,C009911,0,1226,0,0,0.00000000,stopped,"no_eligible_positive_value_action,failure_matrix:block",0,False,True,"[""at_risk"", ""diagnosed"", ""stopped""]"
TXN0000093187,C006532,0,155,0,0,0.00000000,stopped,"no_eligible_positive_value_action,failure_matrix:block",0,False,False,"[""at_risk"", ""diagnosed"", ""stopped""]"
TXN0000033563,C005439,1,276,276,1,1.00000000,recovered,,0,False,True,"[""at_risk"", ""diagnosed"", ""action_selected"", ""action_executed"", ""recovered""]"
TXN0000216287,C001393,1,743,743,1,0.75000000,recovered,,0,False,True,"[""at_risk"", ""diagnosed"", ""action_selected"", ""action_executed"", ""recovered""]"
TXN0000118438,C004293,1,152,152,1,0.75000000,recovered,,0,False,True,"[""at_risk"", ""diagnosed"", ""action_selected"", ""action_executed"", ""recovered""]"
TXN0000134641,C005196,0,224,0,0,0.00000000,stopped,"no_eligible_positive_value_action,failure_matrix:block",0,False,True,"[""at_risk"", ""diagnosed"", ""stopped""]"
TXN0000208953,C007158,1,420,420,1,1.00000000,recovered,,0,False,False,"[""at_risk"", ""diagnosed"", ""action_selected"", ""action_executed"", ""recovered""]"
TXN0000030126,C008718,0,188,0,1,1.00000000,stopped,"no_eligible_positive_value_action,failure_matrix:block",0,False,True,"[""at_risk"", ""diagnosed"", ""action_selected"", ""action_executed"", ""failed"", ""next_action"", ""diagnosed"", ""stopped""]"
TXN0000227157,C002698,1,729,729,1,0.75000000,recovered,,0,False,True,"[""at_risk"", ""diagnosed"", ""action_selected"", ""action_executed"", ""recovered""]"
TXN0000043593,C008561,0,1193,0,2,11.00000000,stopped,"recent_intervention_limit_requires_escalation,failure_matrix:block",0,False,False,"[""at_risk"", ""diagnosed"", ""action_selected"", ""action_executed"", ""failed"", ""next_action"", ""diagnosed"", ""action_selected"", ""action_executed"", ""failed"", ""next_action"", ""diagnosed"", ""stopped""]"
TXN0000236986,C006964,1,222,222,1,1.00000000,recovered,,0,False,True,"[""at_risk"", ""diagnosed"", ""action_selected"", ""action_executed"", ""recovered""]"
TXN0000189818,C008375,0,4593,0,1,25.00000000,escalated,manual_escalation_completed,0,False,True,"[""at_risk"", ""diagnosed"", ""action_selected"", ""action_executed"", ""escalated""]"
TXN0000136961,C001970,1,315,315,1,25.00000000,recovered,,0,False,True,"[""at_risk"", ""diagnosed"", ""action_selected"", ""action_executed"", ""recovered""]"
TXN0000214853,C000860,0,968,0,0,0.00000000,stopped,"no_eligible_positive_value_action,failure_matrix:block",0,False,True,"[""at_risk"", ""diagnosed"", ""stopped""]"
TXN0000002133,C009012,1,2094,2094,1,10.00000000,recovered,,0,False,True,"[""at_risk"", ""diagnosed"", ""action_selected"", ""action_executed"", ""recovered""]"
TXN0000206381,C006837,0,9082,0,1,25.00000000,escalated,manual_escalation_completed,0,False,True,"[""at_risk"", ""diagnosed"", ""action_selected"", ""action_executed"", ""escalated""]"
TXN0000170423,C007180,0,4021,0,0,0.00000000,stopped,"no_eligible_positive_value_action,failure_matrix:block",0,False,True,"[""at_risk"", ""diagnosed"", ""stopped""]"
TXN0000153031,C002023,1,97,97,1,1.00000000,recovered,,0,False,True,"[""at_risk"", ""diagnosed"", ""action_selected"", ""action_executed"", ""recovered""]"
TXN0000190124,C007036,1,341,341,2,10.75000000,recovered,,0,False,True,"[""at_risk"", ""diagnosed"", ""action_selected"", ""action_executed"", ""failed"", ""next_action"", ""diagnosed"", ""action_selected"", ""action_executed"", ""recovered""]"
TXN0000136889,C002604,0,2171,0,0,0.00000000,stopped,"no_eligible_positive_value_action,failure_matrix:block",0,False,True,"[""at_risk"", ""diagnosed"", ""stopped""]"
TXN0000162422,C005900,1,145,145,1,0.75000000,recovered,,0,False,True,"[""at_risk"", ""diagnosed"", ""action_selected"", ""action_executed"", ""recovered""]"
TXN0000015921,C006365,0,298,0,0,0.00000000,stopped,"no_eligible_positive_value_action,failure_matrix:block",0,False,False,"[""at_risk"", ""diagnosed"", ""stopped""]"
TXN0000085538,C004652,1,1717,1717,1,10.00000000,recovered,,0,False,True,"[""at_risk"", ""diagnosed"", ""action_selected"", ""action_executed"", ""recovered""]"
TXN0000062688,C007646,0,611,0,1,0.75000000,stopped,"no_eligible_positive_value_action,failure_matrix:block",0,False,True,"[""at_risk"", ""diagnosed"", ""action_selected"", ""action_executed"", ""failed"", ""next_action"", ""diagnosed"", ""stopped""]"
TXN0000009979,C006477,0,1966,0,0,0.00000000,stopped,customer_opted_out,0,True,True,"[""at_risk"", ""diagnosed"", ""stopped""]"
TXN0000051363,C002212,1,2903,2903,1,1.00000000,recovered,,0,False,True,"[""at_risk"", ""diagnosed"", ""action_selected"", ""action_executed"", ""recovered""]"
TXN0000203550,C000237,1,682,682,2,11.00000000,recovered,,0,False,True,"[""at_risk"", ""diagnosed"", ""action_selected"", ""action_executed"", ""failed"", ""next_action"", ""diagnosed"", ""action_selected"", ""action_executed"", ""recovered""]"
TXN0000210605,C004579,1,1448,1448,2,10.75000000,recovered,,0,False,True,"[""at_risk"", ""diagnosed"", ""action_selected"", ""action_executed"", ""failed"", ""next_action"", ""diagnosed"", ""action_selected"", ""action_executed"", ""recovered""]"
TXN0000208796,C004565,1,988,988,1,10.00000000,recovered,,0,False,True,"[""at_risk"", ""diagnosed"", ""action_selected"", ""action_executed"", ""recovered""]"
TXN0000219711,C000800,1,829,829,1,25.00000000,recovered,,0,False,True,"[""at_risk"", ""diagnosed"", ""action_selected"", ""action_executed"", ""recovered""]"
TXN0000102807,C009191,0,1834,0,0,0.00000000,stopped,"no_eligible_positive_value_action,failure_matrix:block",0,False,True,"[""at_risk"", ""diagnosed"", ""stopped""]"
TXN0000138731,C001349,1,70,70,1,1.00000000,recovered,,0,False,True,"[""at_risk"", ""diagnosed"", ""action_selected"", ""action_executed"", ""recovered""]"
TXN0000203171,C004211,1,2813,2813,1,0.75000000,recovered,,0,False,True,"[""at_risk"", ""diagnosed"", ""action_selected"", ""action_executed"", ""recovered""]"
TXN0000007819,C009892,0,456,0,0,0.00000000,stopped,"no_eligible_positive_value_action,failure_matrix:block",0,False,False,"[""at_risk"", ""diagnosed"", ""stopped""]"
TXN0000159138,C000233,1,188,188,1,0.75000000,recovered,,0,False,True,"[""at_risk"", ""diagnosed"", ""action_selected"", ""action_executed"", ""recovered""]"
TXN0000021452,C005682,0,1148,0,0,0.00000000,stopped,"no_eligible_positive_value_action,failure_matrix:block",0,False,True,"[""at_risk"", ""diagnosed"", ""stopped""]"
TXN0000109870,C000181,1,796,796,1,1.00000000,recovered,,0,False,True,"[""at_risk"", ""diagnosed"", ""action_selected"", ""action_executed"", ""recovered""]"
TXN0000027339,C001372,1,1281,1281,1,10.00000000,recovered,,0,False,True,"[""at_risk"", ""diagnosed"", ""action_selected"", ""action_executed"", ""recovered""]"
TXN0000246481,C005053,1,231,231,1,1.00000000,recovered,,0,False,True,"[""at_risk"", ""diagnosed"", ""action_selected"", ""action_executed"", ""recovered""]"
TXN0000201688,C003178,0,347,0,0,0.00000000,stopped,"no_eligible_positive_value_action,failure_matrix:block",0,False,True,"[""at_risk"", ""diagnosed"", ""stopped""]"
TXN0000037247,C004370,1,748,748,1,10.00000000,recovered,,0,False,True,"[""at_risk"", ""diagnosed"", ""action_selected"", ""action_executed"", ""recovered""]"
TXN0000047709,C006150,1,468,468,1,0.75000000,recovered,,0,False,True,"[""at_risk"", ""diagnosed"", ""action_selected"", ""action_executed"", ""recovered""]"
TXN0000190517,C001938,1,323,323,2,10.75000000,recovered,,0,False,True,"[""at_risk"", ""diagnosed"", ""action_selected"", ""action_executed"", ""failed"", ""next_action"", ""diagnosed"", ""action_selected"", ""action_executed"", ""recovered""]"
TXN0000004415,C001439,0,164,0,2,10.75000000,stopped,"no_eligible_positive_value_action,failure_matrix:block",0,False,True,"[""at_risk"", ""diagnosed"", ""action_selected"", ""action_executed"", ""failed"", ""next_action"", ""diagnosed"", ""action_selected"", ""action_executed"", ""failed"", ""next_action"", ""diagnosed"", ""stopped""]"
TXN0000041853,C001744,0,433,0,1,25.00000000,escalated,manual_escalation_completed,0,False,True,"[""at_risk"", ""diagnosed"", ""action_selected"", ""action_executed"", ""escalated""]"
TXN0000189985,C008253,0,225,0,1,1.00000000,stopped,"no_eligible_positive_value_action,failure_matrix:block",0,False,True,"[""at_risk"", ""diagnosed"", ""action_selected"", ""action_executed"", ""failed"", ""next_action"", ""diagnosed"", ""stopped""]"
TXN0000067097,C009627,0,889,0,0,0.00000000,stopped,"no_eligible_positive_value_action,failure_matrix:block",0,False,True,"[""at_risk"", ""diagnosed"", ""stopped""]"
TXN0000179967,C008160,1,335,335,1,1.00000000,recovered,,0,False,False,"[""at_risk"", ""diagnosed"", ""action_selected"", ""action_executed"", ""recovered""]"
TXN0000205845,C002051,1,1793,1793,1,10.00000000,recovered,,0,False,False,"[""at_risk"", ""diagnosed"", ""action_selected"", ""action_executed"", ""recovered""]"
TXN0000124555,C003606,0,503,0,1,0.75000000,stopped,"no_eligible_positive_value_action,failure_matrix:block",0,False,True,"[""at_risk"", ""diagnosed"", ""action_selected"", ""action_executed"", ""failed"", ""next_action"", ""diagnosed"", ""stopped""]"
TXN0000112654,C001527,1,271,271,1,25.00000000,recovered,,0,False,True,"[""at_risk"", ""diagnosed"", ""action_selected"", ""action_executed"", ""recovered""]"
TXN0000196444,C005547,1,303,303,1,1.00000000,recovered,,0,False,True,"[""at_risk"", ""diagnosed"", ""action_selected"", ""action_executed"", ""recovered""]"
TXN0000166492,C002132,0,2350,0,0,0.00000000,stopped,"no_eligible_positive_value_action,failure_matrix:block",0,False,True,"[""at_risk"", ""diagnosed"", ""stopped""]"
TXN0000015243,C006957,1,1599,1599,1,10.00000000,recovered,,0,False,True,"[""at_risk"", ""diagnosed"", ""action_selected"", ""action_executed"", ""recovered""]"
TXN0000216016,C002382,0,171,0,0,0.00000000,stopped,"no_eligible_positive_value_action,failure_matrix:block",0,False,True,"[""at_risk"", ""diagnosed"", ""stopped""]"
TXN0000048712,C009507,0,192,0,1,25.00000000,escalated,manual_escalation_completed,0,False,True,"[""at_risk"", ""diagnosed"", ""action_selected"", ""action_executed"", ""escalated""]"
TXN0000213421,C001939,0,222,0,1,10.00000000,stopped,"no_eligible_positive_value_action,failure_matrix:block",0,False,False,"[""at_risk"", ""diagnosed"", ""action_selected"", ""action_executed"", ""failed"", ""next_action"", ""diagnosed"", ""stopped""]"
TXN0000034399,C007811,1,673,673,2,10.75000000,recovered,,0,False,True,"[""at_risk"", ""diagnosed"", ""action_selected"", ""action_executed"", ""failed"", ""next_action"", ""diagnosed"", ""action_selected"", ""action_executed"", ""recovered""]"
TXN0000026447,C008315,1,297,297,1,25.00000000,recovered,,0,False,False,"[""at_risk"", ""diagnosed"", ""action_selected"", ""action_executed"", ""recovered""]"
TXN0000070198,C008447,0,420,0,0,0.00000000,stopped,"no_eligible_positive_value_action,failure_matrix:block",0,False,True,"[""at_risk"", ""diagnosed"", ""stopped""]"
TXN0000148627,C004338,0,519,0,0,0.00000000,stopped,"no_eligible_positive_value_action,failure_matrix:block",0,False,False,"[""at_risk"", ""diagnosed"", ""stopped""]"
TXN0000207778,C002388,1,128,128,1,1.00000000,recovered,,0,False,True,"[""at_risk"", ""diagnosed"", ""action_selected"", ""action_executed"", ""recovered""]"
TXN0000090628,C001270,1,97,97,1,1.00000000,recovered,,0,False,True,"[""at_risk"", ""diagnosed"", ""action_selected"", ""action_executed"", ""recovered""]"
TXN0000165495,C006312,1,268,268,1,0.75000000,recovered,,0,False,True,"[""at_risk"", ""diagnosed"", ""action_selected"", ""action_executed"", ""recovered""]"
TXN0000082492,C008994,1,2620,2620,1,1.00000000,recovered,,0,False,True,"[""at_risk"", ""diagnosed"", ""action_selected"", ""action_executed"", ""recovered""]"
TXN0000075961,C003129,1,375,375,1,0.75000000,recovered,,0,False,True,"[""at_risk"", ""diagnosed"", ""action_selected"", ""action_executed"", ""recovered""]"
TXN0000230541,C002375,0,566,0,0,0.00000000,stopped,"no_eligible_positive_value_action,failure_matrix:block",0,False,True,"[""at_risk"", ""diagnosed"", ""stopped""]"
TXN0000058057,C004626,0,764,0,0,0.00000000,stopped,"no_eligible_positive_value_action,failure_matrix:block",0,False,False,"[""at_risk"", ""diagnosed"", ""stopped""]"
TXN0000166518,C002703,1,307,307,1,1.00000000,recovered,,0,False,True,"[""at_risk"", ""diagnosed"", ""action_selected"", ""action_executed"", ""recovered""]"
TXN0000127088,C006368,1,292,292,1,1.00000000,recovered,,0,False,True,"[""at_risk"", ""diagnosed"", ""action_selected"", ""action_executed"", ""recovered""]"
TXN0000196007,C002588,1,7104,7104,1,10.00000000,recovered,,0,False,True,"[""at_risk"", ""diagnosed"", ""action_selected"", ""action_executed"", ""recovered""]"
TXN0000087835,C004487,1,1666,1666,1,10.00000000,recovered,,0,False,True,"[""at_risk"", ""diagnosed"", ""action_selected"", ""action_executed"", ""recovered""]"
TXN0000113506,C008432,1,995,995,1,25.00000000,recovered,,0,False,True,"[""at_risk"", ""diagnosed"", ""action_selected"", ""action_executed"", ""recovered""]"
TXN0000079444,C002533,0,610,0,1,1.00000000,stopped,"no_eligible_positive_value_action,failure_matrix:block",0,False,True,"[""at_risk"", ""diagnosed"", ""action_selected"", ""action_executed"", ""failed"", ""next_action"", ""diagnosed"", ""stopped""]"
TXN0000202455,C004018,0,470,0,0,0.00000000,stopped,customer_opted_out,0,True,True,"[""at_risk"", ""diagnosed"", ""stopped""]"
TXN0000201847,C002600,1,366,366,1,1.00000000,recovered,,0,False,True,"[""at_risk"", ""diagnosed"", ""action_selected"", ""action_executed"", ""recovered""]"
TXN0000108669,C003343,1,200,200,2,11.00000000,recovered,,0,False,True,"[""at_risk"", ""diagnosed"", ""action_selected"", ""action_executed"", ""failed"", ""next_action"", ""diagnosed"", ""action_selected"", ""action_executed"", ""recovered""]"
TXN0000216484,C003918,1,3346,3346,1,10.00000000,recovered,,0,False,True,"[""at_risk"", ""diagnosed"", ""action_selected"", ""action_executed"", ""recovered""]"
TXN0000120612,C007058,0,670,0,0,0.00000000,stopped,"no_eligible_positive_value_action,failure_matrix:block",0,False,True,"[""at_risk"", ""diagnosed"", ""stopped""]"
TXN0000246085,C004995,0,173,0,0,0.00000000,stopped,"no_eligible_positive_value_action,failure_matrix:block",0,False,True,"[""at_risk"", ""diagnosed"", ""stopped""]"
TXN0000228200,C007031,1,156,156,1,1.00000000,recovered,,0,False,True,"[""at_risk"", ""diagnosed"", ""action_selected"", ""action_executed"", ""recovered""]"
TXN0000066022,C000004,1,1296,1296,1,1.00000000,recovered,,0,False,True,"[""at_risk"", ""diagnosed"", ""action_selected"", ""action_executed"", ""recovered""]"
TXN0000002514,C001378,0,2641,0,0,0.00000000,stopped,"no_eligible_positive_value_action,failure_matrix:block",0,False,True,"[""at_risk"", ""diagnosed"", ""stopped""]"
TXN0000243705,C002766,1,925,925,1,10.00000000,recovered,,0,False,True,"[""at_risk"", ""diagnosed"", ""action_selected"", ""action_executed"", ""recovered""]"
TXN0000147816,C005721,0,932,0,0,0.00000000,stopped,"no_eligible_positive_value_action,failure_matrix:block",0,False,True,"[""at_risk"", ""diagnosed"", ""stopped""]"
TXN0000158671,C009079,0,2294,0,0,0.00000000,stopped,"no_eligible_positive_value_action,failure_matrix:block",0,False,True,"[""at_risk"", ""diagnosed"", ""stopped""]"
TXN0000213944,C007678,0,236,0,0,0.00000000,stopped,"no_eligible_positive_value_action,failure_matrix:block",0,False,True,"[""at_risk"", ""diagnosed"", ""stopped""]"
TXN0000068534,C000233,0,1271,0,1,0.75000000,stopped,"no_eligible_positive_value_action,failure_matrix:block",0,False,True,"[""at_risk"", ""diagnosed"", ""action_selected"", ""action_executed"", ""failed"", ""next_action"", ""diagnosed"", ""stopped""]"
TXN0000075223,C000834,1,553,553,1,25.00000000,recovered,,0,False,True,"[""at_risk"", ""diagnosed"", ""action_selected"", ""action_executed"", ""recovered""]"
TXN0000152224,C003259,0,94,0,0,0.00000000,stopped,"no_eligible_positive_value_action,failure_matrix:block",0,False,True,"[""at_risk"", ""diagnosed"", ""stopped""]"
TXN0000077340,C008923,1,1166,1166,1,10.00000000,recovered,,0,False,True,"[""at_risk"", ""diagnosed"", ""action_selected"", ""action_executed"", ""recovered""]"
TXN0000015360,C002248,0,300,0,0,0.00000000,stopped,"no_eligible_positive_value_action,failure_matrix:block",0,False,True,"[""at_risk"", ""diagnosed"", ""stopped""]"
TXN0000233179,C009078,0,120,0,0,0.00000000,stopped,"no_eligible_positive_value_action,failure_matrix:block",0,False,True,"[""at_risk"", ""diagnosed"", ""stopped""]"
TXN0000211919,C004617,1,299,299,1,1.00000000,recovered,,0,False,False,"[""at_risk"", ""diagnosed"", ""action_selected"", ""action_executed"", ""recovered""]"
TXN0000128874,C000990,1,138,138,1,1.00000000,recovered,,0,False,True,"[""at_risk"", ""diagnosed"", ""action_selected"", ""action_executed"", ""recovered""]"
TXN0000225797,C003388,1,811,811,2,10.75000000,recovered,,0,False,True,"[""at_risk"", ""diagnosed"", ""action_selected"", ""action_executed"", ""failed"", ""next_action"", ""diagnosed"", ""action_selected"", ""action_executed"", ""recovered""]"
TXN0000111181,C002527,1,245,245,1,0.75000000,recovered,,0,False,True,"[""at_risk"", ""diagnosed"", ""action_selected"", ""action_executed"", ""recovered""]"
TXN0000042939,C006612,1,3348,3348,1,10.00000000,recovered,,0,False,True,"[""at_risk"", ""diagnosed"", ""action_selected"", ""action_executed"", ""recovered""]"
TXN0000209694,C004815,1,385,385,1,0.75000000,recovered,,0,False,True,"[""at_risk"", ""diagnosed"", ""action_selected"", ""action_executed"", ""recovered""]"
TXN0000208688,C003069,1,167,167,1,1.00000000,recovered,,0,False,True,"[""at_risk"", ""diagnosed"", ""action_selected"", ""action_executed"", ""recovered""]"
TXN0000080878,C007100,1,1502,1502,1,25.00000000,recovered,,0,False,True,"[""at_risk"", ""diagnosed"", ""action_selected"", ""action_executed"", ""recovered""]"
TXN0000244132,C006562,0,1717,0,0,0.00000000,stopped,"no_eligible_positive_value_action,failure_matrix:block",0,False,True,"[""at_risk"", ""diagnosed"", ""stopped""]"
TXN0000102113,C009262,1,97,97,1,10.00000000,recovered,,0,False,True,"[""at_risk"", ""diagnosed"", ""action_selected"", ""action_executed"", ""recovered""]"
TXN0000080165,C005872,0,1753,0,0,0.00000000,stopped,"no_eligible_positive_value_action,failure_matrix:block",0,False,True,"[""at_risk"", ""diagnosed"", ""stopped""]"
TXN0000131896,C004293,1,7883,7883,1,10.00000000,recovered,,0,False,True,"[""at_risk"", ""diagnosed"", ""action_selected"", ""action_executed"", ""recovered""]"
TXN0000206704,C005060,1,2064,2064,2,11.00000000,recovered,,0,False,True,"[""at_risk"", ""diagnosed"", ""action_selected"", ""action_executed"", ""failed"", ""next_action"", ""diagnosed"", ""action_selected"", ""action_executed"", ""recovered""]"
TXN0000207246,C009372,1,2809,2809,1,10.00000000,recovered,,0,False,True,"[""at_risk"", ""diagnosed"", ""action_selected"", ""action_executed"", ""recovered""]"
TXN0000070730,C001985,0,165,0,0,0.00000000,stopped,customer_opted_out,0,True,True,"[""at_risk"", ""diagnosed"", ""stopped""]"
TXN0000035833,C007307,0,1008,0,0,0.00000000,stopped,"no_eligible_positive_value_action,failure_matrix:block",0,False,True,"[""at_risk"", ""diagnosed"", ""stopped""]"
TXN0000154873,C000208,0,209,0,0,0.00000000,stopped,"no_eligible_positive_value_action,failure_matrix:block",0,False,False,"[""at_risk"", ""diagnosed"", ""stopped""]"
TXN0000147840,C005291,1,428,428,1,0.75000000,recovered,,0,False,True,"[""at_risk"", ""diagnosed"", ""action_selected"", ""action_executed"", ""recovered""]"
TXN0000114027,C009883,1,423,423,1,10.00000000,recovered,,0,False,True,"[""at_risk"", ""diagnosed"", ""action_selected"", ""action_executed"", ""recovered""]"
TXN0000148994,C008689,0,299,0,1,0.75000000,stopped,"no_eligible_positive_value_action,failure_matrix:block",0,False,True,"[""at_risk"", ""diagnosed"", ""action_selected"", ""action_executed"", ""failed"", ""next_action"", ""diagnosed"", ""stopped""]"
TXN0000005633,C008360,1,1882,1882,1,10.00000000,recovered,,0,False,True,"[""at_risk"", ""diagnosed"", ""action_selected"", ""action_executed"", ""recovered""]"
TXN0000110587,C007205,1,168,168,1,25.00000000,recovered,,0,False,True,"[""at_risk"", ""diagnosed"", ""action_selected"", ""action_executed"", ""recovered""]"
TXN0000186881,C000837,0,1982,0,2,11.00000000,stopped,"recent_intervention_limit_requires_escalation,failure_matrix:block",0,False,True,"[""at_risk"", ""diagnosed"", ""action_selected"", ""action_executed"", ""failed"", ""next_action"", ""diagnosed"", ""action_selected"", ""action_executed"", ""failed"", ""next_action"", ""diagnosed"", ""stopped""]"
TXN0000142131,C000462,1,45,45,1,1.00000000,recovered,,0,False,False,"[""at_risk"", ""diagnosed"", ""action_selected"", ""action_executed"", ""recovered""]"
TXN0000022057,C008074,1,119,119,1,25.00000000,recovered,,0,False,True,"[""at_risk"", ""diagnosed"", ""action_selected"", ""action_executed"", ""recovered""]"
TXN0000081561,C003460,1,359,359,1,1.00000000,recovered,,0,False,True,"[""at_risk"", ""diagnosed"", ""action_selected"", ""action_executed"", ""recovered""]"
TXN0000138319,C006918,1,170,170,1,1.00000000,recovered,,0,False,True,"[""at_risk"", ""diagnosed"", ""action_selected"", ""action_executed"", ""recovered""]"
TXN0000174779,C003707,1,3225,3225,2,10.75000000,recovered,,0,False,True,"[""at_risk"", ""diagnosed"", ""action_selected"", ""action_executed"", ""failed"", ""next_action"", ""diagnosed"", ""action_selected"", ""action_executed"", ""recovered""]"
TXN0000024701,C006716,1,497,497,2,10.75000000,recovered,,0,False,True,"[""at_risk"", ""diagnosed"", ""action_selected"", ""action_executed"", ""failed"", ""next_action"", ""diagnosed"", ""action_selected"", ""action_executed"", ""recovered""]"
TXN0000014876,C000287,0,201,0,1,1.00000000,stopped,"no_eligible_positive_value_action,failure_matrix:block",0,False,True,"[""at_risk"", ""diagnosed"", ""action_selected"", ""action_executed"", ""failed"", ""next_action"", ""diagnosed"", ""stopped""]"
TXN0000047702,C008235,0,822,0,0,0.00000000,stopped,"no_eligible_positive_value_action,failure_matrix:block",0,False,True,"[""at_risk"", ""diagnosed"", ""stopped""]"
TXN0000164864,C008303,1,1472,1472,1,10.00000000,recovered,,0,False,True,"[""at_risk"", ""diagnosed"", ""action_selected"", ""action_executed"", ""recovered""]"
TXN0000133169,C003587,1,3073,3073,2,11.00000000,recovered,,0,False,True,"[""at_risk"", ""diagnosed"", ""action_selected"", ""action_executed"", ""failed"", ""next_action"", ""diagnosed"", ""action_selected"", ""action_executed"", ""recovered""]"
TXN0000025098,C006794,1,1491,1491,1,10.00000000,recovered,,0,False,True,"[""at_risk"", ""diagnosed"", ""action_selected"", ""action_executed"", ""recovered""]"
TXN0000125559,C003984,1,443,443,1,1.00000000,recovered,,0,False,True,"[""at_risk"", ""diagnosed"", ""action_selected"", ""action_executed"", ""recovered""]"
TXN0000167237,C002367,1,2193,2193,2,10.75000000,recovered,,0,False,True,"[""at_risk"", ""diagnosed"", ""action_selected"", ""action_executed"", ""failed"", ""next_action"", ""diagnosed"", ""action_selected"", ""action_executed"", ""recovered""]"
TXN0000185049,C009886,1,376,376,1,25.00000000,recovered,,0,False,True,"[""at_risk"", ""diagnosed"", ""action_selected"", ""action_executed"", ""recovered""]"
TXN0000086763,C000913,0,396,0,1,25.00000000,escalated,manual_escalation_completed,0,False,True,"[""at_risk"", ""diagnosed"", ""action_selected"", ""action_executed"", ""escalated""]"
TXN0000143532,C006254,0,2761,0,2,11.00000000,stopped,"recent_intervention_limit_requires_escalation,failure_matrix:block",0,False,True,"[""at_risk"", ""diagnosed"", ""action_selected"", ""action_executed"", ""failed"", ""next_action"", ""diagnosed"", ""action_selected"", ""action_executed"", ""failed"", ""next_action"", ""diagnosed"", ""stopped""]"
TXN0000004932,C009110,1,258,258,1,1.00000000,recovered,,0,False,True,"[""at_risk"", ""diagnosed"", ""action_selected"", ""action_executed"", ""recovered""]"
TXN0000160612,C009443,0,1293,0,0,0.00000000,stopped,customer_opted_out,0,True,True,"[""at_risk"", ""diagnosed"", ""stopped""]"
TXN0000053969,C002212,0,90,0,0,0.00000000,stopped,"no_eligible_positive_value_action,failure_matrix:block",0,False,True,"[""at_risk"", ""diagnosed"", ""stopped""]"
TXN0000238453,C000382,0,537,0,1,1.00000000,stopped,"no_eligible_positive_value_action,failure_matrix:block",0,False,False,"[""at_risk"", ""diagnosed"", ""action_selected"", ""action_executed"", ""failed"", ""next_action"", ""diagnosed"", ""stopped""]"
TXN0000062107,C004913,1,11219,11219,1,0.75000000,recovered,,0,False,True,"[""at_risk"", ""diagnosed"", ""action_selected"", ""action_executed"", ""recovered""]"
TXN0000096619,C007038,0,819,0,0,0.00000000,stopped,"no_eligible_positive_value_action,failure_matrix:block",0,False,True,"[""at_risk"", ""diagnosed"", ""stopped""]"
TXN0000076957,C005541,1,314,314,1,1.00000000,recovered,,0,False,True,"[""at_risk"", ""diagnosed"", ""action_selected"", ""action_executed"", ""recovered""]"
TXN0000092646,C008447,1,676,676,1,0.75000000,recovered,,0,False,True,"[""at_risk"", ""diagnosed"", ""action_selected"", ""action_executed"", ""recovered""]"
TXN0000090861,C004631,0,11011,0,0,0.00000000,stopped,"no_eligible_positive_value_action,failure_matrix:block",0,False,True,"[""at_risk"", ""diagnosed"", ""stopped""]"
TXN0000179884,C007512,1,2411,2411,1,10.00000000,recovered,,0,False,True,"[""at_risk"", ""diagnosed"", ""action_selected"", ""action_executed"", ""recovered""]"
TXN0000147254,C008655,0,1987,0,0,0.00000000,stopped,"no_eligible_positive_value_action,failure_matrix:block",0,False,True,"[""at_risk"", ""diagnosed"", ""stopped""]"
TXN0000011087,C004501,0,1956,0,2,11.00000000,stopped,"recent_intervention_limit_requires_escalation,failure_matrix:block",0,False,True,"[""at_risk"", ""diagnosed"", ""action_selected"", ""action_executed"", ""failed"", ""next_action"", ""diagnosed"", ""action_selected"", ""action_executed"", ""failed"", ""next_action"", ""diagnosed"", ""stopped""]"
TXN0000010116,C002141,0,354,0,1,25.00000000,escalated,manual_escalation_completed,0,False,True,"[""at_risk"", ""diagnosed"", ""action_selected"", ""action_executed"", ""escalated""]"
TXN0000183550,C006650,1,162,162,1,25.00000000,recovered,,0,False,True,"[""at_risk"", ""diagnosed"", ""action_selected"", ""action_executed"", ""recovered""]"
TXN0000159977,C005106,1,252,252,1,1.00000000,recovered,,0,False,True,"[""at_risk"", ""diagnosed"", ""action_selected"", ""action_executed"", ""recovered""]"
TXN0000072236,C008200,1,1449,1449,1,10.00000000,recovered,,0,False,True,"[""at_risk"", ""diagnosed"", ""action_selected"", ""action_executed"", ""recovered""]"
TXN0000000548,C001200,0,316,0,1,25.00000000,escalated,manual_escalation_completed,0,False,True,"[""at_risk"", ""diagnosed"", ""action_selected"", ""action_executed"", ""escalated""]"
TXN0000180136,C000725,1,534,534,1,1.00000000,recovered,,0,False,True,"[""at_risk"", ""diagnosed"", ""action_selected"", ""action_executed"", ""recovered""]"
TXN0000118930,C004812,1,8367,8367,1,0.75000000,recovered,,0,False,True,"[""at_risk"", ""diagnosed"", ""action_selected"", ""action_executed"", ""recovered""]"
TXN0000156461,C009727,0,46,0,0,0.00000000,stopped,"no_eligible_positive_value_action,failure_matrix:block",0,False,True,"[""at_risk"", ""diagnosed"", ""stopped""]"
TXN0000017388,C005986,1,4674,4674,1,1.00000000,recovered,,0,False,False,"[""at_risk"", ""diagnosed"", ""action_selected"", ""action_executed"", ""recovered""]"
TXN0000202290,C008254,0,117,0,1,0.75000000,stopped,"no_eligible_positive_value_action,failure_matrix:block",0,False,True,"[""at_risk"", ""diagnosed"", ""action_selected"", ""action_executed"", ""failed"", ""next_action"", ""diagnosed"", ""stopped""]"
TXN0000026512,C008314,0,1548,0,1,25.00000000,escalated,manual_escalation_completed,0,False,True,"[""at_risk"", ""diagnosed"", ""action_selected"", ""action_executed"", ""escalated""]"
TXN0000009341,C008051,1,255,255,1,1.00000000,recovered,,0,False,True,"[""at_risk"", ""diagnosed"", ""action_selected"", ""action_executed"", ""recovered""]"
TXN0000109445,C004421,0,298,0,0,0.00000000,stopped,"no_eligible_positive_value_action,failure_matrix:block",0,False,True,"[""at_risk"", ""diagnosed"", ""stopped""]"
TXN0000218167,C008127,0,24,0,0,0.00000000,stopped,"no_eligible_positive_value_action,failure_matrix:block",0,False,False,"[""at_risk"", ""diagnosed"", ""stopped""]"
TXN0000079461,C007720,1,1280,1280,1,10.00000000,recovered,,0,False,True,"[""at_risk"", ""diagnosed"", ""action_selected"", ""action_executed"", ""recovered""]"
TXN0000088439,C001418,0,346,0,1,1.00000000,stopped,"no_eligible_positive_value_action,failure_matrix:block",0,False,True,"[""at_risk"", ""diagnosed"", ""action_selected"", ""action_executed"", ""failed"", ""next_action"", ""diagnosed"", ""stopped""]"
TXN0000080739,C003361,1,6180,6180,1,10.00000000,recovered,,0,False,True,"[""at_risk"", ""diagnosed"", ""action_selected"", ""action_executed"", ""recovered""]"
TXN0000161725,C000247,1,1536,1536,1,0.75000000,recovered,,0,False,True,"[""at_risk"", ""diagnosed"", ""action_selected"", ""action_executed"", ""recovered""]"
TXN0000180112,C004098,0,135,0,0,0.00000000,stopped,"no_eligible_positive_value_action,failure_matrix:block",0,False,True,"[""at_risk"", ""diagnosed"", ""stopped""]"
TXN0000154447,C009511,1,507,507,1,10.00000000,recovered,,0,False,True,"[""at_risk"", ""diagnosed"", ""action_selected"", ""action_executed"", ""recovered""]"
TXN0000015796,C000034,0,821,0,0,0.00000000,stopped,"no_eligible_positive_value_action,failure_matrix:block",0,False,True,"[""at_risk"", ""diagnosed"", ""stopped""]"
TXN0000074837,C006290,1,192,192,1,1.00000000,recovered,,0,False,True,"[""at_risk"", ""diagnosed"", ""action_selected"", ""action_executed"", ""recovered""]"
TXN0000206892,C004629,1,613,613,1,1.00000000,recovered,,0,False,True,"[""at_risk"", ""diagnosed"", ""action_selected"", ""action_executed"", ""recovered""]"
TXN0000244734,C005734,1,1530,1530,1,10.00000000,recovered,,0,False,True,"[""at_risk"", ""diagnosed"", ""action_selected"", ""action_executed"", ""recovered""]"
TXN0000032059,C007501,0,605,0,0,0.00000000,stopped,"no_eligible_positive_value_action,failure_matrix:block",0,False,True,"[""at_risk"", ""diagnosed"", ""stopped""]"
TXN0000165564,C006816,1,3200,3200,2,11.00000000,recovered,,0,False,True,"[""at_risk"", ""diagnosed"", ""action_selected"", ""action_executed"", ""failed"", ""next_action"", ""diagnosed"", ""action_selected"", ""action_executed"", ""recovered""]"
TXN0000134886,C000376,1,442,442,1,0.75000000,recovered,,0,False,True,"[""at_risk"", ""diagnosed"", ""action_selected"", ""action_executed"", ""recovered""]"
TXN0000060907,C002319,0,36,0,0,0.00000000,stopped,"no_eligible_positive_value_action,failure_matrix:block",0,False,True,"[""at_risk"", ""diagnosed"", ""stopped""]"
TXN0000207550,C005409,0,1368,0,0,0.00000000,stopped,"no_eligible_positive_value_action,failure_matrix:block",0,False,True,"[""at_risk"", ""diagnosed"", ""stopped""]"
TXN0000209005,C002439,0,153,0,1,0.75000000,stopped,"no_eligible_positive_value_action,failure_matrix:block",0,False,True,"[""at_risk"", ""diagnosed"", ""action_selected"", ""action_executed"", ""failed"", ""next_action"", ""diagnosed"", ""stopped""]"
TXN0000112539,C004304,0,6590,0,0,0.00000000,stopped,customer_opted_out,0,True,True,"[""at_risk"", ""diagnosed"", ""stopped""]"
TXN0000024569,C004426,0,10148,0,0,0.00000000,stopped,"no_eligible_positive_value_action,failure_matrix:block",0,False,True,"[""at_risk"", ""diagnosed"", ""stopped""]"
TXN0000005374,C007593,0,1083,0,0,0.00000000,stopped,"no_eligible_positive_value_action,failure_matrix:block",0,False,True,"[""at_risk"", ""diagnosed"", ""stopped""]"
TXN0000227755,C006192,1,380,380,2,11.00000000,recovered,,0,False,True,"[""at_risk"", ""diagnosed"", ""action_selected"", ""action_executed"", ""failed"", ""next_action"", ""diagnosed"", ""action_selected"", ""action_executed"", ""recovered""]"
TXN0000099526,C006069,0,87,0,0,0.00000000,stopped,"no_eligible_positive_value_action,failure_matrix:block",0,False,True,"[""at_risk"", ""diagnosed"", ""stopped""]"
TXN0000180726,C001157,1,1763,1763,1,0.75000000,recovered,,0,False,True,"[""at_risk"", ""diagnosed"", ""action_selected"", ""action_executed"", ""recovered""]"
TXN0000048449,C006669,1,3285,3285,1,10.00000000,recovered,,0,False,True,"[""at_risk"", ""diagnosed"", ""action_selected"", ""action_executed"", ""recovered""]"
TXN0000152457,C008943,0,1512,0,0,0.00000000,stopped,"no_eligible_positive_value_action,failure_matrix:block",0,False,True,"[""at_risk"", ""diagnosed"", ""stopped""]"
TXN0000228249,C005747,0,154,0,1,1.00000000,stopped,"no_eligible_positive_value_action,failure_matrix:block",0,False,True,"[""at_risk"", ""diagnosed"", ""action_selected"", ""action_executed"", ""failed"", ""next_action"", ""diagnosed"", ""stopped""]"
TXN0000217501,C005475,1,7185,7185,1,10.00000000,recovered,,0,False,True,"[""at_risk"", ""diagnosed"", ""action_selected"", ""action_executed"", ""recovered""]"
TXN0000222629,C000975,1,1114,1114,1,1.00000000,recovered,,0,False,True,"[""at_risk"", ""diagnosed"", ""action_selected"", ""action_executed"", ""recovered""]"
TXN0000105189,C006784,0,790,0,0,0.00000000,stopped,"no_eligible_positive_value_action,failure_matrix:block",0,False,True,"[""at_risk"", ""diagnosed"", ""stopped""]"
TXN0000158057,C006105,1,1426,1426,1,10.00000000,recovered,,0,False,True,"[""at_risk"", ""diagnosed"", ""action_selected"", ""action_executed"", ""recovered""]"
TXN0000213049,C002228,1,163,163,2,10.75000000,recovered,,0,False,True,"[""at_risk"", ""diagnosed"", ""action_selected"", ""action_executed"", ""failed"", ""next_action"", ""diagnosed"", ""action_selected"", ""action_executed"", ""recovered""]"
TXN0000109963,C009635,1,732,732,1,10.00000000,recovered,,0,False,True,"[""at_risk"", ""diagnosed"", ""action_selected"", ""action_executed"", ""recovered""]"
TXN0000152597,C004521,1,351,351,1,0.75000000,recovered,,0,False,True,"[""at_risk"", ""diagnosed"", ""action_selected"", ""action_executed"", ""recovered""]"
TXN0000035777,C008952,0,2154,0,0,0.00000000,stopped,"no_eligible_positive_value_action,failure_matrix:block",0,False,True,"[""at_risk"", ""diagnosed"", ""stopped""]"
TXN0000184134,C000175,0,1313,0,0,0.00000000,stopped,"no_eligible_positive_value_action,failure_matrix:block",0,False,True,"[""at_risk"", ""diagnosed"", ""stopped""]"
TXN0000186082,C003864,1,102,102,1,1.00000000,recovered,,0,False,True,"[""at_risk"", ""diagnosed"", ""action_selected"", ""action_executed"", ""recovered""]"
TXN0000202120,C005884,1,1623,1623,1,10.00000000,recovered,,0,False,True,"[""at_risk"", ""diagnosed"", ""action_selected"", ""action_executed"", ""recovered""]"
TXN0000169770,C008931,0,80,0,0,0.00000000,stopped,"no_eligible_positive_value_action,failure_matrix:block",0,False,True,"[""at_risk"", ""diagnosed"", ""stopped""]"
TXN0000192598,C000031,1,454,454,1,10.00000000,recovered,,0,False,False,"[""at_risk"", ""diagnosed"", ""action_selected"", ""action_executed"", ""recovered""]"
TXN0000163031,C005326,1,251,251,1,10.00000000,recovered,,0,False,True,"[""at_risk"", ""diagnosed"", ""action_selected"", ""action_executed"", ""recovered""]"
TXN0000137785,C006826,0,2229,0,0,0.00000000,stopped,"no_eligible_positive_value_action,failure_matrix:block",0,False,True,"[""at_risk"", ""diagnosed"", ""stopped""]"
TXN0000011070,C008328,1,1851,1851,1,1.00000000,recovered,,0,False,True,"[""at_risk"", ""diagnosed"", ""action_selected"", ""action_executed"", ""recovered""]"
TXN0000147857,C004394,0,1159,0,2,10.75000000,stopped,"no_eligible_positive_value_action,failure_matrix:block",0,False,True,"[""at_risk"", ""diagnosed"", ""action_selected"", ""action_executed"", ""failed"", ""next_action"", ""diagnosed"", ""action_selected"", ""action_executed"", ""failed"", ""next_action"", ""diagnosed"", ""stopped""]"
TXN0000205994,C000833,1,366,366,1,1.00000000,recovered,,0,False,True,"[""at_risk"", ""diagnosed"", ""action_selected"", ""action_executed"", ""recovered""]"
TXN0000063724,C006017,0,335,0,2,11.00000000,stopped,"recent_intervention_limit_requires_escalation,failure_matrix:block",0,False,True,"[""at_risk"", ""diagnosed"", ""action_selected"", ""action_executed"", ""failed"", ""next_action"", ""diagnosed"", ""action_selected"", ""action_executed"", ""failed"", ""next_action"", ""diagnosed"", ""stopped""]"
TXN0000217383,C000630,1,2612,2612,1,25.00000000,recovered,,0,False,True,"[""at_risk"", ""diagnosed"", ""action_selected"", ""action_executed"", ""recovered""]"
TXN0000158613,C000940,1,1367,1367,1,10.00000000,recovered,,0,False,True,"[""at_risk"", ""diagnosed"", ""action_selected"", ""action_executed"", ""recovered""]"
TXN0000072548,C007658,0,403,0,0,0.00000000,stopped,"no_eligible_positive_value_action,failure_matrix:block",0,False,True,"[""at_risk"", ""diagnosed"", ""stopped""]"
TXN0000242915,C000248,1,3714,3714,1,1.00000000,recovered,,0,False,True,"[""at_risk"", ""diagnosed"", ""action_selected"", ""action_executed"", ""recovered""]"
TXN0000007309,C007503,1,1245,1245,2,10.75000000,recovered,,0,False,True,"[""at_risk"", ""diagnosed"", ""action_selected"", ""action_executed"", ""failed"", ""next_action"", ""diagnosed"", ""action_selected"", ""action_executed"", ""recovered""]"
TXN0000195727,C009542,0,1088,0,0,0.00000000,stopped,"no_eligible_positive_value_action,failure_matrix:block",0,False,True,"[""at_risk"", ""diagnosed"", ""stopped""]"
TXN0000032817,C008551,1,88,88,1,1.00000000,recovered,,0,False,False,"[""at_risk"", ""diagnosed"", ""action_selected"", ""action_executed"", ""recovered""]"
TXN0000092505,C002375,0,677,0,1,0.75000000,stopped,"no_eligible_positive_value_action,failure_matrix:block",0,False,True,"[""at_risk"", ""diagnosed"", ""action_selected"", ""action_executed"", ""failed"", ""next_action"", ""diagnosed"", ""stopped""]"
TXN0000194605,C006510,0,356,0,1,1.00000000,stopped,"no_eligible_positive_value_action,failure_matrix:block",0,False,True,"[""at_risk"", ""diagnosed"", ""action_selected"", ""action_executed"", ""failed"", ""next_action"", ""diagnosed"", ""stopped""]"
TXN0000228910,C001114,1,1067,1067,2,11.00000000,recovered,,0,False,False,"[""at_risk"", ""diagnosed"", ""action_selected"", ""action_executed"", ""failed"", ""next_action"", ""diagnosed"", ""action_selected"", ""action_executed"", ""recovered""]"
TXN0000030171,C004160,0,612,0,1,1.00000000,stopped,"no_eligible_positive_value_action,failure_matrix:block",0,False,True,"[""at_risk"", ""diagnosed"", ""action_selected"", ""action_executed"", ""failed"", ""next_action"", ""diagnosed"", ""stopped""]"
TXN0000170102,C008934,1,364,364,1,1.00000000,recovered,,0,False,False,"[""at_risk"", ""diagnosed"", ""action_selected"", ""action_executed"", ""recovered""]"
TXN0000002459,C003407,1,613,613,2,11.00000000,recovered,,0,False,True,"[""at_risk"", ""diagnosed"", ""action_selected"", ""action_executed"", ""failed"", ""next_action"", ""diagnosed"", ""action_selected"", ""action_executed"", ""recovered""]"
TXN0000136477,C002862,0,65,0,0,0.00000000,stopped,"no_eligible_positive_value_action,failure_matrix:block",0,False,True,"[""at_risk"", ""diagnosed"", ""stopped""]"
TXN0000163153,C002306,1,656,656,1,0.75000000,recovered,,0,False,True,"[""at_risk"", ""diagnosed"", ""action_selected"", ""action_executed"", ""recovered""]"
TXN0000108121,C002841,0,518,0,1,25.00000000,escalated,manual_escalation_completed,0,False,True,"[""at_risk"", ""diagnosed"", ""action_selected"", ""action_executed"", ""escalated""]"
TXN0000091320,C008212,1,401,401,1,0.75000000,recovered,,0,False,True,"[""at_risk"", ""diagnosed"", ""action_selected"", ""action_executed"", ""recovered""]"
TXN0000167690,C004288,1,3467,3467,1,10.00000000,recovered,,0,False,True,"[""at_risk"", ""diagnosed"", ""action_selected"", ""action_executed"", ""recovered""]"
TXN0000018002,C002240,1,321,321,1,0.75000000,recovered,,0,False,True,"[""at_risk"", ""diagnosed"", ""action_selected"", ""action_executed"", ""recovered""]"
TXN0000029487,C007465,1,1822,1822,2,11.00000000,recovered,,0,False,True,"[""at_risk"", ""diagnosed"", ""action_selected"", ""action_executed"", ""failed"", ""next_action"", ""diagnosed"", ""action_selected"", ""action_executed"", ""recovered""]"
TXN0000170091,C006627,1,1441,1441,2,11.00000000,recovered,,0,False,True,"[""at_risk"", ""diagnosed"", ""action_selected"", ""action_executed"", ""failed"", ""next_action"", ""diagnosed"", ""action_selected"", ""action_executed"", ""recovered""]"
TXN0000015027,C005932,1,130,130,1,1.00000000,recovered,,0,False,True,"[""at_risk"", ""diagnosed"", ""action_selected"", ""action_executed"", ""recovered""]"
TXN0000221838,C000219,0,563,0,0,0.00000000,stopped,"no_eligible_positive_value_action,failure_matrix:block",0,False,True,"[""at_risk"", ""diagnosed"", ""stopped""]"
TXN0000229249,C004231,1,1857,1857,1,10.00000000,recovered,,0,False,True,"[""at_risk"", ""diagnosed"", ""action_selected"", ""action_executed"", ""recovered""]"
TXN0000246158,C001154,1,587,587,1,0.75000000,recovered,,0,False,True,"[""at_risk"", ""diagnosed"", ""action_selected"", ""action_executed"", ""recovered""]"
TXN0000121689,C004452,1,609,609,1,25.00000000,recovered,,0,False,True,"[""at_risk"", ""diagnosed"", ""action_selected"", ""action_executed"", ""recovered""]"
TXN0000015186,C007443,0,290,0,0,0.00000000,stopped,"no_eligible_positive_value_action,failure_matrix:block",0,False,False,"[""at_risk"", ""diagnosed"", ""stopped""]"
TXN0000201865,C001249,1,336,336,1,1.00000000,recovered,,0,False,True,"[""at_risk"", ""diagnosed"", ""action_selected"", ""action_executed"", ""recovered""]"
TXN0000154944,C005914,1,206,206,1,10.00000000,recovered,,0,False,True,"[""at_risk"", ""diagnosed"", ""action_selected"", ""action_executed"", ""recovered""]"
TXN0000185630,C005114,0,182,0,0,0.00000000,stopped,"no_eligible_positive_value_action,failure_matrix:block",0,False,True,"[""at_risk"", ""diagnosed"", ""stopped""]"
TXN0000247043,C007869,1,1556,1556,1,25.00000000,recovered,,0,False,True,"[""at_risk"", ""diagnosed"", ""action_selected"", ""action_executed"", ""recovered""]"
TXN0000001751,C001977,1,1183,1183,1,10.00000000,recovered,,0,False,True,"[""at_risk"", ""diagnosed"", ""action_selected"", ""action_executed"", ""recovered""]"
TXN0000240541,C002189,0,100,0,0,0.00000000,stopped,"no_eligible_positive_value_action,failure_matrix:block",0,False,True,"[""at_risk"", ""diagnosed"", ""stopped""]"
TXN0000003664,C005468,0,100,0,0,0.00000000,stopped,"no_eligible_positive_value_action,failure_matrix:block",0,False,True,"[""at_risk"", ""diagnosed"", ""stopped""]"
TXN0000054426,C000316,0,2081,0,0,0.00000000,stopped,"no_eligible_positive_value_action,failure_matrix:block",0,False,True,"[""at_risk"", ""diagnosed"", ""stopped""]"
TXN0000046445,C007716,0,204,0,1,1.00000000,stopped,"no_eligible_positive_value_action,failure_matrix:block",0,False,True,"[""at_risk"", ""diagnosed"", ""action_selected"", ""action_executed"", ""failed"", ""next_action"", ""diagnosed"", ""stopped""]"
TXN0000048503,C009326,1,1741,1741,2,10.75000000,recovered,,0,False,True,"[""at_risk"", ""diagnosed"", ""action_selected"", ""action_executed"", ""failed"", ""next_action"", ""diagnosed"", ""action_selected"", ""action_executed"", ""recovered""]"
TXN0000122763,C001112,1,367,367,1,1.00000000,recovered,,0,False,True,"[""at_risk"", ""diagnosed"", ""action_selected"", ""action_executed"", ""recovered""]"
TXN0000009942,C008288,0,1018,0,0,0.00000000,stopped,"no_eligible_positive_value_action,failure_matrix:block",0,False,True,"[""at_risk"", ""diagnosed"", ""stopped""]"
TXN0000045262,C003719,1,426,426,1,1.00000000,recovered,,0,False,True,"[""at_risk"", ""diagnosed"", ""action_selected"", ""action_executed"", ""recovered""]"
TXN0000032265,C007897,0,974,0,0,0.00000000,stopped,"no_eligible_positive_value_action,failure_matrix:block",0,False,True,"[""at_risk"", ""diagnosed"", ""stopped""]"
TXN0000074156,C009543,1,2231,2231,2,10.75000000,recovered,,0,False,True,"[""at_risk"", ""diagnosed"", ""action_selected"", ""action_executed"", ""failed"", ""next_action"", ""diagnosed"", ""action_selected"", ""action_executed"", ""recovered""]"
TXN0000068197,C008357,1,190,190,1,0.75000000,recovered,,0,False,True,"[""at_risk"", ""diagnosed"", ""action_selected"", ""action_executed"", ""recovered""]"
TXN0000095078,C007795,1,870,870,1,0.75000000,recovered,,0,False,True,"[""at_risk"", ""diagnosed"", ""action_selected"", ""action_executed"", ""recovered""]"
TXN0000133806,C007063,0,2083,0,0,0.00000000,stopped,"no_eligible_positive_value_action,failure_matrix:block",0,False,False,"[""at_risk"", ""diagnosed"", ""stopped""]"
TXN0000168947,C006137,1,1246,1246,1,10.00000000,recovered,,0,False,True,"[""at_risk"", ""diagnosed"", ""action_selected"", ""action_executed"", ""recovered""]"
TXN0000177483,C008597,0,927,0,0,0.00000000,stopped,"no_eligible_positive_value_action,failure_matrix:block",0,False,True,"[""at_risk"", ""diagnosed"", ""stopped""]"
TXN0000081093,C006078,1,607,607,1,1.00000000,recovered,,0,False,False,"[""at_risk"", ""diagnosed"", ""action_selected"", ""action_executed"", ""recovered""]"
TXN0000038748,C002195,1,101,101,1,1.00000000,recovered,,0,False,True,"[""at_risk"", ""diagnosed"", ""action_selected"", ""action_executed"", ""recovered""]"
TXN0000120479,C008740,1,160,160,1,1.00000000,recovered,,0,False,False,"[""at_risk"", ""diagnosed"", ""action_selected"", ""action_executed"", ""recovered""]"
TXN0000199455,C004187,0,9382,0,2,10.75000000,stopped,"no_eligible_positive_value_action,failure_matrix:block",0,False,True,"[""at_risk"", ""diagnosed"", ""action_selected"", ""action_executed"", ""failed"", ""next_action"", ""diagnosed"", ""action_selected"", ""action_executed"", ""failed"", ""next_action"", ""diagnosed"", ""stopped""]"
TXN0000141679,C001295,1,1587,1587,1,0.75000000,recovered,,0,False,True,"[""at_risk"", ""diagnosed"", ""action_selected"", ""action_executed"", ""recovered""]"
TXN0000138511,C009186,1,1522,1522,1,10.00000000,recovered,,0,False,True,"[""at_risk"", ""diagnosed"", ""action_selected"", ""action_executed"", ""recovered""]"
TXN0000009771,C007165,0,23975,0,2,11.00000000,stopped,"recent_intervention_limit_requires_escalation,failure_matrix:block",0,False,False,"[""at_risk"", ""diagnosed"", ""action_selected"", ""action_executed"", ""failed"", ""next_action"", ""diagnosed"", ""action_selected"", ""action_executed"", ""failed"", ""next_action"", ""diagnosed"", ""stopped""]"
TXN0000186266,C006361,0,385,0,0,0.00000000,stopped,"no_eligible_positive_value_action,failure_matrix:block",0,False,False,"[""at_risk"", ""diagnosed"", ""stopped""]"
TXN0000171179,C004111,1,467,467,2,10.75000000,recovered,,0,False,True,"[""at_risk"", ""diagnosed"", ""action_selected"", ""action_executed"", ""failed"", ""next_action"", ""diagnosed"", ""action_selected"", ""action_executed"", ""recovered""]"
TXN0000064445,C007389,0,195,0,0,0.00000000,stopped,customer_opted_out,0,True,True,"[""at_risk"", ""diagnosed"", ""stopped""]"
TXN0000233173,C005337,0,2191,0,0,0.00000000,stopped,"no_eligible_positive_value_action,failure_matrix:block",0,False,True,"[""at_risk"", ""diagnosed"", ""stopped""]"
TXN0000136570,C004492,1,168,168,1,1.00000000,recovered,,0,False,True,"[""at_risk"", ""diagnosed"", ""action_selected"", ""action_executed"", ""recovered""]"
TXN0000141839,C000903,0,47,0,0,0.00000000,stopped,"no_eligible_positive_value_action,failure_matrix:block",0,False,True,"[""at_risk"", ""diagnosed"", ""stopped""]"
TXN0000084443,C008016,0,203,0,0,0.00000000,stopped,"no_eligible_positive_value_action,failure_matrix:block",0,False,False,"[""at_risk"", ""diagnosed"", ""stopped""]"
TXN0000146810,C007184,0,654,0,0,0.00000000,stopped,"no_eligible_positive_value_action,failure_matrix:block",0,False,True,"[""at_risk"", ""diagnosed"", ""stopped""]"
TXN0000242042,C003302,1,1651,1651,1,10.00000000,recovered,,0,False,True,"[""at_risk"", ""diagnosed"", ""action_selected"", ""action_executed"", ""recovered""]"
TXN0000186435,C009872,1,583,583,1,1.00000000,recovered,,0,False,True,"[""at_risk"", ""diagnosed"", ""action_selected"", ""action_executed"", ""recovered""]"
TXN0000206700,C008690,1,2005,2005,1,10.00000000,recovered,,0,False,True,"[""at_risk"", ""diagnosed"", ""action_selected"", ""action_executed"", ""recovered""]"
TXN0000082790,C001243,1,914,914,2,11.00000000,recovered,,0,False,True,"[""at_risk"", ""diagnosed"", ""action_selected"", ""action_executed"", ""failed"", ""next_action"", ""diagnosed"", ""action_selected"", ""action_executed"", ""recovered""]"
TXN0000193548,C007632,0,304,0,0,0.00000000,stopped,"no_eligible_positive_value_action,failure_matrix:block",0,False,True,"[""at_risk"", ""diagnosed"", ""stopped""]"
TXN0000031601,C005112,1,275,275,1,25.00000000,recovered,,0,False,True,"[""at_risk"", ""diagnosed"", ""action_selected"", ""action_executed"", ""recovered""]"
TXN0000030395,C004275,0,164,0,0,0.00000000,stopped,"no_eligible_positive_value_action,failure_matrix:block",0,False,False,"[""at_risk"", ""diagnosed"", ""stopped""]"
TXN0000011038,C005278,1,470,470,1,10.00000000,recovered,,0,False,True,"[""at_risk"", ""diagnosed"", ""action_selected"", ""action_executed"", ""recovered""]"
TXN0000074403,C006450,1,413,413,1,10.00000000,recovered,,0,False,False,"[""at_risk"", ""diagnosed"", ""action_selected"", ""action_executed"", ""recovered""]"
TXN0000115231,C001300,1,756,756,1,0.75000000,recovered,,0,False,True,"[""at_risk"", ""diagnosed"", ""action_selected"", ""action_executed"", ""recovered""]"
TXN0000197538,C007815,1,436,436,1,0.75000000,recovered,,0,False,True,"[""at_risk"", ""diagnosed"", ""action_selected"", ""action_executed"", ""recovered""]"
TXN0000068069,C008334,1,177,177,1,25.00000000,recovered,,0,False,True,"[""at_risk"", ""diagnosed"", ""action_selected"", ""action_executed"", ""recovered""]"
TXN0000165611,C001553,0,1653,0,0,0.00000000,stopped,"no_eligible_positive_value_action,failure_matrix:block",0,False,True,"[""at_risk"", ""diagnosed"", ""stopped""]"
TXN0000112315,C009969,1,1949,1949,2,10.75000000,recovered,,0,False,True,"[""at_risk"", ""diagnosed"", ""action_selected"", ""action_executed"", ""failed"", ""next_action"", ""diagnosed"", ""action_selected"", ""action_executed"", ""recovered""]"
TXN0000082936,C005602,1,4219,4219,2,11.00000000,recovered,,0,False,True,"[""at_risk"", ""diagnosed"", ""action_selected"", ""action_executed"", ""failed"", ""next_action"", ""diagnosed"", ""action_selected"", ""action_executed"", ""recovered""]"
TXN0000243369,C004812,0,168,0,0,0.00000000,stopped,"no_eligible_positive_value_action,failure_matrix:block",0,False,True,"[""at_risk"", ""diagnosed"", ""stopped""]"
TXN0000123642,C008074,1,1822,1822,1,25.00000000,recovered,,0,False,True,"[""at_risk"", ""diagnosed"", ""action_selected"", ""action_executed"", ""recovered""]"
TXN0000015537,C006128,1,310,310,1,10.00000000,recovered,,0,False,True,"[""at_risk"", ""diagnosed"", ""action_selected"", ""action_executed"", ""recovered""]"
TXN0000082667,C000753,1,350,350,2,10.75000000,recovered,,0,False,True,"[""at_risk"", ""diagnosed"", ""action_selected"", ""action_executed"", ""failed"", ""next_action"", ""diagnosed"", ""action_selected"", ""action_executed"", ""recovered""]"
TXN0000040946,C006843,1,5568,5568,1,1.00000000,recovered,,0,False,True,"[""at_risk"", ""diagnosed"", ""action_selected"", ""action_executed"", ""recovered""]"
TXN0000147397,C009326,1,1150,1150,1,1.00000000,recovered,,0,False,True,"[""at_risk"", ""diagnosed"", ""action_selected"", ""action_executed"", ""recovered""]"
TXN0000188206,C008735,0,728,0,2,11.00000000,stopped,"recent_intervention_limit_requires_escalation,failure_matrix:block",0,False,True,"[""at_risk"", ""diagnosed"", ""action_selected"", ""action_executed"", ""failed"", ""next_action"", ""diagnosed"", ""action_selected"", ""action_executed"", ""failed"", ""next_action"", ""diagnosed"", ""stopped""]"
TXN0000225391,C006733,0,563,0,0,0.00000000,stopped,"no_eligible_positive_value_action,failure_matrix:block",0,False,False,"[""at_risk"", ""diagnosed"", ""stopped""]"
TXN0000080181,C008815,1,2168,2168,1,1.00000000,recovered,,0,False,True,"[""at_risk"", ""diagnosed"", ""action_selected"", ""action_executed"", ""recovered""]"
TXN0000114839,C004953,1,403,403,2,10.75000000,recovered,,0,False,True,"[""at_risk"", ""diagnosed"", ""action_selected"", ""action_executed"", ""failed"", ""next_action"", ""diagnosed"", ""action_selected"", ""action_executed"", ""recovered""]"
TXN0000183548,C006771,1,1007,1007,2,11.00000000,recovered,,0,False,True,"[""at_risk"", ""diagnosed"", ""action_selected"", ""action_executed"", ""failed"", ""next_action"", ""diagnosed"", ""action_selected"", ""action_executed"", ""recovered""]"
TXN0000198441,C004285,1,1057,1057,2,10.75000000,recovered,,0,False,True,"[""at_risk"", ""diagnosed"", ""action_selected"", ""action_executed"", ""failed"", ""next_action"", ""diagnosed"", ""action_selected"", ""action_executed"", ""recovered""]"
TXN0000096167,C002972,1,1615,1615,1,0.75000000,recovered,,0,False,True,"[""at_risk"", ""diagnosed"", ""action_selected"", ""action_executed"", ""recovered""]"
TXN0000207253,C004834,1,2050,2050,2,11.00000000,recovered,,0,False,True,"[""at_risk"", ""diagnosed"", ""action_selected"", ""action_executed"", ""failed"", ""next_action"", ""diagnosed"", ""action_selected"", ""action_executed"", ""recovered""]"
TXN0000152753,C001136,1,437,437,1,10.00000000,recovered,,0,False,True,"[""at_risk"", ""diagnosed"", ""action_selected"", ""action_executed"", ""recovered""]"
TXN0000000393,C009132,1,3267,3267,1,10.00000000,recovered,,0,False,True,"[""at_risk"", ""diagnosed"", ""action_selected"", ""action_executed"", ""recovered""]"
TXN0000211722,C001617,1,1476,1476,2,11.00000000,recovered,,0,False,True,"[""at_risk"", ""diagnosed"", ""action_selected"", ""action_executed"", ""failed"", ""next_action"", ""diagnosed"", ""action_selected"", ""action_executed"", ""recovered""]"
TXN0000056301,C008256,1,974,974,1,10.00000000,recovered,,0,False,True,"[""at_risk"", ""diagnosed"", ""action_selected"", ""action_executed"", ""recovered""]"
TXN0000144590,C008844,1,1659,1659,1,25.00000000,recovered,,0,False,True,"[""at_risk"", ""diagnosed"", ""action_selected"", ""action_executed"", ""recovered""]"
TXN0000126980,C004052,1,345,345,1,0.75000000,recovered,,0,False,True,"[""at_risk"", ""diagnosed"", ""action_selected"", ""action_executed"", ""recovered""]"
TXN0000102865,C000960,0,1903,0,1,25.00000000,escalated,manual_escalation_completed,0,False,True,"[""at_risk"", ""diagnosed"", ""action_selected"", ""action_executed"", ""escalated""]"
TXN0000157594,C008761,1,396,396,1,1.00000000,recovered,,0,False,True,"[""at_risk"", ""diagnosed"", ""action_selected"", ""action_executed"", ""recovered""]"
TXN0000210024,C003989,1,466,466,1,25.00000000,recovered,,0,False,True,"[""at_risk"", ""diagnosed"", ""action_selected"", ""action_executed"", ""recovered""]"
TXN0000103585,C009998,1,331,331,1,0.75000000,recovered,,0,False,True,"[""at_risk"", ""diagnosed"", ""action_selected"", ""action_executed"", ""recovered""]"
TXN0000237201,C009464,1,328,328,1,10.00000000,recovered,,0,False,True,"[""at_risk"", ""diagnosed"", ""action_selected"", ""action_executed"", ""recovered""]"
TXN0000011061,C005687,0,213,0,0,0.00000000,stopped,"no_eligible_positive_value_action,failure_matrix:block",0,False,True,"[""at_risk"", ""diagnosed"", ""stopped""]"
TXN0000215973,C002389,1,426,426,1,1.00000000,recovered,,0,False,True,"[""at_risk"", ""diagnosed"", ""action_selected"", ""action_executed"", ""recovered""]"
TXN0000062580,C009009,1,1037,1037,1,10.00000000,recovered,,0,False,True,"[""at_risk"", ""diagnosed"", ""action_selected"", ""action_executed"", ""recovered""]"
TXN0000111184,C004658,1,368,368,1,0.75000000,recovered,,0,False,True,"[""at_risk"", ""diagnosed"", ""action_selected"", ""action_executed"", ""recovered""]"
TXN0000001729,C003269,0,275,0,0,0.00000000,stopped,"no_eligible_positive_value_action,failure_matrix:block",0,False,True,"[""at_risk"", ""diagnosed"", ""stopped""]"
TXN0000079960,C004510,0,126,0,0,0.00000000,stopped,"no_eligible_positive_value_action,failure_matrix:block",0,False,True,"[""at_risk"", ""diagnosed"", ""stopped""]"
TXN0000204211,C008915,1,2091,2091,1,10.00000000,recovered,,0,False,True,"[""at_risk"", ""diagnosed"", ""action_selected"", ""action_executed"", ""recovered""]"
TXN0000244204,C002236,1,453,453,1,10.00000000,recovered,,0,False,False,"[""at_risk"", ""diagnosed"", ""action_selected"", ""action_executed"", ""recovered""]"
TXN0000245683,C000163,1,947,947,1,10.00000000,recovered,,0,False,True,"[""at_risk"", ""diagnosed"", ""action_selected"", ""action_executed"", ""recovered""]"
TXN0000172397,C009128,0,149,0,1,1.00000000,stopped,"no_eligible_positive_value_action,failure_matrix:block",0,False,True,"[""at_risk"", ""diagnosed"", ""action_selected"", ""action_executed"", ""failed"", ""next_action"", ""diagnosed"", ""stopped""]"
TXN0000042523,C005309,0,441,0,0,0.00000000,stopped,"no_eligible_positive_value_action,failure_matrix:block",0,False,False,"[""at_risk"", ""diagnosed"", ""stopped""]"
TXN0000086113,C003170,1,308,308,1,1.00000000,recovered,,0,False,True,"[""at_risk"", ""diagnosed"", ""action_selected"", ""action_executed"", ""recovered""]"
TXN0000038430,C003057,0,806,0,0,0.00000000,stopped,"no_eligible_positive_value_action,failure_matrix:block",0,False,False,"[""at_risk"", ""diagnosed"", ""stopped""]"
TXN0000065853,C006378,1,216,216,1,1.00000000,recovered,,0,False,True,"[""at_risk"", ""diagnosed"", ""action_selected"", ""action_executed"", ""recovered""]"
TXN0000099094,C003657,1,1040,1040,1,10.00000000,recovered,,0,False,True,"[""at_risk"", ""diagnosed"", ""action_selected"", ""action_executed"", ""recovered""]"
TXN0000067351,C001501,1,289,289,1,1.00000000,recovered,,0,False,True,"[""at_risk"", ""diagnosed"", ""action_selected"", ""action_executed"", ""recovered""]"
TXN0000127255,C000658,1,757,757,1,10.00000000,recovered,,0,False,True,"[""at_risk"", ""diagnosed"", ""action_selected"", ""action_executed"", ""recovered""]"
TXN0000114252,C008059,1,2009,2009,2,10.75000000,recovered,,0,False,True,"[""at_risk"", ""diagnosed"", ""action_selected"", ""action_executed"", ""failed"", ""next_action"", ""diagnosed"", ""action_selected"", ""action_executed"", ""recovered""]"
TXN0000056078,C005298,1,202,202,1,0.75000000,recovered,,0,False,True,"[""at_risk"", ""diagnosed"", ""action_selected"", ""action_executed"", ""recovered""]"
TXN0000245696,C002097,0,565,0,1,1.00000000,stopped,"no_eligible_positive_value_action,failure_matrix:block",0,False,True,"[""at_risk"", ""diagnosed"", ""action_selected"", ""action_executed"", ""failed"", ""next_action"", ""diagnosed"", ""stopped""]"
TXN0000099402,C002428,1,191,191,2,10.75000000,recovered,,0,False,True,"[""at_risk"", ""diagnosed"", ""action_selected"", ""action_executed"", ""failed"", ""next_action"", ""diagnosed"", ""action_selected"", ""action_executed"", ""recovered""]"
TXN0000176136,C004484,0,357,0,0,0.00000000,stopped,customer_opted_out,0,True,True,"[""at_risk"", ""diagnosed"", ""stopped""]"
TXN0000225236,C001160,1,5358,5358,1,0.75000000,recovered,,0,False,True,"[""at_risk"", ""diagnosed"", ""action_selected"", ""action_executed"", ""recovered""]"
TXN0000092528,C002560,1,443,443,1,0.75000000,recovered,,0,False,True,"[""at_risk"", ""diagnosed"", ""action_selected"", ""action_executed"", ""recovered""]"
TXN0000042396,C008494,0,915,0,0,0.00000000,stopped,"no_eligible_positive_value_action,failure_matrix:block",0,False,True,"[""at_risk"", ""diagnosed"", ""stopped""]"
TXN0000067129,C004676,0,197,0,1,1.00000000,stopped,"no_eligible_positive_value_action,failure_matrix:block",0,False,True,"[""at_risk"", ""diagnosed"", ""action_selected"", ""action_executed"", ""failed"", ""next_action"", ""diagnosed"", ""stopped""]"
TXN0000139155,C005203,1,384,384,1,1.00000000,recovered,,0,False,True,"[""at_risk"", ""diagnosed"", ""action_selected"", ""action_executed"", ""recovered""]"
TXN0000198409,C001670,0,256,0,1,1.00000000,stopped,"no_eligible_positive_value_action,failure_matrix:block",0,False,True,"[""at_risk"", ""diagnosed"", ""action_selected"", ""action_executed"", ""failed"", ""next_action"", ""diagnosed"", ""stopped""]"
TXN0000003628,C009837,1,901,901,1,1.00000000,recovered,,0,False,True,"[""at_risk"", ""diagnosed"", ""action_selected"", ""action_executed"", ""recovered""]"
TXN0000017301,C007327,1,561,561,1,0.75000000,recovered,,0,False,True,"[""at_risk"", ""diagnosed"", ""action_selected"", ""action_executed"", ""recovered""]"
TXN0000051607,C008970,0,2018,0,1,25.00000000,escalated,manual_escalation_completed,0,False,True,"[""at_risk"", ""diagnosed"", ""action_selected"", ""action_executed"", ""escalated""]"
TXN0000062623,C005057,1,288,288,1,0.75000000,recovered,,0,False,True,"[""at_risk"", ""diagnosed"", ""action_selected"", ""action_executed"", ""recovered""]"
TXN0000015323,C004105,1,1078,1078,1,10.00000000,recovered,,0,False,True,"[""at_risk"", ""diagnosed"", ""action_selected"", ""action_executed"", ""recovered""]"
TXN0000194575,C007786,1,346,346,1,0.75000000,recovered,,0,False,True,"[""at_risk"", ""diagnosed"", ""action_selected"", ""action_executed"", ""recovered""]"
TXN0000052258,C002959,0,1506,0,1,0.75000000,stopped,"no_eligible_positive_value_action,failure_matrix:block",0,False,True,"[""at_risk"", ""diagnosed"", ""action_selected"", ""action_executed"", ""failed"", ""next_action"", ""diagnosed"", ""stopped""]"
TXN0000104742,C007829,0,2444,0,0,0.00000000,stopped,"no_eligible_positive_value_action,failure_matrix:block",0,False,True,"[""at_risk"", ""diagnosed"", ""stopped""]"
TXN0000178507,C006008,0,1399,0,0,0.00000000,stopped,"no_eligible_positive_value_action,failure_matrix:block",0,False,True,"[""at_risk"", ""diagnosed"", ""stopped""]"
TXN0000213456,C002302,0,371,0,0,0.00000000,stopped,"no_eligible_positive_value_action,failure_matrix:block",0,False,True,"[""at_risk"", ""diagnosed"", ""stopped""]"
TXN0000043730,C003208,1,110,110,1,1.00000000,recovered,,0,False,True,"[""at_risk"", ""diagnosed"", ""action_selected"", ""action_executed"", ""recovered""]"
TXN0000133348,C008757,1,157,157,1,1.00000000,recovered,,0,False,True,"[""at_risk"", ""diagnosed"", ""action_selected"", ""action_executed"", ""recovered""]"
TXN0000184246,C004903,1,7553,7553,1,25.00000000,recovered,,0,False,True,"[""at_risk"", ""diagnosed"", ""action_selected"", ""action_executed"", ""recovered""]"
TXN0000034016,C005430,1,7122,7122,1,1.00000000,recovered,,0,False,True,"[""at_risk"", ""diagnosed"", ""action_selected"", ""action_executed"", ""recovered""]"
TXN0000234409,C009478,1,129,129,1,25.00000000,recovered,,0,False,True,"[""at_risk"", ""diagnosed"", ""action_selected"", ""action_executed"", ""recovered""]"
TXN0000040684,C001232,0,1148,0,0,0.00000000,stopped,"no_eligible_positive_value_action,failure_matrix:block",0,False,False,"[""at_risk"", ""diagnosed"", ""stopped""]"
TXN0000175371,C005863,0,592,0,1,0.75000000,stopped,"no_eligible_positive_value_action,failure_matrix:block",0,False,True,"[""at_risk"", ""diagnosed"", ""action_selected"", ""action_executed"", ""failed"", ""next_action"", ""diagnosed"", ""stopped""]"
TXN0000232072,C004846,1,316,316,1,1.00000000,recovered,,0,False,True,"[""at_risk"", ""diagnosed"", ""action_selected"", ""action_executed"", ""recovered""]"
TXN0000177525,C001298,0,205,0,0,0.00000000,stopped,"no_eligible_positive_value_action,failure_matrix:block",0,False,False,"[""at_risk"", ""diagnosed"", ""stopped""]"
TXN0000046896,C009961,0,224,0,0,0.00000000,stopped,"no_eligible_positive_value_action,failure_matrix:block",0,False,True,"[""at_risk"", ""diagnosed"", ""stopped""]"
TXN0000228266,C006073,1,2559,2559,1,10.00000000,recovered,,0,False,True,"[""at_risk"", ""diagnosed"", ""action_selected"", ""action_executed"", ""recovered""]"
TXN0000215467,C008113,1,509,509,1,0.75000000,recovered,,0,False,True,"[""at_risk"", ""diagnosed"", ""action_selected"", ""action_executed"", ""recovered""]"
TXN0000066916,C006943,1,138,138,1,10.00000000,recovered,,0,False,True,"[""at_risk"", ""diagnosed"", ""action_selected"", ""action_executed"", ""recovered""]"
TXN0000166884,C002611,1,1518,1518,1,25.00000000,recovered,,0,False,True,"[""at_risk"", ""diagnosed"", ""action_selected"", ""action_executed"", ""recovered""]"
TXN0000203837,C003127,0,223,0,1,1.00000000,stopped,"no_eligible_positive_value_action,failure_matrix:block",0,False,True,"[""at_risk"", ""diagnosed"", ""action_selected"", ""action_executed"", ""failed"", ""next_action"", ""diagnosed"", ""stopped""]"
TXN0000023664,C003678,0,209,0,0,0.00000000,stopped,"no_eligible_positive_value_action,failure_matrix:block",0,False,True,"[""at_risk"", ""diagnosed"", ""stopped""]"
TXN0000137079,C006381,0,706,0,1,10.00000000,stopped,"no_eligible_positive_value_action,failure_matrix:block",0,False,False,"[""at_risk"", ""diagnosed"", ""action_selected"", ""action_executed"", ""failed"", ""next_action"", ""diagnosed"", ""stopped""]"
TXN0000232647,C008746,1,1341,1341,1,0.75000000,recovered,,0,False,True,"[""at_risk"", ""diagnosed"", ""action_selected"", ""action_executed"", ""recovered""]"
TXN0000087224,C006766,0,4251,0,1,1.00000000,stopped,"no_eligible_positive_value_action,failure_matrix:block",0,False,True,"[""at_risk"", ""diagnosed"", ""action_selected"", ""action_executed"", ""failed"", ""next_action"", ""diagnosed"", ""stopped""]"
TXN0000143597,C000101,1,255,255,1,0.75000000,recovered,,0,False,True,"[""at_risk"", ""diagnosed"", ""action_selected"", ""action_executed"", ""recovered""]"
TXN0000102001,C000415,1,1168,1168,1,10.00000000,recovered,,0,False,True,"[""at_risk"", ""diagnosed"", ""action_selected"", ""action_executed"", ""recovered""]"
TXN0000147573,C009857,0,215,0,1,0.75000000,stopped,"no_eligible_positive_value_action,failure_matrix:block",0,False,True,"[""at_risk"", ""diagnosed"", ""action_selected"", ""action_executed"", ""failed"", ""next_action"", ""diagnosed"", ""stopped""]"
TXN0000202974,C008340,0,3865,0,0,0.00000000,stopped,"no_eligible_positive_value_action,failure_matrix:block",0,False,True,"[""at_risk"", ""diagnosed"", ""stopped""]"
TXN0000092781,C003398,1,3933,3933,2,10.75000000,recovered,,0,False,True,"[""at_risk"", ""diagnosed"", ""action_selected"", ""action_executed"", ""failed"", ""next_action"", ""diagnosed"", ""action_selected"", ""action_executed"", ""recovered""]"
TXN0000019280,C004965,1,733,733,1,10.00000000,recovered,,0,False,True,"[""at_risk"", ""diagnosed"", ""action_selected"", ""action_executed"", ""recovered""]"
TXN0000037224,C007697,1,1348,1348,1,10.00000000,recovered,,0,False,True,"[""at_risk"", ""diagnosed"", ""action_selected"", ""action_executed"", ""recovered""]"
TXN0000160434,C004890,1,1653,1653,1,10.00000000,recovered,,0,False,True,"[""at_risk"", ""diagnosed"", ""action_selected"", ""action_executed"", ""recovered""]"
TXN0000171148,C007166,1,1134,1134,2,10.75000000,recovered,,0,False,True,"[""at_risk"", ""diagnosed"", ""action_selected"", ""action_executed"", ""failed"", ""next_action"", ""diagnosed"", ""action_selected"", ""action_executed"", ""recovered""]"
TXN0000029726,C001136,0,1795,0,0,0.00000000,stopped,"no_eligible_positive_value_action,failure_matrix:block",0,False,True,"[""at_risk"", ""diagnosed"", ""stopped""]"
TXN0000007491,C000696,0,270,0,0,0.00000000,stopped,"no_eligible_positive_value_action,failure_matrix:block",0,False,True,"[""at_risk"", ""diagnosed"", ""stopped""]"
TXN0000013285,C006644,0,1336,0,1,25.00000000,escalated,manual_escalation_completed,0,False,True,"[""at_risk"", ""diagnosed"", ""action_selected"", ""action_executed"", ""escalated""]"
TXN0000034888,C009961,0,1630,0,0,0.00000000,stopped,"no_eligible_positive_value_action,failure_matrix:block",0,False,True,"[""at_risk"", ""diagnosed"", ""stopped""]"
TXN0000060286,C009970,1,1700,1700,1,1.00000000,recovered,,0,False,True,"[""at_risk"", ""diagnosed"", ""action_selected"", ""action_executed"", ""recovered""]"
TXN0000147280,C009942,1,2249,2249,1,25.00000000,recovered,,0,False,True,"[""at_risk"", ""diagnosed"", ""action_selected"", ""action_executed"", ""recovered""]"
TXN0000154954,C006197,0,1199,0,0,0.00000000,stopped,"no_eligible_positive_value_action,failure_matrix:block",0,False,True,"[""at_risk"", ""diagnosed"", ""stopped""]"
TXN0000063432,C002285,1,1001,1001,2,10.75000000,recovered,,0,False,True,"[""at_risk"", ""diagnosed"", ""action_selected"", ""action_executed"", ""failed"", ""next_action"", ""diagnosed"", ""action_selected"", ""action_executed"", ""recovered""]"
TXN0000002650,C000673,1,444,444,1,25.00000000,recovered,,0,False,True,"[""at_risk"", ""diagnosed"", ""action_selected"", ""action_executed"", ""recovered""]"
TXN0000029778,C001302,0,535,0,0,0.00000000,stopped,"no_eligible_positive_value_action,failure_matrix:block",0,False,True,"[""at_risk"", ""diagnosed"", ""stopped""]"
TXN0000064931,C002430,1,984,984,1,1.00000000,recovered,,0,False,True,"[""at_risk"", ""diagnosed"", ""action_selected"", ""action_executed"", ""recovered""]"
TXN0000016372,C001366,0,7113,0,0,0.00000000,stopped,"no_eligible_positive_value_action,failure_matrix:block",0,False,True,"[""at_risk"", ""diagnosed"", ""stopped""]"
TXN0000090067,C009650,1,1277,1277,1,10.00000000,recovered,,0,False,True,"[""at_risk"", ""diagnosed"", ""action_selected"", ""action_executed"", ""recovered""]"
TXN0000023492,C007753,0,244,0,1,0.75000000,stopped,"no_eligible_positive_value_action,failure_matrix:block",0,False,True,"[""at_risk"", ""diagnosed"", ""action_selected"", ""action_executed"", ""failed"", ""next_action"", ""diagnosed"", ""stopped""]"
TXN0000105190,C006877,0,748,0,0,0.00000000,stopped,"no_eligible_positive_value_action,failure_matrix:block",0,False,True,"[""at_risk"", ""diagnosed"", ""stopped""]"
TXN0000231237,C004423,0,488,0,0,0.00000000,stopped,"no_eligible_positive_value_action,failure_matrix:block",0,False,True,"[""at_risk"", ""diagnosed"", ""stopped""]"
TXN0000162976,C006170,1,241,241,1,1.00000000,recovered,,0,False,False,"[""at_risk"", ""diagnosed"", ""action_selected"", ""action_executed"", ""recovered""]"
TXN0000030460,C001130,0,918,0,0,0.00000000,stopped,"no_eligible_positive_value_action,failure_matrix:block",0,False,True,"[""at_risk"", ""diagnosed"", ""stopped""]"
TXN0000016380,C007206,0,694,0,0,0.00000000,stopped,"no_eligible_positive_value_action,failure_matrix:block",0,False,False,"[""at_risk"", ""diagnosed"", ""stopped""]"
TXN0000079079,C001030,1,60,60,2,10.75000000,recovered,,0,False,True,"[""at_risk"", ""diagnosed"", ""action_selected"", ""action_executed"", ""failed"", ""next_action"", ""diagnosed"", ""action_selected"", ""action_executed"", ""recovered""]"
TXN0000004610,C001834,1,749,749,1,10.00000000,recovered,,0,False,True,"[""at_risk"", ""diagnosed"", ""action_selected"", ""action_executed"", ""recovered""]"
TXN0000027345,C006524,0,1082,0,0,0.00000000,stopped,"no_eligible_positive_value_action,failure_matrix:block",0,False,True,"[""at_risk"", ""diagnosed"", ""stopped""]"
TXN0000193369,C002794,1,864,864,1,10.00000000,recovered,,0,False,False,"[""at_risk"", ""diagnosed"", ""action_selected"", ""action_executed"", ""recovered""]"
TXN0000079688,C007873,1,2548,2548,1,1.00000000,recovered,,0,False,True,"[""at_risk"", ""diagnosed"", ""action_selected"", ""action_executed"", ""recovered""]"
TXN0000054556,C001739,1,233,233,1,1.00000000,recovered,,0,False,True,"[""at_risk"", ""diagnosed"", ""action_selected"", ""action_executed"", ""recovered""]"
TXN0000234675,C000663,1,110,110,1,0.75000000,recovered,,0,False,True,"[""at_risk"", ""diagnosed"", ""action_selected"", ""action_executed"", ""recovered""]"
TXN0000239955,C000935,1,311,311,1,0.75000000,recovered,,0,False,True,"[""at_risk"", ""diagnosed"", ""action_selected"", ""action_executed"", ""recovered""]"
TXN0000125508,C003955,0,6736,0,2,11.00000000,stopped,"recent_intervention_limit_requires_escalation,failure_matrix:block",0,False,False,"[""at_risk"", ""diagnosed"", ""action_selected"", ""action_executed"", ""failed"", ""next_action"", ""diagnosed"", ""action_selected"", ""action_executed"", ""failed"", ""next_action"", ""diagnosed"", ""stopped""]"
TXN0000151804,C003627,1,151,151,1,25.00000000,recovered,,0,False,True,"[""at_risk"", ""diagnosed"", ""action_selected"", ""action_executed"", ""recovered""]"
TXN0000079724,C009346,0,1888,0,2,10.75000000,stopped,"no_eligible_positive_value_action,failure_matrix:block",0,False,True,"[""at_risk"", ""diagnosed"", ""action_selected"", ""action_executed"", ""failed"", ""next_action"", ""diagnosed"", ""action_selected"", ""action_executed"", ""failed"", ""next_action"", ""diagnosed"", ""stopped""]"
TXN0000229973,C004041,1,943,943,1,10.00000000,recovered,,0,False,True,"[""at_risk"", ""diagnosed"", ""action_selected"", ""action_executed"", ""recovered""]"
TXN0000241796,C002816,1,103,103,1,1.00000000,recovered,,0,False,True,"[""at_risk"", ""diagnosed"", ""action_selected"", ""action_executed"", ""recovered""]"
TXN0000057441,C004248,1,516,516,1,10.00000000,recovered,,0,False,True,"[""at_risk"", ""diagnosed"", ""action_selected"", ""action_executed"", ""recovered""]"
TXN0000095366,C007098,1,377,377,1,10.00000000,recovered,,0,False,False,"[""at_risk"", ""diagnosed"", ""action_selected"", ""action_executed"", ""recovered""]"
TXN0000004864,C007531,1,191,191,1,1.00000000,recovered,,0,False,True,"[""at_risk"", ""diagnosed"", ""action_selected"", ""action_executed"", ""recovered""]"
TXN0000245920,C009980,0,1295,0,0,0.00000000,stopped,"no_eligible_positive_value_action,failure_matrix:block",0,False,True,"[""at_risk"", ""diagnosed"", ""stopped""]"
TXN0000025971,C000594,0,417,0,1,0.75000000,stopped,"no_eligible_positive_value_action,failure_matrix:block",0,False,True,"[""at_risk"", ""diagnosed"", ""action_selected"", ""action_executed"", ""failed"", ""next_action"", ""diagnosed"", ""stopped""]"
TXN0000147417,C006364,0,2444,0,0,0.00000000,stopped,"no_eligible_positive_value_action,failure_matrix:block",0,False,True,"[""at_risk"", ""diagnosed"", ""stopped""]"
TXN0000223583,C003531,1,72,72,1,1.00000000,recovered,,0,False,True,"[""at_risk"", ""diagnosed"", ""action_selected"", ""action_executed"", ""recovered""]"
TXN0000029756,C009551,0,3654,0,1,1.00000000,stopped,"no_eligible_positive_value_action,failure_matrix:block",0,False,True,"[""at_risk"", ""diagnosed"", ""action_selected"", ""action_executed"", ""failed"", ""next_action"", ""diagnosed"", ""stopped""]"
TXN0000200463,C001717,0,531,0,0,0.00000000,stopped,"no_eligible_positive_value_action,failure_matrix:block",0,False,True,"[""at_risk"", ""diagnosed"", ""stopped""]"
TXN0000187417,C000708,1,3169,3169,1,10.00000000,recovered,,0,False,True,"[""at_risk"", ""diagnosed"", ""action_selected"", ""action_executed"", ""recovered""]"
TXN0000173967,C001496,0,1989,0,2,11.00000000,stopped,"recent_intervention_limit_requires_escalation,failure_matrix:block",0,False,True,"[""at_risk"", ""diagnosed"", ""action_selected"", ""action_executed"", ""failed"", ""next_action"", ""diagnosed"", ""action_selected"", ""action_executed"", ""failed"", ""next_action"", ""diagnosed"", ""stopped""]"
TXN0000154990,C000679,1,834,834,1,10.00000000,recovered,,0,False,True,"[""at_risk"", ""diagnosed"", ""action_selected"", ""action_executed"", ""recovered""]"
TXN0000211491,C007829,0,1187,0,0,0.00000000,stopped,"no_eligible_positive_value_action,failure_matrix:block",0,False,True,"[""at_risk"", ""diagnosed"", ""stopped""]"
TXN0000039403,C008464,1,257,257,1,0.75000000,recovered,,0,False,True,"[""at_risk"", ""diagnosed"", ""action_selected"", ""action_executed"", ""recovered""]"
TXN0000114059,C004828,1,853,853,1,10.00000000,recovered,,0,False,True,"[""at_risk"", ""diagnosed"", ""action_selected"", ""action_executed"", ""recovered""]"
TXN0000117703,C000894,0,729,0,1,25.00000000,escalated,manual_escalation_completed,1,False,True,"[""at_risk"", ""diagnosed"", ""action_selected"", ""action_executed"", ""escalated""]"
TXN0000024410,C008151,1,4694,4694,2,11.00000000,recovered,,0,False,True,"[""at_risk"", ""diagnosed"", ""action_selected"", ""action_executed"", ""failed"", ""next_action"", ""diagnosed"", ""action_selected"", ""action_executed"", ""recovered""]"
TXN0000120297,C009933,1,608,608,1,1.00000000,recovered,,0,False,True,"[""at_risk"", ""diagnosed"", ""action_selected"", ""action_executed"", ""recovered""]"
TXN0000119652,C001124,0,746,0,0,0.00000000,stopped,"no_eligible_positive_value_action,failure_matrix:block",0,False,True,"[""at_risk"", ""diagnosed"", ""stopped""]"
TXN0000249412,C006895,1,7188,7188,2,11.00000000,recovered,,0,False,True,"[""at_risk"", ""diagnosed"", ""action_selected"", ""action_executed"", ""failed"", ""next_action"", ""diagnosed"", ""action_selected"", ""action_executed"", ""recovered""]"
TXN0000016883,C005504,1,7785,7785,1,10.00000000,recovered,,0,False,True,"[""at_risk"", ""diagnosed"", ""action_selected"", ""action_executed"", ""recovered""]"
TXN0000098516,C007395,0,696,0,1,25.00000000,escalated,manual_escalation_completed,0,False,True,"[""at_risk"", ""diagnosed"", ""action_selected"", ""action_executed"", ""escalated""]"
TXN0000231993,C004931,1,425,425,1,10.00000000,recovered,,0,False,False,"[""at_risk"", ""diagnosed"", ""action_selected"", ""action_executed"", ""recovered""]"
TXN0000203517,C009000,1,587,587,1,0.75000000,recovered,,0,False,True,"[""at_risk"", ""diagnosed"", ""action_selected"", ""action_executed"", ""recovered""]"
TXN0000134593,C000472,1,552,552,1,0.75000000,recovered,,0,False,True,"[""at_risk"", ""diagnosed"", ""action_selected"", ""action_executed"", ""recovered""]"
TXN0000072278,C000240,1,499,499,1,1.00000000,recovered,,0,False,False,"[""at_risk"", ""diagnosed"", ""action_selected"", ""action_executed"", ""recovered""]"
TXN0000127063,C006644,0,1221,0,1,0.75000000,stopped,"no_eligible_positive_value_action,failure_matrix:block",0,False,True,"[""at_risk"", ""diagnosed"", ""action_selected"", ""action_executed"", ""failed"", ""next_action"", ""diagnosed"", ""stopped""]"
TXN0000052772,C003901,1,169,169,1,10.00000000,recovered,,0,False,True,"[""at_risk"", ""diagnosed"", ""action_selected"", ""action_executed"", ""recovered""]"
TXN0000004753,C000539,0,547,0,2,10.75000000,stopped,"no_eligible_positive_value_action,failure_matrix:block",0,False,True,"[""at_risk"", ""diagnosed"", ""action_selected"", ""action_executed"", ""failed"", ""next_action"", ""diagnosed"", ""action_selected"", ""action_executed"", ""failed"", ""next_action"", ""diagnosed"", ""stopped""]"
TXN0000202848,C003259,1,1922,1922,1,10.00000000,recovered,,0,False,True,"[""at_risk"", ""diagnosed"", ""action_selected"", ""action_executed"", ""recovered""]"
TXN0000232929,C008484,1,2893,2893,1,10.00000000,recovered,,0,False,True,"[""at_risk"", ""diagnosed"", ""action_selected"", ""action_executed"", ""recovered""]"
TXN0000154695,C001405,1,435,435,1,0.75000000,recovered,,0,False,True,"[""at_risk"", ""diagnosed"", ""action_selected"", ""action_executed"", ""recovered""]"
TXN0000033834,C001063,1,147,147,1,1.00000000,recovered,,0,False,True,"[""at_risk"", ""diagnosed"", ""action_selected"", ""action_executed"", ""recovered""]"
TXN0000196893,C003959,0,4424,0,2,11.00000000,stopped,"recent_intervention_limit_requires_escalation,failure_matrix:block",0,False,True,"[""at_risk"", ""diagnosed"", ""action_selected"", ""action_executed"", ""failed"", ""next_action"", ""diagnosed"", ""action_selected"", ""action_executed"", ""failed"", ""next_action"", ""diagnosed"", ""stopped""]"
TXN0000104909,C005461,0,174,0,1,1.00000000,stopped,"no_eligible_positive_value_action,failure_matrix:block",0,False,True,"[""at_risk"", ""diagnosed"", ""action_selected"", ""action_executed"", ""failed"", ""next_action"", ""diagnosed"", ""stopped""]"
TXN0000094911,C002528,1,217,217,1,0.75000000,recovered,,0,False,True,"[""at_risk"", ""diagnosed"", ""action_selected"", ""action_executed"", ""recovered""]"
TXN0000070118,C000674,1,1534,1534,1,10.00000000,recovered,,0,False,True,"[""at_risk"", ""diagnosed"", ""action_selected"", ""action_executed"", ""recovered""]"
TXN0000171334,C001394,1,127,127,1,0.75000000,recovered,,0,False,True,"[""at_risk"", ""diagnosed"", ""action_selected"", ""action_executed"", ""recovered""]"
TXN0000096948,C006101,1,522,522,1,0.75000000,recovered,,0,False,True,"[""at_risk"", ""diagnosed"", ""action_selected"", ""action_executed"", ""recovered""]"
TXN0000058288,C005475,0,607,0,0,0.00000000,stopped,"no_eligible_positive_value_action,failure_matrix:block",0,False,True,"[""at_risk"", ""diagnosed"", ""stopped""]"
TXN0000203228,C000809,0,2177,0,1,25.00000000,escalated,manual_escalation_completed,0,False,False,"[""at_risk"", ""diagnosed"", ""action_selected"", ""action_executed"", ""escalated""]"
TXN0000120791,C003866,0,853,0,2,10.75000000,stopped,"no_eligible_positive_value_action,failure_matrix:block",0,False,True,"[""at_risk"", ""diagnosed"", ""action_selected"", ""action_executed"", ""failed"", ""next_action"", ""diagnosed"", ""action_selected"", ""action_executed"", ""failed"", ""next_action"", ""diagnosed"", ""stopped""]"
TXN0000027991,C003222,0,762,0,0,0.00000000,stopped,"no_eligible_positive_value_action,failure_matrix:block",0,False,True,"[""at_risk"", ""diagnosed"", ""stopped""]"
TXN0000107134,C008596,1,87,87,1,25.00000000,recovered,,0,False,True,"[""at_risk"", ""diagnosed"", ""action_selected"", ""action_executed"", ""recovered""]"
TXN0000045843,C008613,0,752,0,1,0.75000000,stopped,"no_eligible_positive_value_action,failure_matrix:block",0,False,True,"[""at_risk"", ""diagnosed"", ""action_selected"", ""action_executed"", ""failed"", ""next_action"", ""diagnosed"", ""stopped""]"
TXN0000248404,C000140,1,436,436,2,11.00000000,recovered,,0,False,True,"[""at_risk"", ""diagnosed"", ""action_selected"", ""action_executed"", ""failed"", ""next_action"", ""diagnosed"", ""action_selected"", ""action_executed"", ""recovered""]"
TXN0000162997,C006880,0,1763,0,0,0.00000000,stopped,"no_eligible_positive_value_action,failure_matrix:block",0,False,False,"[""at_risk"", ""diagnosed"", ""stopped""]"
TXN0000197398,C004351,1,1107,1107,1,25.00000000,recovered,,0,False,True,"[""at_risk"", ""diagnosed"", ""action_selected"", ""action_executed"", ""recovered""]"
TXN0000169364,C006019,1,2433,2433,2,10.75000000,recovered,,0,False,True,"[""at_risk"", ""diagnosed"", ""action_selected"", ""action_executed"", ""failed"", ""next_action"", ""diagnosed"", ""action_selected"", ""action_executed"", ""recovered""]"
TXN0000039594,C001751,1,328,328,1,1.00000000,recovered,,0,False,True,"[""at_risk"", ""diagnosed"", ""action_selected"", ""action_executed"", ""recovered""]"
TXN0000061930,C005775,1,1757,1757,1,1.00000000,recovered,,0,False,True,"[""at_risk"", ""diagnosed"", ""action_selected"", ""action_executed"", ""recovered""]"
TXN0000140877,C002566,0,807,0,1,10.00000000,stopped,"no_eligible_positive_value_action,failure_matrix:block",0,False,False,"[""at_risk"", ""diagnosed"", ""action_selected"", ""action_executed"", ""failed"", ""next_action"", ""diagnosed"", ""stopped""]"
TXN0000115259,C001357,0,141,0,0,0.00000000,stopped,"no_eligible_positive_value_action,failure_matrix:block",0,False,True,"[""at_risk"", ""diagnosed"", ""stopped""]"
TXN0000035706,C000379,0,943,0,2,10.75000000,stopped,"no_eligible_positive_value_action,failure_matrix:block",0,False,True,"[""at_risk"", ""diagnosed"", ""action_selected"", ""action_executed"", ""failed"", ""next_action"", ""diagnosed"", ""action_selected"", ""action_executed"", ""failed"", ""next_action"", ""diagnosed"", ""stopped""]"
TXN0000119675,C006376,0,3259,0,2,10.75000000,stopped,"no_eligible_positive_value_action,failure_matrix:block",0,False,True,"[""at_risk"", ""diagnosed"", ""action_selected"", ""action_executed"", ""failed"", ""next_action"", ""diagnosed"", ""action_selected"", ""action_executed"", ""failed"", ""next_action"", ""diagnosed"", ""stopped""]"
TXN0000221784,C002282,0,4603,0,2,11.00000000,stopped,"recent_intervention_limit_requires_escalation,failure_matrix:block",0,False,False,"[""at_risk"", ""diagnosed"", ""action_selected"", ""action_executed"", ""failed"", ""next_action"", ""diagnosed"", ""action_selected"", ""action_executed"", ""failed"", ""next_action"", ""diagnosed"", ""stopped""]"
TXN0000211593,C000137,0,5812,0,0,0.00000000,stopped,"no_eligible_positive_value_action,failure_matrix:block",0,False,True,"[""at_risk"", ""diagnosed"", ""stopped""]"
TXN0000047477,C008558,0,2702,0,2,11.00000000,stopped,"recent_intervention_limit_requires_escalation,failure_matrix:block",0,False,True,"[""at_risk"", ""diagnosed"", ""action_selected"", ""action_executed"", ""failed"", ""next_action"", ""diagnosed"", ""action_selected"", ""action_executed"", ""failed"", ""next_action"", ""diagnosed"", ""stopped""]"
TXN0000048913,C002858,0,216,0,0,0.00000000,stopped,"no_eligible_positive_value_action,failure_matrix:block",0,False,False,"[""at_risk"", ""diagnosed"", ""stopped""]"
TXN0000210487,C002956,0,1905,0,2,11.00000000,stopped,"recent_intervention_limit_requires_escalation,failure_matrix:block",0,False,True,"[""at_risk"", ""diagnosed"", ""action_selected"", ""action_executed"", ""failed"", ""next_action"", ""diagnosed"", ""action_selected"", ""action_executed"", ""failed"", ""next_action"", ""diagnosed"", ""stopped""]"
TXN0000178539,C003711,1,1365,1365,1,0.75000000,recovered,,0,False,True,"[""at_risk"", ""diagnosed"", ""action_selected"", ""action_executed"", ""recovered""]"
TXN0000177094,C003640,1,301,301,1,25.00000000,recovered,,0,False,False,"[""at_risk"", ""diagnosed"", ""action_selected"", ""action_executed"", ""recovered""]"
TXN0000183765,C005372,1,816,816,2,10.75000000,recovered,,0,False,True,"[""at_risk"", ""diagnosed"", ""action_selected"", ""action_executed"", ""failed"", ""next_action"", ""diagnosed"", ""action_selected"", ""action_executed"", ""recovered""]"
TXN0000199185,C009068,1,234,234,1,1.00000000,recovered,,0,False,True,"[""at_risk"", ""diagnosed"", ""action_selected"", ""action_executed"", ""recovered""]"
TXN0000184203,C002830,1,1770,1770,1,10.00000000,recovered,,0,False,True,"[""at_risk"", ""diagnosed"", ""action_selected"", ""action_executed"", ""recovered""]"
TXN0000225060,C007919,1,2306,2306,1,25.00000000,recovered,,0,False,True,"[""at_risk"", ""diagnosed"", ""action_selected"", ""action_executed"", ""recovered""]"
TXN0000149215,C006625,1,1544,1544,1,0.75000000,recovered,,0,False,True,"[""at_risk"", ""diagnosed"", ""action_selected"", ""action_executed"", ""recovered""]"
TXN0000064691,C005220,1,162,162,1,1.00000000,recovered,,0,False,True,"[""at_risk"", ""diagnosed"", ""action_selected"", ""action_executed"", ""recovered""]"
TXN0000150439,C004594,0,3378,0,2,11.00000000,stopped,"recent_intervention_limit_requires_escalation,failure_matrix:block",0,False,False,"[""at_risk"", ""diagnosed"", ""action_selected"", ""action_executed"", ""failed"", ""next_action"", ""diagnosed"", ""action_selected"", ""action_executed"", ""failed"", ""next_action"", ""diagnosed"", ""stopped""]"
TXN0000131599,C005599,1,653,653,2,10.75000000,recovered,,0,False,True,"[""at_risk"", ""diagnosed"", ""action_selected"", ""action_executed"", ""failed"", ""next_action"", ""diagnosed"", ""action_selected"", ""action_executed"", ""recovered""]"
TXN0000035391,C008178,1,839,839,1,25.00000000,recovered,,0,False,True,"[""at_risk"", ""diagnosed"", ""action_selected"", ""action_executed"", ""recovered""]"
TXN0000090089,C006543,0,51,0,0,0.00000000,stopped,"no_eligible_positive_value_action,failure_matrix:block",0,False,False,"[""at_risk"", ""diagnosed"", ""stopped""]"
TXN0000234127,C008125,0,1012,0,0,0.00000000,stopped,"no_eligible_positive_value_action,failure_matrix:block",0,False,True,"[""at_risk"", ""diagnosed"", ""stopped""]"
TXN0000207280,C008031,1,2233,2233,1,10.00000000,recovered,,0,False,True,"[""at_risk"", ""diagnosed"", ""action_selected"", ""action_executed"", ""recovered""]"
TXN0000103381,C004846,1,1170,1170,1,25.00000000,recovered,,0,False,True,"[""at_risk"", ""diagnosed"", ""action_selected"", ""action_executed"", ""recovered""]"
TXN0000205164,C000535,1,316,316,1,0.75000000,recovered,,0,False,True,"[""at_risk"", ""diagnosed"", ""action_selected"", ""action_executed"", ""recovered""]"
TXN0000188766,C004761,0,222,0,0,0.00000000,stopped,"no_eligible_positive_value_action,failure_matrix:block",0,False,True,"[""at_risk"", ""diagnosed"", ""stopped""]"
TXN0000143618,C006780,1,6072,6072,1,0.75000000,recovered,,0,False,True,"[""at_risk"", ""diagnosed"", ""action_selected"", ""action_executed"", ""recovered""]"
TXN0000119398,C008010,1,394,394,1,1.00000000,recovered,,0,False,True,"[""at_risk"", ""diagnosed"", ""action_selected"", ""action_executed"", ""recovered""]"
TXN0000162670,C002970,0,1301,0,2,11.00000000,stopped,"recent_intervention_limit_requires_escalation,failure_matrix:block",0,False,True,"[""at_risk"", ""diagnosed"", ""action_selected"", ""action_executed"", ""failed"", ""next_action"", ""diagnosed"", ""action_selected"", ""action_executed"", ""failed"", ""next_action"", ""diagnosed"", ""stopped""]"
TXN0000043801,C001874,1,243,243,1,10.00000000,recovered,,0,False,False,"[""at_risk"", ""diagnosed"", ""action_selected"", ""action_executed"", ""recovered""]"
TXN0000075735,C003427,1,2363,2363,1,25.00000000,recovered,,0,False,False,"[""at_risk"", ""diagnosed"", ""action_selected"", ""action_executed"", ""recovered""]"
TXN0000207871,C004461,1,2547,2547,1,10.00000000,recovered,,0,False,True,"[""at_risk"", ""diagnosed"", ""action_selected"", ""action_executed"", ""recovered""]"
TXN0000011917,C000273,1,826,826,1,0.75000000,recovered,,0,False,True,"[""at_risk"", ""diagnosed"", ""action_selected"", ""action_executed"", ""recovered""]"
TXN0000214862,C005460,1,3545,3545,1,10.00000000,recovered,,0,False,True,"[""at_risk"", ""diagnosed"", ""action_selected"", ""action_executed"", ""recovered""]"
TXN0000149296,C003985,0,51,0,0,0.00000000,stopped,"no_eligible_positive_value_action,failure_matrix:block",0,False,True,"[""at_risk"", ""diagnosed"", ""stopped""]"
TXN0000002291,C004992,1,258,258,1,1.00000000,recovered,,0,False,True,"[""at_risk"", ""diagnosed"", ""action_selected"", ""action_executed"", ""recovered""]"
TXN0000042702,C008673,1,62,62,1,10.00000000,recovered,,0,False,False,"[""at_risk"", ""diagnosed"", ""action_selected"", ""action_executed"", ""recovered""]"
TXN0000228945,C000981,0,1574,0,0,0.00000000,stopped,"no_eligible_positive_value_action,failure_matrix:block",0,False,False,"[""at_risk"", ""diagnosed"", ""stopped""]"
TXN0000236971,C000411,1,324,324,1,1.00000000,recovered,,0,False,True,"[""at_risk"", ""diagnosed"", ""action_selected"", ""action_executed"", ""recovered""]"
TXN0000120279,C002440,0,117,0,0,0.00000000,stopped,"no_eligible_positive_value_action,failure_matrix:block",0,False,True,"[""at_risk"", ""diagnosed"", ""stopped""]"
TXN0000207069,C009961,0,838,0,1,0.75000000,stopped,"no_eligible_positive_value_action,failure_matrix:block",0,False,True,"[""at_risk"", ""diagnosed"", ""action_selected"", ""action_executed"", ""failed"", ""next_action"", ""diagnosed"", ""stopped""]"
TXN0000158405,C008561,0,1058,0,0,0.00000000,stopped,"no_eligible_positive_value_action,failure_matrix:block",0,False,False,"[""at_risk"", ""diagnosed"", ""stopped""]"
TXN0000014954,C008844,0,153,0,1,1.00000000,stopped,"no_eligible_positive_value_action,failure_matrix:block",0,False,True,"[""at_risk"", ""diagnosed"", ""action_selected"", ""action_executed"", ""failed"", ""next_action"", ""diagnosed"", ""stopped""]"
TXN0000046317,C001294,1,351,351,1,1.00000000,recovered,,0,False,False,"[""at_risk"", ""diagnosed"", ""action_selected"", ""action_executed"", ""recovered""]"
TXN0000132752,C000569,0,2884,0,0,0.00000000,stopped,"no_eligible_positive_value_action,failure_matrix:block",0,False,False,"[""at_risk"", ""diagnosed"", ""stopped""]"
TXN0000087488,C002381,0,603,0,1,25.00000000,escalated,manual_escalation_completed,0,False,True,"[""at_risk"", ""diagnosed"", ""action_selected"", ""action_executed"", ""escalated""]"
TXN0000052817,C005926,0,1837,0,2,11.00000000,stopped,"recent_intervention_limit_requires_escalation,failure_matrix:block",0,False,True,"[""at_risk"", ""diagnosed"", ""action_selected"", ""action_executed"", ""failed"", ""next_action"", ""diagnosed"", ""action_selected"", ""action_executed"", ""failed"", ""next_action"", ""diagnosed"", ""stopped""]"
TXN0000015456,C008192,1,510,510,1,1.00000000,recovered,,0,False,True,"[""at_risk"", ""diagnosed"", ""action_selected"", ""action_executed"", ""recovered""]"
TXN0000098866,C001467,1,2079,2079,1,1.00000000,recovered,,0,False,False,"[""at_risk"", ""diagnosed"", ""action_selected"", ""action_executed"", ""recovered""]"
TXN0000149625,C006743,0,2229,0,1,1.00000000,stopped,"no_eligible_positive_value_action,failure_matrix:block",0,False,True,"[""at_risk"", ""diagnosed"", ""action_selected"", ""action_executed"", ""failed"", ""next_action"", ""diagnosed"", ""stopped""]"
TXN0000230319,C001431,1,1359,1359,1,0.75000000,recovered,,0,False,True,"[""at_risk"", ""diagnosed"", ""action_selected"", ""action_executed"", ""recovered""]"
TXN0000127593,C004150,1,117,117,1,1.00000000,recovered,,0,False,True,"[""at_risk"", ""diagnosed"", ""action_selected"", ""action_executed"", ""recovered""]"
TXN0000125188,C001227,1,2582,2582,1,0.75000000,recovered,,0,False,True,"[""at_risk"", ""diagnosed"", ""action_selected"", ""action_executed"", ""recovered""]"
TXN0000033285,C001858,1,2399,2399,1,10.00000000,recovered,,0,False,True,"[""at_risk"", ""diagnosed"", ""action_selected"", ""action_executed"", ""recovered""]"
TXN0000076122,C001095,0,1071,0,0,0.00000000,stopped,"no_eligible_positive_value_action,failure_matrix:block",0,False,True,"[""at_risk"", ""diagnosed"", ""stopped""]"
TXN0000202670,C004581,0,344,0,0,0.00000000,stopped,"no_eligible_positive_value_action,failure_matrix:block",0,False,True,"[""at_risk"", ""diagnosed"", ""stopped""]"
TXN0000190249,C007226,1,590,590,1,1.00000000,recovered,,0,False,True,"[""at_risk"", ""diagnosed"", ""action_selected"", ""action_executed"", ""recovered""]"
TXN0000206946,C007422,1,391,391,1,0.75000000,recovered,,0,False,True,"[""at_risk"", ""diagnosed"", ""action_selected"", ""action_executed"", ""recovered""]"
TXN0000170467,C009820,1,560,560,1,10.00000000,recovered,,0,False,True,"[""at_risk"", ""diagnosed"", ""action_selected"", ""action_executed"", ""recovered""]"
TXN0000079817,C003058,1,153,153,1,1.00000000,recovered,,0,False,False,"[""at_risk"", ""diagnosed"", ""action_selected"", ""action_executed"", ""recovered""]"
TXN0000149732,C001717,0,299,0,1,25.00000000,escalated,manual_escalation_completed,0,False,True,"[""at_risk"", ""diagnosed"", ""action_selected"", ""action_executed"", ""escalated""]"
TXN0000198305,C008223,1,776,776,1,1.00000000,recovered,,0,False,True,"[""at_risk"", ""diagnosed"", ""action_selected"", ""action_executed"", ""recovered""]"
TXN0000196160,C001905,1,1653,1653,1,10.00000000,recovered,,0,False,True,"[""at_risk"", ""diagnosed"", ""action_selected"", ""action_executed"", ""recovered""]"
TXN0000021163,C006435,1,421,421,1,1.00000000,recovered,,0,False,True,"[""at_risk"", ""diagnosed"", ""action_selected"", ""action_executed"", ""recovered""]"
TXN0000126769,C007962,0,146,0,0,0.00000000,stopped,"no_eligible_positive_value_action,failure_matrix:block",0,False,True,"[""at_risk"", ""diagnosed"", ""stopped""]"
TXN0000202520,C001407,1,1445,1445,1,10.00000000,recovered,,0,False,True,"[""at_risk"", ""diagnosed"", ""action_selected"", ""action_executed"", ""recovered""]"
TXN0000225015,C001194,1,831,831,1,0.75000000,recovered,,0,False,True,"[""at_risk"", ""diagnosed"", ""action_selected"", ""action_executed"", ""recovered""]"
TXN0000031727,C002476,0,269,0,0,0.00000000,stopped,"no_eligible_positive_value_action,failure_matrix:block",0,False,False,"[""at_risk"", ""diagnosed"", ""stopped""]"
TXN0000059639,C003197,1,172,172,1,10.00000000,recovered,,0,False,True,"[""at_risk"", ""diagnosed"", ""action_selected"", ""action_executed"", ""recovered""]"
TXN0000069578,C003903,0,1449,0,0,0.00000000,stopped,"no_eligible_positive_value_action,failure_matrix:block",0,False,True,"[""at_risk"", ""diagnosed"", ""stopped""]"
TXN0000114561,C004423,0,77,0,0,0.00000000,stopped,"no_eligible_positive_value_action,failure_matrix:block",0,False,True,"[""at_risk"", ""diagnosed"", ""stopped""]"
TXN0000062634,C003057,1,856,856,1,1.00000000,recovered,,0,False,False,"[""at_risk"", ""diagnosed"", ""action_selected"", ""action_executed"", ""recovered""]"
TXN0000199384,C000313,1,1273,1273,1,25.00000000,recovered,,0,False,True,"[""at_risk"", ""diagnosed"", ""action_selected"", ""action_executed"", ""recovered""]"
TXN0000111109,C000790,0,1100,0,0,0.00000000,stopped,"no_eligible_positive_value_action,failure_matrix:block",0,False,True,"[""at_risk"", ""diagnosed"", ""stopped""]"
TXN0000135852,C000696,1,151,151,1,1.00000000,recovered,,0,False,True,"[""at_risk"", ""diagnosed"", ""action_selected"", ""action_executed"", ""recovered""]"
TXN0000027698,C000848,1,1230,1230,1,10.00000000,recovered,,0,False,True,"[""at_risk"", ""diagnosed"", ""action_selected"", ""action_executed"", ""recovered""]"
TXN0000084524,C008444,1,288,288,1,0.75000000,recovered,,0,False,True,"[""at_risk"", ""diagnosed"", ""action_selected"", ""action_executed"", ""recovered""]"
TXN0000158019,C003322,0,88,0,1,25.00000000,escalated,manual_escalation_completed,1,False,True,"[""at_risk"", ""diagnosed"", ""action_selected"", ""action_executed"", ""escalated""]"
TXN0000035734,C003786,1,320,320,1,1.00000000,recovered,,0,False,True,"[""at_risk"", ""diagnosed"", ""action_selected"", ""action_executed"", ""recovered""]"
TXN0000155186,C009332,1,2351,2351,1,10.00000000,recovered,,0,False,True,"[""at_risk"", ""diagnosed"", ""action_selected"", ""action_executed"", ""recovered""]"
TXN0000139897,C000477,1,569,569,2,11.00000000,recovered,,0,False,True,"[""at_risk"", ""diagnosed"", ""action_selected"", ""action_executed"", ""failed"", ""next_action"", ""diagnosed"", ""action_selected"", ""action_executed"", ""recovered""]"
TXN0000007618,C000666,1,1691,1691,1,10.00000000,recovered,,0,False,True,"[""at_risk"", ""diagnosed"", ""action_selected"", ""action_executed"", ""recovered""]"
TXN0000013721,C006898,1,375,375,1,1.00000000,recovered,,0,False,True,"[""at_risk"", ""diagnosed"", ""action_selected"", ""action_executed"", ""recovered""]"
TXN0000009062,C000628,1,203,203,1,0.75000000,recovered,,0,False,True,"[""at_risk"", ""diagnosed"", ""action_selected"", ""action_executed"", ""recovered""]"
TXN0000031689,C008676,1,1288,1288,1,0.75000000,recovered,,0,False,True,"[""at_risk"", ""diagnosed"", ""action_selected"", ""action_executed"", ""recovered""]"
TXN0000099818,C008567,1,2177,2177,2,11.00000000,recovered,,0,False,True,"[""at_risk"", ""diagnosed"", ""action_selected"", ""action_executed"", ""failed"", ""next_action"", ""diagnosed"", ""action_selected"", ""action_executed"", ""recovered""]"
TXN0000114207,C009750,1,1205,1205,2,10.75000000,recovered,,0,False,True,"[""at_risk"", ""diagnosed"", ""action_selected"", ""action_executed"", ""failed"", ""next_action"", ""diagnosed"", ""action_selected"", ""action_executed"", ""recovered""]"
TXN0000047114,C004191,1,10722,10722,1,1.00000000,recovered,,0,False,True,"[""at_risk"", ""diagnosed"", ""action_selected"", ""action_executed"", ""recovered""]"
TXN0000138593,C008848,0,916,0,2,10.75000000,stopped,"no_eligible_positive_value_action,failure_matrix:block",0,False,True,"[""at_risk"", ""diagnosed"", ""action_selected"", ""action_executed"", ""failed"", ""next_action"", ""diagnosed"", ""action_selected"", ""action_executed"", ""failed"", ""next_action"", ""diagnosed"", ""stopped""]"
TXN0000096202,C003924,0,808,0,0,0.00000000,stopped,"no_eligible_positive_value_action,failure_matrix:block",0,False,True,"[""at_risk"", ""diagnosed"", ""stopped""]"
TXN0000111638,C009255,0,117,0,0,0.00000000,stopped,"no_eligible_positive_value_action,failure_matrix:block",0,False,True,"[""at_risk"", ""diagnosed"", ""stopped""]"
TXN0000106447,C002999,0,1478,0,0,0.00000000,stopped,customer_opted_out,0,True,True,"[""at_risk"", ""diagnosed"", ""stopped""]"
TXN0000084449,C009450,0,215,0,0,0.00000000,stopped,"no_eligible_positive_value_action,failure_matrix:block",0,False,True,"[""at_risk"", ""diagnosed"", ""stopped""]"
TXN0000046446,C006241,0,217,0,0,0.00000000,stopped,"no_eligible_positive_value_action,failure_matrix:block",0,False,True,"[""at_risk"", ""diagnosed"", ""stopped""]"
TXN0000202627,C005615,1,430,430,1,25.00000000,recovered,,0,False,True,"[""at_risk"", ""diagnosed"", ""action_selected"", ""action_executed"", ""recovered""]"
TXN0000215795,C006816,0,813,0,0,0.00000000,stopped,"no_eligible_positive_value_action,failure_matrix:block",0,False,True,"[""at_risk"", ""diagnosed"", ""stopped""]"
TXN0000091947,C005891,0,1045,0,2,10.75000000,stopped,"no_eligible_positive_value_action,failure_matrix:block",0,False,True,"[""at_risk"", ""diagnosed"", ""action_selected"", ""action_executed"", ""failed"", ""next_action"", ""diagnosed"", ""action_selected"", ""action_executed"", ""failed"", ""next_action"", ""diagnosed"", ""stopped""]"
TXN0000173224,C004021,0,1633,0,0,0.00000000,stopped,"no_eligible_positive_value_action,failure_matrix:block",0,False,True,"[""at_risk"", ""diagnosed"", ""stopped""]"
TXN0000008162,C008877,0,2336,0,0,0.00000000,stopped,"no_eligible_positive_value_action,failure_matrix:block",0,False,True,"[""at_risk"", ""diagnosed"", ""stopped""]"
TXN0000030213,C005249,0,550,0,1,0.75000000,stopped,"no_eligible_positive_value_action,failure_matrix:block",0,False,True,"[""at_risk"", ""diagnosed"", ""action_selected"", ""action_executed"", ""failed"", ""next_action"", ""diagnosed"", ""stopped""]"
TXN0000136909,C008729,1,519,519,1,25.00000000,recovered,,0,False,True,"[""at_risk"", ""diagnosed"", ""action_selected"", ""action_executed"", ""recovered""]"
TXN0000084345,C004438,0,371,0,0,0.00000000,stopped,"no_eligible_positive_value_action,failure_matrix:block",0,False,True,"[""at_risk"", ""diagnosed"", ""stopped""]"
TXN0000057185,C007424,0,770,0,1,1.00000000,stopped,"no_eligible_positive_value_action,failure_matrix:block",0,False,True,"[""at_risk"", ""diagnosed"", ""action_selected"", ""action_executed"", ""failed"", ""next_action"", ""diagnosed"", ""stopped""]"
TXN0000042230,C004517,1,383,383,1,1.00000000,recovered,,0,False,True,"[""at_risk"", ""diagnosed"", ""action_selected"", ""action_executed"", ""recovered""]"
TXN0000202716,C008319,1,617,617,1,1.00000000,recovered,,0,False,True,"[""at_risk"", ""diagnosed"", ""action_selected"", ""action_executed"", ""recovered""]"
TXN0000196658,C004369,1,142,142,1,1.00000000,recovered,,0,False,False,"[""at_risk"", ""diagnosed"", ""action_selected"", ""action_executed"", ""recovered""]"
TXN0000062001,C009212,1,1938,1938,2,11.00000000,recovered,,0,False,True,"[""at_risk"", ""diagnosed"", ""action_selected"", ""action_executed"", ""failed"", ""next_action"", ""diagnosed"", ""action_selected"", ""action_executed"", ""recovered""]"
TXN0000239830,C005491,1,377,377,1,25.00000000,recovered,,0,False,True,"[""at_risk"", ""diagnosed"", ""action_selected"", ""action_executed"", ""recovered""]"
TXN0000158790,C007565,0,283,0,1,1.00000000,stopped,"no_eligible_positive_value_action,failure_matrix:block",0,False,True,"[""at_risk"", ""diagnosed"", ""action_selected"", ""action_executed"", ""failed"", ""next_action"", ""diagnosed"", ""stopped""]"
TXN0000077266,C008202,0,1215,0,1,1.00000000,stopped,"no_eligible_positive_value_action,failure_matrix:block",0,False,True,"[""at_risk"", ""diagnosed"", ""action_selected"", ""action_executed"", ""failed"", ""next_action"", ""diagnosed"", ""stopped""]"
TXN0000161214,C000214,1,538,538,1,1.00000000,recovered,,0,False,True,"[""at_risk"", ""diagnosed"", ""action_selected"", ""action_executed"", ""recovered""]"
TXN0000099074,C008040,1,14531,14531,2,10.75000000,recovered,,0,False,True,"[""at_risk"", ""diagnosed"", ""action_selected"", ""action_executed"", ""failed"", ""next_action"", ""diagnosed"", ""action_selected"", ""action_executed"", ""recovered""]"
TXN0000234828,C000840,0,143,0,0,0.00000000,stopped,"no_eligible_positive_value_action,failure_matrix:block",0,False,True,"[""at_risk"", ""diagnosed"", ""stopped""]"
TXN0000114641,C008667,1,66,66,1,0.75000000,recovered,,0,False,True,"[""at_risk"", ""diagnosed"", ""action_selected"", ""action_executed"", ""recovered""]"
TXN0000033926,C006432,0,591,0,0,0.00000000,stopped,"no_eligible_positive_value_action,failure_matrix:block",0,False,True,"[""at_risk"", ""diagnosed"", ""stopped""]"
TXN0000038693,C000445,1,1654,1654,1,25.00000000,recovered,,0,False,True,"[""at_risk"", ""diagnosed"", ""action_selected"", ""action_executed"", ""recovered""]"
TXN0000016530,C007341,1,384,384,1,1.00000000,recovered,,0,False,True,"[""at_risk"", ""diagnosed"", ""action_selected"", ""action_executed"", ""recovered""]"
TXN0000219451,C004120,1,727,727,1,0.75000000,recovered,,0,False,True,"[""at_risk"", ""diagnosed"", ""action_selected"", ""action_executed"", ""recovered""]"
TXN0000240256,C008781,0,2022,0,0,0.00000000,stopped,customer_opted_out,0,True,True,"[""at_risk"", ""diagnosed"", ""stopped""]"
TXN0000116941,C007740,1,184,184,1,1.00000000,recovered,,0,False,True,"[""at_risk"", ""diagnosed"", ""action_selected"", ""action_executed"", ""recovered""]"
TXN0000027051,C005135,0,1882,0,0,0.00000000,stopped,"no_eligible_positive_value_action,failure_matrix:block",0,False,True,"[""at_risk"", ""diagnosed"", ""stopped""]"
TXN0000142754,C004707,0,267,0,1,0.75000000,stopped,"no_eligible_positive_value_action,failure_matrix:block",0,False,True,"[""at_risk"", ""diagnosed"", ""action_selected"", ""action_executed"", ""failed"", ""next_action"", ""diagnosed"", ""stopped""]"
TXN0000002199,C008178,1,427,427,1,0.75000000,recovered,,0,False,True,"[""at_risk"", ""diagnosed"", ""action_selected"", ""action_executed"", ""recovered""]"
TXN0000156311,C001888,1,402,402,1,10.00000000,recovered,,0,False,True,"[""at_risk"", ""diagnosed"", ""action_selected"", ""action_executed"", ""recovered""]"
TXN0000122141,C000295,0,362,0,0,0.00000000,stopped,"no_eligible_positive_value_action,failure_matrix:block",0,False,True,"[""at_risk"", ""diagnosed"", ""stopped""]"
TXN0000113666,C001994,1,702,702,2,11.00000000,recovered,,0,False,True,"[""at_risk"", ""diagnosed"", ""action_selected"", ""action_executed"", ""failed"", ""next_action"", ""diagnosed"", ""action_selected"", ""action_executed"", ""recovered""]"
TXN0000154833,C004563,1,328,328,1,25.00000000,recovered,,0,False,True,"[""at_risk"", ""diagnosed"", ""action_selected"", ""action_executed"", ""recovered""]"
TXN0000228182,C006032,1,2947,2947,1,1.00000000,recovered,,0,False,True,"[""at_risk"", ""diagnosed"", ""action_selected"", ""action_executed"", ""recovered""]"
TXN0000077919,C005735,1,5432,5432,1,1.00000000,recovered,,0,False,True,"[""at_risk"", ""diagnosed"", ""action_selected"", ""action_executed"", ""recovered""]"
TXN0000127876,C005634,0,199,0,0,0.00000000,stopped,"no_eligible_positive_value_action,failure_matrix:block",0,False,True,"[""at_risk"", ""diagnosed"", ""stopped""]"
TXN0000048520,C004280,1,6037,6037,1,1.00000000,recovered,,0,False,True,"[""at_risk"", ""diagnosed"", ""action_selected"", ""action_executed"", ""recovered""]"
TXN0000168125,C000046,1,533,533,1,10.00000000,recovered,,0,False,True,"[""at_risk"", ""diagnosed"", ""action_selected"", ""action_executed"", ""recovered""]"
TXN0000089748,C001098,1,338,338,1,0.75000000,recovered,,0,False,True,"[""at_risk"", ""diagnosed"", ""action_selected"", ""action_executed"", ""recovered""]"
TXN0000105356,C001092,1,878,878,1,25.00000000,recovered,,0,False,True,"[""at_risk"", ""diagnosed"", ""action_selected"", ""action_executed"", ""recovered""]"
TXN0000051283,C002184,1,181,181,1,1.00000000,recovered,,0,False,True,"[""at_risk"", ""diagnosed"", ""action_selected"", ""action_executed"", ""recovered""]"
TXN0000211922,C002248,0,221,0,0,0.00000000,stopped,"no_eligible_positive_value_action,failure_matrix:block",0,False,True,"[""at_risk"", ""diagnosed"", ""stopped""]"
TXN0000216995,C007755,1,3846,3846,1,10.00000000,recovered,,0,False,True,"[""at_risk"", ""diagnosed"", ""action_selected"", ""action_executed"", ""recovered""]"
TXN0000027736,C008487,1,227,227,1,1.00000000,recovered,,0,False,True,"[""at_risk"", ""diagnosed"", ""action_selected"", ""action_executed"", ""recovered""]"
TXN0000005829,C009667,1,206,206,1,1.00000000,recovered,,0,False,True,"[""at_risk"", ""diagnosed"", ""action_selected"", ""action_executed"", ""recovered""]"
TXN0000034155,C009628,0,214,0,0,0.00000000,stopped,"no_eligible_positive_value_action,failure_matrix:block",0,False,True,"[""at_risk"", ""diagnosed"", ""stopped""]"
TXN0000220386,C003841,0,117,0,0,0.00000000,stopped,customer_opted_out,0,True,True,"[""at_risk"", ""diagnosed"", ""stopped""]"
TXN0000011410,C007357,1,508,508,1,0.75000000,recovered,,0,False,True,"[""at_risk"", ""diagnosed"", ""action_selected"", ""action_executed"", ""recovered""]"
TXN0000090430,C001059,1,484,484,1,1.00000000,recovered,,0,False,True,"[""at_risk"", ""diagnosed"", ""action_selected"", ""action_executed"", ""recovered""]"
TXN0000139479,C005857,1,678,678,1,25.00000000,recovered,,0,False,True,"[""at_risk"", ""diagnosed"", ""action_selected"", ""action_executed"", ""recovered""]"
TXN0000018164,C001565,0,912,0,0,0.00000000,stopped,"no_eligible_positive_value_action,failure_matrix:block",0,False,True,"[""at_risk"", ""diagnosed"", ""stopped""]"
TXN0000142293,C000126,0,1111,0,2,10.75000000,stopped,"no_eligible_positive_value_action,failure_matrix:block",0,False,True,"[""at_risk"", ""diagnosed"", ""action_selected"", ""action_executed"", ""failed"", ""next_action"", ""diagnosed"", ""action_selected"", ""action_executed"", ""failed"", ""next_action"", ""diagnosed"", ""stopped""]"
TXN0000149600,C000201,1,300,300,1,1.00000000,recovered,,0,False,True,"[""at_risk"", ""diagnosed"", ""action_selected"", ""action_executed"", ""recovered""]"
TXN0000137727,C000740,1,324,324,2,11.00000000,recovered,,0,False,True,"[""at_risk"", ""diagnosed"", ""action_selected"", ""action_executed"", ""failed"", ""next_action"", ""diagnosed"", ""action_selected"", ""action_executed"", ""recovered""]"
TXN0000063005,C004566,1,143,143,1,1.00000000,recovered,,0,False,True,"[""at_risk"", ""diagnosed"", ""action_selected"", ""action_executed"", ""recovered""]"
TXN0000086474,C008735,0,1132,0,1,1.00000000,stopped,"no_eligible_positive_value_action,failure_matrix:block",0,False,True,"[""at_risk"", ""diagnosed"", ""action_selected"", ""action_executed"", ""failed"", ""next_action"", ""diagnosed"", ""stopped""]"
TXN0000112085,C002688,1,367,367,1,0.75000000,recovered,,0,False,True,"[""at_risk"", ""diagnosed"", ""action_selected"", ""action_executed"", ""recovered""]"
TXN0000057409,C000704,0,2085,0,0,0.00000000,stopped,"no_eligible_positive_value_action,failure_matrix:block",0,False,True,"[""at_risk"", ""diagnosed"", ""stopped""]"
TXN0000218239,C008696,1,425,425,1,1.00000000,recovered,,0,False,True,"[""at_risk"", ""diagnosed"", ""action_selected"", ""action_executed"", ""recovered""]"
TXN0000092302,C007510,1,512,512,1,0.75000000,recovered,,0,False,True,"[""at_risk"", ""diagnosed"", ""action_selected"", ""action_executed"", ""recovered""]"
TXN0000171895,C008061,0,266,0,1,0.75000000,stopped,"no_eligible_positive_value_action,failure_matrix:block",0,False,True,"[""at_risk"", ""diagnosed"", ""action_selected"", ""action_executed"", ""failed"", ""next_action"", ""diagnosed"", ""stopped""]"
TXN0000018736,C005264,0,1336,0,0,0.00000000,stopped,"no_eligible_positive_value_action,failure_matrix:block",0,False,False,"[""at_risk"", ""diagnosed"", ""stopped""]"
TXN0000112464,C006577,0,3647,0,0,0.00000000,stopped,"no_eligible_positive_value_action,failure_matrix:block",0,False,True,"[""at_risk"", ""diagnosed"", ""stopped""]"
TXN0000051778,C004265,0,202,0,0,0.00000000,stopped,"no_eligible_positive_value_action,failure_matrix:block",0,False,True,"[""at_risk"", ""diagnosed"", ""stopped""]"
TXN0000027207,C001391,1,2854,2854,1,0.75000000,recovered,,0,False,True,"[""at_risk"", ""diagnosed"", ""action_selected"", ""action_executed"", ""recovered""]"
TXN0000044853,C001827,1,284,284,1,1.00000000,recovered,,0,False,True,"[""at_risk"", ""diagnosed"", ""action_selected"", ""action_executed"", ""recovered""]"
TXN0000237144,C002401,1,164,164,1,1.00000000,recovered,,0,False,False,"[""at_risk"", ""diagnosed"", ""action_selected"", ""action_executed"", ""recovered""]"
TXN0000186889,C004182,1,192,192,1,25.00000000,recovered,,0,False,True,"[""at_risk"", ""diagnosed"", ""action_selected"", ""action_executed"", ""recovered""]"
TXN0000029126,C001626,1,1263,1263,1,10.00000000,recovered,,0,False,True,"[""at_risk"", ""diagnosed"", ""action_selected"", ""action_executed"", ""recovered""]"
TXN0000240548,C009722,1,370,370,1,0.75000000,recovered,,0,False,True,"[""at_risk"", ""diagnosed"", ""action_selected"", ""action_executed"", ""recovered""]"
TXN0000120646,C002057,0,287,0,0,0.00000000,stopped,"no_eligible_positive_value_action,failure_matrix:block",0,False,False,"[""at_risk"", ""diagnosed"", ""stopped""]"
TXN0000142467,C003420,0,60,0,0,0.00000000,stopped,"no_eligible_positive_value_action,failure_matrix:block",0,False,True,"[""at_risk"", ""diagnosed"", ""stopped""]"
TXN0000045086,C004400,1,867,867,1,0.75000000,recovered,,0,False,True,"[""at_risk"", ""diagnosed"", ""action_selected"", ""action_executed"", ""recovered""]"
TXN0000156111,C002494,1,1856,1856,2,11.00000000,recovered,,0,False,True,"[""at_risk"", ""diagnosed"", ""action_selected"", ""action_executed"", ""failed"", ""next_action"", ""diagnosed"", ""action_selected"", ""action_executed"", ""recovered""]"
TXN0000082437,C009849,1,1282,1282,1,10.00000000,recovered,,0,False,True,"[""at_risk"", ""diagnosed"", ""action_selected"", ""action_executed"", ""recovered""]"
TXN0000207207,C006605,0,162,0,1,1.00000000,stopped,"no_eligible_positive_value_action,failure_matrix:block",0,False,True,"[""at_risk"", ""diagnosed"", ""action_selected"", ""action_executed"", ""failed"", ""next_action"", ""diagnosed"", ""stopped""]"
TXN0000240553,C003656,1,354,354,1,1.00000000,recovered,,0,False,True,"[""at_risk"", ""diagnosed"", ""action_selected"", ""action_executed"", ""recovered""]"
TXN0000244610,C006436,1,417,417,1,10.00000000,recovered,,0,False,True,"[""at_risk"", ""diagnosed"", ""action_selected"", ""action_executed"", ""recovered""]"
TXN0000097221,C001026,0,202,0,0,0.00000000,stopped,"no_eligible_positive_value_action,failure_matrix:block",0,False,True,"[""at_risk"", ""diagnosed"", ""stopped""]"
TXN0000175076,C007751,1,1536,1536,2,11.00000000,recovered,,0,False,True,"[""at_risk"", ""diagnosed"", ""action_selected"", ""action_executed"", ""failed"", ""next_action"", ""diagnosed"", ""action_selected"", ""action_executed"", ""recovered""]"
TXN0000067180,C006652,0,330,0,0,0.00000000,stopped,"no_eligible_positive_value_action,failure_matrix:block",0,False,False,"[""at_risk"", ""diagnosed"", ""stopped""]"
TXN0000212083,C005629,0,600,0,0,0.00000000,stopped,"no_eligible_positive_value_action,failure_matrix:block",0,False,True,"[""at_risk"", ""diagnosed"", ""stopped""]"
TXN0000150720,C001817,0,2301,0,1,10.00000000,stopped,"no_eligible_positive_value_action,failure_matrix:block",0,False,True,"[""at_risk"", ""diagnosed"", ""action_selected"", ""action_executed"", ""failed"", ""next_action"", ""diagnosed"", ""stopped""]"
TXN0000111016,C003889,0,143,0,2,11.00000000,stopped,"recent_intervention_limit_requires_escalation,failure_matrix:block",0,False,True,"[""at_risk"", ""diagnosed"", ""action_selected"", ""action_executed"", ""failed"", ""next_action"", ""diagnosed"", ""action_selected"", ""action_executed"", ""failed"", ""next_action"", ""diagnosed"", ""stopped""]"
TXN0000235328,C008891,0,43,0,0,0.00000000,stopped,"no_eligible_positive_value_action,failure_matrix:block",0,False,True,"[""at_risk"", ""diagnosed"", ""stopped""]"
TXN0000179941,C001407,0,173,0,1,1.00000000,stopped,"no_eligible_positive_value_action,failure_matrix:block",0,False,True,"[""at_risk"", ""diagnosed"", ""action_selected"", ""action_executed"", ""failed"", ""next_action"", ""diagnosed"", ""stopped""]"
TXN0000152685,C008467,1,2176,2176,1,1.00000000,recovered,,0,False,True,"[""at_risk"", ""diagnosed"", ""action_selected"", ""action_executed"", ""recovered""]"
TXN0000051094,C008769,1,3080,3080,2,11.00000000,recovered,,0,False,True,"[""at_risk"", ""diagnosed"", ""action_selected"", ""action_executed"", ""failed"", ""next_action"", ""diagnosed"", ""action_selected"", ""action_executed"", ""recovered""]"
TXN0000121198,C001242,0,1153,0,0,0.00000000,stopped,"no_eligible_positive_value_action,failure_matrix:block",0,False,False,"[""at_risk"", ""diagnosed"", ""stopped""]"
TXN0000038084,C009184,0,2469,0,0,0.00000000,stopped,"no_eligible_positive_value_action,failure_matrix:block",0,False,False,"[""at_risk"", ""diagnosed"", ""stopped""]"
TXN0000127822,C004722,1,2985,2985,1,10.00000000,recovered,,0,False,True,"[""at_risk"", ""diagnosed"", ""action_selected"", ""action_executed"", ""recovered""]"
TXN0000000778,C004186,0,487,0,0,0.00000000,stopped,"no_eligible_positive_value_action,failure_matrix:block",0,False,True,"[""at_risk"", ""diagnosed"", ""stopped""]"
TXN0000162446,C009109,1,1629,1629,1,25.00000000,recovered,,0,False,True,"[""at_risk"", ""diagnosed"", ""action_selected"", ""action_executed"", ""recovered""]"
TXN0000054549,C005853,0,777,0,2,11.00000000,stopped,"recent_intervention_limit_requires_escalation,failure_matrix:block",0,False,False,"[""at_risk"", ""diagnosed"", ""action_selected"", ""action_executed"", ""failed"", ""next_action"", ""diagnosed"", ""action_selected"", ""action_executed"", ""failed"", ""next_action"", ""diagnosed"", ""stopped""]"
TXN0000006696,C008360,0,4058,0,0,0.00000000,stopped,"no_eligible_positive_value_action,failure_matrix:block",0,False,True,"[""at_risk"", ""diagnosed"", ""stopped""]"
TXN0000146200,C001320,1,232,232,1,1.00000000,recovered,,0,False,False,"[""at_risk"", ""diagnosed"", ""action_selected"", ""action_executed"", ""recovered""]"
TXN0000108831,C004438,0,729,0,1,1.00000000,stopped,"no_eligible_positive_value_action,failure_matrix:block",0,False,True,"[""at_risk"", ""diagnosed"", ""action_selected"", ""action_executed"", ""failed"", ""next_action"", ""diagnosed"", ""stopped""]"
TXN0000122551,C001938,0,2138,0,0,0.00000000,stopped,"no_eligible_positive_value_action,failure_matrix:block",0,False,True,"[""at_risk"", ""diagnosed"", ""stopped""]"
TXN0000112111,C006766,1,2217,2217,1,10.00000000,recovered,,0,False,True,"[""at_risk"", ""diagnosed"", ""action_selected"", ""action_executed"", ""recovered""]"
TXN0000196171,C008230,1,538,538,1,25.00000000,recovered,,0,False,True,"[""at_risk"", ""diagnosed"", ""action_selected"", ""action_executed"", ""recovered""]"
TXN0000116314,C003280,0,313,0,0,0.00000000,stopped,"no_eligible_positive_value_action,failure_matrix:block",0,False,True,"[""at_risk"", ""diagnosed"", ""stopped""]"
TXN0000049529,C003075,0,820,0,0,0.00000000,stopped,"no_eligible_positive_value_action,failure_matrix:block",0,False,True,"[""at_risk"", ""diagnosed"", ""stopped""]"
TXN0000206890,C008472,1,691,691,1,10.00000000,recovered,,0,False,True,"[""at_risk"", ""diagnosed"", ""action_selected"", ""action_executed"", ""recovered""]"
TXN0000015808,C000423,0,131,0,0,0.00000000,stopped,customer_opted_out,0,True,True,"[""at_risk"", ""diagnosed"", ""stopped""]"
TXN0000059157,C007257,0,149,0,1,1.00000000,stopped,"no_eligible_positive_value_action,failure_matrix:block",0,False,True,"[""at_risk"", ""diagnosed"", ""action_selected"", ""action_executed"", ""failed"", ""next_action"", ""diagnosed"", ""stopped""]"
TXN0000051869,C002534,1,511,511,1,0.75000000,recovered,,0,False,True,"[""at_risk"", ""diagnosed"", ""action_selected"", ""action_executed"", ""recovered""]"
TXN0000087557,C002604,1,989,989,1,0.75000000,recovered,,0,False,True,"[""at_risk"", ""diagnosed"", ""action_selected"", ""action_executed"", ""recovered""]"
TXN0000166611,C001617,0,1742,0,1,10.00000000,stopped,"no_eligible_positive_value_action,failure_matrix:block",0,False,True,"[""at_risk"", ""diagnosed"", ""action_selected"", ""action_executed"", ""failed"", ""next_action"", ""diagnosed"", ""stopped""]"
TXN0000090274,C008397,0,489,0,1,0.75000000,stopped,"no_eligible_positive_value_action,failure_matrix:block",0,False,True,"[""at_risk"", ""diagnosed"", ""action_selected"", ""action_executed"", ""failed"", ""next_action"", ""diagnosed"", ""stopped""]"
TXN0000130002,C002660,1,661,661,1,0.75000000,recovered,,0,False,True,"[""at_risk"", ""diagnosed"", ""action_selected"", ""action_executed"", ""recovered""]"
TXN0000145133,C008405,1,101,101,1,0.75000000,recovered,,0,False,True,"[""at_risk"", ""diagnosed"", ""action_selected"", ""action_executed"", ""recovered""]"
TXN0000197020,C002216,0,1602,0,0,0.00000000,stopped,customer_opted_out,0,True,False,"[""at_risk"", ""diagnosed"", ""stopped""]"
TXN0000040658,C002393,1,1010,1010,1,10.00000000,recovered,,0,False,True,"[""at_risk"", ""diagnosed"", ""action_selected"", ""action_executed"", ""recovered""]"
TXN0000037963,C001233,0,2912,0,0,0.00000000,stopped,"no_eligible_positive_value_action,failure_matrix:block",0,False,True,"[""at_risk"", ""diagnosed"", ""stopped""]"
TXN0000133301,C000462,1,177,177,1,25.00000000,recovered,,0,False,False,"[""at_risk"", ""diagnosed"", ""action_selected"", ""action_executed"", ""recovered""]"
TXN0000049935,C006713,1,1773,1773,2,10.75000000,recovered,,0,False,True,"[""at_risk"", ""diagnosed"", ""action_selected"", ""action_executed"", ""failed"", ""next_action"", ""diagnosed"", ""action_selected"", ""action_executed"", ""recovered""]"
TXN0000002081,C002928,1,3257,3257,1,0.75000000,recovered,,0,False,True,"[""at_risk"", ""diagnosed"", ""action_selected"", ""action_executed"", ""recovered""]"
TXN0000054088,C005001,1,2212,2212,1,0.75000000,recovered,,0,False,True,"[""at_risk"", ""diagnosed"", ""action_selected"", ""action_executed"", ""recovered""]"
TXN0000216960,C000363,0,396,0,0,0.00000000,stopped,"no_eligible_positive_value_action,failure_matrix:block",0,False,True,"[""at_risk"", ""diagnosed"", ""stopped""]"
TXN0000165315,C007759,1,93,93,1,1.00000000,recovered,,0,False,True,"[""at_risk"", ""diagnosed"", ""action_selected"", ""action_executed"", ""recovered""]"
TXN0000219111,C003801,0,808,0,2,10.75000000,stopped,"no_eligible_positive_value_action,failure_matrix:block",0,False,True,"[""at_risk"", ""diagnosed"", ""action_selected"", ""action_executed"", ""failed"", ""next_action"", ""diagnosed"", ""action_selected"", ""action_executed"", ""failed"", ""next_action"", ""diagnosed"", ""stopped""]"
TXN0000210916,C002098,1,3007,3007,2,11.00000000,recovered,,0,False,True,"[""at_risk"", ""diagnosed"", ""action_selected"", ""action_executed"", ""failed"", ""next_action"", ""diagnosed"", ""action_selected"", ""action_executed"", ""recovered""]"
TXN0000126177,C001573,1,384,384,1,1.00000000,recovered,,0,False,True,"[""at_risk"", ""diagnosed"", ""action_selected"", ""action_executed"", ""recovered""]"
TXN0000021928,C000382,1,107,107,1,1.00000000,recovered,,0,False,False,"[""at_risk"", ""diagnosed"", ""action_selected"", ""action_executed"", ""recovered""]"
TXN0000038801,C009094,1,251,251,1,1.00000000,recovered,,0,False,True,"[""at_risk"", ""diagnosed"", ""action_selected"", ""action_executed"", ""recovered""]"
TXN0000109564,C003640,0,786,0,0,0.00000000,stopped,"no_eligible_positive_value_action,failure_matrix:block",0,False,False,"[""at_risk"", ""diagnosed"", ""stopped""]"
TXN0000233305,C002154,0,1280,0,0,0.00000000,stopped,"no_eligible_positive_value_action,failure_matrix:block",0,False,True,"[""at_risk"", ""diagnosed"", ""stopped""]"
TXN0000007576,C005984,0,129,0,0,0.00000000,stopped,"no_eligible_positive_value_action,failure_matrix:block",0,False,False,"[""at_risk"", ""diagnosed"", ""stopped""]"
TXN0000197090,C003996,0,1202,0,0,0.00000000,stopped,"no_eligible_positive_value_action,failure_matrix:block",0,False,True,"[""at_risk"", ""diagnosed"", ""stopped""]"
TXN0000193842,C004855,0,32,0,0,0.00000000,stopped,"no_eligible_positive_value_action,failure_matrix:block",0,False,True,"[""at_risk"", ""diagnosed"", ""stopped""]"
TXN0000038358,C009970,0,4223,0,0,0.00000000,stopped,"no_eligible_positive_value_action,failure_matrix:block",0,False,True,"[""at_risk"", ""diagnosed"", ""stopped""]"
TXN0000169418,C007425,0,236,0,2,11.00000000,stopped,"recent_intervention_limit_requires_escalation,failure_matrix:block",0,False,True,"[""at_risk"", ""diagnosed"", ""action_selected"", ""action_executed"", ""failed"", ""next_action"", ""diagnosed"", ""action_selected"", ""action_executed"", ""failed"", ""next_action"", ""diagnosed"", ""stopped""]"
TXN0000235676,C001347,1,631,631,1,1.00000000,recovered,,0,False,True,"[""at_risk"", ""diagnosed"", ""action_selected"", ""action_executed"", ""recovered""]"
TXN0000225705,C001231,1,143,143,1,1.00000000,recovered,,0,False,True,"[""at_risk"", ""diagnosed"", ""action_selected"", ""action_executed"", ""recovered""]"
TXN0000115680,C005707,1,108,108,2,10.75000000,recovered,,0,False,True,"[""at_risk"", ""diagnosed"", ""action_selected"", ""action_executed"", ""failed"", ""next_action"", ""diagnosed"", ""action_selected"", ""action_executed"", ""recovered""]"
TXN0000208493,C002899,0,3459,0,0,0.00000000,stopped,"no_eligible_positive_value_action,failure_matrix:block",0,False,True,"[""at_risk"", ""diagnosed"", ""stopped""]"
TXN0000134534,C006108,1,3068,3068,1,25.00000000,recovered,,0,False,True,"[""at_risk"", ""diagnosed"", ""action_selected"", ""action_executed"", ""recovered""]"
TXN0000063816,C006295,0,152,0,1,0.75000000,stopped,"no_eligible_positive_value_action,failure_matrix:block",0,False,True,"[""at_risk"", ""diagnosed"", ""action_selected"", ""action_executed"", ""failed"", ""next_action"", ""diagnosed"", ""stopped""]"
TXN0000244575,C007197,1,3404,3404,1,10.00000000,recovered,,0,False,True,"[""at_risk"", ""diagnosed"", ""action_selected"", ""action_executed"", ""recovered""]"
TXN0000232427,C008695,0,2172,0,0,0.00000000,stopped,"no_eligible_positive_value_action,failure_matrix:block",0,False,False,"[""at_risk"", ""diagnosed"", ""stopped""]"
TXN0000226744,C003035,1,125,125,1,10.00000000,recovered,,0,False,False,"[""at_risk"", ""diagnosed"", ""action_selected"", ""action_executed"", ""recovered""]"
TXN0000094120,C007444,0,407,0,1,25.00000000,escalated,manual_escalation_completed,0,False,True,"[""at_risk"", ""diagnosed"", ""action_selected"", ""action_executed"", ""escalated""]"
TXN0000041547,C004870,1,583,583,1,0.75000000,recovered,,0,False,True,"[""at_risk"", ""diagnosed"", ""action_selected"", ""action_executed"", ""recovered""]"
TXN0000090739,C009377,1,999,999,1,1.00000000,recovered,,0,False,True,"[""at_risk"", ""diagnosed"", ""action_selected"", ""action_executed"", ""recovered""]"
TXN0000113808,C007642,1,1135,1135,1,10.00000000,recovered,,0,False,True,"[""at_risk"", ""diagnosed"", ""action_selected"", ""action_executed"", ""recovered""]"
TXN0000124498,C000030,1,1124,1124,1,1.00000000,recovered,,0,False,True,"[""at_risk"", ""diagnosed"", ""action_selected"", ""action_executed"", ""recovered""]"
TXN0000074341,C003641,0,1399,0,0,0.00000000,stopped,"no_eligible_positive_value_action,failure_matrix:block",0,False,True,"[""at_risk"", ""diagnosed"", ""stopped""]"
TXN0000241240,C003137,1,2758,2758,1,10.00000000,recovered,,0,False,True,"[""at_risk"", ""diagnosed"", ""action_selected"", ""action_executed"", ""recovered""]"
TXN0000206990,C008008,0,891,0,0,0.00000000,stopped,"no_eligible_positive_value_action,failure_matrix:block",0,False,True,"[""at_risk"", ""diagnosed"", ""stopped""]"
TXN0000072382,C007594,0,101,0,0,0.00000000,stopped,"no_eligible_positive_value_action,failure_matrix:block",0,False,True,"[""at_risk"", ""diagnosed"", ""stopped""]"
TXN0000244701,C003915,1,353,353,1,1.00000000,recovered,,0,False,True,"[""at_risk"", ""diagnosed"", ""action_selected"", ""action_executed"", ""recovered""]"
TXN0000179033,C001195,0,1540,0,0,0.00000000,stopped,"no_eligible_positive_value_action,failure_matrix:block",0,False,True,"[""at_risk"", ""diagnosed"", ""stopped""]"
TXN0000052631,C000282,1,683,683,1,25.00000000,recovered,,0,False,True,"[""at_risk"", ""diagnosed"", ""action_selected"", ""action_executed"", ""recovered""]"
TXN0000207134,C002170,0,561,0,1,1.00000000,stopped,"no_eligible_positive_value_action,failure_matrix:block",0,False,True,"[""at_risk"", ""diagnosed"", ""action_selected"", ""action_executed"", ""failed"", ""next_action"", ""diagnosed"", ""stopped""]"
TXN0000076198,C000149,1,86,86,1,1.00000000,recovered,,0,False,False,"[""at_risk"", ""diagnosed"", ""action_selected"", ""action_executed"", ""recovered""]"
TXN0000137268,C007880,1,1778,1778,1,10.00000000,recovered,,0,False,True,"[""at_risk"", ""diagnosed"", ""action_selected"", ""action_executed"", ""recovered""]"
TXN0000189779,C007361,0,1121,0,0,0.00000000,stopped,"no_eligible_positive_value_action,failure_matrix:block",0,False,True,"[""at_risk"", ""diagnosed"", ""stopped""]"
TXN0000122457,C008726,0,2495,0,0,0.00000000,stopped,"no_eligible_positive_value_action,failure_matrix:block",0,False,True,"[""at_risk"", ""diagnosed"", ""stopped""]"
TXN0000212774,C004907,1,400,400,1,1.00000000,recovered,,0,False,True,"[""at_risk"", ""diagnosed"", ""action_selected"", ""action_executed"", ""recovered""]"
TXN0000016595,C002285,0,570,0,1,0.75000000,stopped,"no_eligible_positive_value_action,failure_matrix:block",0,False,True,"[""at_risk"", ""diagnosed"", ""action_selected"", ""action_executed"", ""failed"", ""next_action"", ""diagnosed"", ""stopped""]"
TXN0000032211,C000941,0,1156,0,0,0.00000000,stopped,"no_eligible_positive_value_action,failure_matrix:block",0,False,True,"[""at_risk"", ""diagnosed"", ""stopped""]"
TXN0000238357,C001423,1,451,451,1,0.75000000,recovered,,0,False,True,"[""at_risk"", ""diagnosed"", ""action_selected"", ""action_executed"", ""recovered""]"
TXN0000109906,C006966,1,276,276,1,1.00000000,recovered,,0,False,True,"[""at_risk"", ""diagnosed"", ""action_selected"", ""action_executed"", ""recovered""]"
TXN0000026147,C003513,1,175,175,1,1.00000000,recovered,,0,False,True,"[""at_risk"", ""diagnosed"", ""action_selected"", ""action_executed"", ""recovered""]"
TXN0000074641,C002430,0,1387,0,1,0.75000000,stopped,"no_eligible_positive_value_action,failure_matrix:block",0,False,True,"[""at_risk"", ""diagnosed"", ""action_selected"", ""action_executed"", ""failed"", ""next_action"", ""diagnosed"", ""stopped""]"
TXN0000197830,C002156,0,2525,0,0,0.00000000,stopped,"no_eligible_positive_value_action,failure_matrix:block",0,False,True,"[""at_risk"", ""diagnosed"", ""stopped""]"
