payment_id,customer_id,prediction_time,logged_action,logging_probability,logged_recovered,base_policy_intervention,fraud_flag,selected_action,decision_type,fallback_used,failure_class,risk_checks_passed,probability_margin,expected_value_margin_inr,margin_fallback_triggered,decision_reasons,predicted_retry_payment_probability,retry_payment_supported,retry_payment_support_count,retry_payment_support_ess,predicted_payment_link_probability,payment_link_supported,payment_link_support_count,payment_link_support_ess,predicted_whatsapp_reminder_probability,whatsapp_reminder_supported,whatsapp_reminder_support_count,whatsapp_reminder_support_ess,predicted_escalate_to_merchant_probability,escalate_to_merchant_supported,escalate_to_merchant_support_count,escalate_to_merchant_support_ess
TXN0000052804,C006608,2024-11-05 22:28:08,retry_payment,0.90000000,1,retry_payment,0,retry_payment,fallback,True,technical_retryable,True,0.02163315,,False,"[""decision_uncertain"", ""expected_value_margin:19.123287618160248"", ""probability_margin:0.005205094814300537"", ""margin_not_applicable_to_non_allow_decision""]",0.58747286,True,387,66.60326136,0.58226776,True,625,91.91881191,0.60910600,True,50,36.09870729,0.45156270,True,196,56.61961283
TXN0000179482,C001992,2024-11-05 22:40:55,escalate_to_merchant,0.90000000,0,escalate_to_merchant,0,no_action,stop,False,customer_decline,False,0.01834011,,False,"[""no_eligible_positive_value_action"", ""failure_matrix:block"", ""margin_not_applicable_to_non_allow_decision""]",0.58701706,False,49,7.23938140,0.64952093,False,8,4.29589038,0.63118082,False,23,3.80324523,0.41939995,False,11,2.70552140
TXN0000170868,C007195,2024-11-05 22:49:41,retry_payment,0.90000000,1,retry_payment,0,no_action,stop,False,technical_retryable,False,0.04197279,,False,"[""no_eligible_positive_value_action"", ""failure_matrix:block"", ""margin_not_applicable_to_non_allow_decision""]",0.47556052,True,382,61.49646714,0.51753330,True,55,50.36414754,0.47375017,True,122,42.51287438,0.38959372,True,685,101.16768160
TXN0000239488,C005520,2024-11-06 03:38:43,escalate_to_merchant,0.90000000,1,escalate_to_merchant,0,retry_payment,fallback,True,technical_retryable,True,0.02882153,,False,"[""decision_uncertain"", ""expected_value_margin:None"", ""probability_margin:None"", ""margin_not_applicable_to_non_allow_decision""]",0.54832643,True,172,27.72056966,0.60012668,False,17,16.07278182,0.57130516,True,66,18.92736169,0.44790515,True,211,29.09046962
TXN0000021257,C002908,2024-11-06 06:26:00,retry_payment,0.90000000,0,retry_payment,0,whatsapp_reminder,fallback,True,customer_decline,True,0.01114428,,False,"[""decision_uncertain"", ""expected_value_margin:None"", ""probability_margin:None"", ""margin_not_applicable_to_non_allow_decision""]",0.60484898,True,126,18.74890631,0.63199848,False,9,9.00000000,0.62085420,True,73,15.08078281,0.47585264,True,237,33.53941007
TXN0000145269,C000023,2024-11-06 07:09:51,retry_payment,0.90000000,0,retry_payment,0,retry_payment,fallback,True,technical_retryable,True,0.02263403,,False,"[""decision_uncertain"", ""expected_value_margin:None"", ""probability_margin:None"", ""margin_not_applicable_to_non_allow_decision""]",0.45508429,True,60,8.27440554,0.49355298,False,1,1.00000000,0.51618701,False,46,6.69767366,0.36813471,True,93,13.89845234
TXN0000181411,C007252,2024-11-06 07:10:50,payment_link,0.90000000,0,payment_link,0,payment_link,allow,False,technical_retryable,True,0.01668209,193.16000000,False,"[""eligible"", ""contextually_supported_or_manual"", ""highest_risk_adjusted_expected_value"", ""expected_value_margin:193.16"", ""probability_margin:0.03481424"", ""decision_margin_passed""]",0.51862836,True,387,66.60326136,0.55344260,True,625,91.91881191,0.53676051,True,50,36.09870729,0.33502489,True,196,56.61961283
TXN0000029557,C003698,2024-11-06 08:54:30,escalate_to_merchant,0.90000000,0,escalate_to_merchant,0,payment_link,fallback,True,authentication_required,True,0.03326374,,False,"[""decision_uncertain"", ""expected_value_margin:None"", ""probability_margin:None"", ""margin_not_applicable_to_non_allow_decision""]",0.49645665,True,359,56.24386377,0.54334360,True,85,37.80492775,0.51007986,True,126,41.91580028,0.40280002,True,694,97.85794000
TXN0000018440,C004676,2024-11-06 10:06:38,escalate_to_merchant,0.90000000,0,escalate_to_merchant,0,retry_payment,fallback,True,technical_retryable,True,0.00399637,,False,"[""decision_uncertain"", ""expected_value_margin:2.255403518676758"", ""probability_margin:-0.006971597671508789"", ""margin_not_applicable_to_non_allow_decision""]",0.52608383,True,134,25.67475706,0.53305542,True,55,23.54174517,0.53705180,True,69,17.37637634,0.39764392,True,213,29.38877094
TXN0000231148,C000062,2024-11-06 10:10:34,escalate_to_merchant,0.90000000,1,escalate_to_merchant,0,retry_payment,fallback,True,technical_retryable,True,0.01730907,,False,"[""decision_uncertain"", ""expected_value_margin:None"", ""probability_margin:None"", ""margin_not_applicable_to_non_allow_decision""]",0.45378962,True,172,27.72056966,0.52406049,False,17,16.07278182,0.50675142,True,66,18.92736169,0.40389347,True,211,29.09046962
TXN0000027707,C009053,2024-11-06 10:24:12,retry_payment,0.90000000,0,retry_payment,0,no_action,stop,False,authentication_required,False,0.04342240,,False,"[""no_eligible_positive_value_action"", ""failure_matrix:block"", ""margin_not_applicable_to_non_allow_decision""]",0.61177462,True,58,8.97709815,0.70568514,False,3,3.00000000,0.66226274,False,24,3.90270249,0.54434365,False,8,8.00000000
TXN0000095845,C006793,2024-11-06 11:04:14,payment_link,0.90000000,1,payment_link,0,payment_link,allow,False,technical_retryable,True,0.02557009,121.85000000,False,"[""eligible"", ""contextually_supported_or_manual"", ""highest_risk_adjusted_expected_value"", ""expected_value_margin:121.86"", ""probability_margin:0.0450896"", ""decision_margin_passed""]",0.56516182,True,387,66.60326136,0.61025143,True,625,91.91881191,0.58468133,True,50,36.09870729,0.39483625,True,196,56.61961283
TXN0000040953,C009727,2024-11-06 11:09:13,retry_payment,0.90000000,1,retry_payment,0,no_action,stop,False,authentication_required,False,0.00709403,,False,"[""no_eligible_positive_value_action"", ""failure_matrix:block"", ""margin_not_applicable_to_non_allow_decision""]",0.63679892,False,49,7.23938140,0.67899072,False,8,4.29589038,0.67189670,False,23,3.80324523,0.49371982,False,11,2.70552140
TXN0000246834,C009422,2024-11-06 12:04:00,retry_payment,0.90000000,0,retry_payment,0,retry_payment,fallback,True,technical_retryable,True,0.01546723,,False,"[""decision_uncertain"", ""expected_value_margin:None"", ""probability_margin:None"", ""margin_not_applicable_to_non_allow_decision""]",0.61426443,True,126,18.74890631,0.63631153,False,9,9.00000000,0.62084430,True,73,15.08078281,0.52014512,True,237,33.53941007
TXN0000201314,C006992,2024-11-06 12:16:21,whatsapp_reminder,0.90000000,0,whatsapp_reminder,0,whatsapp_reminder,fallback,True,authentication_required,True,0.01717418,,False,"[""decision_uncertain"", ""expected_value_margin:None"", ""probability_margin:None"", ""margin_not_applicable_to_non_allow_decision""]",0.62072307,True,126,18.74890631,0.65342087,False,9,9.00000000,0.63624668,True,73,15.08078281,0.52322525,True,237,33.53941007
TXN0000243507,C001496,2024-11-06 13:11:38,whatsapp_reminder,0.90000000,1,whatsapp_reminder,0,whatsapp_reminder,fallback,True,customer_decline,True,0.03796235,,False,"[""decision_uncertain"", ""expected_value_margin:None"", ""probability_margin:None"", ""margin_not_applicable_to_non_allow_decision""]",0.47283781,True,126,18.74890631,0.53323901,False,9,9.00000000,0.49527666,True,73,15.08078281,0.37652332,True,237,33.53941007
TXN0000031139,C009462,2024-11-06 14:35:29,retry_payment,0.90000000,1,retry_payment,0,retry_payment,fallback,True,technical_retryable,True,0.04812026,,False,"[""decision_uncertain"", ""expected_value_margin:3.7749643325805664"", ""probability_margin:0.013025403022766113"", ""margin_not_applicable_to_non_allow_decision""]",0.65504372,True,134,25.67475706,0.66806912,True,55,23.54174517,0.71618938,True,69,17.37637634,0.52856708,True,213,29.38877094
TXN0000114122,C003718,2024-11-06 15:01:03,payment_link,0.03333333,0,escalate_to_merchant,0,retry_payment,fallback,True,technical_retryable,True,0.00991780,,False,"[""decision_uncertain"", ""expected_value_margin:None"", ""probability_margin:None"", ""margin_not_applicable_to_non_allow_decision""]",0.48687652,True,172,27.72056966,0.51068330,False,17,16.07278182,0.52060109,True,66,18.92736169,0.37090826,True,211,29.09046962
TXN0000150048,C002256,2024-11-06 15:25:26,whatsapp_reminder,0.90000000,0,whatsapp_reminder,0,whatsapp_reminder,fallback,True,authentication_required,True,0.02454895,,False,"[""decision_uncertain"", ""expected_value_margin:None"", ""probability_margin:None"", ""margin_not_applicable_to_non_allow_decision""]",0.59147370,True,172,27.72056966,0.61602265,False,17,16.07278182,0.59004098,True,66,18.92736169,0.50279886,True,211,29.09046962
TXN0000215167,C002628,2024-11-06 15:31:59,payment_link,0.03333333,0,retry_payment,0,no_action,stop,False,customer_decline,False,0.01753518,,False,"[""no_eligible_positive_value_action"", ""failure_matrix:block"", ""margin_not_applicable_to_non_allow_decision""]",0.48030469,True,58,8.97709815,0.49783987,False,25,3.45418296,0.47462803,False,10,3.52962620,0.32747704,False,12,7.36805008
TXN0000101400,C001906,2024-11-06 15:37:08,escalate_to_merchant,0.90000000,1,escalate_to_merchant,0,escalate_to_merchant,fallback,True,merchant_configuration,True,0.05153489,,False,"[""decision_uncertain"", ""expected_value_margin:None"", ""probability_margin:None"", ""margin_not_applicable_to_non_allow_decision""]",0.58941978,True,172,27.72056966,0.64095467,False,17,16.07278182,0.58432508,True,66,18.92736169,0.49270725,True,211,29.09046962
TXN0000149232,C001692,2024-11-06 16:08:33,retry_payment,0.90000000,0,retry_payment,0,no_action,stop,False,authentication_required,False,0.01463944,,False,"[""no_eligible_positive_value_action"", ""failure_matrix:block"", ""margin_not_applicable_to_non_allow_decision""]",0.65436292,True,58,8.97709815,0.67949975,False,3,3.00000000,0.66486031,False,24,3.90270249,0.56579608,False,8,8.00000000
TXN0000044419,C007539,2024-11-06 16:13:49,retry_payment,0.90000000,1,retry_payment,0,no_action,stop,False,authentication_required,False,0.02504450,,False,"[""no_eligible_positive_value_action"", ""failure_matrix:block"", ""margin_not_applicable_to_non_allow_decision""]",0.62523210,True,126,18.74890631,0.63905364,False,9,9.00000000,0.66409814,True,73,15.08078281,0.51777339,True,237,33.53941007
TXN0000020920,C002974,2024-11-06 16:25:50,payment_link,0.90000000,1,payment_link,0,payment_link,allow,False,authentication_required,True,0.04527843,154.48000000,False,"[""eligible"", ""contextually_supported_or_manual"", ""highest_risk_adjusted_expected_value"", ""expected_value_margin:145.04"", ""probability_margin:0.04527843"", ""fallback_ineligible""]",0.58996391,True,129,19.07760664,0.63991088,True,218,30.47265689,0.59463245,True,34,21.95535821,0.44354352,True,65,18.84615345
TXN0000222252,C005353,2024-11-06 17:08:25,escalate_to_merchant,0.90000000,0,escalate_to_merchant,0,retry_payment,fallback,True,technical_retryable,True,0.05583358,,False,"[""decision_uncertain"", ""expected_value_margin:0.09987092018127441"", ""probability_margin:0.06864297389984131"", ""margin_not_applicable_to_non_allow_decision""]",0.61064178,True,382,61.49646714,0.67928475,True,55,50.36414754,0.62345117,True,122,42.51287438,0.50937182,True,685,101.16768160
TXN0000145130,C006562,2024-11-06 17:38:24,retry_payment,0.90000000,0,retry_payment,0,no_action,stop,False,authentication_required,False,0.02968603,,False,"[""no_eligible_positive_value_action"", ""failure_matrix:block"", ""margin_not_applicable_to_non_allow_decision""]",0.58639550,False,49,7.23938140,0.64659333,False,8,4.29589038,0.61690730,False,23,3.80324523,0.46380413,False,11,2.70552140
TXN0000214915,C000026,2024-11-06 18:33:59,escalate_to_merchant,0.90000000,1,escalate_to_merchant,0,retry_payment,fallback,True,technical_retryable,True,0.00823957,,False,"[""decision_uncertain"", ""expected_value_margin:None"", ""probability_margin:None"", ""margin_not_applicable_to_non_allow_decision""]",0.56107408,True,126,18.74890631,0.56931365,False,9,9.00000000,0.53826845,True,73,15.08078281,0.44588616,True,237,33.53941007
TXN0000073672,C004585,2024-11-06 19:15:40,escalate_to_merchant,0.90000000,0,escalate_to_merchant,0,no_action,stop,False,customer_decline,False,0.04034007,,False,"[""no_eligible_positive_value_action"", ""failure_matrix:block"", ""margin_not_applicable_to_non_allow_decision""]",0.51379681,False,18,18.00000000,0.56329983,False,1,1.00000000,0.52295977,False,7,3.29758098,0.38729411,False,0,0.00000000
TXN0000052587,C005243,2024-11-06 19:37:48,whatsapp_reminder,0.90000000,1,whatsapp_reminder,0,no_action,stop,False,customer_decline,False,0.02161866,,False,"[""no_eligible_positive_value_action"", ""failure_matrix:block"", ""margin_not_applicable_to_non_allow_decision""]",0.66048330,True,47,47.00000000,0.71961194,False,2,2.00000000,0.69799328,False,21,3.60798899,0.55545402,False,12,3.68852452
TXN0000201805,C006926,2024-11-06 20:19:08,escalate_to_merchant,0.90000000,0,escalate_to_merchant,0,payment_link,allow,False,technical_retryable,True,0.02851897,40.26000000,False,"[""eligible"", ""contextually_supported_or_manual"", ""highest_risk_adjusted_expected_value"", ""expected_value_margin:40.25"", ""probability_margin:0.02851897"", ""decision_margin_passed""]",0.63358825,True,387,66.60326136,0.66210723,True,625,91.91881191,0.62787980,True,50,36.09870729,0.43551791,True,196,56.61961283
TXN0000104374,C001586,2024-11-06 20:36:00,retry_payment,0.90000000,0,retry_payment,0,no_action,stop,False,merchant_configuration,False,0.02651566,,False,"[""customer_opted_out"", ""margin_not_applicable_to_non_allow_decision""]",0.67537093,True,387,66.60326136,0.75525010,True,625,91.91881191,0.72873443,True,50,36.09870729,0.50552636,True,196,56.61961283
TXN0000010302,C006888,2024-11-06 21:16:46,escalate_to_merchant,0.90000000,1,escalate_to_merchant,0,payment_link,allow,False,authentication_required,True,0.03628105,39.14000000,False,"[""eligible"", ""contextually_supported_or_manual"", ""highest_risk_adjusted_expected_value"", ""expected_value_margin:25.98"", ""probability_margin:0.03628105"", ""fallback_ineligible""]",0.48597327,True,134,25.67475706,0.54656541,True,55,23.54174517,0.51028436,True,69,17.37637634,0.39592177,True,213,29.38877094
TXN0000053376,C000528,2024-11-06 21:26:11,whatsapp_reminder,0.90000000,0,whatsapp_reminder,0,payment_link,allow,False,technical_retryable,True,0.01701105,129.62000000,False,"[""eligible"", ""contextually_supported_or_manual"", ""highest_risk_adjusted_expected_value"", ""expected_value_margin:129.62"", ""probability_margin:0.05082011"", ""decision_margin_passed""]",0.47154266,True,59,8.94277964,0.52236277,True,90,12.53697431,0.50535172,False,19,4.27099396,0.37927511,True,43,10.73819641
TXN0000035278,C002802,2024-11-06 21:40:25,whatsapp_reminder,0.90000000,0,whatsapp_reminder,0,retry_payment,fallback,True,technical_retryable,True,0.00383204,,False,"[""decision_uncertain"", ""expected_value_margin:None"", ""probability_margin:None"", ""margin_not_applicable_to_non_allow_decision""]",0.61772990,True,60,8.27440554,0.64227027,False,1,1.00000000,0.63843822,False,46,6.69767366,0.49585229,True,93,13.89845234
TXN0000193304,C008216,2024-11-06 22:09:54,whatsapp_reminder,0.90000000,0,whatsapp_reminder,0,no_action,stop,False,technical_retryable,False,0.00198305,,False,"[""no_eligible_positive_value_action"", ""failure_matrix:block"", ""margin_not_applicable_to_non_allow_decision""]",0.50303930,False,3,3.00000000,0.50502235,False,0,0.00000000,0.46817061,False,19,19.00000000,0.41901201,False,2,1.07397260
TXN0000056420,C007184,2024-11-07 00:18:15,whatsapp_reminder,0.03333333,0,escalate_to_merchant,0,retry_payment,fallback,True,technical_retryable,True,0.01247573,,False,"[""decision_uncertain"", ""expected_value_margin:5.292001485824585"", ""probability_margin:0.04647552967071533"", ""margin_not_applicable_to_non_allow_decision""]",0.53866553,True,359,56.24386377,0.58514106,True,85,37.80492775,0.59761679,True,126,41.91580028,0.41809383,True,694,97.85794000
TXN0000222246,C007686,2024-11-07 07:03:16,whatsapp_reminder,0.90000000,0,whatsapp_reminder,0,retry_payment,fallback,True,technical_retryable,True,0.00532675,,False,"[""decision_uncertain"", ""expected_value_margin:None"", ""probability_margin:None"", ""margin_not_applicable_to_non_allow_decision""]",0.60271364,True,126,18.74890631,0.64416403,False,9,9.00000000,0.63883728,True,73,15.08078281,0.51979321,True,237,33.53941007
TXN0000108622,C008955,2024-11-07 08:59:54,whatsapp_reminder,0.90000000,0,whatsapp_reminder,0,retry_payment,fallback,True,technical_retryable,True,0.00839323,,False,"[""decision_uncertain"", ""expected_value_margin:None"", ""probability_margin:None"", ""margin_not_applicable_to_non_allow_decision""]",0.55826700,True,126,18.74890631,0.58333963,False,9,9.00000000,0.57494640,True,73,15.08078281,0.46050051,True,237,33.53941007
TXN0000104777,C007227,2024-11-07 09:42:34,payment_link,0.90000000,1,payment_link,0,escalate_to_merchant,fallback,True,merchant_configuration,True,0.04038215,,False,"[""decision_uncertain"", ""expected_value_margin:None"", ""probability_margin:None"", ""margin_not_applicable_to_non_allow_decision""]",0.57800972,True,387,66.60326136,0.63644981,True,625,91.91881191,0.59606767,True,50,36.09870729,0.42204836,True,196,56.61961283
TXN0000236939,C003820,2024-11-07 10:06:19,retry_payment,0.90000000,1,retry_payment,0,whatsapp_reminder,fallback,True,authentication_required,True,0.01913333,,False,"[""decision_uncertain"", ""expected_value_margin:6.095799207687378"", ""probability_margin:0.019133329391479492"", ""margin_not_applicable_to_non_allow_decision""]",0.54753047,True,382,61.49646714,0.57347500,True,55,50.36414754,0.59260833,True,122,42.51287438,0.43984270,True,685,101.16768160
TXN0000068932,C000343,2024-11-07 10:32:26,escalate_to_merchant,0.90000000,1,escalate_to_merchant,0,escalate_to_merchant,fallback,True,merchant_configuration,True,0.04322249,,False,"[""decision_uncertain"", ""expected_value_margin:None"", ""probability_margin:None"", ""margin_not_applicable_to_non_allow_decision""]",0.52363485,True,172,27.72056966,0.60334855,False,17,16.07278182,0.56012607,True,66,18.92736169,0.43348461,True,211,29.09046962
TXN0000122582,C003502,2024-11-07 10:48:33,escalate_to_merchant,0.90000000,0,escalate_to_merchant,0,payment_link,fallback,True,authentication_required,True,0.01178831,,False,"[""decision_uncertain"", ""expected_value_margin:None"", ""probability_margin:None"", ""margin_not_applicable_to_non_allow_decision""]",0.43074921,True,359,56.24386377,0.49336094,True,85,37.80492775,0.48157263,True,126,41.91580028,0.31616658,True,694,97.85794000
TXN0000054056,C004339,2024-11-07 11:23:24,retry_payment,0.90000000,1,retry_payment,0,retry_payment,fallback,True,technical_retryable,True,0.01881540,,False,"[""decision_uncertain"", ""expected_value_margin:None"", ""probability_margin:None"", ""margin_not_applicable_to_non_allow_decision""]",0.60384703,True,172,27.72056966,0.62911969,False,17,16.07278182,0.64793509,True,66,18.92736169,0.50363594,True,211,29.09046962
TXN0000056581,C006897,2024-11-07 11:29:56,payment_link,0.90000000,0,payment_link,0,escalate_to_merchant,fallback,True,merchant_configuration,True,0.00269920,,False,"[""decision_uncertain"", ""expected_value_margin:None"", ""probability_margin:None"", ""margin_not_applicable_to_non_allow_decision""]",0.55105752,True,387,66.60326136,0.58911848,True,625,91.91881191,0.59181768,True,50,36.09870729,0.39467007,True,196,56.61961283
TXN0000140441,C002607,2024-11-07 12:07:08,escalate_to_merchant,0.90000000,0,escalate_to_merchant,0,payment_link,fallback,True,authentication_required,True,0.00902098,,False,"[""decision_uncertain"", ""expected_value_margin:0.4562952518463135"", ""probability_margin:0.009020984172821045"", ""margin_not_applicable_to_non_allow_decision""]",0.61758214,True,359,56.24386377,0.67006946,True,85,37.80492775,0.66104847,True,126,41.91580028,0.51143181,True,694,97.85794000
TXN0000201737,C009719,2024-11-07 12:23:41,escalate_to_merchant,0.90000000,1,escalate_to_merchant,0,payment_link,allow,False,authentication_required,True,0.03026116,19.32000000,False,"[""eligible"", ""contextually_supported_or_manual"", ""highest_risk_adjusted_expected_value"", ""expected_value_margin:15.97"", ""probability_margin:0.03026116"", ""fallback_ineligible""]",0.58912867,True,359,56.24386377,0.63452280,True,85,37.80492775,0.60426164,True,126,41.91580028,0.50099093,True,694,97.85794000
TXN0000155503,C004978,2024-11-07 12:29:38,payment_link,0.90000000,1,payment_link,0,payment_link,allow,False,technical_retryable,True,0.01924860,100.21000000,False,"[""eligible"", ""contextually_supported_or_manual"", ""highest_risk_adjusted_expected_value"", ""expected_value_margin:100.22"", ""probability_margin:0.0192486"", ""decision_margin_passed""]",0.60279912,True,129,19.07760664,0.62204772,True,218,30.47265689,0.58133614,True,34,21.95535821,0.42396599,True,65,18.84615345
TXN0000014480,C003183,2024-11-07 13:07:03,retry_payment,0.90000000,1,retry_payment,0,payment_link,fallback,True,authentication_required,True,0.04750788,,False,"[""decision_uncertain"", ""expected_value_margin:0.5054571628570557"", ""probability_margin:0.0475078821182251"", ""margin_not_applicable_to_non_allow_decision""]",0.62157995,True,382,61.49646714,0.68372035,True,55,50.36414754,0.63621247,True,122,42.51287438,0.48692185,True,685,101.16768160
TXN0000191292,C004807,2024-11-07 13:50:29,whatsapp_reminder,0.90000000,0,whatsapp_reminder,0,whatsapp_reminder,fallback,True,customer_decline,True,0.04795462,,False,"[""decision_uncertain"", ""expected_value_margin:None"", ""probability_margin:None"", ""margin_not_applicable_to_non_allow_decision""]",0.50052184,False,49,7.90577463,0.52068686,False,6,6.00000000,0.56864148,True,63,11.63500628,0.43960530,True,88,12.69429910
TXN0000071205,C006458,2024-11-07 14:35:52,retry_payment,0.90000000,1,retry_payment,0,retry_payment,fallback,True,technical_retryable,True,0.01228583,,False,"[""decision_uncertain"", ""expected_value_margin:None"", ""probability_margin:None"", ""margin_not_applicable_to_non_allow_decision""]",0.67623615,True,58,8.97709815,0.74033278,False,25,3.45418296,0.72804695,False,10,3.52962620,0.57418424,False,12,7.36805008
TXN0000180168,C001004,2024-11-07 14:45:46,escalate_to_merchant,0.03333333,1,retry_payment,0,no_action,stop,False,authentication_required,False,0.00984067,,False,"[""no_eligible_positive_value_action"", ""failure_matrix:block"", ""margin_not_applicable_to_non_allow_decision""]",0.65199512,False,19,3.41762696,0.67378145,False,2,2.00000000,0.66394079,False,6,6.00000000,0.52362621,False,1,1.00000000
TXN0000183443,C002328,2024-11-07 15:25:15,retry_payment,0.90000000,1,retry_payment,0,retry_payment,fallback,True,technical_retryable,True,0.03864771,,False,"[""decision_uncertain"", ""expected_value_margin:None"", ""probability_margin:None"", ""margin_not_applicable_to_non_allow_decision""]",0.56868923,True,126,18.74890631,0.56288576,False,9,9.00000000,0.60733694,True,73,15.08078281,0.47262383,True,237,33.53941007
TXN0000142917,C007005,2024-11-07 15:48:18,retry_payment,0.90000000,0,retry_payment,0,escalate_to_merchant,fallback,True,merchant_configuration,True,0.01614106,,False,"[""decision_uncertain"", ""expected_value_margin:None"", ""probability_margin:None"", ""margin_not_applicable_to_non_allow_decision""]",0.55119175,False,49,7.23938140,0.63707805,False,8,4.29589038,0.62093699,False,23,3.80324523,0.47948933,False,11,2.70552140
TXN0000189447,C005764,2024-11-07 17:19:22,escalate_to_merchant,0.90000000,1,escalate_to_merchant,0,no_action,stop,False,customer_decline,False,0.02903754,,False,"[""no_eligible_positive_value_action"", ""failure_matrix:block"", ""margin_not_applicable_to_non_allow_decision""]",0.59955126,False,19,3.41762696,0.66303056,False,2,2.00000000,0.63399303,False,6,6.00000000,0.49082100,False,1,1.00000000
TXN0000224199,C004044,2024-11-07 17:46:58,retry_payment,0.90000000,0,retry_payment,0,whatsapp_reminder,fallback,True,authentication_required,True,0.02229059,,False,"[""decision_uncertain"", ""expected_value_margin:9.679437339305878"", ""probability_margin:0.005827009677886963"", ""margin_not_applicable_to_non_allow_decision""]",0.58258116,True,134,25.67475706,0.55446357,True,55,23.54174517,0.56029058,True,69,17.37637634,0.44244194,True,213,29.38877094
TXN0000025621,C000651,2024-11-07 18:53:07,retry_payment,0.90000000,1,retry_payment,0,whatsapp_reminder,fallback,True,authentication_required,True,0.00646168,,False,"[""decision_uncertain"", ""expected_value_margin:7.962125062942505"", ""probability_margin:0.006461679935455322"", ""margin_not_applicable_to_non_allow_decision""]",0.71676731,True,362,56.55389812,0.73973793,True,241,49.77543607,0.74619961,True,96,34.06733257,0.60118884,True,512,71.09486331
TXN0000095177,C001518,2024-11-07 19:01:28,retry_payment,0.90000000,1,retry_payment,0,whatsapp_reminder,fallback,True,authentication_required,True,0.02104241,,False,"[""decision_uncertain"", ""expected_value_margin:8.920442879199982"", ""probability_margin:0.02104240655899048"", ""margin_not_applicable_to_non_allow_decision""]",0.59132218,True,359,56.24386377,0.62256396,True,85,37.80492775,0.64360636,True,126,41.91580028,0.47285038,True,694,97.85794000
TXN0000009116,C008089,2024-11-07 19:12:48,escalate_to_merchant,0.90000000,0,escalate_to_merchant,0,no_action,stop,False,customer_decline,False,0.03562242,,False,"[""no_eligible_positive_value_action"", ""failure_matrix:block"", ""margin_not_applicable_to_non_allow_decision""]",0.67552030,True,58,8.97709815,0.73297620,False,25,3.45418296,0.69735378,False,10,3.52962620,0.51404190,False,12,7.36805008
TXN0000171793,C009255,2024-11-07 20:49:04,whatsapp_reminder,0.90000000,1,whatsapp_reminder,0,whatsapp_reminder,fallback,True,authentication_required,True,0.02306777,,False,"[""decision_uncertain"", ""expected_value_margin:None"", ""probability_margin:None"", ""margin_not_applicable_to_non_allow_decision""]",0.71684313,True,126,18.74890631,0.74442846,False,9,9.00000000,0.76749623,True,73,15.08078281,0.62427753,True,237,33.53941007
TXN0000060492,C005253,2024-11-07 22:08:18,retry_payment,0.90000000,1,retry_payment,0,no_action,stop,False,customer_decline,False,0.01539898,,False,"[""no_eligible_positive_value_action"", ""failure_matrix:block"", ""margin_not_applicable_to_non_allow_decision""]",0.60319769,True,47,47.00000000,0.64830756,False,2,2.00000000,0.63290858,False,21,3.60798899,0.49877658,False,12,3.68852452
TXN0000081660,C005352,2024-11-07 22:24:42,payment_link,0.90000000,1,payment_link,0,payment_link,allow,False,technical_retryable,True,0.04418206,386.39000000,False,"[""eligible"", ""contextually_supported_or_manual"", ""highest_risk_adjusted_expected_value"", ""expected_value_margin:386.39"", ""probability_margin:0.07745326"", ""decision_margin_passed""]",0.53400034,True,129,19.07760664,0.61145359,True,218,30.47265689,0.56727153,True,34,21.95535821,0.38925266,True,65,18.84615345
TXN0000119409,C000640,2024-11-07 22:30:44,escalate_to_merchant,0.90000000,0,escalate_to_merchant,0,payment_link,allow,False,authentication_required,True,0.01840436,67.09000000,False,"[""eligible"", ""contextually_supported_or_manual"", ""highest_risk_adjusted_expected_value"", ""expected_value_margin:19.43"", ""probability_margin:0.01840436"", ""fallback_ineligible""]",0.61711615,True,362,56.55389812,0.68086070,True,241,49.77543607,0.66245633,True,96,34.06733257,0.46376741,True,512,71.09486331
TXN0000050027,C003084,2024-11-07 22:45:54,escalate_to_merchant,0.90000000,0,escalate_to_merchant,0,no_action,stop,False,customer_decline,False,0.01749831,,False,"[""no_eligible_positive_value_action"", ""failure_matrix:block"", ""margin_not_applicable_to_non_allow_decision""]",0.48502767,True,126,18.74890631,0.52686727,False,9,9.00000000,0.50936896,True,73,15.08078281,0.41628546,True,237,33.53941007
TXN0000186272,C006677,2024-11-07 23:56:55,retry_payment,0.90000000,0,retry_payment,0,whatsapp_reminder,fallback,True,authentication_required,True,0.00104755,,False,"[""decision_uncertain"", ""expected_value_margin:None"", ""probability_margin:None"", ""margin_not_applicable_to_non_allow_decision""]",0.65554255,True,172,27.72056966,0.65659010,False,17,16.07278182,0.65246284,True,66,18.92736169,0.51870549,True,211,29.09046962
TXN0000170195,C003604,2024-11-08 01:56:58,retry_payment,0.90000000,1,retry_payment,0,no_action,stop,False,technical_retryable,False,0.01196313,,False,"[""no_eligible_positive_value_action"", ""failure_matrix:block"", ""margin_not_applicable_to_non_allow_decision""]",0.61914098,False,49,7.23938140,0.66774499,False,8,4.29589038,0.65578187,False,23,3.80324523,0.47169995,False,11,2.70552140
TXN0000003749,C001280,2024-11-08 03:51:17,escalate_to_merchant,0.90000000,0,escalate_to_merchant,0,payment_link,fallback,True,customer_decline,True,0.01565427,,False,"[""decision_uncertain"", ""expected_value_margin:6.3441919684410095"", ""probability_margin:0.015654265880584717"", ""margin_not_applicable_to_non_allow_decision""]",0.58409292,True,359,56.24386377,0.63003874,True,85,37.80492775,0.61438447,True,126,41.91580028,0.45225674,True,694,97.85794000
TXN0000153955,C000976,2024-11-08 10:35:31,escalate_to_merchant,0.90000000,0,escalate_to_merchant,0,retry_payment,fallback,True,technical_retryable,True,0.00084096,,False,"[""decision_uncertain"", ""expected_value_margin:None"", ""probability_margin:None"", ""margin_not_applicable_to_non_allow_decision""]",0.60225958,True,126,18.74890631,0.64306331,False,9,9.00000000,0.64390427,True,73,15.08078281,0.50343716,True,237,33.53941007
TXN0000143933,C008612,2024-11-08 10:50:50,whatsapp_reminder,0.90000000,1,whatsapp_reminder,0,escalate_to_merchant,fallback,True,merchant_configuration,True,0.01941806,,False,"[""no_supported_positive_value_action"", ""manual_escalation_fallback"", ""margin_not_applicable_to_non_allow_decision""]",0.56450343,True,382,61.49646714,0.60320222,True,55,50.36414754,0.58378416,True,122,42.51287438,0.50126261,True,685,101.16768160
TXN0000131914,C003606,2024-11-08 10:55:07,whatsapp_reminder,0.03333333,1,retry_payment,0,no_action,stop,False,authentication_required,False,0.00160819,,False,"[""no_eligible_positive_value_action"", ""failure_matrix:block"", ""margin_not_applicable_to_non_allow_decision""]",0.56958455,False,49,7.23938140,0.64532381,False,8,4.29589038,0.64371562,False,23,3.80324523,0.47710186,False,11,2.70552140
TXN0000205318,C008714,2024-11-08 11:14:58,escalate_to_merchant,0.90000000,1,escalate_to_merchant,0,escalate_to_merchant,fallback,True,merchant_configuration,True,0.02509892,,False,"[""decision_uncertain"", ""expected_value_margin:None"", ""probability_margin:None"", ""margin_not_applicable_to_non_allow_decision""]",0.55442262,False,49,7.23938140,0.63274312,False,8,4.29589038,0.60764420,False,23,3.80324523,0.42402691,False,11,2.70552140
TXN0000022077,C004740,2024-11-08 11:29:22,retry_payment,0.90000000,1,retry_payment,0,retry_payment,fallback,True,technical_retryable,True,0.04217792,,False,"[""decision_uncertain"", ""expected_value_margin:59.77296829223633"", ""probability_margin:0.013489842414855957"", ""margin_not_applicable_to_non_allow_decision""]",0.62275767,True,129,19.07760664,0.63624752,True,218,30.47265689,0.67842543,True,34,21.95535821,0.48565510,True,65,18.84615345
TXN0000246411,C000493,2024-11-08 11:46:51,escalate_to_merchant,0.90000000,1,escalate_to_merchant,0,no_action,stop,False,technical_retryable,False,0.04496598,,False,"[""no_eligible_positive_value_action"", ""failure_matrix:block"", ""margin_not_applicable_to_non_allow_decision""]",0.57398152,False,49,7.23938140,0.64925629,False,8,4.29589038,0.60429031,False,23,3.80324523,0.42155418,False,11,2.70552140
TXN0000188919,C003992,2024-11-08 12:01:19,payment_link,0.90000000,0,payment_link,0,payment_link,fallback,True,customer_decline,True,0.00193387,,False,"[""decision_uncertain"", ""expected_value_margin:10.445874273777008"", ""probability_margin:0.0019338726997375488"", ""margin_not_applicable_to_non_allow_decision""]",0.55168617,True,129,19.07760664,0.55539006,True,218,30.47265689,0.55345619,True,34,21.95535821,0.37973461,True,65,18.84615345
TXN0000178856,C004263,2024-11-08 12:21:06,escalate_to_merchant,0.90000000,0,escalate_to_merchant,0,retry_payment,fallback,True,technical_retryable,True,0.08256584,,False,"[""decision_uncertain"", ""expected_value_margin:None"", ""probability_margin:None"", ""margin_not_applicable_to_non_allow_decision""]",0.61277676,True,58,8.97709815,0.70639199,False,25,3.45418296,0.62382615,False,10,3.52962620,0.47896487,False,12,7.36805008
TXN0000204306,C006998,2024-11-08 12:26:52,escalate_to_merchant,0.03333333,1,retry_payment,0,no_action,stop,False,customer_decline,False,0.03315610,,False,"[""no_eligible_positive_value_action"", ""failure_matrix:block"", ""margin_not_applicable_to_non_allow_decision""]",0.49357632,True,58,8.97709815,0.52773428,False,25,3.45418296,0.56089038,False,10,3.52962620,0.36205900,False,12,7.36805008
TXN0000080518,C009391,2024-11-08 12:47:46,escalate_to_merchant,0.90000000,0,escalate_to_merchant,0,retry_payment,fallback,True,technical_retryable,True,0.03002122,,False,"[""decision_uncertain"", ""expected_value_margin:None"", ""probability_margin:None"", ""margin_not_applicable_to_non_allow_decision""]",0.48732784,True,60,8.27440554,0.51734906,False,1,1.00000000,0.47981504,False,46,6.69767366,0.35739890,True,93,13.89845234
TXN0000227176,C002230,2024-11-08 12:48:27,retry_payment,0.90000000,0,retry_payment,0,escalate_to_merchant,fallback,True,merchant_configuration,True,0.05847484,,False,"[""decision_uncertain"", ""expected_value_margin:None"", ""probability_margin:None"", ""margin_not_applicable_to_non_allow_decision""]",0.58687115,True,134,25.67475706,0.60105723,True,55,23.54174517,0.65953207,True,69,17.37637634,0.44186300,True,213,29.38877094
TXN0000160806,C009874,2024-11-08 13:07:31,retry_payment,0.90000000,1,retry_payment,0,escalate_to_merchant,fallback,True,merchant_configuration,True,0.00027382,,False,"[""decision_uncertain"", ""expected_value_margin:None"", ""probability_margin:None"", ""margin_not_applicable_to_non_allow_decision""]",0.48582262,True,172,27.72056966,0.55282217,False,17,16.07278182,0.55254835,True,66,18.92736169,0.45993564,True,211,29.09046962
TXN0000014441,C009336,2024-11-08 13:14:18,payment_link,0.90000000,0,payment_link,0,retry_payment,fallback,True,technical_retryable,True,0.02064592,,False,"[""decision_uncertain"", ""expected_value_margin:86.34251487255096"", ""probability_margin:0.011805683374404907"", ""margin_not_applicable_to_non_allow_decision""]",0.45314807,True,129,19.07760664,0.44134238,True,218,30.47265689,0.47379398,True,34,21.95535821,0.33983946,True,65,18.84615345
TXN0000137478,C000298,2024-11-08 14:05:04,escalate_to_merchant,0.90000000,0,escalate_to_merchant,0,no_action,stop,False,customer_decline,False,0.00589359,,False,"[""no_eligible_positive_value_action"", ""failure_matrix:block"", ""margin_not_applicable_to_non_allow_decision""]",0.56542754,True,126,18.74890631,0.57159239,False,9,9.00000000,0.57748598,True,73,15.08078281,0.46136191,True,237,33.53941007
TXN0000037696,C006756,2024-11-08 14:06:28,whatsapp_reminder,0.90000000,0,whatsapp_reminder,0,payment_link,fallback,True,authentication_required,True,0.00186872,,False,"[""decision_uncertain"", ""expected_value_margin:None"", ""probability_margin:None"", ""margin_not_applicable_to_non_allow_decision""]",0.53507757,True,134,25.67475706,0.62077183,True,55,23.54174517,0.61890310,True,69,17.37637634,0.44431525,True,213,29.38877094
TXN0000040072,C005335,2024-11-08 16:46:30,escalate_to_merchant,0.90000000,0,escalate_to_merchant,0,whatsapp_reminder,fallback,True,authentication_required,True,0.04326630,,False,"[""decision_uncertain"", ""expected_value_margin:None"", ""probability_margin:None"", ""margin_not_applicable_to_non_allow_decision""]",0.52399415,False,49,7.90577463,0.58393252,False,6,6.00000000,0.54066622,True,63,11.63500628,0.45396584,True,88,12.69429910
TXN0000090438,C001369,2024-11-08 16:51:16,retry_payment,0.90000000,1,retry_payment,0,retry_payment,fallback,True,technical_retryable,True,0.01535517,,False,"[""decision_uncertain"", ""expected_value_margin:None"", ""probability_margin:None"", ""margin_not_applicable_to_non_allow_decision""]",0.62101001,True,126,18.74890631,0.64170736,False,9,9.00000000,0.65706253,True,73,15.08078281,0.50361902,True,237,33.53941007
TXN0000038527,C000261,2024-11-08 17:06:24,retry_payment,0.90000000,1,retry_payment,0,whatsapp_reminder,fallback,True,authentication_required,True,0.00081462,,False,"[""decision_uncertain"", ""expected_value_margin:3.8328002095222473"", ""probability_margin:0.0008146166801452637"", ""margin_not_applicable_to_non_allow_decision""]",0.62987661,True,129,19.07760664,0.69780988,True,218,30.47265689,0.69862449,True,34,21.95535821,0.51151323,True,65,18.84615345
TXN0000069545,C005507,2024-11-08 17:40:16,escalate_to_merchant,0.03333333,0,payment_link,0,no_action,stop,False,technical_retryable,False,0.03858423,,False,"[""no_eligible_positive_value_action"", ""failure_matrix:block"", ""margin_not_applicable_to_non_allow_decision""]",0.59532601,False,49,7.23938140,0.67038298,False,8,4.29589038,0.63179874,False,23,3.80324523,0.47087649,False,11,2.70552140
TXN0000222160,C005505,2024-11-08 18:31:45,whatsapp_reminder,0.90000000,0,whatsapp_reminder,0,no_action,stop,False,authentication_required,False,0.01529306,,False,"[""no_eligible_positive_value_action"", ""failure_matrix:block"", ""margin_not_applicable_to_non_allow_decision""]",0.60652757,True,47,47.00000000,0.65047884,False,2,2.00000000,0.63518578,False,21,3.60798899,0.52624750,False,12,3.68852452
TXN0000228665,C005114,2024-11-08 19:02:09,escalate_to_merchant,0.90000000,0,escalate_to_merchant,0,no_action,stop,False,technical_retryable,False,0.08010289,,False,"[""no_eligible_positive_value_action"", ""failure_matrix:block"", ""margin_not_applicable_to_non_allow_decision""]",0.42993984,False,49,7.23938140,0.51004273,False,8,4.29589038,0.42803904,False,23,3.80324523,0.28647396,False,11,2.70552140
TXN0000100747,C006127,2024-11-08 19:36:08,retry_payment,0.03333333,0,escalate_to_merchant,0,whatsapp_reminder,fallback,True,authentication_required,True,0.00308430,,False,"[""decision_uncertain"", ""expected_value_margin:0.7417763471603394"", ""probability_margin:-0.0030843019485473633"", ""margin_not_applicable_to_non_allow_decision""]",0.62925035,True,359,56.24386377,0.66238755,True,85,37.80492775,0.65930325,True,126,41.91580028,0.53017509,True,694,97.85794000
TXN0000108582,C006895,2024-11-08 19:45:04,payment_link,0.90000000,1,payment_link,0,no_action,stop,False,customer_decline,False,0.03929919,,False,"[""no_eligible_positive_value_action"", ""failure_matrix:block"", ""margin_not_applicable_to_non_allow_decision""]",0.60871464,True,58,8.97709815,0.67048293,False,25,3.45418296,0.63118374,False,10,3.52962620,0.44175991,False,12,7.36805008
TXN0000141712,C001711,2024-11-08 19:49:01,retry_payment,0.90000000,0,retry_payment,0,whatsapp_reminder,fallback,True,authentication_required,True,0.01462221,,False,"[""decision_uncertain"", ""expected_value_margin:11.037949085235596"", ""probability_margin:0.014622211456298828"", ""margin_not_applicable_to_non_allow_decision""]",0.60525686,True,359,56.24386377,0.63751620,True,85,37.80492775,0.65213841,True,126,41.91580028,0.48890111,True,694,97.85794000
TXN0000133743,C006001,2024-11-08 20:01:22,retry_payment,0.90000000,1,retry_payment,0,whatsapp_reminder,fallback,True,customer_decline,True,0.00152880,,False,"[""decision_uncertain"", ""expected_value_margin:4.479445517063141"", ""probability_margin:0.0019608139991760254"", ""margin_not_applicable_to_non_allow_decision""]",0.67591918,True,362,56.55389812,0.67548716,True,241,49.77543607,0.67744797,True,96,34.06733257,0.56164128,True,512,71.09486331
TXN0000131788,C003593,2024-11-08 20:26:30,escalate_to_merchant,0.90000000,1,escalate_to_merchant,0,payment_link,allow,False,customer_decline,True,0.05544353,27.70000000,False,"[""eligible"", ""contextually_supported_or_manual"", ""highest_risk_adjusted_expected_value"", ""expected_value_margin:31.74"", ""probability_margin:0.05544353"", ""fallback_ineligible""]",0.62386888,True,359,56.24386377,0.68210614,True,85,37.80492775,0.62666261,True,126,41.91580028,0.46018639,True,694,97.85794000
TXN0000085087,C004600,2024-11-08 20:57:19,whatsapp_reminder,0.90000000,1,whatsapp_reminder,0,whatsapp_reminder,fallback,True,customer_decline,True,0.01411670,,False,"[""decision_uncertain"", ""expected_value_margin:7.416713833808899"", ""probability_margin:0.01411670446395874"", ""margin_not_applicable_to_non_allow_decision""]",0.58027798,True,359,56.24386377,0.63685566,True,85,37.80492775,0.65097237,True,126,41.91580028,0.47710612,True,694,97.85794000
TXN0000161299,C009806,2024-11-08 21:22:26,whatsapp_reminder,0.90000000,0,whatsapp_reminder,0,payment_link,allow,False,technical_retryable,True,0.04369342,28.63000000,False,"[""eligible"", ""contextually_supported_or_manual"", ""highest_risk_adjusted_expected_value"", ""expected_value_margin:28.63"", ""probability_margin:0.02753979"", ""decision_margin_passed""]",0.63248670,True,134,25.67475706,0.66002649,True,55,23.54174517,0.70371991,True,69,17.37637634,0.49418741,True,213,29.38877094
TXN0000162462,C000318,2024-11-08 22:23:05,escalate_to_merchant,0.90000000,1,escalate_to_merchant,0,retry_payment,fallback,True,technical_retryable,True,0.06834173,,False,"[""decision_uncertain"", ""expected_value_margin:3.0713605880737305"", ""probability_margin:0.06834173202514648"", ""margin_not_applicable_to_non_allow_decision""]",0.59134448,True,382,61.49646714,0.65968621,True,55,50.36414754,0.58814430,True,122,42.51287438,0.47340283,True,685,101.16768160
TXN0000080502,C005902,2024-11-08 22:26:54,whatsapp_reminder,0.90000000,1,whatsapp_reminder,0,no_action,stop,False,authentication_required,False,0.03243399,,False,"[""no_eligible_positive_value_action"", ""failure_matrix:block"", ""margin_not_applicable_to_non_allow_decision""]",0.52332121,False,1,1.00000000,0.55575520,False,0,0.00000000,0.51855081,False,0,0.00000000,0.45091122,False,0,0.00000000
TXN0000063186,C008495,2024-11-08 23:21:01,escalate_to_merchant,0.90000000,1,escalate_to_merchant,0,retry_payment,fallback,True,technical_retryable,True,0.02427733,,False,"[""decision_uncertain"", ""expected_value_margin:None"", ""probability_margin:None"", ""margin_not_applicable_to_non_allow_decision""]",0.52371573,True,126,18.74890631,0.57106715,False,9,9.00000000,0.54678982,True,73,15.08078281,0.46769392,True,237,33.53941007
TXN0000047079,C003412,2024-11-09 07:04:16,whatsapp_reminder,0.90000000,1,whatsapp_reminder,0,whatsapp_reminder,fallback,True,authentication_required,True,0.03894514,,False,"[""decision_uncertain"", ""expected_value_margin:None"", ""probability_margin:None"", ""margin_not_applicable_to_non_allow_decision""]",0.59139884,True,126,18.74890631,0.58070284,False,9,9.00000000,0.63034397,True,73,15.08078281,0.50035000,True,237,33.53941007
TXN0000224962,C005434,2024-11-09 07:18:40,escalate_to_merchant,0.90000000,1,escalate_to_merchant,0,whatsapp_reminder,fallback,True,customer_decline,True,0.01346546,,False,"[""decision_uncertain"", ""expected_value_margin:None"", ""probability_margin:None"", ""margin_not_applicable_to_non_allow_decision""]",0.47751895,True,172,27.72056966,0.55552524,False,17,16.07278182,0.54205978,True,66,18.92736169,0.38572744,True,211,29.09046962
TXN0000071788,C007715,2024-11-09 08:05:14,escalate_to_merchant,0.90000000,1,escalate_to_merchant,0,whatsapp_reminder,fallback,True,authentication_required,True,0.00564831,,False,"[""decision_uncertain"", ""expected_value_margin:None"", ""probability_margin:None"", ""margin_not_applicable_to_non_allow_decision""]",0.66275871,True,172,27.72056966,0.71203387,False,17,16.07278182,0.70638555,True,66,18.92736169,0.59201008,True,211,29.09046962
TXN0000036830,C006129,2024-11-09 10:01:09,retry_payment,0.90000000,0,retry_payment,0,whatsapp_reminder,fallback,True,customer_decline,True,0.00080937,,False,"[""decision_uncertain"", ""expected_value_margin:3.6777312755584717"", ""probability_margin:0.0008093714714050293"", ""margin_not_applicable_to_non_allow_decision""]",0.51930833,True,129,19.07760664,0.60573465,True,218,30.47265689,0.60654402,True,34,21.95535821,0.41088265,True,65,18.84615345
TXN0000153152,C002015,2024-11-09 10:12:22,escalate_to_merchant,0.90000000,1,escalate_to_merchant,0,whatsapp_reminder,fallback,True,authentication_required,True,0.00443602,,False,"[""decision_uncertain"", ""expected_value_margin:None"", ""probability_margin:None"", ""margin_not_applicable_to_non_allow_decision""]",0.53460830,True,172,27.72056966,0.56959707,False,17,16.07278182,0.57403308,True,66,18.92736169,0.40390715,True,211,29.09046962
TXN0000097635,C009187,2024-11-09 11:21:16,whatsapp_reminder,0.90000000,1,whatsapp_reminder,0,no_action,stop,False,authentication_required,False,0.00891230,,False,"[""no_eligible_positive_value_action"", ""failure_matrix:block"", ""margin_not_applicable_to_non_allow_decision""]",0.41866365,True,382,61.49646714,0.47823182,True,55,50.36414754,0.46931952,True,122,42.51287438,0.41923282,True,685,101.16768160
TXN0000139245,C000824,2024-11-09 11:41:14,escalate_to_merchant,0.90000000,0,escalate_to_merchant,0,retry_payment,fallback,True,technical_retryable,True,0.02149177,,False,"[""decision_uncertain"", ""expected_value_margin:None"", ""probability_margin:None"", ""margin_not_applicable_to_non_allow_decision""]",0.51016414,True,47,47.00000000,0.55334437,False,2,2.00000000,0.53185260,False,21,3.60798899,0.42252490,False,12,3.68852452
TXN0000116974,C004375,2024-11-09 11:51:36,whatsapp_reminder,0.90000000,1,whatsapp_reminder,0,payment_link,allow,False,technical_retryable,True,0.04613280,65.19000000,False,"[""eligible"", ""contextually_supported_or_manual"", ""highest_risk_adjusted_expected_value"", ""expected_value_margin:65.19"", ""probability_margin:0.09505531"", ""decision_margin_passed""]",0.44513056,True,134,25.67475706,0.54018587,True,55,23.54174517,0.49405307,True,69,17.37637634,0.39404723,True,213,29.38877094
TXN0000059003,C008727,2024-11-09 13:14:24,escalate_to_merchant,0.90000000,1,escalate_to_merchant,0,no_action,stop,False,authentication_required,False,0.04502410,,False,"[""no_eligible_positive_value_action"", ""failure_matrix:block"", ""margin_not_applicable_to_non_allow_decision""]",0.48350918,False,49,7.23938140,0.56340235,False,8,4.29589038,0.51837826,False,23,3.80324523,0.39101458,False,11,2.70552140
TXN0000091263,C006875,2024-11-09 13:33:41,retry_payment,0.90000000,0,retry_payment,0,no_action,stop,False,technical_retryable,False,0.02022427,,False,"[""no_eligible_positive_value_action"", ""failure_matrix:block"", ""margin_not_applicable_to_non_allow_decision""]",0.61300045,False,49,7.23938140,0.66762531,False,8,4.29589038,0.68784958,False,23,3.80324523,0.45334604,False,11,2.70552140
TXN0000194064,C009056,2024-11-09 14:39:48,escalate_to_merchant,0.90000000,0,escalate_to_merchant,0,retry_payment,fallback,True,technical_retryable,True,0.01394874,,False,"[""decision_uncertain"", ""expected_value_margin:None"", ""probability_margin:None"", ""margin_not_applicable_to_non_allow_decision""]",0.52341843,True,172,27.72056966,0.55798060,False,17,16.07278182,0.57192934,True,66,18.92736169,0.40228134,True,211,29.09046962
TXN0000156130,C006231,2024-11-09 15:15:01,escalate_to_merchant,0.90000000,0,escalate_to_merchant,0,no_action,stop,False,customer_decline,False,0.02465373,,False,"[""customer_opted_out"", ""margin_not_applicable_to_non_allow_decision""]",0.60012531,True,362,56.55389812,0.65420204,True,241,49.77543607,0.62954831,True,96,34.06733257,0.47172922,True,512,71.09486331
TXN0000137189,C008773,2024-11-09 15:27:37,escalate_to_merchant,0.90000000,0,escalate_to_merchant,0,retry_payment,fallback,True,technical_retryable,True,0.00313994,,False,"[""decision_uncertain"", ""expected_value_margin:None"", ""probability_margin:None"", ""margin_not_applicable_to_non_allow_decision""]",0.47665372,True,60,8.27440554,0.46659821,False,1,1.00000000,0.47351378,False,46,6.69767366,0.40261176,True,93,13.89845234
TXN0000111056,C000014,2024-11-09 15:46:28,retry_payment,0.90000000,1,retry_payment,0,payment_link,allow,False,technical_retryable,True,0.02358013,60.00000000,False,"[""eligible"", ""contextually_supported_or_manual"", ""highest_risk_adjusted_expected_value"", ""expected_value_margin:60.0"", ""probability_margin:0.03251868"", ""decision_margin_passed""]",0.55230141,True,129,19.07760664,0.58482009,True,218,30.47265689,0.56123996,True,34,21.95535821,0.40998545,True,65,18.84615345
TXN0000160426,C002783,2024-11-09 15:57:24,payment_link,0.90000000,0,payment_link,0,escalate_to_merchant,fallback,True,merchant_configuration,True,0.03131235,,False,"[""decision_uncertain"", ""expected_value_margin:None"", ""probability_margin:None"", ""margin_not_applicable_to_non_allow_decision""]",0.53232932,True,387,66.60326136,0.59406656,True,625,91.91881191,0.56275421,True,50,36.09870729,0.37296799,True,196,56.61961283
TXN0000094540,C009094,2024-11-09 17:04:52,escalate_to_merchant,0.90000000,0,escalate_to_merchant,0,no_action,stop,False,customer_decline,False,0.01210153,,False,"[""no_eligible_positive_value_action"", ""failure_matrix:block"", ""margin_not_applicable_to_non_allow_decision""]",0.50290579,False,49,7.23938140,0.54020989,False,8,4.29589038,0.52810836,False,23,3.80324523,0.41436923,False,11,2.70552140
TXN0000025768,C006471,2024-11-09 17:10:34,payment_link,0.90000000,1,payment_link,0,no_action,stop,False,technical_retryable,False,0.02641565,,False,"[""no_eligible_positive_value_action"", ""failure_matrix:block"", ""margin_not_applicable_to_non_allow_decision""]",0.47009420,False,11,11.00000000,0.52522367,False,6,1.39509533,0.49880803,False,2,2.00000000,0.33543342,False,1,1.00000000
TXN0000020935,C007354,2024-11-09 17:20:08,whatsapp_reminder,0.03333333,1,escalate_to_merchant,0,payment_link,allow,False,customer_decline,True,0.04312539,14.61000000,False,"[""eligible"", ""contextually_supported_or_manual"", ""highest_risk_adjusted_expected_value"", ""expected_value_margin:15.39"", ""probability_margin:0.04312539"", ""fallback_ineligible""]",0.56456387,True,359,56.24386377,0.61985403,True,85,37.80492775,0.57672864,True,126,41.91580028,0.45002297,True,694,97.85794000
TXN0000125527,C007163,2024-11-09 17:32:12,escalate_to_merchant,0.90000000,1,escalate_to_merchant,0,retry_payment,fallback,True,technical_retryable,True,0.00416249,,False,"[""decision_uncertain"", ""expected_value_margin:None"", ""probability_margin:None"", ""margin_not_applicable_to_non_allow_decision""]",0.51634860,True,126,18.74890631,0.48614314,False,9,9.00000000,0.51218611,True,73,15.08078281,0.37077981,True,237,33.53941007
TXN0000202859,C008176,2024-11-09 17:57:50,escalate_to_merchant,0.90000000,0,escalate_to_merchant,0,retry_payment,fallback,True,technical_retryable,True,0.04454470,,False,"[""decision_uncertain"", ""expected_value_margin:None"", ""probability_margin:None"", ""margin_not_applicable_to_non_allow_decision""]",0.54165703,True,172,27.72056966,0.61078191,False,17,16.07278182,0.56623721,True,66,18.92736169,0.43128124,True,211,29.09046962
TXN0000169092,C005196,2024-11-09 17:58:16,escalate_to_merchant,0.90000000,1,escalate_to_merchant,0,payment_link,allow,False,technical_retryable,True,0.02499598,35.76000000,False,"[""eligible"", ""contextually_supported_or_manual"", ""highest_risk_adjusted_expected_value"", ""expected_value_margin:35.76"", ""probability_margin:0.03646708"", ""decision_margin_passed""]",0.60214174,True,134,25.67475706,0.63860881,True,55,23.54174517,0.61361283,True,69,17.37637634,0.45549178,True,213,29.38877094
TXN0000102977,C005912,2024-11-09 18:51:40,escalate_to_merchant,0.90000000,0,escalate_to_merchant,0,whatsapp_reminder,fallback,True,authentication_required,True,0.01632699,,False,"[""decision_uncertain"", ""expected_value_margin:None"", ""probability_margin:None"", ""margin_not_applicable_to_non_allow_decision""]",0.41478801,True,73,10.21909638,0.43111500,False,23,5.49540018,0.41338718,True,54,8.41672235,0.28624770,True,72,12.00499847
TXN0000008063,C008983,2024-11-09 19:25:28,escalate_to_merchant,0.90000000,0,escalate_to_merchant,0,payment_link,allow,False,technical_retryable,True,0.01701042,89.93000000,False,"[""eligible"", ""contextually_supported_or_manual"", ""highest_risk_adjusted_expected_value"", ""expected_value_margin:89.93"", ""probability_margin:0.07603264"", ""decision_margin_passed""]",0.36076993,True,134,25.67475706,0.43680257,True,55,23.54174517,0.41979215,True,69,17.37637634,0.24148415,True,213,29.38877094
TXN0000083414,C002766,2024-11-09 19:48:25,whatsapp_reminder,0.90000000,1,whatsapp_reminder,0,no_action,stop,False,authentication_required,False,0.03748608,,False,"[""no_eligible_positive_value_action"", ""failure_matrix:block"", ""margin_not_applicable_to_non_allow_decision""]",0.48513785,True,47,47.00000000,0.60579193,False,2,2.00000000,0.56830585,False,21,3.60798899,0.42655548,False,12,3.68852452
TXN0000126211,C004878,2024-11-09 19:48:47,escalate_to_merchant,0.90000000,0,escalate_to_merchant,0,retry_payment,fallback,True,technical_retryable,True,0.06458843,,False,"[""decision_uncertain"", ""expected_value_margin:1.882029414176941"", ""probability_margin:0.06458842754364014"", ""margin_not_applicable_to_non_allow_decision""]",0.59361243,True,382,61.49646714,0.65820086,True,55,50.36414754,0.58523458,True,122,42.51287438,0.47827342,True,685,101.16768160
TXN0000071775,C001454,2024-11-09 20:01:32,whatsapp_reminder,0.90000000,1,whatsapp_reminder,0,payment_link,fallback,True,customer_decline,True,0.03034997,,False,"[""decision_uncertain"", ""expected_value_margin:None"", ""probability_margin:None"", ""margin_not_applicable_to_non_allow_decision""]",0.63947833,True,359,56.24386377,0.68630958,True,85,37.80492775,0.71665955,True,126,41.91580028,0.52530718,True,694,97.85794000
TXN0000222637,C004275,2024-11-09 20:01:56,whatsapp_reminder,0.90000000,0,whatsapp_reminder,0,payment_link,allow,False,technical_retryable,True,0.00427574,28.81000000,False,"[""eligible"", ""contextually_supported_or_manual"", ""highest_risk_adjusted_expected_value"", ""expected_value_margin:28.81"", ""probability_margin:0.05824763"", ""decision_margin_passed""]",0.59729236,True,359,56.24386377,0.65553999,True,85,37.80492775,0.65981573,True,126,41.91580028,0.48168740,True,694,97.85794000
TXN0000169843,C005260,2024-11-09 20:07:02,escalate_to_merchant,0.90000000,0,escalate_to_merchant,0,whatsapp_reminder,fallback,True,authentication_required,True,0.01813126,,False,"[""decision_uncertain"", ""expected_value_margin:None"", ""probability_margin:None"", ""margin_not_applicable_to_non_allow_decision""]",0.65031642,True,126,18.74890631,0.67941487,False,9,9.00000000,0.66128361,True,73,15.08078281,0.52352875,True,237,33.53941007
TXN0000175417,C003231,2024-11-09 20:12:06,escalate_to_merchant,0.03333333,0,payment_link,0,payment_link,allow,False,authentication_required,True,0.03402728,210.71000000,False,"[""eligible"", ""contextually_supported_or_manual"", ""highest_risk_adjusted_expected_value"", ""expected_value_margin:142.6"", ""probability_margin:0.03402728"", ""fallback_ineligible""]",0.49746600,True,387,66.60326136,0.54884118,True,625,91.91881191,0.51481390,True,50,36.09870729,0.33939672,True,196,56.61961283
TXN0000028424,C007412,2024-11-09 20:18:25,whatsapp_reminder,0.90000000,1,whatsapp_reminder,0,no_action,stop,False,authentication_required,False,0.00026655,,False,"[""no_eligible_positive_value_action"", ""failure_matrix:block"", ""margin_not_applicable_to_non_allow_decision""]",0.71997243,False,49,7.23938140,0.76593035,False,8,4.29589038,0.76619691,False,23,3.80324523,0.60106730,False,11,2.70552140
TXN0000066394,C002459,2024-11-09 21:38:54,retry_payment,0.90000000,0,retry_payment,0,payment_link,fallback,True,customer_decline,True,0.01610678,,False,"[""decision_uncertain"", ""expected_value_margin:27.241522133350372"", ""probability_margin:0.016106784343719482"", ""margin_not_applicable_to_non_allow_decision""]",0.59233612,True,387,66.60326136,0.65813571,True,625,91.91881191,0.64202893,True,50,36.09870729,0.41667840,True,196,56.61961283
TXN0000244242,C009336,2024-11-09 21:40:53,payment_link,0.90000000,1,payment_link,0,retry_payment,fallback,True,technical_retryable,True,0.04881263,,False,"[""decision_uncertain"", ""expected_value_margin:18.89733910560608"", ""probability_margin:0.01165395975112915"", ""margin_not_applicable_to_non_allow_decision""]",0.54999471,True,59,8.94277964,0.56164867,True,90,12.53697431,0.61046129,False,19,4.27099396,0.32432321,True,43,10.73819641
TXN0000172525,C005810,2024-11-09 21:41:39,retry_payment,0.90000000,1,retry_payment,0,retry_payment,fallback,True,technical_retryable,True,0.01497716,,False,"[""decision_uncertain"", ""expected_value_margin:None"", ""probability_margin:None"", ""margin_not_applicable_to_non_allow_decision""]",0.62109131,True,47,47.00000000,0.68253505,False,2,2.00000000,0.66755790,False,21,3.60798899,0.49032623,False,12,3.68852452
TXN0000231284,C002372,2024-11-09 21:47:41,retry_payment,0.90000000,0,retry_payment,0,whatsapp_reminder,allow,False,authentication_required,True,0.02958292,12.38000000,False,"[""eligible"", ""contextually_supported_or_manual"", ""highest_risk_adjusted_expected_value"", ""expected_value_margin:11.21"", ""probability_margin:0.02958292"", ""fallback_ineligible""]",0.58512658,True,359,56.24386377,0.61536521,True,85,37.80492775,0.64494812,True,126,41.91580028,0.45714077,True,694,97.85794000
TXN0000066686,C005564,2024-11-09 22:16:35,retry_payment,0.90000000,1,retry_payment,0,retry_payment,fallback,True,technical_retryable,True,0.00764745,,False,"[""decision_uncertain"", ""expected_value_margin:None"", ""probability_margin:None"", ""margin_not_applicable_to_non_allow_decision""]",0.68154240,True,126,18.74890631,0.67087770,False,9,9.00000000,0.67389494,True,73,15.08078281,0.57067305,True,237,33.53941007
TXN0000069158,C003377,2024-11-09 22:33:48,escalate_to_merchant,0.03333333,0,payment_link,0,payment_link,fallback,True,customer_decline,True,0.02415997,,False,"[""decision_uncertain"", ""expected_value_margin:None"", ""probability_margin:None"", ""margin_not_applicable_to_non_allow_decision""]",0.61175263,True,129,19.07760664,0.64358443,True,218,30.47265689,0.61942446,True,34,21.95535821,0.47124448,True,65,18.84615345
TXN0000080664,C005704,2024-11-09 23:23:45,retry_payment,0.90000000,1,retry_payment,0,whatsapp_reminder,allow,False,customer_decline,True,0.03392100,27.93000000,False,"[""eligible"", ""contextually_supported_or_manual"", ""highest_risk_adjusted_expected_value"", ""expected_value_margin:25.86"", ""probability_margin:0.033921"", ""fallback_ineligible""]",0.61090660,True,362,56.55389812,0.62537664,True,241,49.77543607,0.65929765,True,96,34.06733257,0.50731140,True,512,71.09486331
TXN0000134968,C009396,2024-11-10 00:54:09,payment_link,0.90000000,1,payment_link,0,payment_link,allow,False,technical_retryable,True,0.00156301,227.36000000,False,"[""eligible"", ""contextually_supported_or_manual"", ""highest_risk_adjusted_expected_value"", ""expected_value_margin:227.37"", ""probability_margin:0.04791689"", ""decision_margin_passed""]",0.58375329,True,387,66.60326136,0.63167018,True,625,91.91881191,0.63010716,True,50,36.09870729,0.37325186,True,196,56.61961283
TXN0000087683,C003502,2024-11-10 07:02:12,escalate_to_merchant,0.90000000,0,escalate_to_merchant,0,no_action,stop,False,authentication_required,False,0.01343420,,False,"[""no_eligible_positive_value_action"", ""failure_matrix:block"", ""margin_not_applicable_to_non_allow_decision""]",0.34276620,False,49,7.90577463,0.37610856,False,6,6.00000000,0.38954276,True,63,11.63500628,0.20592925,True,88,12.69429910
TXN0000070643,C003437,2024-11-10 08:30:20,whatsapp_reminder,0.90000000,1,whatsapp_reminder,0,payment_link,fallback,True,customer_decline,True,0.01394129,,False,"[""decision_uncertain"", ""expected_value_margin:0.2594318389892578"", ""probability_margin:0.013941287994384766"", ""margin_not_applicable_to_non_allow_decision""]",0.60494900,True,382,61.49646714,0.65914392,True,55,50.36414754,0.64520264,True,122,42.51287438,0.49646121,True,685,101.16768160
TXN0000133719,C006375,2024-11-10 08:34:53,retry_payment,0.90000000,1,retry_payment,0,payment_link,fallback,True,customer_decline,True,0.01327902,,False,"[""decision_uncertain"", ""expected_value_margin:56.40343481302261"", ""probability_margin:0.0132790207862854"", ""margin_not_applicable_to_non_allow_decision""]",0.58776432,True,387,66.60326136,0.62260109,True,625,91.91881191,0.60932207,True,50,36.09870729,0.42955181,True,196,56.61961283
TXN0000207814,C003430,2024-11-10 09:40:10,payment_link,0.90000000,1,payment_link,0,payment_link,allow,False,technical_retryable,True,0.05008107,286.60000000,False,"[""eligible"", ""contextually_supported_or_manual"", ""highest_risk_adjusted_expected_value"", ""expected_value_margin:286.6"", ""probability_margin:0.05986679"", ""decision_margin_passed""]",0.54085660,True,387,66.60326136,0.60072339,True,625,91.91881191,0.55064231,True,50,36.09870729,0.36847109,True,196,56.61961283
TXN0000044100,C000380,2024-11-10 10:11:23,payment_link,0.90000000,0,payment_link,0,payment_link,fallback,True,authentication_required,True,0.04502606,,False,"[""decision_uncertain"", ""expected_value_margin:None"", ""probability_margin:None"", ""margin_not_applicable_to_non_allow_decision""]",0.43159834,True,59,8.94277964,0.48242974,True,90,12.53697431,0.43740368,False,19,4.27099396,0.31952637,True,43,10.73819641
TXN0000070143,C002766,2024-11-10 10:17:58,whatsapp_reminder,0.90000000,0,whatsapp_reminder,0,no_action,stop,False,customer_decline,False,0.01012871,,False,"[""no_eligible_positive_value_action"", ""failure_matrix:block"", ""margin_not_applicable_to_non_allow_decision""]",0.42807207,False,19,3.41762696,0.47984862,False,2,2.00000000,0.48997733,False,6,6.00000000,0.35684586,False,1,1.00000000
TXN0000024970,C000569,2024-11-10 10:28:35,whatsapp_reminder,0.90000000,0,whatsapp_reminder,0,no_action,stop,False,authentication_required,False,0.02954310,,False,"[""no_eligible_positive_value_action"", ""failure_matrix:block"", ""margin_not_applicable_to_non_allow_decision""]",0.58249962,False,49,7.23938140,0.66910714,False,8,4.29589038,0.63956404,False,23,3.80324523,0.49549386,False,11,2.70552140
TXN0000140363,C000933,2024-11-10 10:55:54,escalate_to_merchant,0.90000000,1,escalate_to_merchant,0,no_action,stop,False,authentication_required,False,0.05239731,,False,"[""no_eligible_positive_value_action"", ""failure_matrix:block"", ""margin_not_applicable_to_non_allow_decision""]",0.59051871,True,47,47.00000000,0.64314288,False,2,2.00000000,0.59074557,False,21,3.60798899,0.50953472,False,12,3.68852452
TXN0000137139,C008319,2024-11-10 11:29:26,whatsapp_reminder,0.90000000,1,whatsapp_reminder,0,no_action,stop,False,customer_decline,False,0.02151996,,False,"[""no_eligible_positive_value_action"", ""failure_matrix:block"", ""margin_not_applicable_to_non_allow_decision""]",0.62715870,False,49,7.23938140,0.67610818,False,8,4.29589038,0.65458822,False,23,3.80324523,0.53557569,False,11,2.70552140
TXN0000104113,C006685,2024-11-10 12:46:52,escalate_to_merchant,0.90000000,0,escalate_to_merchant,0,payment_link,allow,False,authentication_required,True,0.03037918,67.28000000,False,"[""eligible"", ""contextually_supported_or_manual"", ""highest_risk_adjusted_expected_value"", ""expected_value_margin:31.62"", ""probability_margin:0.03037918"", ""fallback_ineligible""]",0.55551386,True,362,56.55389812,0.62302804,True,241,49.77543607,0.59264886,True,96,34.06733257,0.38660288,True,512,71.09486331
TXN0000117047,C004761,2024-11-10 13:05:13,whatsapp_reminder,0.90000000,1,whatsapp_reminder,0,no_action,stop,False,customer_decline,False,0.01769948,,False,"[""no_eligible_positive_value_action"", ""failure_matrix:block"", ""margin_not_applicable_to_non_allow_decision""]",0.65945095,True,58,8.97709815,0.69607306,False,3,3.00000000,0.67837358,False,24,3.90270249,0.57197201,False,8,8.00000000
TXN0000123373,C001097,2024-11-10 13:13:02,escalate_to_merchant,0.90000000,0,escalate_to_merchant,0,no_action,stop,False,customer_decline,False,0.02981555,,False,"[""no_eligible_positive_value_action"", ""failure_matrix:block"", ""margin_not_applicable_to_non_allow_decision""]",0.60002959,False,49,7.23938140,0.65087366,False,8,4.29589038,0.62105811,False,23,3.80324523,0.45626473,False,11,2.70552140
TXN0000193884,C006157,2024-11-10 14:29:17,retry_payment,0.90000000,1,retry_payment,0,payment_link,allow,False,technical_retryable,True,0.04748046,36.15000000,False,"[""eligible"", ""contextually_supported_or_manual"", ""highest_risk_adjusted_expected_value"", ""expected_value_margin:36.15"", ""probability_margin:0.04965907"", ""decision_margin_passed""]",0.61081535,True,362,56.55389812,0.66047442,True,241,49.77543607,0.61299396,True,96,34.06733257,0.45165995,True,512,71.09486331
TXN0000124222,C006630,2024-11-10 14:38:02,payment_link,0.90000000,0,payment_link,0,payment_link,allow,False,customer_decline,True,0.02909976,224.63000000,False,"[""eligible"", ""contextually_supported_or_manual"", ""highest_risk_adjusted_expected_value"", ""expected_value_margin:72.36"", ""probability_margin:0.02909976"", ""fallback_ineligible""]",0.53641015,True,129,19.07760664,0.62714195,True,218,30.47265689,0.59804219,True,34,21.95535821,0.40408626,True,65,18.84615345
TXN0000168522,C004799,2024-11-10 14:40:57,escalate_to_merchant,0.90000000,0,escalate_to_merchant,0,no_action,stop,False,technical_retryable,False,0.00598884,,False,"[""no_eligible_positive_value_action"", ""failure_matrix:block"", ""margin_not_applicable_to_non_allow_decision""]",0.55351412,False,49,7.90577463,0.57390714,False,6,6.00000000,0.56791830,True,63,11.63500628,0.43170428,True,88,12.69429910
TXN0000234040,C003886,2024-11-10 14:43:19,whatsapp_reminder,0.90000000,1,whatsapp_reminder,0,retry_payment,fallback,True,technical_retryable,True,0.03518784,,False,"[""decision_uncertain"", ""expected_value_margin:None"", ""probability_margin:None"", ""margin_not_applicable_to_non_allow_decision""]",0.58173895,True,172,27.72056966,0.60432875,False,17,16.07278182,0.63951659,True,66,18.92736169,0.47798347,True,211,29.09046962
TXN0000206134,C003754,2024-11-10 14:43:48,whatsapp_reminder,0.90000000,0,whatsapp_reminder,0,retry_payment,fallback,True,technical_retryable,True,0.01580125,,False,"[""decision_uncertain"", ""expected_value_margin:4.387535572052002"", ""probability_margin:0.034894466400146484"", ""margin_not_applicable_to_non_allow_decision""]",0.66669703,True,359,56.24386377,0.70159149,True,85,37.80492775,0.68579024,True,126,41.91580028,0.56697160,True,694,97.85794000
TXN0000108405,C004719,2024-11-10 15:55:26,escalate_to_merchant,0.90000000,1,escalate_to_merchant,0,payment_link,fallback,True,customer_decline,True,0.02136666,,False,"[""decision_uncertain"", ""expected_value_margin:1.1900315880775452"", ""probability_margin:0.021366655826568604"", ""margin_not_applicable_to_non_allow_decision""]",0.59984326,True,382,61.49646714,0.65858477,True,55,50.36414754,0.63721812,True,122,42.51287438,0.48926279,True,685,101.16768160
TXN0000082892,C003977,2024-11-10 17:22:49,escalate_to_merchant,0.90000000,0,escalate_to_merchant,0,payment_link,allow,False,technical_retryable,True,0.00728488,40.92000000,False,"[""eligible"", ""contextually_supported_or_manual"", ""highest_risk_adjusted_expected_value"", ""expected_value_margin:40.93"", ""probability_margin:0.0571568"", ""decision_margin_passed""]",0.57387489,True,362,56.55389812,0.63103169,True,241,49.77543607,0.63831657,True,96,34.06733257,0.44661301,True,512,71.09486331
TXN0000082161,C006925,2024-11-10 18:27:39,whatsapp_reminder,0.90000000,1,whatsapp_reminder,0,payment_link,allow,False,technical_retryable,True,0.02853739,44.51000000,False,"[""eligible"", ""contextually_supported_or_manual"", ""highest_risk_adjusted_expected_value"", ""expected_value_margin:44.52"", ""probability_margin:0.03664845"", ""decision_margin_passed""]",0.53248084,True,134,25.67475706,0.56912929,True,55,23.54174517,0.59766668,True,69,17.37637634,0.39528030,True,213,29.38877094
TXN0000181164,C001738,2024-11-10 19:13:45,payment_link,0.90000000,0,payment_link,0,payment_link,allow,False,technical_retryable,True,0.03724414,136.86000000,False,"[""eligible"", ""contextually_supported_or_manual"", ""highest_risk_adjusted_expected_value"", ""expected_value_margin:136.86"", ""probability_margin:0.05443734"", ""decision_margin_passed""]",0.53885537,True,387,66.60326136,0.59329271,True,625,91.91881191,0.55604857,True,50,36.09870729,0.39196700,True,196,56.61961283
TXN0000014662,C003535,2024-11-10 19:43:56,escalate_to_merchant,0.90000000,1,escalate_to_merchant,0,whatsapp_reminder,fallback,True,customer_decline,True,0.03998286,,False,"[""decision_uncertain"", ""expected_value_margin:None"", ""probability_margin:None"", ""margin_not_applicable_to_non_allow_decision""]",0.63901716,True,126,18.74890631,0.67900002,False,9,9.00000000,0.61531150,True,73,15.08078281,0.53594714,True,237,33.53941007
TXN0000155460,C001407,2024-11-10 19:54:22,retry_payment,0.90000000,1,retry_payment,0,no_action,stop,False,technical_retryable,False,0.03074831,,False,"[""no_eligible_positive_value_action"", ""failure_matrix:block"", ""margin_not_applicable_to_non_allow_decision""]",0.60725647,False,11,11.00000000,0.66210914,False,6,1.39509533,0.63136083,False,2,2.00000000,0.44329989,False,1,1.00000000
TXN0000010586,C008286,2024-11-10 19:57:55,whatsapp_reminder,0.90000000,0,whatsapp_reminder,0,no_action,stop,False,authentication_required,False,0.05557239,,False,"[""no_eligible_positive_value_action"", ""failure_matrix:block"", ""margin_not_applicable_to_non_allow_decision""]",0.63699752,True,60,8.27440554,0.71430492,False,1,1.00000000,0.65873253,False,46,6.69767366,0.55707061,True,93,13.89845234
TXN0000204178,C000932,2024-11-10 20:48:36,payment_link,0.90000000,0,payment_link,0,no_action,stop,False,technical_retryable,False,0.01538306,,False,"[""no_eligible_positive_value_action"", ""failure_matrix:block"", ""margin_not_applicable_to_non_allow_decision""]",0.67885685,False,49,7.23938140,0.72433794,False,8,4.29589038,0.70895487,False,23,3.80324523,0.55976588,False,11,2.70552140
TXN0000118247,C003666,2024-11-10 21:22:12,retry_payment,0.90000000,0,retry_payment,0,no_action,stop,False,authentication_required,False,0.01791543,,False,"[""no_eligible_positive_value_action"", ""failure_matrix:block"", ""margin_not_applicable_to_non_allow_decision""]",0.61955267,False,49,7.23938140,0.67360914,False,8,4.29589038,0.65569371,False,23,3.80324523,0.47585890,False,11,2.70552140
TXN0000229608,C006973,2024-11-10 21:25:52,retry_payment,0.90000000,1,retry_payment,0,no_action,stop,False,authentication_required,False,0.03319085,,False,"[""no_eligible_positive_value_action"", ""failure_matrix:block"", ""margin_not_applicable_to_non_allow_decision""]",0.69046253,False,49,7.23938140,0.70997202,False,8,4.29589038,0.74316287,False,23,3.80324523,0.51206887,False,11,2.70552140
TXN0000171486,C009628,2024-11-10 22:21:25,retry_payment,0.90000000,1,retry_payment,0,payment_link,allow,False,technical_retryable,True,0.01715803,46.21000000,False,"[""eligible"", ""contextually_supported_or_manual"", ""highest_risk_adjusted_expected_value"", ""expected_value_margin:46.22"", ""probability_margin:0.02586615"", ""decision_margin_passed""]",0.65105331,True,387,66.60326136,0.67691946,True,625,91.91881191,0.69407749,True,50,36.09870729,0.49024191,True,196,56.61961283
TXN0000064104,C007585,2024-11-10 22:32:42,retry_payment,0.90000000,0,retry_payment,0,whatsapp_reminder,fallback,True,customer_decline,True,0.00398946,,False,"[""decision_uncertain"", ""expected_value_margin:3.1675753593444824"", ""probability_margin:0.003989458084106445"", ""margin_not_applicable_to_non_allow_decision""]",0.63669282,True,382,61.49646714,0.65724051,True,55,50.36414754,0.66122997,True,122,42.51287438,0.51732057,True,685,101.16768160
TXN0000172853,C009309,2024-11-11 06:54:10,retry_payment,0.90000000,1,retry_payment,0,whatsapp_reminder,allow,False,customer_decline,True,0.02017909,7.35000000,False,"[""eligible"", ""contextually_supported_or_manual"", ""highest_risk_adjusted_expected_value"", ""expected_value_margin:16.04"", ""probability_margin:0.02124828"", ""fallback_ineligible""]",0.68095928,True,134,25.67475706,0.67989010,True,55,23.54174517,0.70113838,True,69,17.37637634,0.54540157,True,213,29.38877094
TXN0000051831,C007934,2024-11-11 08:04:44,escalate_to_merchant,0.90000000,0,escalate_to_merchant,0,payment_link,allow,False,customer_decline,True,0.03697258,62.52000000,False,"[""eligible"", ""contextually_supported_or_manual"", ""highest_risk_adjusted_expected_value"", ""expected_value_margin:27.81"", ""probability_margin:0.03697258"", ""fallback_ineligible""]",0.49012586,True,134,25.67475706,0.57686430,True,55,23.54174517,0.53989172,True,69,17.37637634,0.39299065,True,213,29.38877094
TXN0000146044,C006961,2024-11-11 09:41:24,retry_payment,0.90000000,0,retry_payment,0,no_action,stop,False,customer_decline,False,0.02785552,,False,"[""no_eligible_positive_value_action"", ""failure_matrix:block"", ""margin_not_applicable_to_non_allow_decision""]",0.69468307,False,49,7.23938140,0.72253859,False,8,4.29589038,0.68908781,False,23,3.80324523,0.53436488,False,11,2.70552140
TXN0000056223,C000950,2024-11-11 10:29:44,whatsapp_reminder,0.90000000,0,whatsapp_reminder,0,retry_payment,fallback,True,technical_retryable,True,0.02841419,,False,"[""decision_uncertain"", ""expected_value_margin:None"", ""probability_margin:None"", ""margin_not_applicable_to_non_allow_decision""]",0.61888540,True,58,8.97709815,0.66052812,False,3,3.00000000,0.68894231,False,24,3.90270249,0.53039372,False,8,8.00000000
TXN0000062411,C003164,2024-11-11 11:01:28,retry_payment,0.03333333,1,escalate_to_merchant,0,payment_link,fallback,True,customer_decline,True,0.00282902,,False,"[""decision_uncertain"", ""expected_value_margin:2.372610926628113"", ""probability_margin:0.0028290152549743652"", ""margin_not_applicable_to_non_allow_decision""]",0.53632420,True,129,19.07760664,0.56453890,True,218,30.47265689,0.56170988,True,34,21.95535821,0.40558761,True,65,18.84615345
TXN0000068347,C000603,2024-11-11 11:19:28,payment_link,0.90000000,1,payment_link,0,payment_link,fallback,True,customer_decline,True,0.00005573,,False,"[""decision_uncertain"", ""expected_value_margin:None"", ""probability_margin:None"", ""margin_not_applicable_to_non_allow_decision""]",0.60979658,True,387,66.60326136,0.64428109,True,625,91.91881191,0.64433682,True,50,36.09870729,0.45016786,True,196,56.61961283
TXN0000191329,C003606,2024-11-11 12:12:13,retry_payment,0.90000000,0,retry_payment,0,no_action,stop,False,customer_decline,False,0.03228307,,False,"[""no_eligible_positive_value_action"", ""failure_matrix:block"", ""margin_not_applicable_to_non_allow_decision""]",0.51883864,False,18,18.00000000,0.52931774,False,1,1.00000000,0.56160080,False,7,3.29758098,0.40877998,False,0,0.00000000
TXN0000243280,C006489,2024-11-11 12:14:04,retry_payment,0.90000000,1,retry_payment,0,escalate_to_merchant,fallback,True,merchant_configuration,True,0.02634859,,False,"[""decision_uncertain"", ""expected_value_margin:None"", ""probability_margin:None"", ""margin_not_applicable_to_non_allow_decision""]",0.66879386,True,60,8.27440554,0.70945507,False,1,1.00000000,0.68310648,False,46,6.69767366,0.55358505,True,93,13.89845234
TXN0000184665,C002155,2024-11-11 13:03:58,retry_payment,0.90000000,1,retry_payment,0,retry_payment,fallback,True,technical_retryable,True,0.00934821,,False,"[""decision_uncertain"", ""expected_value_margin:None"", ""probability_margin:None"", ""margin_not_applicable_to_non_allow_decision""]",0.65507495,True,126,18.74890631,0.68229115,False,9,9.00000000,0.67294294,True,73,15.08078281,0.56213689,True,237,33.53941007
TXN0000231968,C000626,2024-11-11 13:40:53,retry_payment,0.90000000,1,retry_payment,0,retry_payment,fallback,True,technical_retryable,True,0.00125736,,False,"[""decision_uncertain"", ""expected_value_margin:None"", ""probability_margin:None"", ""margin_not_applicable_to_non_allow_decision""]",0.66580242,True,126,18.74890631,0.67102969,False,9,9.00000000,0.67228705,True,73,15.08078281,0.54904431,True,237,33.53941007
TXN0000242207,C000658,2024-11-11 13:43:28,escalate_to_merchant,0.90000000,1,escalate_to_merchant,0,no_action,stop,False,technical_retryable,False,0.09422246,,False,"[""no_eligible_positive_value_action"", ""failure_matrix:block"", ""margin_not_applicable_to_non_allow_decision""]",0.49345729,False,49,7.23938140,0.58954298,False,8,4.29589038,0.49532053,False,23,3.80324523,0.38571250,False,11,2.70552140
TXN0000143840,C008737,2024-11-11 14:05:11,whatsapp_reminder,0.90000000,0,whatsapp_reminder,0,no_action,stop,False,authentication_required,False,0.01762384,,False,"[""no_eligible_positive_value_action"", ""failure_matrix:block"", ""margin_not_applicable_to_non_allow_decision""]",0.66171205,True,126,18.74890631,0.68496579,False,9,9.00000000,0.70258963,True,73,15.08078281,0.58298588,True,237,33.53941007
TXN0000172570,C007661,2024-11-11 14:09:01,retry_payment,0.90000000,0,retry_payment,0,no_action,stop,False,technical_retryable,False,0.02723384,,False,"[""no_eligible_positive_value_action"", ""failure_matrix:block"", ""margin_not_applicable_to_non_allow_decision""]",0.69363445,False,49,7.23938140,0.75218064,False,8,4.29589038,0.72494680,False,23,3.80324523,0.58125597,False,11,2.70552140
TXN0000111127,C009956,2024-11-11 16:28:11,escalate_to_merchant,0.90000000,1,escalate_to_merchant,0,retry_payment,fallback,True,technical_retryable,True,0.00826722,,False,"[""decision_uncertain"", ""expected_value_margin:None"", ""probability_margin:None"", ""margin_not_applicable_to_non_allow_decision""]",0.51341021,True,60,8.27440554,0.50997919,False,1,1.00000000,0.52167743,False,46,6.69767366,0.43863323,True,93,13.89845234
TXN0000069376,C002375,2024-11-11 17:05:05,retry_payment,0.90000000,1,retry_payment,0,no_action,stop,False,technical_retryable,False,0.05380887,,False,"[""no_eligible_positive_value_action"", ""failure_matrix:block"", ""margin_not_applicable_to_non_allow_decision""]",0.55203807,False,49,7.23938140,0.60584694,False,8,4.29589038,0.54782069,False,23,3.80324523,0.42117929,False,11,2.70552140
TXN0000089598,C006139,2024-11-11 17:13:00,whatsapp_reminder,0.03333333,1,escalate_to_merchant,0,whatsapp_reminder,fallback,True,authentication_required,True,0.00309402,,False,"[""decision_uncertain"", ""expected_value_margin:None"", ""probability_margin:None"", ""margin_not_applicable_to_non_allow_decision""]",0.59350628,True,172,27.72056966,0.61482263,False,17,16.07278182,0.61791664,True,66,18.92736169,0.47104630,True,211,29.09046962
TXN0000103154,C007007,2024-11-11 17:13:16,payment_link,0.90000000,1,payment_link,0,no_action,stop,False,customer_decline,False,0.04962444,,False,"[""customer_opted_out"", ""margin_not_applicable_to_non_allow_decision""]",0.54451257,True,387,66.60326136,0.58448392,True,625,91.91881191,0.63410836,True,50,36.09870729,0.38196281,True,196,56.61961283
TXN0000068286,C002046,2024-11-11 17:26:58,retry_payment,0.90000000,0,retry_payment,0,escalate_to_merchant,fallback,True,merchant_configuration,True,0.01563466,,False,"[""decision_uncertain"", ""expected_value_margin:None"", ""probability_margin:None"", ""margin_not_applicable_to_non_allow_decision""]",0.52495563,True,58,8.97709815,0.54241663,False,25,3.45418296,0.55805129,False,10,3.52962620,0.36768532,False,12,7.36805008
TXN0000124183,C007299,2024-11-11 18:27:31,payment_link,0.90000000,0,payment_link,0,escalate_to_merchant,fallback,True,merchant_configuration,True,0.01285082,,False,"[""decision_uncertain"", ""expected_value_margin:None"", ""probability_margin:None"", ""margin_not_applicable_to_non_allow_decision""]",0.54740596,True,129,19.07760664,0.59656066,True,218,30.47265689,0.60941148,True,34,21.95535821,0.40155014,True,65,18.84615345
TXN0000111293,C005528,2024-11-11 18:46:13,retry_payment,0.90000000,0,retry_payment,0,no_action,stop,False,customer_decline,False,0.00118452,,False,"[""no_eligible_positive_value_action"", ""failure_matrix:block"", ""margin_not_applicable_to_non_allow_decision""]",0.63983017,True,58,8.97709815,0.66499388,False,25,3.45418296,0.66617841,False,10,3.52962620,0.52977419,False,12,7.36805008
TXN0000134966,C003540,2024-11-11 19:06:15,retry_payment,0.90000000,1,retry_payment,0,retry_payment,fallback,True,technical_retryable,True,0.01918691,,False,"[""decision_uncertain"", ""expected_value_margin:None"", ""probability_margin:None"", ""margin_not_applicable_to_non_allow_decision""]",0.71057487,True,47,47.00000000,0.74287611,False,2,2.00000000,0.72368920,False,21,3.60798899,0.57813931,False,12,3.68852452
TXN0000042622,C003565,2024-11-11 19:11:02,retry_payment,0.90000000,1,retry_payment,0,payment_link,allow,False,technical_retryable,True,0.02234435,88.06000000,False,"[""eligible"", ""contextually_supported_or_manual"", ""highest_risk_adjusted_expected_value"", ""expected_value_margin:88.07"", ""probability_margin:0.04931504"", ""decision_margin_passed""]",0.69370580,True,129,19.07760664,0.74302083,True,218,30.47265689,0.72067648,True,34,21.95535821,0.54924816,True,65,18.84615345
TXN0000123708,C008867,2024-11-11 19:27:14,retry_payment,0.90000000,1,retry_payment,0,whatsapp_reminder,fallback,True,authentication_required,True,0.00762790,,False,"[""decision_uncertain"", ""expected_value_margin:None"", ""probability_margin:None"", ""margin_not_applicable_to_non_allow_decision""]",0.62891924,False,49,7.90577463,0.65738392,False,6,6.00000000,0.66501182,True,63,11.63500628,0.50991100,True,88,12.69429910
TXN0000225091,C002479,2024-11-11 20:04:46,retry_payment,0.90000000,1,retry_payment,0,retry_payment,fallback,True,technical_retryable,True,0.00588977,,False,"[""decision_uncertain"", ""expected_value_margin:None"", ""probability_margin:None"", ""margin_not_applicable_to_non_allow_decision""]",0.56226695,True,73,10.21909638,0.56815672,False,23,5.49540018,0.55616868,True,54,8.41672235,0.41472355,True,72,12.00499847
TXN0000090561,C008893,2024-11-11 20:19:09,payment_link,0.90000000,0,payment_link,0,payment_link,allow,False,customer_decline,True,0.01974356,70.53000000,False,"[""eligible"", ""contextually_supported_or_manual"", ""highest_risk_adjusted_expected_value"", ""expected_value_margin:64.48"", ""probability_margin:0.01974356"", ""fallback_ineligible""]",0.57059443,True,129,19.07760664,0.59382802,True,218,30.47265689,0.57408446,True,34,21.95535821,0.41137624,True,65,18.84615345
TXN0000133177,C006538,2024-11-11 20:19:31,payment_link,0.90000000,1,payment_link,0,payment_link,allow,False,technical_retryable,True,0.00466985,187.45000000,False,"[""eligible"", ""contextually_supported_or_manual"", ""highest_risk_adjusted_expected_value"", ""expected_value_margin:187.45"", ""probability_margin:0.02837157"", ""decision_margin_passed""]",0.51926434,True,387,66.60326136,0.54763591,True,625,91.91881191,0.55230576,True,50,36.09870729,0.32581812,True,196,56.61961283
TXN0000000684,C008860,2024-11-11 20:35:40,payment_link,0.90000000,1,payment_link,0,payment_link,fallback,True,authentication_required,True,0.01582086,,False,"[""decision_uncertain"", ""expected_value_margin:60.542996764183044"", ""probability_margin:0.015820860862731934"", ""margin_not_applicable_to_non_allow_decision""]",0.53432804,True,387,66.60326136,0.58242130,True,625,91.91881191,0.56660044,True,50,36.09870729,0.37789539,True,196,56.61961283
TXN0000213407,C005688,2024-11-11 21:51:09,whatsapp_reminder,0.03333333,1,escalate_to_merchant,0,retry_payment,fallback,True,technical_retryable,True,0.03232127,,False,"[""decision_uncertain"", ""expected_value_margin:None"", ""probability_margin:None"", ""margin_not_applicable_to_non_allow_decision""]",0.51649457,True,126,18.74890631,0.56782907,False,9,9.00000000,0.53550780,True,73,15.08078281,0.42745510,True,237,33.53941007
TXN0000028885,C004356,2024-11-11 22:11:25,retry_payment,0.90000000,0,retry_payment,0,payment_link,allow,False,customer_decline,True,0.03863162,139.90000000,False,"[""eligible"", ""contextually_supported_or_manual"", ""highest_risk_adjusted_expected_value"", ""expected_value_margin:121.99"", ""probability_margin:0.03863162"", ""fallback_ineligible""]",0.59812707,True,387,66.60326136,0.64411604,True,625,91.91881191,0.60548443,True,50,36.09870729,0.43432370,True,196,56.61961283
TXN0000153023,C007250,2024-11-11 22:36:25,payment_link,0.90000000,0,payment_link,0,payment_link,allow,False,technical_retryable,True,0.03830451,226.52000000,False,"[""eligible"", ""contextually_supported_or_manual"", ""highest_risk_adjusted_expected_value"", ""expected_value_margin:226.52"", ""probability_margin:0.0397085"", ""decision_margin_passed""]",0.56233120,True,129,19.07760664,0.60203969,True,218,30.47265689,0.56373519,True,34,21.95535821,0.40570444,True,65,18.84615345
TXN0000150620,C001091,2024-11-11 22:42:34,escalate_to_merchant,0.90000000,0,escalate_to_merchant,0,whatsapp_reminder,fallback,True,authentication_required,True,0.00923228,,False,"[""decision_uncertain"", ""expected_value_margin:None"", ""probability_margin:None"", ""margin_not_applicable_to_non_allow_decision""]",0.49898729,True,126,18.74890631,0.48975500,False,9,9.00000000,0.48587158,True,73,15.08078281,0.43482766,True,237,33.53941007
TXN0000020190,C008696,2024-11-12 05:43:55,retry_payment,0.90000000,1,retry_payment,0,whatsapp_reminder,allow,False,authentication_required,True,0.05004233,56.28000000,False,"[""eligible"", ""contextually_supported_or_manual"", ""highest_risk_adjusted_expected_value"", ""expected_value_margin:61.1"", ""probability_margin:0.05004233"", ""fallback_ineligible""]",0.66325349,True,134,25.67475706,0.66596276,True,55,23.54174517,0.71600509,True,69,17.37637634,0.53368980,True,213,29.38877094
TXN0000107522,C006170,2024-11-12 06:29:06,payment_link,0.90000000,1,payment_link,0,payment_link,fallback,True,authentication_required,True,0.01719612,,False,"[""decision_uncertain"", ""expected_value_margin:None"", ""probability_margin:None"", ""margin_not_applicable_to_non_allow_decision""]",0.59400922,True,387,66.60326136,0.63291341,True,625,91.91881191,0.65010953,True,50,36.09870729,0.42264980,True,196,56.61961283
TXN0000243264,C006239,2024-11-12 07:05:05,whatsapp_reminder,0.90000000,0,whatsapp_reminder,0,escalate_to_merchant,fallback,True,merchant_configuration,True,0.00382757,,False,"[""decision_uncertain"", ""expected_value_margin:None"", ""probability_margin:None"", ""margin_not_applicable_to_non_allow_decision""]",0.58553201,True,126,18.74890631,0.63170046,False,9,9.00000000,0.62787288,True,73,15.08078281,0.49256775,True,237,33.53941007
TXN0000029284,C005342,2024-11-12 08:14:29,retry_payment,0.90000000,0,retry_payment,0,whatsapp_reminder,fallback,True,customer_decline,True,0.00881833,,False,"[""decision_uncertain"", ""expected_value_margin:14.145924985408783"", ""probability_margin:0.008818328380584717"", ""margin_not_applicable_to_non_allow_decision""]",0.72363359,True,362,56.55389812,0.72996312,True,241,49.77543607,0.73878145,True,96,34.06733257,0.61039662,True,512,71.09486331
TXN0000209482,C008562,2024-11-12 09:00:52,payment_link,0.03333333,1,whatsapp_reminder,0,payment_link,allow,False,customer_decline,True,0.01720804,23.38000000,False,"[""eligible"", ""contextually_supported_or_manual"", ""highest_risk_adjusted_expected_value"", ""expected_value_margin:13.29"", ""probability_margin:0.01720804"", ""fallback_ineligible""]",0.67109233,True,362,56.55389812,0.70584464,True,241,49.77543607,0.68863660,True,96,34.06733257,0.55555528,True,512,71.09486331
TXN0000146659,C000266,2024-11-12 09:04:36,whatsapp_reminder,0.90000000,1,whatsapp_reminder,0,retry_payment,fallback,True,technical_retryable,True,0.03252679,,False,"[""decision_uncertain"", ""expected_value_margin:None"", ""probability_margin:None"", ""margin_not_applicable_to_non_allow_decision""]",0.59702963,True,172,27.72056966,0.61017114,False,17,16.07278182,0.64269793,True,66,18.92736169,0.47900414,True,211,29.09046962
TXN0000155457,C006900,2024-11-12 09:08:50,payment_link,0.90000000,0,payment_link,0,payment_link,allow,False,technical_retryable,True,0.04195791,84.79000000,False,"[""eligible"", ""contextually_supported_or_manual"", ""highest_risk_adjusted_expected_value"", ""expected_value_margin:84.79"", ""probability_margin:0.05317673"", ""decision_margin_passed""]",0.49588564,True,129,19.07760664,0.54906237,True,218,30.47265689,0.50710446,True,34,21.95535821,0.36047363,True,65,18.84615345
TXN0000090329,C008610,2024-11-12 09:40:11,escalate_to_merchant,0.90000000,0,escalate_to_merchant,0,no_action,stop,False,authentication_required,False,0.03988004,,False,"[""customer_opted_out"", ""margin_not_applicable_to_non_allow_decision""]",0.57693750,False,49,7.23938140,0.67530245,False,8,4.29589038,0.63542241,False,23,3.80324523,0.43977797,False,11,2.70552140
TXN0000052273,C002524,2024-11-12 09:51:23,escalate_to_merchant,0.90000000,0,escalate_to_merchant,0,payment_link,fallback,True,customer_decline,True,0.02114487,,False,"[""decision_uncertain"", ""expected_value_margin:2.2961463928222656"", ""probability_margin:0.021144866943359375"", ""margin_not_applicable_to_non_allow_decision""]",0.60000789,True,382,61.49646714,0.63462174,True,55,50.36414754,0.61347687,True,122,42.51287438,0.50276828,True,685,101.16768160
TXN0000157924,C001671,2024-11-12 10:11:09,retry_payment,0.90000000,0,retry_payment,0,escalate_to_merchant,fallback,True,merchant_configuration,True,0.00120169,,False,"[""decision_uncertain"", ""expected_value_margin:None"", ""probability_margin:None"", ""margin_not_applicable_to_non_allow_decision""]",0.63412207,True,172,27.72056966,0.70805484,False,17,16.07278182,0.70685315,True,66,18.92736169,0.56819201,True,211,29.09046962
TXN0000026807,C005528,2024-11-12 10:31:38,retry_payment,0.90000000,1,retry_payment,0,escalate_to_merchant,fallback,True,merchant_configuration,True,0.01881683,,False,"[""decision_uncertain"", ""expected_value_margin:None"", ""probability_margin:None"", ""margin_not_applicable_to_non_allow_decision""]",0.54350591,False,11,11.00000000,0.56778973,False,6,1.39509533,0.58660656,False,2,2.00000000,0.46353337,False,1,1.00000000
TXN0000165127,C006973,2024-11-12 10:37:03,retry_payment,0.90000000,1,retry_payment,0,no_action,stop,False,authentication_required,False,0.02705359,,False,"[""no_eligible_positive_value_action"", ""failure_matrix:block"", ""margin_not_applicable_to_non_allow_decision""]",0.49844861,False,19,3.41762696,0.53574920,False,2,2.00000000,0.56280279,False,6,6.00000000,0.44766805,False,1,1.00000000
TXN0000117663,C008545,2024-11-12 10:42:22,retry_payment,0.90000000,0,retry_payment,0,whatsapp_reminder,fallback,True,customer_decline,True,0.02167457,,False,"[""decision_uncertain"", ""expected_value_margin:None"", ""probability_margin:None"", ""margin_not_applicable_to_non_allow_decision""]",0.68720311,False,49,7.90577463,0.66622424,False,6,6.00000000,0.70887768,True,63,11.63500628,0.56745684,True,88,12.69429910
TXN0000102673,C004332,2024-11-12 11:10:30,retry_payment,0.03333333,1,escalate_to_merchant,0,payment_link,allow,False,authentication_required,True,0.00946909,-23.44000000,False,"[""eligible"", ""contextually_supported_or_manual"", ""highest_risk_adjusted_expected_value"", ""expected_value_margin:29.45"", ""probability_margin:0.01944625"", ""fallback_ineligible""]",0.56467867,True,129,19.07760664,0.55520958,True,218,30.47265689,0.53576332,True,34,21.95535821,0.36117187,True,65,18.84615345
TXN0000168992,C003435,2024-11-12 13:27:58,escalate_to_merchant,0.90000000,0,escalate_to_merchant,0,no_action,stop,False,customer_decline,False,0.04587865,,False,"[""no_eligible_positive_value_action"", ""failure_matrix:block"", ""margin_not_applicable_to_non_allow_decision""]",0.56642008,False,49,7.23938140,0.63110745,False,8,4.29589038,0.58522880,False,23,3.80324523,0.41051701,False,11,2.70552140
TXN0000108899,C004249,2024-11-12 13:41:42,whatsapp_reminder,0.90000000,0,whatsapp_reminder,0,retry_payment,fallback,True,technical_retryable,True,0.01064384,,False,"[""decision_uncertain"", ""expected_value_margin:None"", ""probability_margin:None"", ""margin_not_applicable_to_non_allow_decision""]",0.56400913,True,73,10.21909638,0.57315677,False,23,5.49540018,0.58380061,True,54,8.41672235,0.42378306,True,72,12.00499847
TXN0000068199,C009611,2024-11-12 13:46:30,whatsapp_reminder,0.03333333,1,escalate_to_merchant,0,payment_link,allow,False,technical_retryable,True,0.04671687,63.95000000,False,"[""eligible"", ""contextually_supported_or_manual"", ""highest_risk_adjusted_expected_value"", ""expected_value_margin:63.95"", ""probability_margin:0.05463314"", ""decision_margin_passed""]",0.56996167,True,134,25.67475706,0.62459481,True,55,23.54174517,0.57787794,True,69,17.37637634,0.43818465,True,213,29.38877094
TXN0000061812,C003471,2024-11-12 15:07:54,escalate_to_merchant,0.90000000,1,escalate_to_merchant,0,payment_link,allow,False,authentication_required,True,0.04359132,66.18000000,False,"[""eligible"", ""contextually_supported_or_manual"", ""highest_risk_adjusted_expected_value"", ""expected_value_margin:40.43"", ""probability_margin:0.04359132"", ""fallback_ineligible""]",0.58592409,True,362,56.55389812,0.66169500,True,241,49.77543607,0.61810368,True,96,34.06733257,0.44452113,True,512,71.09486331
TXN0000124818,C002194,2024-11-12 15:24:25,retry_payment,0.90000000,1,retry_payment,0,whatsapp_reminder,fallback,True,customer_decline,True,0.00046563,,False,"[""decision_uncertain"", ""expected_value_margin:3.013170003890991"", ""probability_margin:0.00046563148498535156"", ""margin_not_applicable_to_non_allow_decision""]",0.71710652,True,387,66.60326136,0.75700933,True,625,91.91881191,0.75747496,True,50,36.09870729,0.55223215,True,196,56.61961283
TXN0000044737,C006323,2024-11-12 15:58:32,retry_payment,0.03333333,0,whatsapp_reminder,0,no_action,stop,False,authentication_required,False,0.04807222,,False,"[""customer_opted_out"", ""margin_not_applicable_to_non_allow_decision""]",0.57423210,False,49,7.90577463,0.63121915,False,6,6.00000000,0.58314693,True,63,11.63500628,0.44079214,True,88,12.69429910
TXN0000052004,C006230,2024-11-12 16:36:48,escalate_to_merchant,0.90000000,1,escalate_to_merchant,0,payment_link,allow,False,customer_decline,True,0.02615333,18.90000000,False,"[""eligible"", ""contextually_supported_or_manual"", ""highest_risk_adjusted_expected_value"", ""expected_value_margin:16.35"", ""probability_margin:0.02615333"", ""fallback_ineligible""]",0.62754214,True,362,56.55389812,0.66537237,True,241,49.77543607,0.63921905,True,96,34.06733257,0.51465398,True,512,71.09486331
TXN0000118088,C008587,2024-11-12 16:54:03,escalate_to_merchant,0.90000000,0,escalate_to_merchant,0,whatsapp_reminder,fallback,True,authentication_required,True,0.00000507,,False,"[""decision_uncertain"", ""expected_value_margin:None"", ""probability_margin:None"", ""margin_not_applicable_to_non_allow_decision""]",0.48554862,True,172,27.72056966,0.53892535,False,17,16.07278182,0.53892028,True,66,18.92736169,0.39409661,True,211,29.09046962
TXN0000032108,C001817,2024-11-12 16:56:22,payment_link,0.90000000,1,payment_link,0,retry_payment,fallback,True,technical_retryable,True,0.01019305,,False,"[""decision_uncertain"", ""expected_value_margin:89.62903201580048"", ""probability_margin:0.010193049907684326"", ""margin_not_applicable_to_non_allow_decision""]",0.46823636,True,129,19.07760664,0.47842941,True,218,30.47265689,0.44475803,True,34,21.95535821,0.32274517,True,65,18.84615345
TXN0000096109,C002530,2024-11-12 17:11:30,payment_link,0.03333333,1,retry_payment,0,escalate_to_merchant,fallback,True,merchant_configuration,True,0.01890236,,False,"[""decision_uncertain"", ""expected_value_margin:None"", ""probability_margin:None"", ""margin_not_applicable_to_non_allow_decision""]",0.72878432,True,362,56.55389812,0.72712117,True,241,49.77543607,0.74768668,True,96,34.06733257,0.61308509,True,512,71.09486331
TXN0000138975,C007016,2024-11-12 17:13:20,retry_payment,0.90000000,0,retry_payment,0,whatsapp_reminder,fallback,True,authentication_required,True,0.00183225,,False,"[""decision_uncertain"", ""expected_value_margin:1.9366858005523682"", ""probability_margin:-0.0018322467803955078"", ""margin_not_applicable_to_non_allow_decision""]",0.71195567,True,382,61.49646714,0.72902137,True,55,50.36414754,0.72718912,True,122,42.51287438,0.59656608,True,685,101.16768160
TXN0000063749,C008472,2024-11-12 17:43:15,whatsapp_reminder,0.90000000,1,whatsapp_reminder,0,retry_payment,fallback,True,technical_retryable,True,0.01050830,,False,"[""decision_uncertain"", ""expected_value_margin:None"", ""probability_margin:None"", ""margin_not_applicable_to_non_allow_decision""]",0.60231620,True,172,27.72056966,0.61477935,False,17,16.07278182,0.62528765,True,66,18.92736169,0.49908260,True,211,29.09046962
TXN0000167376,C009729,2024-11-12 17:53:12,escalate_to_merchant,0.90000000,0,escalate_to_merchant,0,whatsapp_reminder,fallback,True,authentication_required,True,0.00914741,,False,"[""decision_uncertain"", ""expected_value_margin:None"", ""probability_margin:None"", ""margin_not_applicable_to_non_allow_decision""]",0.62430632,True,172,27.72056966,0.64241749,False,17,16.07278182,0.63327008,True,66,18.92736169,0.51884592,True,211,29.09046962
TXN0000032317,C008011,2024-11-12 17:55:04,retry_payment,0.90000000,0,retry_payment,0,payment_link,allow,False,customer_decline,True,0.02185684,213.37000000,False,"[""eligible"", ""contextually_supported_or_manual"", ""highest_risk_adjusted_expected_value"", ""expected_value_margin:57.7"", ""probability_margin:0.02185684"", ""fallback_ineligible""]",0.69865561,True,129,19.07760664,0.77935767,True,218,30.47265689,0.75750083,True,34,21.95535821,0.61059433,True,65,18.84615345
TXN0000061744,C005843,2024-11-12 18:01:34,retry_payment,0.90000000,1,retry_payment,0,retry_payment,fallback,True,technical_retryable,True,0.05597615,,False,"[""decision_uncertain"", ""expected_value_margin:None"", ""probability_margin:None"", ""margin_not_applicable_to_non_allow_decision""]",0.68415129,True,60,8.27440554,0.69034404,False,1,1.00000000,0.74632019,False,46,6.69767366,0.55718768,True,93,13.89845234
TXN0000093654,C000209,2024-11-12 18:17:08,retry_payment,0.90000000,1,retry_payment,0,retry_payment,allow,False,technical_retryable,True,0.00983161,0.00000000,False,"[""eligible"", ""contextually_supported_or_manual"", ""highest_risk_adjusted_expected_value"", ""expected_value_margin:27.99"", ""probability_margin:0.02006865"", ""decision_margin_passed""]",0.54957533,True,134,25.67475706,0.52950668,True,55,23.54174517,0.53974372,True,69,17.37637634,0.43425968,True,213,29.38877094
TXN0000246929,C003822,2024-11-12 18:19:05,retry_payment,0.90000000,1,retry_payment,0,payment_link,allow,False,technical_retryable,True,0.05340391,68.45000000,False,"[""eligible"", ""contextually_supported_or_manual"", ""highest_risk_adjusted_expected_value"", ""expected_value_margin:68.45"", ""probability_margin:0.02748871"", ""decision_margin_passed""]",0.58775306,True,129,19.07760664,0.61524177,True,218,30.47265689,0.66864568,True,34,21.95535821,0.43514407,True,65,18.84615345
TXN0000016005,C002168,2024-11-12 18:54:53,retry_payment,0.90000000,0,retry_payment,0,escalate_to_merchant,fallback,True,merchant_configuration,True,0.02678806,,False,"[""decision_uncertain"", ""expected_value_margin:None"", ""probability_margin:None"", ""margin_not_applicable_to_non_allow_decision""]",0.67252308,True,129,19.07760664,0.68996757,True,218,30.47265689,0.71675563,True,34,21.95535821,0.53147525,True,65,18.84615345
TXN0000227201,C006701,2024-11-12 19:01:35,escalate_to_merchant,0.90000000,1,escalate_to_merchant,0,payment_link,allow,False,authentication_required,True,0.02769765,42.30000000,False,"[""eligible"", ""contextually_supported_or_manual"", ""highest_risk_adjusted_expected_value"", ""expected_value_margin:71.82"", ""probability_margin:0.04078528"", ""fallback_ineligible""]",0.48468086,True,129,19.07760664,0.51237851,True,218,30.47265689,0.47159323,True,34,21.95535821,0.33489373,True,65,18.84615345
TXN0000108259,C003842,2024-11-12 19:36:53,retry_payment,0.90000000,1,retry_payment,0,whatsapp_reminder,fallback,True,authentication_required,True,0.00195682,,False,"[""decision_uncertain"", ""expected_value_margin:None"", ""probability_margin:None"", ""margin_not_applicable_to_non_allow_decision""]",0.73449296,False,49,7.90577463,0.77826399,False,6,6.00000000,0.78022081,True,63,11.63500628,0.65134835,True,88,12.69429910
TXN0000180178,C007102,2024-11-12 19:52:29,retry_payment,0.90000000,1,retry_payment,0,no_action,stop,False,authentication_required,False,0.00499755,,False,"[""no_eligible_positive_value_action"", ""failure_matrix:block"", ""margin_not_applicable_to_non_allow_decision""]",0.69487977,True,172,27.72056966,0.71108919,False,17,16.07278182,0.71608675,True,66,18.92736169,0.57481331,True,211,29.09046962
TXN0000164329,C005940,2024-11-12 20:18:21,payment_link,0.03333333,1,retry_payment,0,retry_payment,fallback,True,technical_retryable,True,0.00383633,,False,"[""decision_uncertain"", ""expected_value_margin:12.299608409404755"", ""probability_margin:0.014635622501373291"", ""margin_not_applicable_to_non_allow_decision""]",0.64870197,True,362,56.55389812,0.66333759,True,241,49.77543607,0.65950125,True,96,34.06733257,0.48872113,True,512,71.09486331
TXN0000054117,C009903,2024-11-12 20:30:08,retry_payment,0.90000000,1,retry_payment,0,no_action,stop,False,authentication_required,False,0.00221717,,False,"[""no_eligible_positive_value_action"", ""failure_matrix:block"", ""margin_not_applicable_to_non_allow_decision""]",0.63078320,True,58,8.97709815,0.62998575,False,3,3.00000000,0.63300037,False,24,3.90270249,0.52533722,False,8,8.00000000
TXN0000137864,C006593,2024-11-12 21:24:51,escalate_to_merchant,0.90000000,1,escalate_to_merchant,0,whatsapp_reminder,fallback,True,customer_decline,True,0.00419128,,False,"[""decision_uncertain"", ""expected_value_margin:0.7620958089828491"", ""probability_margin:-0.004191279411315918"", ""margin_not_applicable_to_non_allow_decision""]",0.65064740,True,359,56.24386377,0.68484461,True,85,37.80492775,0.68065333,True,126,41.91580028,0.55001289,True,694,97.85794000
TXN0000130492,C007285,2024-11-12 21:37:06,whatsapp_reminder,0.90000000,1,whatsapp_reminder,0,whatsapp_reminder,fallback,True,authentication_required,True,0.03393245,,False,"[""decision_uncertain"", ""expected_value_margin:None"", ""probability_margin:None"", ""margin_not_applicable_to_non_allow_decision""]",0.66426343,True,172,27.72056966,0.67081797,False,17,16.07278182,0.70475042,True,66,18.92736169,0.56698555,True,211,29.09046962
TXN0000040479,C003887,2024-11-12 21:40:54,retry_payment,0.90000000,1,retry_payment,0,payment_link,allow,False,technical_retryable,True,0.05601007,32.39000000,False,"[""eligible"", ""contextually_supported_or_manual"", ""highest_risk_adjusted_expected_value"", ""expected_value_margin:32.38"", ""probability_margin:0.05601007"", ""decision_margin_passed""]",0.67987967,True,362,56.55389812,0.73588973,True,241,49.77543607,0.67221493,True,96,34.06733257,0.55993539,True,512,71.09486331
TXN0000035723,C004288,2024-11-13 02:17:22,whatsapp_reminder,0.03333333,0,escalate_to_merchant,0,payment_link,fallback,True,customer_decline,True,0.00801760,,False,"[""decision_uncertain"", ""expected_value_margin:2.929369330406189"", ""probability_margin:0.00801759958267212"", ""margin_not_applicable_to_non_allow_decision""]",0.51737064,True,134,25.67475706,0.54117340,True,55,23.54174517,0.53315580,True,69,17.37637634,0.38322443,True,213,29.38877094
TXN0000148393,C003500,2024-11-13 06:46:59,retry_payment,0.90000000,1,retry_payment,0,retry_payment,fallback,True,technical_retryable,True,0.02682257,,False,"[""decision_uncertain"", ""expected_value_margin:None"", ""probability_margin:None"", ""margin_not_applicable_to_non_allow_decision""]",0.66054207,True,58,8.97709815,0.65918493,False,3,3.00000000,0.68736464,False,24,3.90270249,0.51632321,False,8,8.00000000
TXN0000121491,C006392,2024-11-13 08:15:32,escalate_to_merchant,0.90000000,1,escalate_to_merchant,0,payment_link,allow,False,technical_retryable,True,0.04450852,49.97000000,False,"[""eligible"", ""contextually_supported_or_manual"", ""highest_risk_adjusted_expected_value"", ""expected_value_margin:49.97"", ""probability_margin:0.05463648"", ""decision_margin_passed""]",0.57616144,True,362,56.55389812,0.63079792,True,241,49.77543607,0.58628941,True,96,34.06733257,0.39788887,True,512,71.09486331
TXN0000062090,C001656,2024-11-13 08:56:19,whatsapp_reminder,0.90000000,1,whatsapp_reminder,0,retry_payment,fallback,True,technical_retryable,True,0.01520914,,False,"[""decision_uncertain"", ""expected_value_margin:None"", ""probability_margin:None"", ""margin_not_applicable_to_non_allow_decision""]",0.66370976,True,47,47.00000000,0.70171404,False,2,2.00000000,0.68650490,False,21,3.60798899,0.56466055,False,12,3.68852452
TXN0000231782,C003025,2024-11-13 09:04:34,retry_payment,0.90000000,0,retry_payment,0,payment_link,fallback,True,authentication_required,True,0.00825143,,False,"[""decision_uncertain"", ""expected_value_margin:28.065748691558838"", ""probability_margin:0.008251428604125977"", ""margin_not_applicable_to_non_allow_decision""]",0.58555990,True,129,19.07760664,0.59820890,True,218,30.47265689,0.58995748,True,34,21.95535821,0.44845647,True,65,18.84615345
TXN0000064555,C004801,2024-11-13 10:40:06,retry_payment,0.90000000,0,retry_payment,0,whatsapp_reminder,allow,False,customer_decline,True,0.02346987,98.71000000,False,"[""eligible"", ""contextually_supported_or_manual"", ""highest_risk_adjusted_expected_value"", ""expected_value_margin:42.78"", ""probability_margin:0.02346987"", ""fallback_ineligible""]",0.67289793,True,129,19.07760664,0.70991415,True,218,30.47265689,0.73338401,True,34,21.95535821,0.52662939,True,65,18.84615345
TXN0000156034,C002069,2024-11-13 10:42:53,escalate_to_merchant,0.90000000,0,escalate_to_merchant,0,payment_link,allow,False,customer_decline,True,0.05894646,49.22000000,False,"[""eligible"", ""contextually_supported_or_manual"", ""highest_risk_adjusted_expected_value"", ""expected_value_margin:39.25"", ""probability_margin:0.05894646"", ""fallback_ineligible""]",0.46225414,True,134,25.67475706,0.54352999,True,55,23.54174517,0.48458353,True,69,17.37637634,0.36517560,True,213,29.38877094
TXN0000233309,C003995,2024-11-13 12:11:42,whatsapp_reminder,0.90000000,1,whatsapp_reminder,0,retry_payment,fallback,True,technical_retryable,True,0.05077338,,False,"[""decision_uncertain"", ""expected_value_margin:None"", ""probability_margin:None"", ""margin_not_applicable_to_non_allow_decision""]",0.62335575,True,58,8.97709815,0.70292145,False,3,3.00000000,0.65214807,False,24,3.90270249,0.57511753,False,8,8.00000000
TXN0000084064,C006854,2024-11-13 13:03:22,escalate_to_merchant,0.03333333,1,whatsapp_reminder,0,escalate_to_merchant,fallback,True,merchant_configuration,True,0.00268781,,False,"[""decision_uncertain"", ""expected_value_margin:None"", ""probability_margin:None"", ""margin_not_applicable_to_non_allow_decision""]",0.58114958,True,359,56.24386377,0.63345647,True,85,37.80492775,0.63614428,True,126,41.91580028,0.45934600,True,694,97.85794000
TXN0000052860,C004744,2024-11-13 13:21:13,retry_payment,0.90000000,1,retry_payment,0,payment_link,allow,False,technical_retryable,True,0.02669466,233.56000000,False,"[""eligible"", ""contextually_supported_or_manual"", ""highest_risk_adjusted_expected_value"", ""expected_value_margin:233.57"", ""probability_margin:0.04796767"", ""decision_margin_passed""]",0.62705904,True,387,66.60326136,0.67502671,True,625,91.91881191,0.64833206,True,50,36.09870729,0.47951782,True,196,56.61961283
TXN0000211635,C007494,2024-11-13 13:52:25,whatsapp_reminder,0.90000000,0,whatsapp_reminder,0,escalate_to_merchant,fallback,True,merchant_configuration,True,0.02929980,,False,"[""decision_uncertain"", ""expected_value_margin:None"", ""probability_margin:None"", ""margin_not_applicable_to_non_allow_decision""]",0.49596810,True,126,18.74890631,0.57696182,False,9,9.00000000,0.54766202,True,73,15.08078281,0.43765929,True,237,33.53941007
TXN0000031852,C000181,2024-11-13 14:31:42,escalate_to_merchant,0.90000000,0,escalate_to_merchant,0,payment_link,fallback,True,customer_decline,True,0.02890229,,False,"[""decision_uncertain"", ""expected_value_margin:8.32823896408081"", ""probability_margin:0.028902292251586914"", ""margin_not_applicable_to_non_allow_decision""]",0.57658076,True,359,56.24386377,0.63651460,True,85,37.80492775,0.60761231,True,126,41.91580028,0.46331590,True,694,97.85794000
TXN0000014290,C005658,2024-11-13 14:52:50,retry_payment,0.90000000,1,retry_payment,0,no_action,stop,False,authentication_required,False,0.04718018,,False,"[""no_eligible_positive_value_action"", ""failure_matrix:block"", ""margin_not_applicable_to_non_allow_decision""]",0.58535755,True,47,47.00000000,0.58882874,False,2,2.00000000,0.63600892,False,21,3.60798899,0.50774044,False,12,3.68852452
TXN0000171492,C000884,2024-11-13 15:43:45,escalate_to_merchant,0.90000000,0,escalate_to_merchant,0,payment_link,allow,False,authentication_required,True,0.02049148,1.87000000,False,"[""eligible"", ""contextually_supported_or_manual"", ""highest_risk_adjusted_expected_value"", ""expected_value_margin:18.52"", ""probability_margin:0.04308993"", ""fallback_ineligible""]",0.55248308,True,359,56.24386377,0.57297456,True,85,37.80492775,0.52988464,True,126,41.91580028,0.40587091,True,694,97.85794000
TXN0000213216,C004109,2024-11-13 16:17:24,retry_payment,0.90000000,1,retry_payment,0,whatsapp_reminder,fallback,True,authentication_required,True,0.00287735,,False,"[""decision_uncertain"", ""expected_value_margin:12.40706181526184"", ""probability_margin:0.002877354621887207"", ""margin_not_applicable_to_non_allow_decision""]",0.73116654,True,129,19.07760664,0.75562125,True,218,30.47265689,0.75849861,True,34,21.95535821,0.62649369,True,65,18.84615345
TXN0000207023,C004236,2024-11-13 16:33:43,escalate_to_merchant,0.90000000,1,escalate_to_merchant,0,no_action,stop,False,authentication_required,False,0.05896413,,False,"[""no_eligible_positive_value_action"", ""failure_matrix:block"", ""margin_not_applicable_to_non_allow_decision""]",0.47152719,False,49,7.23938140,0.54581612,False,8,4.29589038,0.48685199,False,23,3.80324523,0.29657230,False,11,2.70552140
TXN0000228588,C007836,2024-11-13 17:04:30,retry_payment,0.90000000,1,retry_payment,0,no_action,stop,False,technical_retryable,False,0.00105166,,False,"[""no_eligible_positive_value_action"", ""failure_matrix:block"", ""margin_not_applicable_to_non_allow_decision""]",0.61367834,False,49,7.23938140,0.68416411,False,8,4.29589038,0.68311244,False,23,3.80324523,0.47308955,False,11,2.70552140
TXN0000197833,C000085,2024-11-13 17:18:35,escalate_to_merchant,0.90000000,0,escalate_to_merchant,0,payment_link,allow,False,technical_retryable,True,0.02549511,57.22000000,False,"[""eligible"", ""contextually_supported_or_manual"", ""highest_risk_adjusted_expected_value"", ""expected_value_margin:57.23"", ""probability_margin:0.05772167"", ""decision_margin_passed""]",0.62085485,True,362,56.55389812,0.67857653,True,241,49.77543607,0.65308142,True,96,34.06733257,0.48465341,True,512,71.09486331
TXN0000227529,C003887,2024-11-13 17:36:17,retry_payment,0.90000000,1,retry_payment,0,whatsapp_reminder,fallback,True,customer_decline,True,0.07614329,,False,"[""decision_uncertain"", ""expected_value_margin:None"", ""probability_margin:None"", ""margin_not_applicable_to_non_allow_decision""]",0.45927957,False,49,7.90577463,0.53542286,False,6,6.00000000,0.42381668,True,63,11.63500628,0.41844070,True,88,12.69429910
TXN0000046943,C009907,2024-11-13 17:40:49,escalate_to_merchant,0.90000000,1,escalate_to_merchant,0,whatsapp_reminder,fallback,True,authentication_required,True,0.03198373,,False,"[""decision_uncertain"", ""expected_value_margin:None"", ""probability_margin:None"", ""margin_not_applicable_to_non_allow_decision""]",0.53328174,True,172,27.72056966,0.61311048,False,17,16.07278182,0.58112675,True,66,18.92736169,0.47244582,True,211,29.09046962
TXN0000043116,C001311,2024-11-13 17:52:06,payment_link,0.90000000,1,payment_link,0,payment_link,allow,False,authentication_required,True,0.03457856,83.93000000,False,"[""eligible"", ""contextually_supported_or_manual"", ""highest_risk_adjusted_expected_value"", ""expected_value_margin:66.42"", ""probability_margin:0.03457856"", ""fallback_ineligible""]",0.56396043,True,129,19.07760664,0.61025286,True,218,30.47265689,0.57567430,True,34,21.95535821,0.43997133,True,65,18.84615345
TXN0000185279,C005863,2024-11-13 17:52:39,retry_payment,0.90000000,1,retry_payment,0,no_action,stop,False,customer_decline,False,0.01557082,,False,"[""no_eligible_positive_value_action"", ""failure_matrix:block"", ""margin_not_applicable_to_non_allow_decision""]",0.65856910,False,49,7.23938140,0.66700810,False,8,4.29589038,0.68257892,False,23,3.80324523,0.51111078,False,11,2.70552140
TXN0000183634,C001131,2024-11-13 18:43:53,retry_payment,0.90000000,1,retry_payment,0,payment_link,allow,False,technical_retryable,True,0.03605253,26.10000000,False,"[""eligible"", ""contextually_supported_or_manual"", ""highest_risk_adjusted_expected_value"", ""expected_value_margin:26.09"", ""probability_margin:0.04941005"", ""decision_margin_passed""]",0.64373046,True,362,56.55389812,0.69314051,True,241,49.77543607,0.65708798,True,96,34.06733257,0.52699554,True,512,71.09486331
TXN0000131592,C002038,2024-11-13 18:47:17,payment_link,0.90000000,1,payment_link,0,payment_link,allow,False,authentication_required,True,0.04728383,333.05000000,False,"[""eligible"", ""contextually_supported_or_manual"", ""highest_risk_adjusted_expected_value"", ""expected_value_margin:247.31"", ""probability_margin:0.04728383"", ""fallback_ineligible""]",0.52119285,True,387,66.60326136,0.58581185,True,625,91.91881191,0.53852803,True,50,36.09870729,0.35625088,True,196,56.61961283
TXN0000141483,C009318,2024-11-13 18:48:35,retry_payment,0.90000000,0,retry_payment,0,payment_link,fallback,True,authentication_required,True,0.00936484,,False,"[""decision_uncertain"", ""expected_value_margin:44.02169108390808"", ""probability_margin:0.009364843368530273"", ""margin_not_applicable_to_non_allow_decision""]",0.52396232,True,129,19.07760664,0.55376327,True,218,30.47265689,0.54439843,True,34,21.95535821,0.36342236,True,65,18.84615345
TXN0000241429,C002638,2024-11-13 18:51:40,escalate_to_merchant,0.90000000,1,escalate_to_merchant,0,retry_payment,fallback,True,technical_retryable,True,0.01404744,,False,"[""decision_uncertain"", ""expected_value_margin:None"", ""probability_margin:None"", ""margin_not_applicable_to_non_allow_decision""]",0.56314129,True,126,18.74890631,0.54909384,False,9,9.00000000,0.51066780,True,73,15.08078281,0.43270880,True,237,33.53941007
TXN0000016941,C007369,2024-11-13 19:08:03,retry_payment,0.90000000,0,retry_payment,0,payment_link,allow,False,technical_retryable,True,0.04243779,108.33000000,False,"[""eligible"", ""contextually_supported_or_manual"", ""highest_risk_adjusted_expected_value"", ""expected_value_margin:108.33"", ""probability_margin:0.02922225"", ""decision_margin_passed""]",0.58435333,True,387,66.60326136,0.61357558,True,625,91.91881191,0.65601337,True,50,36.09870729,0.41389260,True,196,56.61961283
TXN0000000588,C004405,2024-11-13 19:13:47,escalate_to_merchant,0.90000000,0,escalate_to_merchant,0,retry_payment,fallback,True,technical_retryable,True,0.03827614,,False,"[""decision_uncertain"", ""expected_value_margin:0.04829847812652588"", ""probability_margin:-0.06310874223709106"", ""margin_not_applicable_to_non_allow_decision""]",0.61878103,True,382,61.49646714,0.68188977,True,55,50.36414754,0.64361364,True,122,42.51287438,0.51195180,True,685,101.16768160
TXN0000182459,C006123,2024-11-13 20:16:26,whatsapp_reminder,0.90000000,1,whatsapp_reminder,0,no_action,stop,False,authentication_required,False,0.00800931,,False,"[""no_eligible_positive_value_action"", ""failure_matrix:block"", ""margin_not_applicable_to_non_allow_decision""]",0.57701921,True,172,27.72056966,0.59322071,False,17,16.07278182,0.58521140,True,66,18.92736169,0.47686687,True,211,29.09046962
TXN0000019150,C008424,2024-11-13 20:48:50,whatsapp_reminder,0.03333333,1,escalate_to_merchant,0,payment_link,allow,False,technical_retryable,True,0.02969223,19.12000000,False,"[""eligible"", ""contextually_supported_or_manual"", ""highest_risk_adjusted_expected_value"", ""expected_value_margin:19.13"", ""probability_margin:0.06207752"", ""decision_margin_passed""]",0.63788474,True,359,56.24386377,0.69996226,True,85,37.80492775,0.67027003,True,126,41.91580028,0.51401675,True,694,97.85794000
TXN0000013166,C007150,2024-11-13 22:12:19,escalate_to_merchant,0.90000000,0,escalate_to_merchant,0,no_action,stop,False,authentication_required,False,0.01818711,,False,"[""no_eligible_positive_value_action"", ""failure_matrix:block"", ""margin_not_applicable_to_non_allow_decision""]",0.58908278,True,58,8.97709815,0.63059795,False,25,3.45418296,0.61241084,False,10,3.52962620,0.41581053,False,12,7.36805008
TXN0000179444,C001289,2024-11-13 22:49:18,payment_link,0.90000000,1,payment_link,0,payment_link,allow,False,authentication_required,True,0.02343631,81.97000000,False,"[""eligible"", ""contextually_supported_or_manual"", ""highest_risk_adjusted_expected_value"", ""expected_value_margin:41.58"", ""probability_margin:0.02343631"", ""fallback_ineligible""]",0.63445204,True,129,19.07760664,0.68256879,True,218,30.47265689,0.65913248,True,34,21.95535821,0.46935946,True,65,18.84615345
TXN0000046200,C000635,2024-11-13 23:31:52,payment_link,0.90000000,0,payment_link,0,payment_link,fallback,True,authentication_required,True,0.02383190,,False,"[""decision_uncertain"", ""expected_value_margin:None"", ""probability_margin:None"", ""margin_not_applicable_to_non_allow_decision""]",0.64963299,True,387,66.60326136,0.69685149,True,625,91.91881191,0.67301959,True,50,36.09870729,0.48928469,True,196,56.61961283
TXN0000182288,C007695,2024-11-14 02:29:19,whatsapp_reminder,0.90000000,0,whatsapp_reminder,0,retry_payment,fallback,True,technical_retryable,True,0.02000409,,False,"[""decision_uncertain"", ""expected_value_margin:1.6258163452148438"", ""probability_margin:0.010395050048828125"", ""margin_not_applicable_to_non_allow_decision""]",0.55717194,True,134,25.67475706,0.56756699,True,55,23.54174517,0.58757108,True,69,17.37637634,0.41795003,True,213,29.38877094
TXN0000065839,C004780,2024-11-14 06:35:48,retry_payment,0.90000000,1,retry_payment,0,no_action,stop,False,authentication_required,False,0.01280224,,False,"[""no_eligible_positive_value_action"", ""failure_matrix:block"", ""margin_not_applicable_to_non_allow_decision""]",0.70127243,False,49,7.23938140,0.73992264,False,8,4.29589038,0.72712040,False,23,3.80324523,0.55809653,False,11,2.70552140
TXN0000118054,C007079,2024-11-14 06:38:09,escalate_to_merchant,0.90000000,1,escalate_to_merchant,0,payment_link,allow,False,technical_retryable,True,0.01990920,14.94000000,False,"[""eligible"", ""contextually_supported_or_manual"", ""highest_risk_adjusted_expected_value"", ""expected_value_margin:14.94"", ""probability_margin:0.0199092"", ""decision_margin_passed""]",0.52819008,True,362,56.55389812,0.54809928,True,241,49.77543607,0.49071306,True,96,34.06733257,0.29629007,True,512,71.09486331
TXN0000159176,C001642,2024-11-14 09:12:06,retry_payment,0.90000000,1,retry_payment,0,no_action,stop,False,authentication_required,False,0.02996802,,False,"[""no_eligible_positive_value_action"", ""failure_matrix:block"", ""margin_not_applicable_to_non_allow_decision""]",0.67359537,False,49,7.23938140,0.69852149,False,8,4.29589038,0.72848952,False,23,3.80324523,0.54019248,False,11,2.70552140
TXN0000027299,C008308,2024-11-14 10:12:04,escalate_to_merchant,0.90000000,0,escalate_to_merchant,0,payment_link,fallback,True,authentication_required,True,0.02848899,,False,"[""decision_uncertain"", ""expected_value_margin:8.490350604057312"", ""probability_margin:0.028488993644714355"", ""margin_not_applicable_to_non_allow_decision""]",0.68104655,True,359,56.24386377,0.73806822,True,85,37.80492775,0.70957923,True,126,41.91580028,0.57442254,True,694,97.85794000
TXN0000066689,C001839,2024-11-14 10:31:17,escalate_to_merchant,0.90000000,1,escalate_to_merchant,0,payment_link,allow,False,technical_retryable,True,0.01319194,18.82000000,False,"[""eligible"", ""contextually_supported_or_manual"", ""highest_risk_adjusted_expected_value"", ""expected_value_margin:18.82"", ""probability_margin:0.05933136"", ""decision_margin_passed""]",0.50279593,True,359,56.24386377,0.56212729,True,85,37.80492775,0.54893535,True,126,41.91580028,0.38445592,True,694,97.85794000
TXN0000020839,C005834,2024-11-14 11:00:25,retry_payment,0.90000000,0,retry_payment,0,retry_payment,fallback,True,technical_retryable,True,0.02670628,,False,"[""decision_uncertain"", ""expected_value_margin:None"", ""probability_margin:None"", ""margin_not_applicable_to_non_allow_decision""]",0.56865305,True,58,8.97709815,0.59319031,False,3,3.00000000,0.61989659,False,24,3.90270249,0.46985096,False,8,8.00000000
TXN0000086800,C003554,2024-11-14 11:24:11,payment_link,0.90000000,0,payment_link,0,escalate_to_merchant,fallback,True,merchant_configuration,True,0.00822014,,False,"[""decision_uncertain"", ""expected_value_margin:None"", ""probability_margin:None"", ""margin_not_applicable_to_non_allow_decision""]",0.61674935,True,387,66.60326136,0.62496948,True,625,91.91881191,0.61534959,True,50,36.09870729,0.44123229,True,196,56.61961283
TXN0000247533,C008260,2024-11-14 11:49:01,escalate_to_merchant,0.90000000,1,escalate_to_merchant,0,whatsapp_reminder,fallback,True,authentication_required,True,0.00899076,,False,"[""decision_uncertain"", ""expected_value_margin:None"", ""probability_margin:None"", ""margin_not_applicable_to_non_allow_decision""]",0.53682017,True,172,27.72056966,0.56315356,False,17,16.07278182,0.55416280,True,66,18.92736169,0.40886045,True,211,29.09046962
TXN0000162339,C005272,2024-11-14 12:08:13,retry_payment,0.90000000,1,retry_payment,0,no_action,stop,False,customer_decline,False,0.02718812,,False,"[""no_eligible_positive_value_action"", ""failure_matrix:block"", ""margin_not_applicable_to_non_allow_decision""]",0.61998135,True,58,8.97709815,0.69801182,False,25,3.45418296,0.67082369,False,10,3.52962620,0.50000352,False,12,7.36805008
TXN0000006783,C003907,2024-11-14 12:20:39,payment_link,0.03333333,1,whatsapp_reminder,0,retry_payment,fallback,True,technical_retryable,True,0.04614758,,False,"[""decision_uncertain"", ""expected_value_margin:None"", ""probability_margin:None"", ""margin_not_applicable_to_non_allow_decision""]",0.59681630,True,47,47.00000000,0.67589647,False,2,2.00000000,0.62974888,False,21,3.60798899,0.52584893,False,12,3.68852452
TXN0000004780,C000580,2024-11-14 13:45:36,escalate_to_merchant,0.90000000,0,escalate_to_merchant,0,retry_payment,fallback,True,technical_retryable,True,0.01960641,,False,"[""decision_uncertain"", ""expected_value_margin:None"", ""probability_margin:None"", ""margin_not_applicable_to_non_allow_decision""]",0.51766646,True,73,10.21909638,0.54791498,False,23,5.49540018,0.52830857,True,54,8.41672235,0.42458934,True,72,12.00499847
TXN0000055770,C003029,2024-11-14 14:02:26,escalate_to_merchant,0.90000000,0,escalate_to_merchant,0,retry_payment,fallback,True,technical_retryable,True,0.00105453,,False,"[""decision_uncertain"", ""expected_value_margin:None"", ""probability_margin:None"", ""margin_not_applicable_to_non_allow_decision""]",0.57908070,True,47,47.00000000,0.62194616,False,2,2.00000000,0.62300068,False,21,3.60798899,0.47370324,False,12,3.68852452
TXN0000093584,C007324,2024-11-14 14:56:34,escalate_to_merchant,0.90000000,1,escalate_to_merchant,0,payment_link,fallback,True,customer_decline,True,0.00708896,,False,"[""decision_uncertain"", ""expected_value_margin:None"", ""probability_margin:None"", ""margin_not_applicable_to_non_allow_decision""]",0.51998287,True,134,25.67475706,0.56416172,True,55,23.54174517,0.55707276,True,69,17.37637634,0.37882197,True,213,29.38877094
TXN0000177305,C008509,2024-11-14 15:06:15,retry_payment,0.90000000,1,retry_payment,0,payment_link,allow,False,technical_retryable,True,0.01803577,35.81000000,False,"[""eligible"", ""contextually_supported_or_manual"", ""highest_risk_adjusted_expected_value"", ""expected_value_margin:35.8"", ""probability_margin:0.05644786"", ""decision_margin_passed""]",0.60463196,True,362,56.55389812,0.66107982,True,241,49.77543607,0.67911559,True,96,34.06733257,0.50026172,True,512,71.09486331
TXN0000195867,C009722,2024-11-14 15:07:57,payment_link,0.90000000,0,payment_link,0,payment_link,fallback,True,customer_decline,True,0.04262611,,False,"[""decision_uncertain"", ""expected_value_margin:None"", ""probability_margin:None"", ""margin_not_applicable_to_non_allow_decision""]",0.35481468,True,59,8.94277964,0.39744079,True,90,12.53697431,0.34779468,False,19,4.27099396,0.23812364,True,43,10.73819641
TXN0000132949,C002891,2024-11-14 15:56:49,retry_payment,0.90000000,1,retry_payment,0,retry_payment,fallback,True,technical_retryable,True,0.03848779,,False,"[""decision_uncertain"", ""expected_value_margin:None"", ""probability_margin:None"", ""margin_not_applicable_to_non_allow_decision""]",0.64615577,True,60,8.27440554,0.66684216,False,1,1.00000000,0.70532995,False,46,6.69767366,0.55044544,True,93,13.89845234
TXN0000101367,C006626,2024-11-14 16:09:17,whatsapp_reminder,0.03333333,1,escalate_to_merchant,0,payment_link,fallback,True,customer_decline,True,0.02011144,,False,"[""decision_uncertain"", ""expected_value_margin:1.631508231163025"", ""probability_margin:0.020111441612243652"", ""margin_not_applicable_to_non_allow_decision""]",0.62061578,True,382,61.49646714,0.68638384,True,55,50.36414754,0.66627240,True,122,42.51287438,0.49336332,True,685,101.16768160
TXN0000202241,C007709,2024-11-14 16:13:43,retry_payment,0.03333333,0,escalate_to_merchant,0,retry_payment,fallback,True,technical_retryable,True,0.00188899,,False,"[""decision_uncertain"", ""expected_value_margin:1.8643087148666382"", ""probability_margin:0.009150564670562744"", ""margin_not_applicable_to_non_allow_decision""]",0.56910735,True,134,25.67475706,0.57825792,True,55,23.54174517,0.57636893,True,69,17.37637634,0.44936001,True,213,29.38877094
TXN0000147004,C004763,2024-11-14 18:05:24,escalate_to_merchant,0.90000000,0,escalate_to_merchant,0,no_action,stop,False,authentication_required,False,0.02213448,,False,"[""no_eligible_positive_value_action"", ""failure_matrix:block"", ""margin_not_applicable_to_non_allow_decision""]",0.62037510,True,47,47.00000000,0.67137921,False,2,2.00000000,0.64924473,False,21,3.60798899,0.51804048,False,12,3.68852452
TXN0000101297,C002240,2024-11-14 18:18:20,payment_link,0.90000000,0,payment_link,0,retry_payment,fallback,True,technical_retryable,True,0.01086617,,False,"[""decision_uncertain"", ""expected_value_margin:7.017040252685547"", ""probability_margin:0.010866165161132812"", ""margin_not_applicable_to_non_allow_decision""]",0.45468810,True,134,25.67475706,0.46555427,True,55,23.54174517,0.43654656,True,69,17.37637634,0.38835901,True,213,29.38877094
TXN0000033507,C005039,2024-11-14 18:44:26,retry_payment,0.90000000,1,retry_payment,0,whatsapp_reminder,fallback,True,authentication_required,True,0.02779120,,False,"[""decision_uncertain"", ""expected_value_margin:None"", ""probability_margin:None"", ""margin_not_applicable_to_non_allow_decision""]",0.62610102,True,172,27.72056966,0.68806076,False,17,16.07278182,0.66026956,True,66,18.92736169,0.50889254,True,211,29.09046962
TXN0000001645,C004941,2024-11-14 18:46:39,whatsapp_reminder,0.90000000,1,whatsapp_reminder,0,escalate_to_merchant,fallback,True,merchant_configuration,True,0.00005275,,False,"[""decision_uncertain"", ""expected_value_margin:None"", ""probability_margin:None"", ""margin_not_applicable_to_non_allow_decision""]",0.68902284,True,59,8.94277964,0.73588121,True,90,12.53697431,0.73593396,False,19,4.27099396,0.55985695,True,43,10.73819641
TXN0000187957,C008061,2024-11-14 18:49:47,payment_link,0.03333333,0,retry_payment,0,no_action,stop,False,customer_decline,False,0.00766563,,False,"[""no_eligible_positive_value_action"", ""failure_matrix:block"", ""margin_not_applicable_to_non_allow_decision""]",0.64564496,True,47,47.00000000,0.69436109,False,2,2.00000000,0.70202672,False,21,3.60798899,0.53455091,False,12,3.68852452
TXN0000239514,C009886,2024-11-14 19:02:47,escalate_to_merchant,0.03333333,1,payment_link,0,payment_link,allow,False,technical_retryable,True,0.00112855,67.47000000,False,"[""eligible"", ""contextually_supported_or_manual"", ""highest_risk_adjusted_expected_value"", ""expected_value_margin:67.47"", ""probability_margin:0.03343678"", ""decision_margin_passed""]",0.65480912,True,129,19.07760664,0.68824589,True,218,30.47265689,0.68711734,True,34,21.95535821,0.52999955,True,65,18.84615345
TXN0000068339,C009537,2024-11-14 19:53:53,escalate_to_merchant,0.90000000,0,escalate_to_merchant,0,retry_payment,fallback,True,technical_retryable,True,0.02403986,,False,"[""decision_uncertain"", ""expected_value_margin:3.779533624649048"", ""probability_margin:0.024039864540100098"", ""margin_not_applicable_to_non_allow_decision""]",0.51445621,True,359,56.24386377,0.53849608,True,85,37.80492775,0.49249423,True,126,41.91580028,0.37549978,True,694,97.85794000
TXN0000157087,C008651,2024-11-14 20:27:47,escalate_to_merchant,0.90000000,1,escalate_to_merchant,0,whatsapp_reminder,fallback,True,customer_decline,True,0.00251597,,False,"[""decision_uncertain"", ""expected_value_margin:None"", ""probability_margin:None"", ""margin_not_applicable_to_non_allow_decision""]",0.55292422,False,49,7.90577463,0.57333034,False,6,6.00000000,0.57584631,True,63,11.63500628,0.42942387,True,88,12.69429910
TXN0000034598,C005724,2024-11-14 21:16:33,no_action,1.00000000,0,no_action,1,escalate_to_merchant,fallback,True,fraud_risk,True,0.05353057,,False,"[""fraud_requires_manual_escalation"", ""manual_action_only"", ""margin_not_applicable_to_non_allow_decision""]",0.52082348,True,58,8.97709815,0.61427724,False,25,3.45418296,0.56074667,False,10,3.52962620,0.39551604,False,12,7.36805008
TXN0000053270,C005397,2024-11-14 21:27:39,whatsapp_reminder,0.90000000,1,whatsapp_reminder,0,no_action,stop,False,customer_decline,False,0.00153279,,False,"[""no_eligible_positive_value_action"", ""failure_matrix:block"", ""margin_not_applicable_to_non_allow_decision""]",0.54918373,True,58,8.97709815,0.61917931,False,3,3.00000000,0.61764652,False,24,3.90270249,0.49663875,False,8,8.00000000
TXN0000051656,C000796,2024-11-14 21:55:05,escalate_to_merchant,0.90000000,1,escalate_to_merchant,0,payment_link,fallback,True,customer_decline,True,0.01209676,,False,"[""decision_uncertain"", ""expected_value_margin:5.576605439186096"", ""probability_margin:0.012096762657165527"", ""margin_not_applicable_to_non_allow_decision""]",0.63283628,True,362,56.55389812,0.68523204,True,241,49.77543607,0.67313528,True,96,34.06733257,0.51291370,True,512,71.09486331
TXN0000097698,C003012,2024-11-14 21:59:44,retry_payment,0.90000000,1,retry_payment,0,no_action,stop,False,authentication_required,False,0.02752542,,False,"[""no_eligible_positive_value_action"", ""failure_matrix:block"", ""margin_not_applicable_to_non_allow_decision""]",0.73225111,True,47,47.00000000,0.76061922,False,2,2.00000000,0.78814465,False,21,3.60798899,0.61841208,False,12,3.68852452
TXN0000099845,C004737,2024-11-14 23:12:30,escalate_to_merchant,0.90000000,1,escalate_to_merchant,0,retry_payment,fallback,True,technical_retryable,True,0.04310870,,False,"[""decision_uncertain"", ""expected_value_margin:None"", ""probability_margin:None"", ""margin_not_applicable_to_non_allow_decision""]",0.64085221,True,58,8.97709815,0.70182526,False,3,3.00000000,0.65871656,False,24,3.90270249,0.52930850,False,8,8.00000000
TXN0000230532,C008815,2024-11-15 00:47:50,retry_payment,0.90000000,1,retry_payment,0,whatsapp_reminder,fallback,True,customer_decline,True,0.02862990,,False,"[""decision_uncertain"", ""expected_value_margin:None"", ""probability_margin:None"", ""margin_not_applicable_to_non_allow_decision""]",0.69987077,True,126,18.74890631,0.68009561,False,9,9.00000000,0.72850066,True,73,15.08078281,0.57313311,True,237,33.53941007
TXN0000087730,C002638,2024-11-15 00:53:47,whatsapp_reminder,0.90000000,1,whatsapp_reminder,0,no_action,stop,False,authentication_required,False,0.02891624,,False,"[""no_eligible_positive_value_action"", ""failure_matrix:block"", ""margin_not_applicable_to_non_allow_decision""]",0.61437660,True,60,8.27440554,0.58555317,False,1,1.00000000,0.64329284,False,46,6.69767366,0.47223857,True,93,13.89845234
TXN0000036146,C006798,2024-11-15 03:33:58,payment_link,0.90000000,0,payment_link,0,whatsapp_reminder,allow,False,customer_decline,True,0.03508699,239.26000000,False,"[""eligible"", ""contextually_supported_or_manual"", ""highest_risk_adjusted_expected_value"", ""expected_value_margin:292.23"", ""probability_margin:0.04152703"", ""fallback_ineligible""]",0.58628744,True,129,19.07760664,0.57984740,True,218,30.47265689,0.62137443,True,34,21.95535821,0.42299327,True,65,18.84615345
TXN0000132644,C006825,2024-11-15 08:10:17,escalate_to_merchant,0.90000000,0,escalate_to_merchant,0,payment_link,fallback,True,customer_decline,True,0.01803225,,False,"[""decision_uncertain"", ""expected_value_margin:0.8515474796295166"", ""probability_margin:0.0180322527885437"", ""margin_not_applicable_to_non_allow_decision""]",0.64295322,True,382,61.49646714,0.68933463,True,55,50.36414754,0.67130238,True,122,42.51287438,0.52983207,True,685,101.16768160
TXN0000101476,C004729,2024-11-15 09:25:40,retry_payment,0.90000000,1,retry_payment,0,no_action,stop,False,customer_decline,False,0.04419202,,False,"[""no_eligible_positive_value_action"", ""failure_matrix:block"", ""margin_not_applicable_to_non_allow_decision""]",0.64537185,True,47,47.00000000,0.64249367,False,2,2.00000000,0.68956387,False,21,3.60798899,0.51718223,False,12,3.68852452
TXN0000058431,C005264,2024-11-15 09:28:34,retry_payment,0.90000000,0,retry_payment,0,retry_payment,fallback,True,technical_retryable,True,0.02373010,,False,"[""decision_uncertain"", ""expected_value_margin:10.35782265663147"", ""probability_margin:0.004811882972717285"", ""margin_not_applicable_to_non_allow_decision""]",0.57431501,True,359,56.24386377,0.56950313,True,85,37.80492775,0.59804511,True,126,41.91580028,0.44896615,True,694,97.85794000
TXN0000083377,C006282,2024-11-15 10:28:59,payment_link,0.90000000,0,payment_link,0,payment_link,allow,False,technical_retryable,True,0.03657264,160.06000000,False,"[""eligible"", ""contextually_supported_or_manual"", ""highest_risk_adjusted_expected_value"", ""expected_value_margin:160.06"", ""probability_margin:0.02121425"", ""decision_margin_passed""]",0.58829117,True,129,19.07760664,0.60950541,True,218,30.47265689,0.64607805,True,34,21.95535821,0.46025422,True,65,18.84615345
TXN0000208125,C000011,2024-11-15 10:41:37,payment_link,0.90000000,1,payment_link,0,payment_link,allow,False,technical_retryable,True,0.03018969,97.88000000,False,"[""eligible"", ""contextually_supported_or_manual"", ""highest_risk_adjusted_expected_value"", ""expected_value_margin:97.88"", ""probability_margin:0.02732277"", ""decision_margin_passed""]",0.51388675,True,129,19.07760664,0.54120952,True,218,30.47265689,0.57139921,True,34,21.95535821,0.38026252,True,65,18.84615345
TXN0000044066,C006831,2024-11-15 10:46:50,escalate_to_merchant,0.90000000,1,escalate_to_merchant,0,payment_link,allow,False,technical_retryable,True,0.00510472,27.91000000,False,"[""eligible"", ""contextually_supported_or_manual"", ""highest_risk_adjusted_expected_value"", ""expected_value_margin:27.91"", ""probability_margin:0.02257091"", ""decision_margin_passed""]",0.63211918,True,134,25.67475706,0.65469009,True,55,23.54174517,0.64958537,True,69,17.37637634,0.50190926,True,213,29.38877094
TXN0000189301,C002909,2024-11-15 11:01:44,retry_payment,0.90000000,1,retry_payment,0,payment_link,allow,False,technical_retryable,True,0.00955832,74.17000000,False,"[""eligible"", ""contextually_supported_or_manual"", ""highest_risk_adjusted_expected_value"", ""expected_value_margin:74.17"", ""probability_margin:0.05762404"", ""decision_margin_passed""]",0.62194157,True,362,56.55389812,0.67956561,True,241,49.77543607,0.68912393,True,96,34.06733257,0.49927115,True,512,71.09486331
TXN0000014068,C001731,2024-11-15 11:28:11,retry_payment,0.90000000,1,retry_payment,0,retry_payment,fallback,True,technical_retryable,True,0.00537181,,False,"[""decision_uncertain"", ""expected_value_margin:None"", ""probability_margin:None"", ""margin_not_applicable_to_non_allow_decision""]",0.65381527,True,172,27.72056966,0.64844346,False,17,16.07278182,0.64827526,True,66,18.92736169,0.54648584,True,211,29.09046962
TXN0000091946,C007001,2024-11-15 12:11:00,escalate_to_merchant,0.90000000,0,escalate_to_merchant,0,whatsapp_reminder,fallback,True,authentication_required,True,0.02618891,,False,"[""decision_uncertain"", ""expected_value_margin:None"", ""probability_margin:None"", ""margin_not_applicable_to_non_allow_decision""]",0.57829082,True,172,27.72056966,0.57199603,False,17,16.07278182,0.60447973,True,66,18.92736169,0.45442384,True,211,29.09046962
TXN0000011685,C002802,2024-11-15 12:14:23,payment_link,0.90000000,1,payment_link,0,payment_link,allow,False,technical_retryable,True,0.02943462,64.80000000,False,"[""eligible"", ""contextually_supported_or_manual"", ""highest_risk_adjusted_expected_value"", ""expected_value_margin:64.79"", ""probability_margin:0.02943462"", ""decision_margin_passed""]",0.53117806,True,59,8.94277964,0.56061268,True,90,12.53697431,0.51969874,False,19,4.27099396,0.38672507,True,43,10.73819641
TXN0000012058,C003981,2024-11-15 12:33:43,escalate_to_merchant,0.90000000,0,escalate_to_merchant,0,payment_link,allow,False,technical_retryable,True,0.03359503,16.56000000,False,"[""eligible"", ""contextually_supported_or_manual"", ""highest_risk_adjusted_expected_value"", ""expected_value_margin:16.56"", ""probability_margin:0.06728727"", ""decision_margin_passed""]",0.54985386,True,359,56.24386377,0.61714113,True,85,37.80492775,0.58354610,True,126,41.91580028,0.43075708,True,694,97.85794000
TXN0000045905,C001082,2024-11-15 12:39:12,escalate_to_merchant,0.90000000,1,escalate_to_merchant,0,whatsapp_reminder,fallback,True,customer_decline,True,0.00120699,,False,"[""decision_uncertain"", ""expected_value_margin:None"", ""probability_margin:None"", ""margin_not_applicable_to_non_allow_decision""]",0.57143474,True,172,27.72056966,0.57594705,False,17,16.07278182,0.57715404,True,66,18.92736169,0.46087778,True,211,29.09046962
TXN0000221728,C004790,2024-11-15 12:45:34,escalate_to_merchant,0.90000000,0,escalate_to_merchant,0,payment_link,allow,False,technical_retryable,True,0.05269146,41.26000000,False,"[""eligible"", ""contextually_supported_or_manual"", ""highest_risk_adjusted_expected_value"", ""expected_value_margin:41.27"", ""probability_margin:0.05269146"", ""decision_margin_passed""]",0.52498084,True,134,25.67475706,0.57767230,True,55,23.54174517,0.51610339,True,69,17.37637634,0.37762460,True,213,29.38877094
TXN0000077408,C004491,2024-11-15 12:54:44,escalate_to_merchant,0.90000000,1,escalate_to_merchant,0,retry_payment,fallback,True,technical_retryable,True,0.05232722,,False,"[""decision_uncertain"", ""expected_value_margin:None"", ""probability_margin:None"", ""margin_not_applicable_to_non_allow_decision""]",0.56305027,True,126,18.74890631,0.62607282,False,9,9.00000000,0.57374561,True,73,15.08078281,0.47026291,True,237,33.53941007
TXN0000134070,C004754,2024-11-15 13:24:19,retry_payment,0.90000000,1,retry_payment,0,payment_link,allow,False,technical_retryable,True,0.02553010,23.52000000,False,"[""eligible"", ""contextually_supported_or_manual"", ""highest_risk_adjusted_expected_value"", ""expected_value_margin:23.52"", ""probability_margin:0.02870768"", ""decision_margin_passed""]",0.64977086,True,362,56.55389812,0.67847854,True,241,49.77543607,0.70400864,True,96,34.06733257,0.52776027,True,512,71.09486331
TXN0000064770,C003665,2024-11-15 13:52:12,retry_payment,0.90000000,1,retry_payment,0,no_action,stop,False,authentication_required,False,0.01286322,,False,"[""no_eligible_positive_value_action"", ""failure_matrix:block"", ""margin_not_applicable_to_non_allow_decision""]",0.60377419,True,58,8.97709815,0.59324008,False,25,3.45418296,0.61663741,False,10,3.52962620,0.41135392,False,12,7.36805008
TXN0000178671,C007888,2024-11-15 14:25:34,payment_link,0.03333333,1,retry_payment,0,payment_link,allow,False,technical_retryable,True,0.04565531,94.04000000,False,"[""eligible"", ""contextually_supported_or_manual"", ""highest_risk_adjusted_expected_value"", ""expected_value_margin:94.04"", ""probability_margin:0.05703902"", ""decision_margin_passed""]",0.50533015,True,129,19.07760664,0.56236917,True,218,30.47265689,0.51671386,True,34,21.95535821,0.36137536,True,65,18.84615345
TXN0000075941,C004771,2024-11-15 15:04:45,escalate_to_merchant,0.90000000,0,escalate_to_merchant,0,no_action,stop,False,technical_retryable,False,0.00743151,,False,"[""no_eligible_positive_value_action"", ""failure_matrix:block"", ""margin_not_applicable_to_non_allow_decision""]",0.42056492,False,49,7.90577463,0.44105864,False,6,6.00000000,0.44849014,True,63,11.63500628,0.30934587,True,88,12.69429910
TXN0000190491,C001713,2024-11-15 15:45:52,retry_payment,0.90000000,1,retry_payment,0,payment_link,fallback,True,authentication_required,True,0.00876337,,False,"[""decision_uncertain"", ""expected_value_margin:None"", ""probability_margin:None"", ""margin_not_applicable_to_non_allow_decision""]",0.52455741,True,129,19.07760664,0.52110696,True,218,30.47265689,0.53332078,True,34,21.95535821,0.38003945,True,65,18.84615345
TXN0000091128,C007103,2024-11-15 16:54:55,retry_payment,0.90000000,0,retry_payment,0,no_action,stop,False,authentication_required,False,0.03366089,,False,"[""no_eligible_positive_value_action"", ""failure_matrix:block"", ""margin_not_applicable_to_non_allow_decision""]",0.60026455,True,172,27.72056966,0.60894334,False,17,16.07278182,0.64260423,True,66,18.92736169,0.47012639,True,211,29.09046962
TXN0000131685,C001624,2024-11-15 17:42:04,whatsapp_reminder,0.03333333,0,retry_payment,0,no_action,stop,False,authentication_required,False,0.04230595,,False,"[""no_eligible_positive_value_action"", ""failure_matrix:block"", ""margin_not_applicable_to_non_allow_decision""]",0.65658927,False,49,7.23938140,0.66455084,False,8,4.29589038,0.70685679,False,23,3.80324523,0.52089155,False,11,2.70552140
TXN0000135760,C007855,2024-11-15 17:55:34,escalate_to_merchant,0.90000000,1,escalate_to_merchant,0,retry_payment,fallback,True,technical_retryable,True,0.01695144,,False,"[""decision_uncertain"", ""expected_value_margin:None"", ""probability_margin:None"", ""margin_not_applicable_to_non_allow_decision""]",0.59526211,True,172,27.72056966,0.60412019,False,17,16.07278182,0.62107164,True,66,18.92736169,0.47520256,True,211,29.09046962
TXN0000050885,C002200,2024-11-15 19:07:25,retry_payment,0.90000000,1,retry_payment,0,payment_link,allow,False,technical_retryable,True,0.00309145,203.26000000,False,"[""eligible"", ""contextually_supported_or_manual"", ""highest_risk_adjusted_expected_value"", ""expected_value_margin:203.26"", ""probability_margin:0.03232765"", ""decision_margin_passed""]",0.58897752,True,129,19.07760664,0.62130517,True,218,30.47265689,0.62439662,True,34,21.95535821,0.44692278,True,65,18.84615345
TXN0000007262,C001480,2024-11-15 19:15:03,escalate_to_merchant,0.90000000,1,escalate_to_merchant,0,payment_link,allow,False,technical_retryable,True,0.00797099,25.25000000,False,"[""eligible"", ""contextually_supported_or_manual"", ""highest_risk_adjusted_expected_value"", ""expected_value_margin:25.25"", ""probability_margin:0.06067866"", ""decision_margin_passed""]",0.62154299,True,359,56.24386377,0.68222165,True,85,37.80492775,0.67425066,True,126,41.91580028,0.50194865,True,694,97.85794000
TXN0000216475,C004235,2024-11-15 19:32:28,payment_link,0.90000000,1,payment_link,0,payment_link,allow,False,authentication_required,True,0.03726572,83.20000000,False,"[""eligible"", ""contextually_supported_or_manual"", ""highest_risk_adjusted_expected_value"", ""expected_value_margin:71.16"", ""probability_margin:0.03726572"", ""fallback_ineligible""]",0.58755982,True,129,19.07760664,0.63385147,True,218,30.47265689,0.59658575,True,34,21.95535821,0.43284622,True,65,18.84615345
TXN0000174412,C004232,2024-11-15 20:33:42,escalate_to_merchant,0.90000000,0,escalate_to_merchant,0,retry_payment,fallback,True,technical_retryable,True,0.00427854,,False,"[""decision_uncertain"", ""expected_value_margin:2.284663736820221"", ""probability_margin:0.041638314723968506"", ""margin_not_applicable_to_non_allow_decision""]",0.59763974,True,382,61.49646714,0.63927805,True,55,50.36414754,0.63499951,True,122,42.51287438,0.50409544,True,685,101.16768160
TXN0000163374,C008071,2024-11-15 20:47:56,payment_link,0.90000000,0,payment_link,0,payment_link,allow,False,technical_retryable,True,0.04913330,170.91000000,False,"[""eligible"", ""contextually_supported_or_manual"", ""highest_risk_adjusted_expected_value"", ""expected_value_margin:170.91"", ""probability_margin:0.06253308"", ""decision_margin_passed""]",0.58442503,True,129,19.07760664,0.64695811,True,218,30.47265689,0.59782481,True,34,21.95535821,0.41420057,True,65,18.84615345
TXN0000141088,C003193,2024-11-15 20:59:47,retry_payment,0.03333333,0,escalate_to_merchant,0,no_action,stop,False,authentication_required,False,0.00374305,,False,"[""no_eligible_positive_value_action"", ""failure_matrix:block"", ""margin_not_applicable_to_non_allow_decision""]",0.51293558,True,126,18.74890631,0.51667863,False,9,9.00000000,0.49942121,True,73,15.08078281,0.45355067,True,237,33.53941007
TXN0000039882,C001806,2024-11-15 21:14:16,retry_payment,0.90000000,1,retry_payment,0,retry_payment,fallback,True,technical_retryable,True,0.00718927,,False,"[""decision_uncertain"", ""expected_value_margin:None"", ""probability_margin:None"", ""margin_not_applicable_to_non_allow_decision""]",0.52402413,True,58,8.97709815,0.54606915,False,25,3.45418296,0.55325842,False,10,3.52962620,0.39862627,False,12,7.36805008
TXN0000034253,C002283,2024-11-15 21:31:58,retry_payment,0.90000000,1,retry_payment,0,no_action,stop,False,technical_retryable,False,0.04721856,,False,"[""no_eligible_positive_value_action"", ""failure_matrix:block"", ""margin_not_applicable_to_non_allow_decision""]",0.62190747,False,6,6.00000000,0.69448739,False,0,0.00000000,0.64726883,False,6,6.00000000,0.50458139,False,3,2.07333790
TXN0000167140,C002309,2024-11-15 23:34:49,escalate_to_merchant,0.90000000,1,escalate_to_merchant,0,payment_link,allow,False,technical_retryable,True,0.01705527,20.29000000,False,"[""eligible"", ""contextually_supported_or_manual"", ""highest_risk_adjusted_expected_value"", ""expected_value_margin:20.3"", ""probability_margin:0.05751067"", ""decision_margin_passed""]",0.64013839,True,359,56.24386377,0.69764906,True,85,37.80492775,0.68059379,True,126,41.91580028,0.52364677,True,694,97.85794000
TXN0000236393,C004012,2024-11-15 23:59:13,escalate_to_merchant,0.90000000,0,escalate_to_merchant,0,whatsapp_reminder,fallback,True,customer_decline,True,0.01163933,,False,"[""decision_uncertain"", ""expected_value_margin:None"", ""probability_margin:None"", ""margin_not_applicable_to_non_allow_decision""]",0.48866552,True,172,27.72056966,0.49593726,False,17,16.07278182,0.50757658,True,66,18.92736169,0.39200151,True,211,29.09046962
TXN0000190360,C008338,2024-11-16 00:24:00,payment_link,0.90000000,1,payment_link,0,whatsapp_reminder,fallback,True,authentication_required,True,0.01238012,,False,"[""decision_uncertain"", ""expected_value_margin:27.490556716918945"", ""probability_margin:0.0045833587646484375"", ""margin_not_applicable_to_non_allow_decision""]",0.51263183,True,129,19.07760664,0.49566835,True,218,30.47265689,0.50025171,True,34,21.95535821,0.34504741,True,65,18.84615345
TXN0000012089,C003008,2024-11-16 06:57:51,escalate_to_merchant,0.90000000,0,escalate_to_merchant,0,payment_link,fallback,True,authentication_required,True,0.02204108,,False,"[""decision_uncertain"", ""expected_value_margin:7.227665424346924"", ""probability_margin:0.02204108238220215"", ""margin_not_applicable_to_non_allow_decision""]",0.54500860,True,359,56.24386377,0.59853941,True,85,37.80492775,0.57649833,True,126,41.91580028,0.40067458,True,694,97.85794000
TXN0000104726,C003263,2024-11-16 08:27:46,escalate_to_merchant,0.03333333,1,payment_link,0,payment_link,fallback,True,authentication_required,True,0.03080362,,False,"[""decision_uncertain"", ""expected_value_margin:None"", ""probability_margin:None"", ""margin_not_applicable_to_non_allow_decision""]",0.61517113,True,59,8.94277964,0.64966375,True,90,12.53697431,0.61886013,False,19,4.27099396,0.46120000,True,43,10.73819641
TXN0000005759,C000703,2024-11-16 09:08:51,escalate_to_merchant,0.90000000,0,escalate_to_merchant,0,no_action,stop,False,customer_decline,False,0.04731810,,False,"[""no_eligible_positive_value_action"", ""failure_matrix:block"", ""margin_not_applicable_to_non_allow_decision""]",0.48449564,False,49,7.23938140,0.56751668,False,8,4.29589038,0.52019858,False,23,3.80324523,0.39029935,False,11,2.70552140
TXN0000030286,C008761,2024-11-16 09:42:20,retry_payment,0.90000000,1,retry_payment,0,retry_payment,fallback,True,technical_retryable,True,0.00367129,,False,"[""decision_uncertain"", ""expected_value_margin:None"", ""probability_margin:None"", ""margin_not_applicable_to_non_allow_decision""]",0.64910543,True,126,18.74890631,0.66995287,False,9,9.00000000,0.66628158,True,73,15.08078281,0.51615268,True,237,33.53941007
TXN0000179511,C009999,2024-11-16 10:39:51,retry_payment,0.90000000,0,retry_payment,0,payment_link,allow,False,authentication_required,True,0.05962187,19.36000000,False,"[""eligible"", ""contextually_supported_or_manual"", ""highest_risk_adjusted_expected_value"", ""expected_value_margin:35.31"", ""probability_margin:0.08182907"", ""fallback_ineligible""]",0.54406571,True,359,56.24386377,0.60368758,True,85,37.80492775,0.52185851,True,126,41.91580028,0.41128328,True,694,97.85794000
TXN0000154057,C006400,2024-11-16 11:54:52,escalate_to_merchant,0.90000000,1,escalate_to_merchant,0,retry_payment,fallback,True,technical_retryable,True,0.07160389,,False,"[""decision_uncertain"", ""expected_value_margin:None"", ""probability_margin:None"", ""margin_not_applicable_to_non_allow_decision""]",0.52941084,True,58,8.97709815,0.63935858,False,3,3.00000000,0.56775469,False,24,3.90270249,0.43722612,False,8,8.00000000
TXN0000030984,C002442,2024-11-16 12:03:32,retry_payment,0.90000000,1,retry_payment,0,no_action,stop,False,technical_retryable,False,0.02345037,,False,"[""no_eligible_positive_value_action"", ""failure_matrix:block"", ""margin_not_applicable_to_non_allow_decision""]",0.56059098,False,49,7.23938140,0.61303580,False,8,4.29589038,0.58958542,False,23,3.80324523,0.46001261,False,11,2.70552140
TXN0000108362,C004882,2024-11-16 12:36:27,payment_link,0.90000000,1,payment_link,0,payment_link,allow,False,customer_decline,True,0.02816296,58.44000000,False,"[""eligible"", ""contextually_supported_or_manual"", ""highest_risk_adjusted_expected_value"", ""expected_value_margin:56.89"", ""probability_margin:0.02816296"", ""fallback_ineligible""]",0.51985890,True,129,19.07760664,0.55149686,True,218,30.47265689,0.52333391,True,34,21.95535821,0.37242275,True,65,18.84615345
TXN0000083082,C004052,2024-11-16 12:50:29,retry_payment,0.90000000,1,retry_payment,0,whatsapp_reminder,fallback,True,customer_decline,True,0.03128457,,False,"[""decision_uncertain"", ""expected_value_margin:None"", ""probability_margin:None"", ""margin_not_applicable_to_non_allow_decision""]",0.54355472,False,49,7.90577463,0.56152081,False,6,6.00000000,0.59280539,True,63,11.63500628,0.41114491,True,88,12.69429910
TXN0000134420,C006408,2024-11-16 13:01:33,retry_payment,0.90000000,1,retry_payment,0,no_action,stop,False,authentication_required,False,0.00230467,,False,"[""no_eligible_positive_value_action"", ""failure_matrix:block"", ""margin_not_applicable_to_non_allow_decision""]",0.68520021,True,60,8.27440554,0.71633184,False,1,1.00000000,0.71863651,False,46,6.69767366,0.55195290,True,93,13.89845234
TXN0000191686,C007361,2024-11-16 13:18:15,payment_link,0.90000000,0,payment_link,0,no_action,stop,False,authentication_required,False,0.00622755,,False,"[""no_eligible_positive_value_action"", ""failure_matrix:block"", ""margin_not_applicable_to_non_allow_decision""]",0.68651342,True,58,8.97709815,0.71369594,False,25,3.45418296,0.71992350,False,10,3.52962620,0.55115891,False,12,7.36805008
TXN0000143138,C007850,2024-11-16 13:22:05,retry_payment,0.90000000,1,retry_payment,0,no_action,stop,False,customer_decline,False,0.01328653,,False,"[""no_eligible_positive_value_action"", ""failure_matrix:block"", ""margin_not_applicable_to_non_allow_decision""]",0.60822266,False,49,7.23938140,0.66865909,False,8,4.29589038,0.65537256,False,23,3.80324523,0.43320310,False,11,2.70552140
TXN0000025140,C006069,2024-11-16 13:24:55,payment_link,0.90000000,1,payment_link,0,payment_link,fallback,True,authentication_required,True,0.05798274,,False,"[""decision_uncertain"", ""expected_value_margin:None"", ""probability_margin:None"", ""margin_not_applicable_to_non_allow_decision""]",0.62362742,True,59,8.94277964,0.68161017,True,90,12.53697431,0.61816067,False,19,4.27099396,0.48512208,True,43,10.73819641
TXN0000184860,C002130,2024-11-16 13:29:35,retry_payment,0.90000000,1,retry_payment,0,no_action,stop,False,authentication_required,False,0.00441158,,False,"[""no_eligible_positive_value_action"", ""failure_matrix:block"", ""margin_not_applicable_to_non_allow_decision""]",0.76664293,True,58,8.97709815,0.77105451,False,25,3.45418296,0.74961144,False,10,3.52962620,0.63653690,False,12,7.36805008
TXN0000235483,C005162,2024-11-16 13:46:05,retry_payment,0.90000000,1,retry_payment,0,payment_link,fallback,True,customer_decline,True,0.02033752,,False,"[""decision_uncertain"", ""expected_value_margin:None"", ""probability_margin:None"", ""margin_not_applicable_to_non_allow_decision""]",0.62341803,True,359,56.24386377,0.66916114,True,85,37.80492775,0.68949866,True,126,41.91580028,0.48213449,True,694,97.85794000
TXN0000020326,C005644,2024-11-16 13:54:57,escalate_to_merchant,0.90000000,1,escalate_to_merchant,0,escalate_to_merchant,fallback,True,merchant_configuration,True,0.01176035,,False,"[""no_supported_positive_value_action"", ""manual_escalation_fallback"", ""margin_not_applicable_to_non_allow_decision""]",0.58625919,True,58,8.97709815,0.63190585,False,3,3.00000000,0.62014550,False,24,3.90270249,0.49059916,False,8,8.00000000
TXN0000224346,C003692,2024-11-16 14:10:00,whatsapp_reminder,0.90000000,1,whatsapp_reminder,0,whatsapp_reminder,allow,False,authentication_required,True,0.03700227,135.55000000,False,"[""eligible"", ""contextually_supported_or_manual"", ""highest_risk_adjusted_expected_value"", ""expected_value_margin:68.67"", ""probability_margin:0.03700227"", ""fallback_ineligible""]",0.58687359,True,387,66.60326136,0.62859339,True,625,91.91881191,0.66559565,True,50,36.09870729,0.43762529,True,196,56.61961283
TXN0000063435,C003305,2024-11-16 14:33:24,escalate_to_merchant,0.90000000,0,escalate_to_merchant,0,no_action,stop,False,technical_retryable,False,0.05591780,,False,"[""no_eligible_positive_value_action"", ""failure_matrix:block"", ""margin_not_applicable_to_non_allow_decision""]",0.53312045,False,49,7.23938140,0.61967969,False,8,4.29589038,0.56376189,False,23,3.80324523,0.42154604,False,11,2.70552140
TXN0000059864,C006226,2024-11-16 14:47:29,payment_link,0.90000000,1,payment_link,0,payment_link,allow,False,technical_retryable,True,0.01851320,198.82000000,False,"[""eligible"", ""contextually_supported_or_manual"", ""highest_risk_adjusted_expected_value"", ""expected_value_margin:198.82"", ""probability_margin:0.05414176"", ""decision_margin_passed""]",0.57587117,True,387,66.60326136,0.63001293,True,625,91.91881191,0.61149973,True,50,36.09870729,0.42893657,True,196,56.61961283
TXN0000068874,C000003,2024-11-16 15:04:01,retry_payment,0.90000000,0,retry_payment,0,payment_link,fallback,True,authentication_required,True,0.00973713,,False,"[""decision_uncertain"", ""expected_value_margin:None"", ""probability_margin:None"", ""margin_not_applicable_to_non_allow_decision""]",0.61950123,True,134,25.67475706,0.65815717,True,55,23.54174517,0.64842004,True,69,17.37637634,0.49791601,True,213,29.38877094
TXN0000108174,C005957,2024-11-16 16:46:41,escalate_to_merchant,0.90000000,0,escalate_to_merchant,0,payment_link,allow,False,technical_retryable,True,0.01125157,36.54000000,False,"[""eligible"", ""contextually_supported_or_manual"", ""highest_risk_adjusted_expected_value"", ""expected_value_margin:36.54"", ""probability_margin:0.04257917"", ""decision_margin_passed""]",0.60477751,True,362,56.55389812,0.64735669,True,241,49.77543607,0.63610512,True,96,34.06733257,0.42489964,True,512,71.09486331
TXN0000142241,C005113,2024-11-16 17:05:53,payment_link,0.90000000,1,payment_link,0,payment_link,allow,False,authentication_required,True,0.01881194,189.84000000,False,"[""eligible"", ""contextually_supported_or_manual"", ""highest_risk_adjusted_expected_value"", ""expected_value_margin:72.13"", ""probability_margin:0.01881194"", ""fallback_ineligible""]",0.59932363,True,387,66.60326136,0.64935929,True,625,91.91881191,0.63054734,True,50,36.09870729,0.45865563,True,196,56.61961283
TXN0000058071,C007446,2024-11-16 17:11:16,escalate_to_merchant,0.90000000,0,escalate_to_merchant,0,payment_link,allow,False,authentication_required,True,0.02368265,35.52000000,False,"[""eligible"", ""contextually_supported_or_manual"", ""highest_risk_adjusted_expected_value"", ""expected_value_margin:19.61"", ""probability_margin:0.02368265"", ""fallback_ineligible""]",0.57187015,True,362,56.55389812,0.61902678,True,241,49.77543607,0.59534413,True,96,34.06733257,0.44523114,True,512,71.09486331
TXN0000203678,C002643,2024-11-16 17:38:54,escalate_to_merchant,0.90000000,0,escalate_to_merchant,0,payment_link,allow,False,technical_retryable,True,0.03124428,51.47000000,False,"[""eligible"", ""contextually_supported_or_manual"", ""highest_risk_adjusted_expected_value"", ""expected_value_margin:51.47"", ""probability_margin:0.0575189"", ""decision_margin_passed""]",0.61133248,True,362,56.55389812,0.66885138,True,241,49.77543607,0.63760710,True,96,34.06733257,0.44054836,True,512,71.09486331
TXN0000076341,C004719,2024-11-16 17:42:17,whatsapp_reminder,0.03333333,1,retry_payment,0,no_action,stop,False,customer_decline,False,0.00144881,,False,"[""no_eligible_positive_value_action"", ""failure_matrix:block"", ""margin_not_applicable_to_non_allow_decision""]",0.68500274,False,18,18.00000000,0.70316565,False,1,1.00000000,0.70171684,False,7,3.29758098,0.54847485,False,0,0.00000000
TXN0000173658,C004309,2024-11-16 17:42:49,retry_payment,0.90000000,1,retry_payment,0,retry_payment,fallback,True,technical_retryable,True,0.03799164,,False,"[""decision_uncertain"", ""expected_value_margin:None"", ""probability_margin:None"", ""margin_not_applicable_to_non_allow_decision""]",0.47444066,True,172,27.72056966,0.55017304,False,17,16.07278182,0.51218140,True,66,18.92736169,0.38263315,True,211,29.09046962
TXN0000019669,C007115,2024-11-16 18:16:33,whatsapp_reminder,0.90000000,1,whatsapp_reminder,0,whatsapp_reminder,fallback,True,authentication_required,True,0.01035333,,False,"[""decision_uncertain"", ""expected_value_margin:None"", ""probability_margin:None"", ""margin_not_applicable_to_non_allow_decision""]",0.61004674,False,49,7.90577463,0.62682158,False,6,6.00000000,0.61646825,True,63,11.63500628,0.49699220,True,88,12.69429910
TXN0000242860,C004176,2024-11-16 18:26:53,retry_payment,0.90000000,1,retry_payment,0,no_action,stop,False,authentication_required,False,0.01300436,,False,"[""no_eligible_positive_value_action"", ""failure_matrix:block"", ""margin_not_applicable_to_non_allow_decision""]",0.53885865,False,49,7.23938140,0.57206130,False,8,4.29589038,0.58506566,False,23,3.80324523,0.43531731,False,11,2.70552140
TXN0000157757,C007181,2024-11-16 18:44:52,payment_link,0.90000000,1,payment_link,0,payment_link,allow,False,authentication_required,True,0.04284608,174.38000000,False,"[""eligible"", ""contextually_supported_or_manual"", ""highest_risk_adjusted_expected_value"", ""expected_value_margin:136.66"", ""probability_margin:0.04284608"", ""fallback_ineligible""]",0.64679927,True,387,66.60326136,0.70305294,True,625,91.91881191,0.66020685,True,50,36.09870729,0.47404566,True,196,56.61961283
TXN0000083336,C009800,2024-11-16 18:55:21,retry_payment,0.90000000,1,retry_payment,0,retry_payment,fallback,True,technical_retryable,True,0.05746043,,False,"[""decision_uncertain"", ""expected_value_margin:None"", ""probability_margin:None"", ""margin_not_applicable_to_non_allow_decision""]",0.64957845,True,58,8.97709815,0.66050011,False,25,3.45418296,0.71796054,False,10,3.52962620,0.46963882,False,12,7.36805008
TXN0000119062,C000827,2024-11-16 19:09:49,whatsapp_reminder,0.90000000,1,whatsapp_reminder,0,retry_payment,fallback,True,technical_retryable,True,0.00626284,,False,"[""decision_uncertain"", ""expected_value_margin:None"", ""probability_margin:None"", ""margin_not_applicable_to_non_allow_decision""]",0.55075538,True,172,27.72056966,0.57611334,False,17,16.07278182,0.58237618,True,66,18.92736169,0.46268088,True,211,29.09046962
TXN0000076333,C005950,2024-11-16 19:24:10,retry_payment,0.90000000,1,retry_payment,0,no_action,stop,False,customer_decline,False,0.03984976,,False,"[""no_eligible_positive_value_action"", ""failure_matrix:block"", ""margin_not_applicable_to_non_allow_decision""]",0.69207412,True,172,27.72056966,0.73937631,False,17,16.07278182,0.69952655,True,66,18.92736169,0.59065688,True,211,29.09046962
TXN0000153313,C003158,2024-11-16 19:26:57,retry_payment,0.03333333,1,escalate_to_merchant,0,payment_link,allow,False,technical_retryable,True,0.01594776,36.29000000,False,"[""eligible"", ""contextually_supported_or_manual"", ""highest_risk_adjusted_expected_value"", ""expected_value_margin:36.29"", ""probability_margin:0.03307569"", ""decision_margin_passed""]",0.51281583,True,134,25.67475706,0.54589152,True,55,23.54174517,0.52994376,True,69,17.37637634,0.33382669,True,213,29.38877094
TXN0000181278,C003870,2024-11-16 19:28:22,retry_payment,0.90000000,0,retry_payment,0,whatsapp_reminder,fallback,True,customer_decline,True,0.02086169,,False,"[""decision_uncertain"", ""expected_value_margin:None"", ""probability_margin:None"", ""margin_not_applicable_to_non_allow_decision""]",0.57583582,True,73,10.21909638,0.61427903,False,23,5.49540018,0.63514072,True,54,8.41672235,0.43031964,True,72,12.00499847
TXN0000094686,C003589,2024-11-16 19:57:31,retry_payment,0.90000000,1,retry_payment,0,retry_payment,fallback,True,technical_retryable,True,0.02105540,,False,"[""decision_uncertain"", ""expected_value_margin:1.198960781097412"", ""probability_margin:0.04669523239135742"", ""margin_not_applicable_to_non_allow_decision""]",0.63212895,True,382,61.49646714,0.67882419,True,55,50.36414754,0.65776879,True,122,42.51287438,0.53060323,True,685,101.16768160
TXN0000063932,C009108,2024-11-16 20:42:39,retry_payment,0.90000000,0,retry_payment,0,no_action,stop,False,customer_decline,False,0.00591373,,False,"[""no_eligible_positive_value_action"", ""failure_matrix:block"", ""margin_not_applicable_to_non_allow_decision""]",0.47231802,True,47,47.00000000,0.54603535,False,2,2.00000000,0.54012161,False,21,3.60798899,0.36460519,False,12,3.68852452
TXN0000061617,C009991,2024-11-16 21:14:06,escalate_to_merchant,0.90000000,0,escalate_to_merchant,0,payment_link,allow,False,technical_retryable,True,0.00903296,34.06000000,False,"[""eligible"", ""contextually_supported_or_manual"", ""highest_risk_adjusted_expected_value"", ""expected_value_margin:34.06"", ""probability_margin:0.04896092"", ""decision_margin_passed""]",0.60633683,True,362,56.55389812,0.65529776,True,241,49.77543607,0.64626479,True,96,34.06733257,0.47202429,True,512,71.09486331
TXN0000119244,C007117,2024-11-17 07:06:18,escalate_to_merchant,0.90000000,1,escalate_to_merchant,0,payment_link,fallback,True,customer_decline,True,0.04392529,,False,"[""decision_uncertain"", ""expected_value_margin:3.0649595260620117"", ""probability_margin:0.04392528533935547"", ""margin_not_applicable_to_non_allow_decision""]",0.55872136,True,382,61.49646714,0.61165559,True,55,50.36414754,0.56773031,True,122,42.51287438,0.44808519,True,685,101.16768160
TXN0000134031,C005114,2024-11-17 08:04:23,escalate_to_merchant,0.90000000,0,escalate_to_merchant,0,no_action,stop,False,authentication_required,False,0.00737265,,False,"[""no_eligible_positive_value_action"", ""failure_matrix:block"", ""margin_not_applicable_to_non_allow_decision""]",0.36468804,True,60,8.27440554,0.37206069,False,1,1.00000000,0.34181392,False,46,6.69767366,0.28177559,True,93,13.89845234
TXN0000247910,C009456,2024-11-17 08:16:29,escalate_to_merchant,0.90000000,1,escalate_to_merchant,0,whatsapp_reminder,fallback,True,customer_decline,True,0.01243657,,False,"[""decision_uncertain"", ""expected_value_margin:1.0312162637710571"", ""probability_margin:-0.01243656873703003"", ""margin_not_applicable_to_non_allow_decision""]",0.56166017,True,382,61.49646714,0.59444308,True,55,50.36414754,0.58200651,True,122,42.51287438,0.47334993,True,685,101.16768160
TXN0000025330,C001494,2024-11-17 08:54:51,whatsapp_reminder,0.90000000,0,whatsapp_reminder,0,payment_link,allow,False,technical_retryable,True,0.02474540,75.28000000,False,"[""eligible"", ""contextually_supported_or_manual"", ""highest_risk_adjusted_expected_value"", ""expected_value_margin:75.28"", ""probability_margin:0.05260915"", ""decision_margin_passed""]",0.62761641,True,362,56.55389812,0.68022555,True,241,49.77543607,0.65548015,True,96,34.06733257,0.48282343,True,512,71.09486331
TXN0000033470,C004960,2024-11-17 10:03:22,escalate_to_merchant,0.90000000,0,escalate_to_merchant,0,retry_payment,fallback,True,technical_retryable,True,0.06778318,,False,"[""decision_uncertain"", ""expected_value_margin:None"", ""probability_margin:None"", ""margin_not_applicable_to_non_allow_decision""]",0.54692590,True,47,47.00000000,0.64355016,False,2,2.00000000,0.57576698,False,21,3.60798899,0.45551062,False,12,3.68852452
TXN0000116778,C006557,2024-11-17 10:19:36,payment_link,0.90000000,1,payment_link,0,payment_link,allow,False,authentication_required,True,0.03838617,364.35000000,False,"[""eligible"", ""contextually_supported_or_manual"", ""highest_risk_adjusted_expected_value"", ""expected_value_margin:142.89"", ""probability_margin:0.03838617"", ""fallback_ineligible""]",0.47785214,True,129,19.07760664,0.57633239,True,218,30.47265689,0.53794622,True,34,21.95535821,0.37695774,True,65,18.84615345
TXN0000234740,C006767,2024-11-17 10:28:33,retry_payment,0.90000000,1,retry_payment,0,retry_payment,fallback,True,technical_retryable,True,0.03256422,,False,"[""decision_uncertain"", ""expected_value_margin:None"", ""probability_margin:None"", ""margin_not_applicable_to_non_allow_decision""]",0.73751485,True,58,8.97709815,0.74224341,False,3,3.00000000,0.77480763,False,24,3.90270249,0.62913519,False,8,8.00000000
TXN0000201646,C008462,2024-11-17 10:32:47,escalate_to_merchant,0.90000000,1,escalate_to_merchant,0,retry_payment,fallback,True,technical_retryable,True,0.01173639,,False,"[""decision_uncertain"", ""expected_value_margin:None"", ""probability_margin:None"", ""margin_not_applicable_to_non_allow_decision""]",0.58435476,True,172,27.72056966,0.57261837,False,17,16.07278182,0.55376267,True,66,18.92736169,0.45794913,True,211,29.09046962
TXN0000141091,C008558,2024-11-17 10:35:51,payment_link,0.90000000,0,payment_link,0,payment_link,allow,False,technical_retryable,True,0.01256186,411.35000000,False,"[""eligible"", ""contextually_supported_or_manual"", ""highest_risk_adjusted_expected_value"", ""expected_value_margin:411.35"", ""probability_margin:0.05490348"", ""decision_margin_passed""]",0.47964141,True,129,19.07760664,0.53454489,True,218,30.47265689,0.52198303,True,34,21.95535821,0.35574868,True,65,18.84615345
TXN0000078510,C008864,2024-11-17 10:50:27,whatsapp_reminder,0.90000000,0,whatsapp_reminder,0,retry_payment,fallback,True,technical_retryable,True,0.02655673,,False,"[""decision_uncertain"", ""expected_value_margin:None"", ""probability_margin:None"", ""margin_not_applicable_to_non_allow_decision""]",0.63431972,True,172,27.72056966,0.64290839,False,17,16.07278182,0.66946512,True,66,18.92736169,0.53190839,True,211,29.09046962
TXN0000014354,C001991,2024-11-17 11:06:55,escalate_to_merchant,0.90000000,0,escalate_to_merchant,0,retry_payment,fallback,True,technical_retryable,True,0.02089179,,False,"[""decision_uncertain"", ""expected_value_margin:1.8777296543121338"", ""probability_margin:0.04510378837585449"", ""margin_not_applicable_to_non_allow_decision""]",0.64628112,True,382,61.49646714,0.69138491,True,55,50.36414754,0.67049313,True,122,42.51287438,0.55241805,True,685,101.16768160
TXN0000192996,C005259,2024-11-17 11:15:21,payment_link,0.90000000,1,payment_link,0,payment_link,allow,False,technical_retryable,True,0.01008064,334.68000000,False,"[""eligible"", ""contextually_supported_or_manual"", ""highest_risk_adjusted_expected_value"", ""expected_value_margin:334.68"", ""probability_margin:0.03862542"", ""decision_margin_passed""]",0.55213577,True,129,19.07760664,0.59076118,True,218,30.47265689,0.58068055,True,34,21.95535821,0.37006083,True,65,18.84615345
TXN0000016912,C009050,2024-11-17 11:35:24,retry_payment,0.90000000,0,retry_payment,0,retry_payment,fallback,True,technical_retryable,True,0.00432914,,False,"[""decision_uncertain"", ""expected_value_margin:None"", ""probability_margin:None"", ""margin_not_applicable_to_non_allow_decision""]",0.63646531,True,47,47.00000000,0.65883189,False,2,2.00000000,0.66316104,False,21,3.60798899,0.51334292,False,12,3.68852452
TXN0000185379,C009133,2024-11-17 11:43:00,whatsapp_reminder,0.90000000,1,whatsapp_reminder,0,no_action,stop,False,customer_decline,False,0.00486279,,False,"[""no_eligible_positive_value_action"", ""failure_matrix:block"", ""margin_not_applicable_to_non_allow_decision""]",0.67066866,True,58,8.97709815,0.71194565,False,3,3.00000000,0.70708287,False,24,3.90270249,0.58116901,False,8,8.00000000
TXN0000195429,C001688,2024-11-17 11:46:41,retry_payment,0.90000000,0,retry_payment,0,no_action,stop,False,customer_decline,False,0.05548793,,False,"[""no_eligible_positive_value_action"", ""failure_matrix:block"", ""margin_not_applicable_to_non_allow_decision""]",0.66313779,True,58,8.97709815,0.66638494,False,25,3.45418296,0.72187287,False,10,3.52962620,0.51680148,False,12,7.36805008
TXN0000108002,C007510,2024-11-17 11:59:06,retry_payment,0.90000000,1,retry_payment,0,retry_payment,fallback,True,technical_retryable,True,0.00750077,,False,"[""decision_uncertain"", ""expected_value_margin:None"", ""probability_margin:None"", ""margin_not_applicable_to_non_allow_decision""]",0.68936062,True,58,8.97709815,0.74164832,False,25,3.45418296,0.73414755,False,10,3.52962620,0.56041169,False,12,7.36805008
TXN0000034805,C000400,2024-11-17 12:04:00,payment_link,0.90000000,0,payment_link,0,payment_link,allow,False,customer_decline,True,0.06501693,414.93000000,False,"[""eligible"", ""contextually_supported_or_manual"", ""highest_risk_adjusted_expected_value"", ""expected_value_margin:355.28"", ""probability_margin:0.06501693"", ""fallback_ineligible""]",0.51181281,True,387,66.60326136,0.58872330,True,625,91.91881191,0.52370638,True,50,36.09870729,0.34885460,True,196,56.61961283
TXN0000181389,C008186,2024-11-17 12:12:11,retry_payment,0.90000000,0,retry_payment,0,payment_link,allow,False,technical_retryable,True,0.01630229,11.05000000,False,"[""eligible"", ""contextually_supported_or_manual"", ""highest_risk_adjusted_expected_value"", ""expected_value_margin:11.05"", ""probability_margin:0.05807567"", ""decision_margin_passed""]",0.54124564,True,359,56.24386377,0.59932131,True,85,37.80492775,0.61562359,True,126,41.91580028,0.42640224,True,694,97.85794000
TXN0000108552,C009202,2024-11-17 12:51:55,payment_link,0.90000000,0,payment_link,0,escalate_to_merchant,fallback,True,merchant_configuration,True,0.01395071,,False,"[""decision_uncertain"", ""expected_value_margin:None"", ""probability_margin:None"", ""margin_not_applicable_to_non_allow_decision""]",0.55948240,True,129,19.07760664,0.58079660,True,218,30.47265689,0.56684589,True,34,21.95535821,0.43719622,True,65,18.84615345
TXN0000058444,C008541,2024-11-17 12:57:06,escalate_to_merchant,0.90000000,1,escalate_to_merchant,0,retry_payment,fallback,True,technical_retryable,True,0.00271717,,False,"[""decision_uncertain"", ""expected_value_margin:None"", ""probability_margin:None"", ""margin_not_applicable_to_non_allow_decision""]",0.46981549,True,172,27.72056966,0.47938475,False,17,16.07278182,0.48210192,True,66,18.92736169,0.38267416,True,211,29.09046962
TXN0000145458,C009680,2024-11-17 13:20:33,whatsapp_reminder,0.03333333,1,retry_payment,0,whatsapp_reminder,fallback,True,authentication_required,True,0.01599377,,False,"[""decision_uncertain"", ""expected_value_margin:12.486015319824219"", ""probability_margin:0.015993773937225342"", ""margin_not_applicable_to_non_allow_decision""]",0.58411920,True,362,56.55389812,0.63685489,True,241,49.77543607,0.65284866,True,96,34.06733257,0.43818012,True,512,71.09486331
TXN0000146191,C007923,2024-11-17 14:57:18,whatsapp_reminder,0.03333333,1,retry_payment,0,payment_link,allow,False,technical_retryable,True,0.01996785,80.54000000,False,"[""eligible"", ""contextually_supported_or_manual"", ""highest_risk_adjusted_expected_value"", ""expected_value_margin:80.54"", ""probability_margin:0.04780662"", ""decision_margin_passed""]",0.61420238,True,387,66.60326136,0.66200900,True,625,91.91881191,0.64204115,True,50,36.09870729,0.47750270,True,196,56.61961283
TXN0000134087,C007541,2024-11-17 15:40:29,retry_payment,0.90000000,1,retry_payment,0,whatsapp_reminder,allow,False,authentication_required,True,0.01651508,12.25000000,False,"[""eligible"", ""contextually_supported_or_manual"", ""highest_risk_adjusted_expected_value"", ""expected_value_margin:25.67"", ""probability_margin:0.02148205"", ""fallback_ineligible""]",0.71965230,True,134,25.67475706,0.71468532,True,55,23.54174517,0.73616737,True,69,17.37637634,0.61546338,True,213,29.38877094
TXN0000140977,C003471,2024-11-17 15:42:07,escalate_to_merchant,0.90000000,0,escalate_to_merchant,0,escalate_to_merchant,fallback,True,merchant_configuration,True,0.09560627,,False,"[""decision_uncertain"", ""expected_value_margin:None"", ""probability_margin:None"", ""margin_not_applicable_to_non_allow_decision""]",0.40569142,True,73,10.21909638,0.52652311,False,23,5.49540018,0.43091685,True,54,8.41672235,0.33335069,True,72,12.00499847
TXN0000103693,C001236,2024-11-17 16:02:13,whatsapp_reminder,0.03333333,1,retry_payment,0,no_action,stop,False,customer_decline,False,0.01015961,,False,"[""no_eligible_positive_value_action"", ""failure_matrix:block"", ""margin_not_applicable_to_non_allow_decision""]",0.68802941,True,58,8.97709815,0.72508335,False,3,3.00000000,0.71492374,False,24,3.90270249,0.58422863,False,8,8.00000000
TXN0000209729,C002686,2024-11-17 16:34:03,retry_payment,0.90000000,0,retry_payment,0,payment_link,fallback,True,authentication_required,True,0.00327313,,False,"[""decision_uncertain"", ""expected_value_margin:5.703704595565796"", ""probability_margin:0.0032731294631958008"", ""margin_not_applicable_to_non_allow_decision""]",0.65466267,True,129,19.07760664,0.67698592,True,218,30.47265689,0.67371279,True,34,21.95535821,0.50847405,True,65,18.84615345
TXN0000177590,C005832,2024-11-17 17:26:55,escalate_to_merchant,0.90000000,1,escalate_to_merchant,0,whatsapp_reminder,fallback,True,authentication_required,True,0.02663845,,False,"[""decision_uncertain"", ""expected_value_margin:None"", ""probability_margin:None"", ""margin_not_applicable_to_non_allow_decision""]",0.58781379,True,172,27.72056966,0.62130123,False,17,16.07278182,0.59466279,True,66,18.92736169,0.44986832,True,211,29.09046962
TXN0000069604,C000206,2024-11-17 17:28:27,payment_link,0.90000000,1,payment_link,0,payment_link,allow,False,technical_retryable,True,0.03948706,712.32000000,False,"[""eligible"", ""contextually_supported_or_manual"", ""highest_risk_adjusted_expected_value"", ""expected_value_margin:712.31"", ""probability_margin:0.07220477"", ""decision_margin_passed""]",0.51868492,True,387,66.60326136,0.59088969,True,625,91.91881191,0.55140263,True,50,36.09870729,0.35327160,True,196,56.61961283
TXN0000141445,C003009,2024-11-17 18:11:13,retry_payment,0.90000000,1,retry_payment,0,no_action,stop,False,merchant_configuration,False,0.05562884,,False,"[""customer_opted_out"", ""margin_not_applicable_to_non_allow_decision""]",0.50962114,True,134,25.67475706,0.53063142,True,55,23.54174517,0.58626026,True,69,17.37637634,0.39162868,True,213,29.38877094
TXN0000137475,C002148,2024-11-17 18:28:16,escalate_to_merchant,0.90000000,1,escalate_to_merchant,0,retry_payment,fallback,True,technical_retryable,True,0.05714309,,False,"[""decision_uncertain"", ""expected_value_margin:None"", ""probability_margin:None"", ""margin_not_applicable_to_non_allow_decision""]",0.42666668,True,47,47.00000000,0.52439576,False,2,2.00000000,0.46725267,False,21,3.60798899,0.34241769,False,12,3.68852452
TXN0000028417,C005198,2024-11-17 18:34:49,escalate_to_merchant,0.90000000,1,escalate_to_merchant,0,payment_link,fallback,True,customer_decline,True,0.00834042,,False,"[""decision_uncertain"", ""expected_value_margin:8.2589271068573"", ""probability_margin:0.008340418338775635"", ""margin_not_applicable_to_non_allow_decision""]",0.55844879,True,362,56.55389812,0.63845658,True,241,49.77543607,0.63011616,True,96,34.06733257,0.41324213,True,512,71.09486331
TXN0000222094,C000609,2024-11-17 18:54:38,whatsapp_reminder,0.03333333,1,escalate_to_merchant,0,payment_link,fallback,True,customer_decline,True,0.03742254,,False,"[""decision_uncertain"", ""expected_value_margin:6.843676686286926"", ""probability_margin:0.0374225378036499"", ""margin_not_applicable_to_non_allow_decision""]",0.60075432,True,382,61.49646714,0.65996897,True,55,50.36414754,0.62254643,True,122,42.51287438,0.49707794,True,685,101.16768160
TXN0000109830,C000916,2024-11-17 19:02:37,payment_link,0.90000000,0,payment_link,0,payment_link,allow,False,customer_decline,True,0.03657460,181.01000000,False,"[""eligible"", ""contextually_supported_or_manual"", ""highest_risk_adjusted_expected_value"", ""expected_value_margin:103.38"", ""probability_margin:0.0365746"", ""fallback_ineligible""]",0.63344747,True,129,19.07760664,0.69889516,True,218,30.47265689,0.66232055,True,34,21.95535821,0.46597719,True,65,18.84615345
TXN0000102052,C009408,2024-11-17 19:15:13,payment_link,0.90000000,1,payment_link,0,payment_link,allow,False,technical_retryable,True,0.02121675,53.53000000,False,"[""eligible"", ""contextually_supported_or_manual"", ""highest_risk_adjusted_expected_value"", ""expected_value_margin:53.53"", ""probability_margin:0.06852204"", ""decision_margin_passed""]",0.58108658,True,362,56.55389812,0.64960861,True,241,49.77543607,0.62839186,True,96,34.06733257,0.43774357,True,512,71.09486331
TXN0000047720,C000988,2024-11-17 19:26:12,retry_payment,0.90000000,1,retry_payment,0,retry_payment,fallback,True,technical_retryable,True,0.02440345,,False,"[""decision_uncertain"", ""expected_value_margin:None"", ""probability_margin:None"", ""margin_not_applicable_to_non_allow_decision""]",0.60248893,True,172,27.72056966,0.60943997,False,17,16.07278182,0.63384342,True,66,18.92736169,0.47689220,True,211,29.09046962
TXN0000200607,C005298,2024-11-17 19:45:30,retry_payment,0.90000000,1,retry_payment,0,whatsapp_reminder,fallback,True,authentication_required,True,0.03048903,,False,"[""decision_uncertain"", ""expected_value_margin:None"", ""probability_margin:None"", ""margin_not_applicable_to_non_allow_decision""]",0.67653155,True,126,18.74890631,0.72085547,False,9,9.00000000,0.69036645,True,73,15.08078281,0.55565000,True,237,33.53941007
TXN0000111228,C009373,2024-11-17 20:03:44,escalate_to_merchant,0.90000000,0,escalate_to_merchant,0,whatsapp_reminder,fallback,True,customer_decline,True,0.03050900,,False,"[""decision_uncertain"", ""expected_value_margin:None"", ""probability_margin:None"", ""margin_not_applicable_to_non_allow_decision""]",0.56628889,True,126,18.74890631,0.59679788,False,9,9.00000000,0.55151200,True,73,15.08078281,0.46253002,True,237,33.53941007
TXN0000069461,C001158,2024-11-17 20:10:15,escalate_to_merchant,0.90000000,1,escalate_to_merchant,0,no_action,stop,False,technical_retryable,False,0.01366997,,False,"[""no_eligible_positive_value_action"", ""failure_matrix:block"", ""margin_not_applicable_to_non_allow_decision""]",0.60756707,False,49,7.23938140,0.65008980,False,8,4.29589038,0.63641983,False,23,3.80324523,0.48291564,False,11,2.70552140
TXN0000144198,C005036,2024-11-17 20:17:28,retry_payment,0.90000000,1,retry_payment,0,no_action,stop,False,authentication_required,False,0.00397140,,False,"[""no_eligible_positive_value_action"", ""failure_matrix:block"", ""margin_not_applicable_to_non_allow_decision""]",0.52124435,True,47,47.00000000,0.56773096,False,2,2.00000000,0.57170236,False,21,3.60798899,0.41352704,False,12,3.68852452
TXN0000181196,C000553,2024-11-17 20:26:04,whatsapp_reminder,0.90000000,0,whatsapp_reminder,0,payment_link,fallback,True,customer_decline,True,0.00628680,,False,"[""decision_uncertain"", ""expected_value_margin:1.7609783411026"", ""probability_margin:0.006286799907684326"", ""margin_not_applicable_to_non_allow_decision""]",0.62508088,True,134,25.67475706,0.64876080,True,55,23.54174517,0.64247400,True,69,17.37637634,0.53379691,True,213,29.38877094
TXN0000069736,C000735,2024-11-17 20:44:35,escalate_to_merchant,0.90000000,1,escalate_to_merchant,0,escalate_to_merchant,fallback,True,merchant_configuration,True,0.04966646,,False,"[""no_supported_positive_value_action"", ""manual_escalation_fallback"", ""margin_not_applicable_to_non_allow_decision""]",0.40783083,True,126,18.74890631,0.46367881,False,9,9.00000000,0.41401234,True,73,15.08078281,0.27516821,True,237,33.53941007
TXN0000091811,C008731,2024-11-17 21:22:08,whatsapp_reminder,0.90000000,1,whatsapp_reminder,0,retry_payment,fallback,True,technical_retryable,True,0.00376368,,False,"[""decision_uncertain"", ""expected_value_margin:3.5208893418312073"", ""probability_margin:0.05460137128829956"", ""margin_not_applicable_to_non_allow_decision""]",0.67342210,True,382,61.49646714,0.72802347,True,55,50.36414754,0.72425979,True,122,42.51287438,0.57855749,True,685,101.16768160
TXN0000240920,C008571,2024-11-17 21:37:53,escalate_to_merchant,0.90000000,0,escalate_to_merchant,0,payment_link,allow,False,customer_decline,True,0.02964795,51.26000000,False,"[""eligible"", ""contextually_supported_or_manual"", ""highest_risk_adjusted_expected_value"", ""expected_value_margin:23.07"", ""probability_margin:0.02964795"", ""fallback_ineligible""]",0.57869166,True,362,56.55389812,0.64807725,True,241,49.77543607,0.61842930,True,96,34.06733257,0.42382753,True,512,71.09486331
TXN0000188745,C000777,2024-11-17 21:45:12,escalate_to_merchant,0.90000000,0,escalate_to_merchant,0,retry_payment,fallback,True,technical_retryable,True,0.05283809,,False,"[""decision_uncertain"", ""expected_value_margin:None"", ""probability_margin:None"", ""margin_not_applicable_to_non_allow_decision""]",0.65856028,True,58,8.97709815,0.75985062,False,3,3.00000000,0.70701253,False,24,3.90270249,0.57001853,False,8,8.00000000
TXN0000120849,C004989,2024-11-17 21:59:02,whatsapp_reminder,0.90000000,1,whatsapp_reminder,0,no_action,stop,False,customer_decline,False,0.05277318,,False,"[""no_eligible_positive_value_action"", ""failure_matrix:block"", ""margin_not_applicable_to_non_allow_decision""]",0.62463599,False,49,7.23938140,0.67871422,False,8,4.29589038,0.62594104,False,23,3.80324523,0.47803304,False,11,2.70552140
TXN0000201659,C007734,2024-11-17 22:16:36,payment_link,0.90000000,0,payment_link,0,no_action,stop,False,authentication_required,False,0.04803789,,False,"[""no_eligible_positive_value_action"", ""failure_matrix:block"", ""margin_not_applicable_to_non_allow_decision""]",0.49317867,True,58,8.97709815,0.60084707,False,25,3.45418296,0.55280918,False,10,3.52962620,0.31687030,False,12,7.36805008
TXN0000104896,C002588,2024-11-17 22:26:43,payment_link,0.90000000,0,payment_link,0,payment_link,fallback,True,authentication_required,True,0.02423611,,False,"[""decision_uncertain"", ""expected_value_margin:None"", ""probability_margin:None"", ""margin_not_applicable_to_non_allow_decision""]",0.47578624,True,59,8.94277964,0.50002235,True,90,12.53697431,0.46633151,False,19,4.27099396,0.34079331,True,43,10.73819641
TXN0000110922,C007945,2024-11-17 23:58:32,escalate_to_merchant,0.90000000,0,escalate_to_merchant,0,payment_link,allow,False,authentication_required,True,0.02549785,36.86000000,False,"[""eligible"", ""contextually_supported_or_manual"", ""highest_risk_adjusted_expected_value"", ""expected_value_margin:19.4"", ""probability_margin:0.02549785"", ""fallback_ineligible""]",0.59113133,True,134,25.67475706,0.64396393,True,55,23.54174517,0.61846608,True,69,17.37637634,0.46383303,True,213,29.38877094
TXN0000213317,C004524,2024-11-18 00:31:28,retry_payment,0.90000000,1,retry_payment,0,retry_payment,fallback,True,technical_retryable,True,0.03059047,,False,"[""decision_uncertain"", ""expected_value_margin:None"", ""probability_margin:None"", ""margin_not_applicable_to_non_allow_decision""]",0.61734653,True,172,27.72056966,0.58845282,False,17,16.07278182,0.64793700,True,66,18.92736169,0.48044157,True,211,29.09046962
TXN0000220261,C002467,2024-11-18 01:21:04,retry_payment,0.03333333,0,escalate_to_merchant,0,whatsapp_reminder,fallback,True,authentication_required,True,0.00859421,,False,"[""decision_uncertain"", ""expected_value_margin:None"", ""probability_margin:None"", ""margin_not_applicable_to_non_allow_decision""]",0.60465485,True,172,27.72056966,0.64768076,False,17,16.07278182,0.65627497,True,66,18.92736169,0.45565981,True,211,29.09046962
TXN0000048428,C001941,2024-11-18 02:15:18,whatsapp_reminder,0.90000000,1,whatsapp_reminder,0,no_action,stop,False,customer_decline,False,0.01198637,,False,"[""no_eligible_positive_value_action"", ""failure_matrix:block"", ""margin_not_applicable_to_non_allow_decision""]",0.68826616,True,47,47.00000000,0.72335303,False,2,2.00000000,0.73533940,False,21,3.60798899,0.55305529,False,12,3.68852452
TXN0000217974,C005874,2024-11-18 02:17:26,whatsapp_reminder,0.90000000,0,whatsapp_reminder,0,escalate_to_merchant,fallback,True,merchant_configuration,True,0.04276758,,False,"[""decision_uncertain"", ""expected_value_margin:None"", ""probability_margin:None"", ""margin_not_applicable_to_non_allow_decision""]",0.61588991,True,134,25.67475706,0.62076277,True,55,23.54174517,0.66353035,True,69,17.37637634,0.45639244,True,213,29.38877094
TXN0000161101,C009691,2024-11-18 08:29:06,escalate_to_merchant,0.90000000,0,escalate_to_merchant,0,no_action,stop,False,authentication_required,False,0.01578969,,False,"[""customer_opted_out"", ""margin_not_applicable_to_non_allow_decision""]",0.57108796,True,172,27.72056966,0.54011667,False,17,16.07278182,0.58687764,True,66,18.92736169,0.44655976,True,211,29.09046962
TXN0000086144,C005606,2024-11-18 08:55:03,whatsapp_reminder,0.90000000,0,whatsapp_reminder,0,escalate_to_merchant,fallback,True,merchant_configuration,True,0.00760585,,False,"[""decision_uncertain"", ""expected_value_margin:None"", ""probability_margin:None"", ""margin_not_applicable_to_non_allow_decision""]",0.63700879,True,47,47.00000000,0.67826074,False,2,2.00000000,0.68586659,False,21,3.60798899,0.53017867,False,12,3.68852452
TXN0000088706,C001248,2024-11-18 09:16:30,retry_payment,0.90000000,0,retry_payment,0,retry_payment,fallback,True,technical_retryable,True,0.00443190,,False,"[""decision_uncertain"", ""expected_value_margin:16.824387192726135"", ""probability_margin:0.005136430263519287"", ""margin_not_applicable_to_non_allow_decision""]",0.67572212,True,387,66.60326136,0.67058569,True,625,91.91881191,0.68015403,True,50,36.09870729,0.48857728,True,196,56.61961283
TXN0000217416,C008835,2024-11-18 09:53:58,retry_payment,0.90000000,1,retry_payment,0,whatsapp_reminder,fallback,True,customer_decline,True,0.00807887,,False,"[""decision_uncertain"", ""expected_value_margin:None"", ""probability_margin:None"", ""margin_not_applicable_to_non_allow_decision""]",0.61480498,True,126,18.74890631,0.58516043,False,9,9.00000000,0.60672611,True,73,15.08078281,0.47384828,True,237,33.53941007
TXN0000130706,C006844,2024-11-18 10:01:40,payment_link,0.03333333,1,whatsapp_reminder,0,retry_payment,fallback,True,technical_retryable,True,0.02355689,,False,"[""decision_uncertain"", ""expected_value_margin:None"", ""probability_margin:None"", ""margin_not_applicable_to_non_allow_decision""]",0.59518427,True,58,8.97709815,0.64374626,False,3,3.00000000,0.66730314,False,24,3.90270249,0.49569952,False,8,8.00000000
TXN0000078603,C002621,2024-11-18 10:39:18,escalate_to_merchant,0.90000000,0,escalate_to_merchant,0,retry_payment,fallback,True,technical_retryable,True,0.00207520,,False,"[""decision_uncertain"", ""expected_value_margin:None"", ""probability_margin:None"", ""margin_not_applicable_to_non_allow_decision""]",0.58419305,True,47,47.00000000,0.63367909,False,2,2.00000000,0.63160390,False,21,3.60798899,0.45168859,False,12,3.68852452
TXN0000049297,C006739,2024-11-18 11:10:00,retry_payment,0.90000000,1,retry_payment,0,payment_link,allow,False,technical_retryable,True,0.01931006,39.67000000,False,"[""eligible"", ""contextually_supported_or_manual"", ""highest_risk_adjusted_expected_value"", ""expected_value_margin:39.67"", ""probability_margin:0.0268544"", ""decision_margin_passed""]",0.50514901,True,129,19.07760664,0.53200340,True,218,30.47265689,0.51269335,True,34,21.95535821,0.37609029,True,65,18.84615345
TXN0000022968,C006088,2024-11-18 11:34:58,retry_payment,0.90000000,1,retry_payment,0,no_action,stop,False,authentication_required,False,0.01878834,,False,"[""no_eligible_positive_value_action"", ""failure_matrix:block"", ""margin_not_applicable_to_non_allow_decision""]",0.80257630,True,47,47.00000000,0.83170819,False,2,2.00000000,0.81291986,False,21,3.60798899,0.69812399,False,12,3.68852452
TXN0000095773,C009691,2024-11-18 12:55:42,escalate_to_merchant,0.90000000,0,escalate_to_merchant,0,no_action,stop,False,customer_decline,False,0.00102291,,False,"[""customer_opted_out"", ""margin_not_applicable_to_non_allow_decision""]",0.42884925,True,60,8.27440554,0.42987216,False,1,1.00000000,0.41061264,False,46,6.69767366,0.35546017,True,93,13.89845234
TXN0000086499,C009902,2024-11-18 13:36:08,whatsapp_reminder,0.90000000,1,whatsapp_reminder,0,whatsapp_reminder,allow,False,customer_decline,True,0.03838062,28.96000000,False,"[""eligible"", ""contextually_supported_or_manual"", ""highest_risk_adjusted_expected_value"", ""expected_value_margin:27.73"", ""probability_margin:0.03838062"", ""fallback_ineligible""]",0.57341152,True,134,25.67475706,0.58731544,True,55,23.54174517,0.62569606,True,69,17.37637634,0.46814877,True,213,29.38877094
TXN0000163655,C005472,2024-11-18 14:37:15,retry_payment,0.90000000,1,retry_payment,0,payment_link,allow,False,technical_retryable,True,0.00823426,13.69000000,False,"[""eligible"", ""contextually_supported_or_manual"", ""highest_risk_adjusted_expected_value"", ""expected_value_margin:13.68"", ""probability_margin:0.03071469"", ""decision_margin_passed""]",0.56897008,True,362,56.55389812,0.59968477,True,241,49.77543607,0.59145051,True,96,34.06733257,0.43346307,True,512,71.09486331
TXN0000053627,C004354,2024-11-18 15:16:06,escalate_to_merchant,0.90000000,0,escalate_to_merchant,0,whatsapp_reminder,allow,False,authentication_required,True,0.01780242,32.66000000,False,"[""eligible"", ""contextually_supported_or_manual"", ""highest_risk_adjusted_expected_value"", ""expected_value_margin:22.74"", ""probability_margin:0.01780242"", ""fallback_ineligible""]",0.63279128,True,134,25.67475706,0.64835846,True,55,23.54174517,0.66616088,True,69,17.37637634,0.46062133,True,213,29.38877094
TXN0000133579,C004145,2024-11-18 15:31:54,retry_payment,0.90000000,1,retry_payment,0,no_action,stop,False,customer_decline,False,0.01992315,,False,"[""no_eligible_positive_value_action"", ""failure_matrix:block"", ""margin_not_applicable_to_non_allow_decision""]",0.66861022,True,58,8.97709815,0.68025935,False,25,3.45418296,0.70018250,False,10,3.52962620,0.47835061,False,12,7.36805008
TXN0000017080,C001451,2024-11-18 16:10:10,retry_payment,0.90000000,0,retry_payment,0,no_action,stop,False,customer_decline,False,0.02942705,,False,"[""no_eligible_positive_value_action"", ""failure_matrix:block"", ""margin_not_applicable_to_non_allow_decision""]",0.56282866,False,49,7.23938140,0.61870390,False,8,4.29589038,0.58927685,False,23,3.80324523,0.44231844,False,11,2.70552140
TXN0000146467,C009050,2024-11-18 16:57:53,retry_payment,0.90000000,1,retry_payment,0,no_action,stop,False,technical_retryable,False,0.00650525,,False,"[""no_eligible_positive_value_action"", ""failure_matrix:block"", ""margin_not_applicable_to_non_allow_decision""]",0.58553356,False,19,3.41762696,0.59235489,False,2,2.00000000,0.59886014,False,6,6.00000000,0.52878952,False,1,1.00000000
TXN0000069400,C000139,2024-11-18 17:45:10,escalate_to_merchant,0.90000000,0,escalate_to_merchant,0,payment_link,fallback,True,authentication_required,True,0.01456606,,False,"[""decision_uncertain"", ""expected_value_margin:25.80423903465271"", ""probability_margin:0.01456606388092041"", ""margin_not_applicable_to_non_allow_decision""]",0.62853771,True,129,19.07760664,0.67149478,True,218,30.47265689,0.65692872,True,34,21.95535821,0.49200878,True,65,18.84615345
TXN0000210391,C007575,2024-11-18 17:52:26,retry_payment,0.90000000,1,retry_payment,0,no_action,stop,False,technical_retryable,False,0.00630248,,False,"[""no_eligible_positive_value_action"", ""failure_matrix:block"", ""margin_not_applicable_to_non_allow_decision""]",0.71343255,False,49,7.23938140,0.72226977,False,8,4.29589038,0.72857225,False,23,3.80324523,0.60761088,False,11,2.70552140
TXN0000006758,C006755,2024-11-18 17:54:27,retry_payment,0.03333333,0,whatsapp_reminder,0,payment_link,allow,False,technical_retryable,True,0.01857269,29.56000000,False,"[""eligible"", ""contextually_supported_or_manual"", ""highest_risk_adjusted_expected_value"", ""expected_value_margin:29.56"", ""probability_margin:0.06116802"", ""decision_margin_passed""]",0.57575351,True,359,56.24386377,0.63692153,True,85,37.80492775,0.61834884,True,126,41.91580028,0.47567394,True,694,97.85794000
TXN0000043144,C007461,2024-11-18 18:02:49,whatsapp_reminder,0.90000000,1,whatsapp_reminder,0,retry_payment,fallback,True,technical_retryable,True,0.01538873,,False,"[""decision_uncertain"", ""expected_value_margin:None"", ""probability_margin:None"", ""margin_not_applicable_to_non_allow_decision""]",0.65272218,True,172,27.72056966,0.68962091,False,17,16.07278182,0.70500964,True,66,18.92736169,0.54409599,True,211,29.09046962
TXN0000058599,C004817,2024-11-18 18:19:42,escalate_to_merchant,0.90000000,1,escalate_to_merchant,0,payment_link,allow,False,customer_decline,True,0.01905954,59.65000000,False,"[""eligible"", ""contextually_supported_or_manual"", ""highest_risk_adjusted_expected_value"", ""expected_value_margin:24.13"", ""probability_margin:0.01905954"", ""fallback_ineligible""]",0.63853443,True,362,56.55389812,0.68741155,True,241,49.77543607,0.66835201,True,96,34.06733257,0.49366811,True,512,71.09486331
TXN0000152039,C007202,2024-11-18 18:29:17,whatsapp_reminder,0.90000000,1,whatsapp_reminder,0,no_action,stop,False,authentication_required,False,0.02417451,,False,"[""no_eligible_positive_value_action"", ""failure_matrix:block"", ""margin_not_applicable_to_non_allow_decision""]",0.59880322,True,58,8.97709815,0.66412300,False,3,3.00000000,0.63994849,False,24,3.90270249,0.51466984,False,8,8.00000000
TXN0000014936,C001594,2024-11-18 19:03:49,retry_payment,0.90000000,1,retry_payment,0,retry_payment,fallback,True,technical_retryable,True,0.01599312,,False,"[""decision_uncertain"", ""expected_value_margin:None"", ""probability_margin:None"", ""margin_not_applicable_to_non_allow_decision""]",0.70563400,True,126,18.74890631,0.72835755,False,9,9.00000000,0.71236444,True,73,15.08078281,0.59316945,True,237,33.53941007
TXN0000155499,C003565,2024-11-18 19:15:07,retry_payment,0.90000000,1,retry_payment,0,retry_payment,fallback,True,technical_retryable,True,0.02141672,,False,"[""decision_uncertain"", ""expected_value_margin:57.758896470069885"", ""probability_margin:0.016460299491882324"", ""margin_not_applicable_to_non_allow_decision""]",0.65114617,True,59,8.94277964,0.66760647,True,90,12.53697431,0.68902320,False,19,4.27099396,0.50267947,True,43,10.73819641
TXN0000233007,C005309,2024-11-18 19:35:44,retry_payment,0.90000000,0,retry_payment,0,no_action,stop,False,customer_decline,False,0.00716358,,False,"[""no_eligible_positive_value_action"", ""failure_matrix:block"", ""margin_not_applicable_to_non_allow_decision""]",0.54809028,True,172,27.72056966,0.51280737,False,17,16.07278182,0.54092669,True,66,18.92736169,0.42702112,True,211,29.09046962
TXN0000192923,C009727,2024-11-18 19:37:47,retry_payment,0.90000000,1,retry_payment,0,no_action,stop,False,technical_retryable,False,0.01171929,,False,"[""no_eligible_positive_value_action"", ""failure_matrix:block"", ""margin_not_applicable_to_non_allow_decision""]",0.58383501,False,19,3.41762696,0.61905217,False,2,2.00000000,0.60733289,False,6,6.00000000,0.46466136,False,1,1.00000000
TXN0000219684,C003247,2024-11-18 20:52:58,whatsapp_reminder,0.03333333,1,escalate_to_merchant,0,payment_link,fallback,True,customer_decline,True,0.02758425,,False,"[""decision_uncertain"", ""expected_value_margin:3.6254462599754333"", ""probability_margin:0.0275842547416687"", ""margin_not_applicable_to_non_allow_decision""]",0.63253438,True,382,61.49646714,0.68740827,True,55,50.36414754,0.65982401,True,122,42.51287438,0.50093788,True,685,101.16768160
TXN0000168051,C007654,2024-11-18 21:16:30,retry_payment,0.90000000,0,retry_payment,0,escalate_to_merchant,fallback,True,merchant_configuration,True,0.00654155,,False,"[""decision_uncertain"", ""expected_value_margin:None"", ""probability_margin:None"", ""margin_not_applicable_to_non_allow_decision""]",0.67966539,True,172,27.72056966,0.69202840,False,17,16.07278182,0.69856995,True,66,18.92736169,0.56264526,True,211,29.09046962
TXN0000028317,C005608,2024-11-18 21:47:57,escalate_to_merchant,0.90000000,0,escalate_to_merchant,0,no_action,stop,False,customer_decline,False,0.02823246,,False,"[""no_eligible_positive_value_action"", ""failure_matrix:block"", ""margin_not_applicable_to_non_allow_decision""]",0.52108550,True,172,27.72056966,0.58439767,False,17,16.07278182,0.55616522,True,66,18.92736169,0.39818832,True,211,29.09046962
TXN0000185420,C007322,2024-11-18 21:59:49,payment_link,0.90000000,0,payment_link,0,payment_link,fallback,True,authentication_required,True,0.00547731,,False,"[""decision_uncertain"", ""expected_value_margin:None"", ""probability_margin:None"", ""margin_not_applicable_to_non_allow_decision""]",0.49085546,True,129,19.07760664,0.48537815,True,218,30.47265689,0.46174955,True,34,21.95535821,0.33403364,True,65,18.84615345
TXN0000128696,C006441,2024-11-18 23:45:14,whatsapp_reminder,0.90000000,1,whatsapp_reminder,0,payment_link,allow,False,technical_retryable,True,0.04826874,130.70000000,False,"[""eligible"", ""contextually_supported_or_manual"", ""highest_risk_adjusted_expected_value"", ""expected_value_margin:130.7"", ""probability_margin:0.07022834"", ""decision_margin_passed""]",0.60553688,True,387,66.60326136,0.67576522,True,625,91.91881191,0.62749648,True,50,36.09870729,0.45230818,True,196,56.61961283
TXN0000074679,C009665,2024-11-19 06:08:53,whatsapp_reminder,0.03333333,0,payment_link,0,retry_payment,fallback,True,technical_retryable,True,0.02403522,,False,"[""decision_uncertain"", ""expected_value_margin:None"", ""probability_margin:None"", ""margin_not_applicable_to_non_allow_decision""]",0.60439777,True,58,8.97709815,0.66556484,False,25,3.45418296,0.64152962,False,10,3.52962620,0.41450858,False,12,7.36805008
TXN0000240116,C008151,2024-11-19 06:33:58,retry_payment,0.90000000,1,retry_payment,0,no_action,stop,False,customer_decline,False,0.02641463,,False,"[""no_eligible_positive_value_action"", ""failure_matrix:block"", ""margin_not_applicable_to_non_allow_decision""]",0.59361774,False,49,7.23938140,0.62219709,False,8,4.29589038,0.64861172,False,23,3.80324523,0.45093119,False,11,2.70552140
TXN0000110552,C003067,2024-11-19 08:05:58,retry_payment,0.90000000,0,retry_payment,0,no_action,stop,False,customer_decline,False,0.03843129,,False,"[""no_eligible_positive_value_action"", ""failure_matrix:block"", ""margin_not_applicable_to_non_allow_decision""]",0.66015363,True,58,8.97709815,0.67511845,False,3,3.00000000,0.71354973,False,24,3.90270249,0.54907799,False,8,8.00000000
TXN0000055585,C006483,2024-11-19 09:07:46,retry_payment,0.90000000,1,retry_payment,0,retry_payment,fallback,True,technical_retryable,True,0.02558881,,False,"[""decision_uncertain"", ""expected_value_margin:None"", ""probability_margin:None"", ""margin_not_applicable_to_non_allow_decision""]",0.61299694,True,73,10.21909638,0.62896508,False,23,5.49540018,0.65455389,True,54,8.41672235,0.48415115,True,72,12.00499847
TXN0000165079,C008787,2024-11-19 11:00:10,whatsapp_reminder,0.90000000,1,whatsapp_reminder,0,no_action,stop,False,technical_retryable,False,0.02760404,,False,"[""customer_opted_out"", ""margin_not_applicable_to_non_allow_decision""]",0.68454379,False,18,18.00000000,0.71891958,False,1,1.00000000,0.74652362,False,7,3.29758098,0.54688674,False,0,0.00000000
TXN0000048177,C007096,2024-11-19 11:03:51,payment_link,0.90000000,1,payment_link,0,payment_link,allow,False,authentication_required,True,0.01769692,285.05000000,False,"[""eligible"", ""contextually_supported_or_manual"", ""highest_risk_adjusted_expected_value"", ""expected_value_margin:155.62"", ""probability_margin:0.01769692"", ""fallback_ineligible""]",0.58471948,True,129,19.07760664,0.61756849,True,218,30.47265689,0.59987158,True,34,21.95535821,0.43556929,True,65,18.84615345
TXN0000001921,C005386,2024-11-19 11:15:33,whatsapp_reminder,0.90000000,0,whatsapp_reminder,0,no_action,stop,False,technical_retryable,False,0.00717002,,False,"[""no_eligible_positive_value_action"", ""failure_matrix:block"", ""margin_not_applicable_to_non_allow_decision""]",0.50143039,False,49,7.90577463,0.50968075,False,6,6.00000000,0.50251073,True,63,11.63500628,0.43279985,True,88,12.69429910
TXN0000222482,C008366,2024-11-19 11:21:55,escalate_to_merchant,0.90000000,0,escalate_to_merchant,0,retry_payment,fallback,True,technical_retryable,True,0.00695956,,False,"[""decision_uncertain"", ""expected_value_margin:None"", ""probability_margin:None"", ""margin_not_applicable_to_non_allow_decision""]",0.55772614,True,126,18.74890631,0.54874057,False,9,9.00000000,0.56468570,True,73,15.08078281,0.44335827,True,237,33.53941007
TXN0000081147,C003384,2024-11-19 11:28:41,retry_payment,0.90000000,1,retry_payment,0,retry_payment,fallback,True,technical_retryable,True,0.00137883,,False,"[""decision_uncertain"", ""expected_value_margin:10.141931533813477"", ""probability_margin:0.009313106536865234"", ""margin_not_applicable_to_non_allow_decision""]",0.66281039,True,129,19.07760664,0.67212349,True,218,30.47265689,0.67074466,True,34,21.95535821,0.50924635,True,65,18.84615345
TXN0000158175,C009140,2024-11-19 12:19:25,payment_link,0.90000000,1,payment_link,0,whatsapp_reminder,fallback,True,customer_decline,True,0.00530708,,False,"[""decision_uncertain"", ""expected_value_margin:78.88951861858368"", ""probability_margin:0.0053070783615112305"", ""margin_not_applicable_to_non_allow_decision""]",0.55977398,True,129,19.07760664,0.56333798,True,218,30.47265689,0.56864506,True,34,21.95535821,0.41033378,True,65,18.84615345
TXN0000059725,C004392,2024-11-19 13:00:13,retry_payment,0.90000000,1,retry_payment,0,payment_link,allow,False,technical_retryable,True,0.03355342,115.21000000,False,"[""eligible"", ""contextually_supported_or_manual"", ""highest_risk_adjusted_expected_value"", ""expected_value_margin:115.21"", ""probability_margin:0.03664869"", ""decision_margin_passed""]",0.60510719,True,129,19.07760664,0.64175588,True,218,30.47265689,0.60820246,True,34,21.95535821,0.46170473,True,65,18.84615345
TXN0000229679,C005498,2024-11-19 13:58:42,retry_payment,0.90000000,1,retry_payment,0,no_action,stop,False,customer_decline,False,0.01573917,,False,"[""no_eligible_positive_value_action"", ""failure_matrix:block"", ""margin_not_applicable_to_non_allow_decision""]",0.48295379,True,60,8.27440554,0.47115216,False,1,1.00000000,0.49869296,False,46,6.69767366,0.35001978,True,93,13.89845234
TXN0000110029,C003294,2024-11-19 14:11:50,escalate_to_merchant,0.90000000,0,escalate_to_merchant,0,payment_link,allow,False,technical_retryable,True,0.04999024,83.23000000,False,"[""eligible"", ""contextually_supported_or_manual"", ""highest_risk_adjusted_expected_value"", ""expected_value_margin:83.23"", ""probability_margin:0.04999024"", ""decision_margin_passed""]",0.53590596,True,129,19.07760664,0.58589619,True,218,30.47265689,0.53223658,True,34,21.95535821,0.40927073,True,65,18.84615345
TXN0000092643,C003835,2024-11-19 14:13:39,escalate_to_merchant,0.90000000,0,escalate_to_merchant,0,whatsapp_reminder,fallback,True,authentication_required,True,0.01748252,,False,"[""decision_uncertain"", ""expected_value_margin:None"", ""probability_margin:None"", ""margin_not_applicable_to_non_allow_decision""]",0.58367240,True,126,18.74890631,0.65444773,False,9,9.00000000,0.63696522,True,73,15.08078281,0.43871036,True,237,33.53941007
TXN0000055536,C008487,2024-11-19 15:35:48,retry_payment,0.90000000,0,retry_payment,0,whatsapp_reminder,fallback,True,authentication_required,True,0.02696943,,False,"[""decision_uncertain"", ""expected_value_margin:None"", ""probability_margin:None"", ""margin_not_applicable_to_non_allow_decision""]",0.61345208,True,73,10.21909638,0.68634146,False,23,5.49540018,0.65937203,True,54,8.41672235,0.45171735,True,72,12.00499847
TXN0000120300,C009022,2024-11-19 15:46:15,whatsapp_reminder,0.90000000,1,whatsapp_reminder,0,whatsapp_reminder,fallback,True,authentication_required,True,0.00201821,,False,"[""decision_uncertain"", ""expected_value_margin:3.6728403568267822"", ""probability_margin:0.0020182132720947266"", ""margin_not_applicable_to_non_allow_decision""]",0.62806702,True,134,25.67475706,0.66508353,True,55,23.54174517,0.66710174,True,69,17.37637634,0.50644475,True,213,29.38877094
TXN0000010364,C007590,2024-11-19 15:55:10,retry_payment,0.90000000,0,retry_payment,0,whatsapp_reminder,allow,False,authentication_required,True,0.03372377,32.46000000,False,"[""eligible"", ""contextually_supported_or_manual"", ""highest_risk_adjusted_expected_value"", ""expected_value_margin:40.97"", ""probability_margin:0.03417051"", ""fallback_ineligible""]",0.67907304,True,362,56.55389812,0.67862630,True,241,49.77543607,0.71279681,True,96,34.06733257,0.54504639,True,512,71.09486331
TXN0000147193,C008080,2024-11-19 15:58:35,whatsapp_reminder,0.03333333,0,payment_link,0,payment_link,allow,False,technical_retryable,True,0.01010281,65.14000000,False,"[""eligible"", ""contextually_supported_or_manual"", ""highest_risk_adjusted_expected_value"", ""expected_value_margin:65.14"", ""probability_margin:0.02301502"", ""decision_margin_passed""]",0.44245771,True,129,19.07760664,0.46547273,True,218,30.47265689,0.45536992,True,34,21.95535821,0.31885719,True,65,18.84615345
TXN0000199642,C006235,2024-11-19 16:25:06,retry_payment,0.90000000,0,retry_payment,0,whatsapp_reminder,fallback,True,customer_decline,True,0.01641852,,False,"[""decision_uncertain"", ""expected_value_margin:30.457011580467224"", ""probability_margin:0.016418516635894775"", ""margin_not_applicable_to_non_allow_decision""]",0.68747443,True,129,19.07760664,0.69681376,True,218,30.47265689,0.71323228,True,34,21.95535821,0.54515028,True,65,18.84615345
TXN0000187400,C000855,2024-11-19 16:26:15,retry_payment,0.90000000,1,retry_payment,0,payment_link,fallback,True,authentication_required,True,0.00935078,,False,"[""decision_uncertain"", ""expected_value_margin:5.296076774597168"", ""probability_margin:0.009350776672363281"", ""margin_not_applicable_to_non_allow_decision""]",0.53896338,True,134,25.67475706,0.60732120,True,55,23.54174517,0.59797043,True,69,17.37637634,0.42775863,True,213,29.38877094
TXN0000247555,C006074,2024-11-19 17:32:34,payment_link,0.90000000,0,payment_link,0,payment_link,allow,False,customer_decline,True,0.03609866,64.59000000,False,"[""eligible"", ""contextually_supported_or_manual"", ""highest_risk_adjusted_expected_value"", ""expected_value_margin:81.22"", ""probability_margin:0.04150754"", ""fallback_ineligible""]",0.64642459,True,129,19.07760664,0.68252325,True,218,30.47265689,0.64101571,True,34,21.95535821,0.47514671,True,65,18.84615345
TXN0000010002,C002287,2024-11-19 17:54:48,whatsapp_reminder,0.90000000,1,whatsapp_reminder,0,retry_payment,fallback,True,technical_retryable,True,0.02504575,,False,"[""decision_uncertain"", ""expected_value_margin:None"", ""probability_margin:None"", ""margin_not_applicable_to_non_allow_decision""]",0.49872532,True,60,8.27440554,0.50198567,False,1,1.00000000,0.52703142,False,46,6.69767366,0.38618490,True,93,13.89845234
TXN0000133021,C001818,2024-11-19 18:02:25,payment_link,0.90000000,0,payment_link,0,payment_link,fallback,True,authentication_required,True,0.01377723,,False,"[""decision_uncertain"", ""expected_value_margin:107.32028004527092"", ""probability_margin:0.013777226209640503"", ""margin_not_applicable_to_non_allow_decision""]",0.47634658,True,387,66.60326136,0.50189805,True,625,91.91881191,0.48812082,True,50,36.09870729,0.30551976,True,196,56.61961283
TXN0000112997,C009455,2024-11-19 18:32:29,retry_payment,0.90000000,1,retry_payment,0,payment_link,allow,False,technical_retryable,True,0.00213313,12.95000000,False,"[""eligible"", ""contextually_supported_or_manual"", ""highest_risk_adjusted_expected_value"", ""expected_value_margin:12.95"", ""probability_margin:0.02135479"", ""decision_margin_passed""]",0.68388885,True,362,56.55389812,0.70524365,True,241,49.77543607,0.70737678,True,96,34.06733257,0.54018760,True,512,71.09486331
TXN0000246493,C003139,2024-11-19 19:37:52,escalate_to_merchant,0.90000000,0,escalate_to_merchant,0,no_action,stop,False,customer_decline,False,0.02836281,,False,"[""no_eligible_positive_value_action"", ""failure_matrix:block"", ""margin_not_applicable_to_non_allow_decision""]",0.49415341,True,47,47.00000000,0.57699925,False,2,2.00000000,0.54863644,False,21,3.60798899,0.42641971,False,12,3.68852452
TXN0000001111,C002209,2024-11-19 20:00:38,payment_link,0.90000000,1,payment_link,0,payment_link,fallback,True,authentication_required,True,0.01113570,,False,"[""decision_uncertain"", ""expected_value_margin:20.377737045288086"", ""probability_margin:0.011135697364807129"", ""margin_not_applicable_to_non_allow_decision""]",0.66431737,True,387,66.60326136,0.68784434,True,625,91.91881191,0.67670864,True,50,36.09870729,0.52291226,True,196,56.61961283
TXN0000162525,C005117,2024-11-19 20:01:29,escalate_to_merchant,0.90000000,0,escalate_to_merchant,0,payment_link,fallback,True,authentication_required,True,0.01493025,,False,"[""decision_uncertain"", ""expected_value_margin:None"", ""probability_margin:None"", ""margin_not_applicable_to_non_allow_decision""]",0.67443049,True,359,56.24386377,0.71376193,True,85,37.80492775,0.69883168,True,126,41.91580028,0.55513275,True,694,97.85794000
TXN0000103056,C005484,2024-11-19 20:23:04,retry_payment,0.03333333,1,escalate_to_merchant,0,no_action,stop,False,technical_retryable,False,0.03747630,,False,"[""customer_opted_out"", ""margin_not_applicable_to_non_allow_decision""]",0.52301198,True,172,27.72056966,0.56048828,False,17,16.07278182,0.51384866,True,66,18.92736169,0.38298652,True,211,29.09046962
TXN0000057890,C005469,2024-11-19 20:29:35,payment_link,0.90000000,1,payment_link,0,whatsapp_reminder,fallback,True,customer_decline,True,0.00920138,,False,"[""decision_uncertain"", ""expected_value_margin:25.354659229516983"", ""probability_margin:0.009201377630233765"", ""margin_not_applicable_to_non_allow_decision""]",0.43006364,True,129,19.07760664,0.47971329,True,218,30.47265689,0.48891467,True,34,21.95535821,0.31299213,True,65,18.84615345
TXN0000059983,C004456,2024-11-19 20:42:23,retry_payment,0.90000000,1,retry_payment,0,payment_link,allow,False,technical_retryable,True,0.01881963,115.65000000,False,"[""eligible"", ""contextually_supported_or_manual"", ""highest_risk_adjusted_expected_value"", ""expected_value_margin:115.65"", ""probability_margin:0.03639042"", ""decision_margin_passed""]",0.54783875,True,387,66.60326136,0.58422917,True,625,91.91881191,0.56540954,True,50,36.09870729,0.39542013,True,196,56.61961283
TXN0000055019,C007664,2024-11-19 21:43:28,whatsapp_reminder,0.03333333,1,retry_payment,0,no_action,stop,False,customer_decline,False,0.03972685,,False,"[""no_eligible_positive_value_action"", ""failure_matrix:block"", ""margin_not_applicable_to_non_allow_decision""]",0.58144081,True,58,8.97709815,0.57142580,False,3,3.00000000,0.62116766,False,24,3.90270249,0.46628848,False,8,8.00000000
TXN0000113742,C005931,2024-11-19 23:15:26,escalate_to_merchant,0.90000000,1,escalate_to_merchant,0,payment_link,fallback,True,authentication_required,True,0.01866466,,False,"[""decision_uncertain"", ""expected_value_margin:2.9387749433517456"", ""probability_margin:0.018664658069610596"", ""margin_not_applicable_to_non_allow_decision""]",0.62895310,True,382,61.49646714,0.67320186,True,55,50.36414754,0.65453720,True,122,42.51287438,0.52612972,True,685,101.16768160
TXN0000063363,C000207,2024-11-19 23:19:01,escalate_to_merchant,0.90000000,0,escalate_to_merchant,0,payment_link,fallback,True,authentication_required,True,0.02827996,,False,"[""decision_uncertain"", ""expected_value_margin:0.38003629446029663"", ""probability_margin:0.02827996015548706"", ""margin_not_applicable_to_non_allow_decision""]",0.64403671,True,382,61.49646714,0.68867809,True,55,50.36414754,0.66039813,True,122,42.51287438,0.56257838,True,685,101.16768160
TXN0000200662,C003750,2024-11-19 23:39:59,escalate_to_merchant,0.90000000,1,escalate_to_merchant,0,whatsapp_reminder,fallback,True,authentication_required,True,0.01257229,,False,"[""decision_uncertain"", ""expected_value_margin:7.580650329589844"", ""probability_margin:0.012572288513183594"", ""margin_not_applicable_to_non_allow_decision""]",0.65017796,True,359,56.24386377,0.68491244,True,85,37.80492775,0.69748473,True,126,41.91580028,0.54311126,True,694,97.85794000
TXN0000112625,C009124,2024-11-19 23:41:40,payment_link,0.90000000,1,payment_link,0,no_action,stop,False,authentication_required,False,0.00046688,,False,"[""no_eligible_positive_value_action"", ""failure_matrix:block"", ""margin_not_applicable_to_non_allow_decision""]",0.66444266,True,58,8.97709815,0.69380838,False,25,3.45418296,0.69334149,False,10,3.52962620,0.52093863,False,12,7.36805008
TXN0000138229,C000172,2024-11-20 00:11:42,escalate_to_merchant,0.90000000,0,escalate_to_merchant,0,no_action,stop,False,technical_retryable,False,0.04576409,,False,"[""customer_opted_out"", ""margin_not_applicable_to_non_allow_decision""]",0.53790087,True,58,8.97709815,0.61344618,False,25,3.45418296,0.56768209,False,10,3.52962620,0.39351654,False,12,7.36805008
TXN0000217147,C003414,2024-11-20 01:20:22,escalate_to_merchant,0.90000000,0,escalate_to_merchant,0,retry_payment,fallback,True,technical_retryable,True,0.01236862,,False,"[""decision_uncertain"", ""expected_value_margin:None"", ""probability_margin:None"", ""margin_not_applicable_to_non_allow_decision""]",0.49581736,True,60,8.27440554,0.51040214,False,1,1.00000000,0.52277076,False,46,6.69767366,0.38601124,True,93,13.89845234
TXN0000235139,C002276,2024-11-20 01:29:21,escalate_to_merchant,0.90000000,1,escalate_to_merchant,0,whatsapp_reminder,fallback,True,authentication_required,True,0.04161453,,False,"[""decision_uncertain"", ""expected_value_margin:None"", ""probability_margin:None"", ""margin_not_applicable_to_non_allow_decision""]",0.42618179,True,172,27.72056966,0.46779633,False,17,16.07278182,0.41989887,True,66,18.92736169,0.31360266,True,211,29.09046962
TXN0000163574,C008887,2024-11-20 01:57:49,retry_payment,0.90000000,0,retry_payment,0,whatsapp_reminder,fallback,True,customer_decline,True,0.01002944,,False,"[""decision_uncertain"", ""expected_value_margin:4.747329354286194"", ""probability_margin:0.010029435157775879"", ""margin_not_applicable_to_non_allow_decision""]",0.64790606,True,382,61.49646714,0.65611261,True,55,50.36414754,0.66614205,True,122,42.51287438,0.49734443,True,685,101.16768160
TXN0000148980,C005726,2024-11-20 01:58:07,payment_link,0.90000000,1,payment_link,0,whatsapp_reminder,allow,False,customer_decline,True,0.02332026,151.39000000,False,"[""eligible"", ""contextually_supported_or_manual"", ""highest_risk_adjusted_expected_value"", ""expected_value_margin:71.25"", ""probability_margin:0.02332026"", ""fallback_ineligible""]",0.66908842,True,129,19.07760664,0.69887203,True,218,30.47265689,0.72219229,True,34,21.95535821,0.51987690,True,65,18.84615345
TXN0000241511,C001398,2024-11-20 05:11:09,retry_payment,0.90000000,1,retry_payment,0,no_action,stop,False,technical_retryable,False,0.02161723,,False,"[""no_eligible_positive_value_action"", ""failure_matrix:block"", ""margin_not_applicable_to_non_allow_decision""]",0.71735013,False,49,7.23938140,0.74681771,False,8,4.29589038,0.76843494,False,23,3.80324523,0.56827754,False,11,2.70552140
TXN0000199531,C001696,2024-11-20 07:33:34,retry_payment,0.90000000,1,retry_payment,0,payment_link,fallback,True,authentication_required,True,0.00742745,,False,"[""decision_uncertain"", ""expected_value_margin:1.1443464756011963"", ""probability_margin:0.0074274539947509766"", ""margin_not_applicable_to_non_allow_decision""]",0.54246485,True,359,56.24386377,0.55826479,True,85,37.80492775,0.55083734,True,126,41.91580028,0.40903422,True,694,97.85794000
TXN0000241018,C001616,2024-11-20 08:26:59,escalate_to_merchant,0.90000000,1,escalate_to_merchant,0,whatsapp_reminder,fallback,True,authentication_required,True,0.04004505,,False,"[""decision_uncertain"", ""expected_value_margin:None"", ""probability_margin:None"", ""margin_not_applicable_to_non_allow_decision""]",0.43034092,True,172,27.72056966,0.51415676,False,17,16.07278182,0.47411171,True,66,18.92736169,0.32057288,True,211,29.09046962
TXN0000076520,C003650,2024-11-20 08:28:35,escalate_to_merchant,0.90000000,1,escalate_to_merchant,0,escalate_to_merchant,fallback,True,merchant_configuration,True,0.05054873,,False,"[""decision_uncertain"", ""expected_value_margin:None"", ""probability_margin:None"", ""margin_not_applicable_to_non_allow_decision""]",0.53938651,True,129,19.07760664,0.60648507,True,218,30.47265689,0.55593634,True,34,21.95535821,0.36499113,True,65,18.84615345
TXN0000240033,C005558,2024-11-20 08:30:57,retry_payment,0.90000000,1,retry_payment,0,payment_link,allow,False,authentication_required,True,0.03603631,21.89000000,False,"[""eligible"", ""contextually_supported_or_manual"", ""highest_risk_adjusted_expected_value"", ""expected_value_margin:15.48"", ""probability_margin:0.03603631"", ""fallback_ineligible""]",0.62027794,True,359,56.24386377,0.68104088,True,85,37.80492775,0.64500457,True,126,41.91580028,0.47715172,True,694,97.85794000
TXN0000008592,C005569,2024-11-20 10:29:38,retry_payment,0.90000000,0,retry_payment,0,escalate_to_merchant,fallback,True,merchant_configuration,True,0.00932038,,False,"[""decision_uncertain"", ""expected_value_margin:None"", ""probability_margin:None"", ""margin_not_applicable_to_non_allow_decision""]",0.70825213,False,49,7.23938140,0.74438828,False,8,4.29589038,0.73506790,False,23,3.80324523,0.54386526,False,11,2.70552140
TXN0000048944,C001259,2024-11-20 10:42:35,escalate_to_merchant,0.90000000,1,escalate_to_merchant,0,whatsapp_reminder,fallback,True,customer_decline,True,0.03112632,,False,"[""decision_uncertain"", ""expected_value_margin:None"", ""probability_margin:None"", ""margin_not_applicable_to_non_allow_decision""]",0.53137839,True,172,27.72056966,0.59387481,False,17,16.07278182,0.56274849,True,66,18.92736169,0.40994942,True,211,29.09046962
TXN0000203126,C002696,2024-11-20 11:41:00,payment_link,0.90000000,0,payment_link,0,no_action,stop,False,customer_decline,False,0.04003185,,False,"[""customer_opted_out"", ""margin_not_applicable_to_non_allow_decision""]",0.66355729,True,387,66.60326136,0.70825768,True,625,91.91881191,0.66822582,True,50,36.09870729,0.51087993,True,196,56.61961283
TXN0000218114,C000215,2024-11-20 12:10:34,escalate_to_merchant,0.90000000,0,escalate_to_merchant,0,payment_link,allow,False,authentication_required,True,0.04056227,11.71000000,False,"[""eligible"", ""contextually_supported_or_manual"", ""highest_risk_adjusted_expected_value"", ""expected_value_margin:14.1"", ""probability_margin:0.04056227"", ""fallback_ineligible""]",0.54891628,True,359,56.24386377,0.59782058,True,85,37.80492775,0.55725831,True,126,41.91580028,0.41988572,True,694,97.85794000
TXN0000171277,C000301,2024-11-20 12:43:22,escalate_to_merchant,0.90000000,1,escalate_to_merchant,0,payment_link,fallback,True,customer_decline,True,0.02649188,,False,"[""decision_uncertain"", ""expected_value_margin:None"", ""probability_margin:None"", ""margin_not_applicable_to_non_allow_decision""]",0.54350501,True,382,61.49646714,0.60432613,True,55,50.36414754,0.57783425,True,122,42.51287438,0.41606119,True,685,101.16768160
TXN0000122460,C004363,2024-11-20 12:54:17,escalate_to_merchant,0.90000000,0,escalate_to_merchant,0,no_action,stop,False,technical_retryable,False,0.03628546,,False,"[""no_eligible_positive_value_action"", ""failure_matrix:block"", ""margin_not_applicable_to_non_allow_decision""]",0.56210387,True,126,18.74890631,0.61979723,False,9,9.00000000,0.58351177,True,73,15.08078281,0.49612004,True,237,33.53941007
TXN0000192365,C008419,2024-11-20 13:45:49,whatsapp_reminder,0.90000000,1,whatsapp_reminder,0,retry_payment,fallback,True,technical_retryable,True,0.03056067,,False,"[""decision_uncertain"", ""expected_value_margin:None"", ""probability_margin:None"", ""margin_not_applicable_to_non_allow_decision""]",0.57583994,True,172,27.72056966,0.62191463,False,17,16.07278182,0.59135395,True,66,18.92736169,0.49478775,True,211,29.09046962
TXN0000029974,C008455,2024-11-20 14:57:13,retry_payment,0.90000000,1,retry_payment,0,no_action,stop,False,authentication_required,False,0.01737875,,False,"[""no_eligible_positive_value_action"", ""failure_matrix:block"", ""margin_not_applicable_to_non_allow_decision""]",0.51433694,True,47,47.00000000,0.59696877,False,2,2.00000000,0.61434752,False,21,3.60798899,0.42456216,False,12,3.68852452
TXN0000176281,C004585,2024-11-20 15:50:36,retry_payment,0.90000000,1,retry_payment,0,whatsapp_reminder,fallback,True,authentication_required,True,0.00138175,,False,"[""decision_uncertain"", ""expected_value_margin:None"", ""probability_margin:None"", ""margin_not_applicable_to_non_allow_decision""]",0.51091713,True,73,10.21909638,0.52246672,False,23,5.49540018,0.52384847,True,54,8.41672235,0.37401155,True,72,12.00499847
TXN0000043127,C008021,2024-11-20 16:04:12,no_action,1.00000000,0,no_action,1,escalate_to_merchant,fallback,True,fraud_risk,True,0.06104749,,False,"[""fraud_requires_manual_escalation"", ""manual_action_only"", ""margin_not_applicable_to_non_allow_decision""]",0.57693416,False,4,1.22950817,0.57672203,False,6,6.00000000,0.63798165,False,7,7.00000000,0.42415720,False,2,1.07397260
TXN0000021687,C008349,2024-11-20 17:06:42,whatsapp_reminder,0.90000000,0,whatsapp_reminder,0,no_action,stop,False,technical_retryable,False,0.00240582,,False,"[""no_eligible_positive_value_action"", ""failure_matrix:block"", ""margin_not_applicable_to_non_allow_decision""]",0.58316362,False,4,1.22950817,0.58274263,False,1,1.00000000,0.58556944,True,25,25.00000000,0.42537203,False,2,1.07397260
TXN0000242168,C004412,2024-11-20 17:34:44,retry_payment,0.90000000,1,retry_payment,0,payment_link,allow,False,technical_retryable,True,0.02711391,56.12000000,False,"[""eligible"", ""contextually_supported_or_manual"", ""highest_risk_adjusted_expected_value"", ""expected_value_margin:56.13"", ""probability_margin:0.05735761"", ""decision_margin_passed""]",0.55221534,True,362,56.55389812,0.60957295,True,241,49.77543607,0.58245903,True,96,34.06733257,0.41954130,True,512,71.09486331
TXN0000243170,C002591,2024-11-20 17:38:00,retry_payment,0.90000000,0,retry_payment,0,no_action,stop,False,customer_decline,False,0.01559830,,False,"[""no_eligible_positive_value_action"", ""failure_matrix:block"", ""margin_not_applicable_to_non_allow_decision""]",0.76884937,True,58,8.97709815,0.77768564,False,3,3.00000000,0.79328394,False,24,3.90270249,0.68664742,False,8,8.00000000
TXN0000015997,C002698,2024-11-20 18:27:23,escalate_to_merchant,0.90000000,0,escalate_to_merchant,0,escalate_to_merchant,fallback,True,merchant_configuration,True,0.01840222,,False,"[""decision_uncertain"", ""expected_value_margin:None"", ""probability_margin:None"", ""margin_not_applicable_to_non_allow_decision""]",0.48820120,True,172,27.72056966,0.55544943,False,17,16.07278182,0.53704721,True,66,18.92736169,0.42647585,True,211,29.09046962
TXN0000062916,C000095,2024-11-20 18:27:28,retry_payment,0.90000000,1,retry_payment,0,no_action,stop,False,technical_retryable,False,0.03331649,,False,"[""no_eligible_positive_value_action"", ""failure_matrix:block"", ""margin_not_applicable_to_non_allow_decision""]",0.63644201,False,49,7.90577463,0.68449342,False,6,6.00000000,0.71780992,True,63,11.63500628,0.52561039,True,88,12.69429910
TXN0000189136,C003254,2024-11-20 19:11:01,escalate_to_merchant,0.90000000,1,escalate_to_merchant,0,escalate_to_merchant,fallback,True,merchant_configuration,True,0.04635578,,False,"[""decision_uncertain"", ""expected_value_margin:None"", ""probability_margin:None"", ""margin_not_applicable_to_non_allow_decision""]",0.56601965,True,47,47.00000000,0.64688861,False,2,2.00000000,0.60053283,False,21,3.60798899,0.46096307,False,12,3.68852452
TXN0000069326,C004195,2024-11-20 19:34:41,retry_payment,0.90000000,1,retry_payment,0,payment_link,allow,False,technical_retryable,True,0.03533566,26.88000000,False,"[""eligible"", ""contextually_supported_or_manual"", ""highest_risk_adjusted_expected_value"", ""expected_value_margin:26.88"", ""probability_margin:0.02887076"", ""decision_margin_passed""]",0.65043950,True,362,56.55389812,0.67931026,True,241,49.77543607,0.71464592,True,96,34.06733257,0.51525438,True,512,71.09486331
TXN0000177395,C001082,2024-11-20 19:39:14,payment_link,0.90000000,0,payment_link,0,payment_link,allow,False,technical_retryable,True,0.00813296,40.79000000,False,"[""eligible"", ""contextually_supported_or_manual"", ""highest_risk_adjusted_expected_value"", ""expected_value_margin:40.8"", ""probability_margin:0.02706543"", ""decision_margin_passed""]",0.46665859,True,59,8.94277964,0.49372402,True,90,12.53697431,0.48559105,False,19,4.27099396,0.33898407,True,43,10.73819641
TXN0000238542,C002557,2024-11-20 19:44:31,escalate_to_merchant,0.90000000,0,escalate_to_merchant,0,payment_link,allow,False,technical_retryable,True,0.00533807,38.96000000,False,"[""eligible"", ""contextually_supported_or_manual"", ""highest_risk_adjusted_expected_value"", ""expected_value_margin:38.96"", ""probability_margin:0.06389481"", ""decision_margin_passed""]",0.54597551,True,362,56.55389812,0.60987031,True,241,49.77543607,0.60453224,True,96,34.06733257,0.41902411,True,512,71.09486331
TXN0000224453,C009276,2024-11-20 19:53:29,escalate_to_merchant,0.90000000,0,escalate_to_merchant,0,retry_payment,fallback,True,technical_retryable,True,0.00480402,,False,"[""decision_uncertain"", ""expected_value_margin:9.466168582439423"", ""probability_margin:0.04560357332229614"", ""margin_not_applicable_to_non_allow_decision""]",0.61039615,True,359,56.24386377,0.65599972,True,85,37.80492775,0.65119570,True,126,41.91580028,0.49445820,True,694,97.85794000
TXN0000103151,C005323,2024-11-20 20:13:38,escalate_to_merchant,0.90000000,0,escalate_to_merchant,0,payment_link,allow,False,customer_decline,True,0.02612597,76.67000000,False,"[""eligible"", ""contextually_supported_or_manual"", ""highest_risk_adjusted_expected_value"", ""expected_value_margin:46.45"", ""probability_margin:0.02612597"", ""fallback_ineligible""]",0.58347708,True,129,19.07760664,0.62890160,True,218,30.47265689,0.60277563,True,34,21.95535821,0.44882840,True,65,18.84615345
TXN0000137794,C006209,2024-11-20 20:21:11,whatsapp_reminder,0.90000000,1,whatsapp_reminder,0,payment_link,allow,False,customer_decline,True,0.00560349,-2.87000000,False,"[""eligible"", ""contextually_supported_or_manual"", ""highest_risk_adjusted_expected_value"", ""expected_value_margin:36.23"", ""probability_margin:0.04196423"", ""fallback_ineligible""]",0.61621219,True,134,25.67475706,0.62181568,True,55,23.54174517,0.57985145,True,69,17.37637634,0.50554585,True,213,29.38877094
TXN0000070900,C002229,2024-11-20 20:32:54,whatsapp_reminder,0.03333333,1,retry_payment,0,whatsapp_reminder,allow,False,authentication_required,True,0.00588673,0.21000000,False,"[""eligible"", ""contextually_supported_or_manual"", ""highest_risk_adjusted_expected_value"", ""expected_value_margin:40.85"", ""probability_margin:0.03810608"", ""fallback_ineligible""]",0.64335650,True,134,25.67475706,0.61113715,True,55,23.54174517,0.64924324,True,69,17.37637634,0.53091830,True,213,29.38877094
TXN0000109296,C008726,2024-11-20 23:14:47,whatsapp_reminder,0.90000000,0,whatsapp_reminder,0,whatsapp_reminder,fallback,True,authentication_required,True,0.00228816,,False,"[""decision_uncertain"", ""expected_value_margin:2.8403459787368774"", ""probability_margin:0.0022881627082824707"", ""margin_not_applicable_to_non_allow_decision""]",0.68827683,True,382,61.49646714,0.72479880,True,55,50.36414754,0.72708696,True,122,42.51287438,0.59330362,True,685,101.16768160
TXN0000057827,C008945,2024-11-21 00:03:22,whatsapp_reminder,0.90000000,0,whatsapp_reminder,0,no_action,stop,False,authentication_required,False,0.05965430,,False,"[""no_eligible_positive_value_action"", ""failure_matrix:block"", ""margin_not_applicable_to_non_allow_decision""]",0.47395107,False,49,7.23938140,0.56299055,False,8,4.29589038,0.50333625,False,23,3.80324523,0.39049053,False,11,2.70552140
TXN0000071816,C006575,2024-11-21 07:50:03,retry_payment,0.90000000,0,retry_payment,0,no_action,stop,False,authentication_required,False,0.02947712,,False,"[""no_eligible_positive_value_action"", ""failure_matrix:block"", ""margin_not_applicable_to_non_allow_decision""]",0.63323087,True,58,8.97709815,0.66755128,False,3,3.00000000,0.69702840,False,24,3.90270249,0.56365210,False,8,8.00000000
TXN0000234750,C005859,2024-11-21 07:58:56,escalate_to_merchant,0.90000000,1,escalate_to_merchant,0,whatsapp_reminder,allow,False,authentication_required,True,0.00439668,-9.86000000,False,"[""eligible"", ""contextually_supported_or_manual"", ""highest_risk_adjusted_expected_value"", ""expected_value_margin:24.3"", ""probability_margin:0.02358648"", ""fallback_ineligible""]",0.52213979,True,134,25.67475706,0.49415663,True,55,23.54174517,0.51774311,True,69,17.37637634,0.37070423,True,213,29.38877094
TXN0000167242,C006549,2024-11-21 09:20:13,payment_link,0.90000000,1,payment_link,0,payment_link,allow,False,authentication_required,True,0.01469660,38.87000000,False,"[""eligible"", ""contextually_supported_or_manual"", ""highest_risk_adjusted_expected_value"", ""expected_value_margin:80.36"", ""probability_margin:0.02590448"", ""fallback_ineligible""]",0.54349905,True,129,19.07760664,0.55819565,True,218,30.47265689,0.53229117,True,34,21.95535821,0.40367162,True,65,18.84615345
TXN0000071852,C007365,2024-11-21 09:44:24,escalate_to_merchant,0.90000000,1,escalate_to_merchant,0,payment_link,allow,False,technical_retryable,True,0.01888514,30.75000000,False,"[""eligible"", ""contextually_supported_or_manual"", ""highest_risk_adjusted_expected_value"", ""expected_value_margin:30.74"", ""probability_margin:0.0701876"", ""decision_margin_passed""]",0.48752394,True,359,56.24386377,0.55771154,True,85,37.80492775,0.53882641,True,126,41.91580028,0.34638438,True,694,97.85794000
TXN0000114667,C003876,2024-11-21 10:18:47,retry_payment,0.90000000,1,retry_payment,0,whatsapp_reminder,fallback,True,authentication_required,True,0.01161784,,False,"[""decision_uncertain"", ""expected_value_margin:63.37145274877548"", ""probability_margin:0.011617839336395264"", ""margin_not_applicable_to_non_allow_decision""]",0.62517679,True,129,19.07760664,0.66560394,True,218,30.47265689,0.67722178,True,34,21.95535821,0.49152648,True,65,18.84615345
TXN0000230781,C001312,2024-11-21 11:31:29,retry_payment,0.90000000,1,retry_payment,0,payment_link,allow,False,customer_decline,True,0.01842642,29.72000000,False,"[""eligible"", ""contextually_supported_or_manual"", ""highest_risk_adjusted_expected_value"", ""expected_value_margin:14.44"", ""probability_margin:0.01842642"", ""fallback_ineligible""]",0.62575394,True,362,56.55389812,0.66738665,True,241,49.77543607,0.64896023,True,96,34.06733257,0.47988981,True,512,71.09486331
TXN0000075392,C007149,2024-11-21 11:37:34,escalate_to_merchant,0.90000000,1,escalate_to_merchant,0,payment_link,allow,False,technical_retryable,True,0.04809898,77.33000000,False,"[""eligible"", ""contextually_supported_or_manual"", ""highest_risk_adjusted_expected_value"", ""expected_value_margin:77.33"", ""probability_margin:0.04809898"", ""decision_margin_passed""]",0.62015486,True,387,66.60326136,0.66825384,True,625,91.91881191,0.61249155,True,50,36.09870729,0.44229361,True,196,56.61961283
TXN0000015057,C001499,2024-11-21 11:49:36,escalate_to_merchant,0.90000000,1,escalate_to_merchant,0,payment_link,allow,False,technical_retryable,True,0.03328681,20.68000000,False,"[""eligible"", ""contextually_supported_or_manual"", ""highest_risk_adjusted_expected_value"", ""expected_value_margin:20.68"", ""probability_margin:0.04582113"", ""decision_margin_passed""]",0.58216554,True,359,56.24386377,0.62798667,True,85,37.80492775,0.59469986,True,126,41.91580028,0.46976927,True,694,97.85794000
TXN0000150865,C007180,2024-11-21 13:05:22,escalate_to_merchant,0.90000000,0,escalate_to_merchant,0,no_action,stop,False,technical_retryable,False,0.01072866,,False,"[""no_eligible_positive_value_action"", ""failure_matrix:block"", ""margin_not_applicable_to_non_allow_decision""]",0.64575458,False,49,7.23938140,0.69166422,False,8,4.29589038,0.68093556,False,23,3.80324523,0.46977580,False,11,2.70552140
TXN0000201556,C008415,2024-11-21 15:40:49,retry_payment,0.90000000,1,retry_payment,0,whatsapp_reminder,fallback,True,authentication_required,True,0.04042912,,False,"[""decision_uncertain"", ""expected_value_margin:None"", ""probability_margin:None"", ""margin_not_applicable_to_non_allow_decision""]",0.60926455,True,172,27.72056966,0.64969367,False,17,16.07278182,0.60159254,True,66,18.92736169,0.51320815,True,211,29.09046962
TXN0000096115,C005526,2024-11-21 16:57:46,retry_payment,0.90000000,0,retry_payment,0,payment_link,allow,False,authentication_required,True,0.05381531,422.02000000,False,"[""eligible"", ""contextually_supported_or_manual"", ""highest_risk_adjusted_expected_value"", ""expected_value_margin:318.97"", ""probability_margin:0.05381531"", ""fallback_ineligible""]",0.63607973,True,129,19.07760664,0.70812207,True,218,30.47265689,0.65430677,True,34,21.95535821,0.50515276,True,65,18.84615345
TXN0000246894,C000434,2024-11-21 17:04:08,retry_payment,0.90000000,1,retry_payment,0,whatsapp_reminder,fallback,True,authentication_required,True,0.00149530,,False,"[""decision_uncertain"", ""expected_value_margin:2.6791515946388245"", ""probability_margin:0.0014953017234802246"", ""margin_not_applicable_to_non_allow_decision""]",0.68052065,True,359,56.24386377,0.69862485,True,85,37.80492775,0.70012015,True,126,41.91580028,0.55936486,True,694,97.85794000
TXN0000095299,C007259,2024-11-21 17:08:22,payment_link,0.90000000,0,payment_link,0,payment_link,allow,False,authentication_required,True,0.05192602,305.94000000,False,"[""eligible"", ""contextually_supported_or_manual"", ""highest_risk_adjusted_expected_value"", ""expected_value_margin:316.03"", ""probability_margin:0.05264342"", ""fallback_ineligible""]",0.52035046,True,387,66.60326136,0.57227647,True,625,91.91881191,0.51963305,True,50,36.09870729,0.35822502,True,196,56.61961283
TXN0000218826,C006134,2024-11-21 18:17:09,retry_payment,0.90000000,1,retry_payment,0,escalate_to_merchant,fallback,True,merchant_configuration,True,0.03064501,,False,"[""decision_uncertain"", ""expected_value_margin:None"", ""probability_margin:None"", ""margin_not_applicable_to_non_allow_decision""]",0.59060740,True,58,8.97709815,0.68218064,False,25,3.45418296,0.65153563,False,10,3.52962620,0.41388050,False,12,7.36805008
TXN0000048806,C001707,2024-11-21 18:18:29,escalate_to_merchant,0.90000000,0,escalate_to_merchant,0,retry_payment,fallback,True,technical_retryable,True,0.02625686,,False,"[""decision_uncertain"", ""expected_value_margin:None"", ""probability_margin:None"", ""margin_not_applicable_to_non_allow_decision""]",0.50765240,True,126,18.74890631,0.55714869,False,9,9.00000000,0.53089184,True,73,15.08078281,0.39260679,True,237,33.53941007
TXN0000224745,C009011,2024-11-21 18:25:06,retry_payment,0.90000000,0,retry_payment,0,whatsapp_reminder,fallback,True,authentication_required,True,0.01589245,,False,"[""decision_uncertain"", ""expected_value_margin:None"", ""probability_margin:None"", ""margin_not_applicable_to_non_allow_decision""]",0.64296782,True,172,27.72056966,0.67096591,False,17,16.07278182,0.68685836,True,66,18.92736169,0.53968132,True,211,29.09046962
TXN0000154071,C008969,2024-11-21 18:53:04,escalate_to_merchant,0.90000000,1,escalate_to_merchant,0,whatsapp_reminder,fallback,True,authentication_required,True,0.03738838,,False,"[""decision_uncertain"", ""expected_value_margin:None"", ""probability_margin:None"", ""margin_not_applicable_to_non_allow_decision""]",0.62398052,True,172,27.72056966,0.67164326,False,17,16.07278182,0.63425487,True,66,18.92736169,0.52172720,True,211,29.09046962
TXN0000114582,C005161,2024-11-21 19:50:12,payment_link,0.90000000,1,payment_link,0,payment_link,allow,False,technical_retryable,True,0.02424634,193.56000000,False,"[""eligible"", ""contextually_supported_or_manual"", ""highest_risk_adjusted_expected_value"", ""expected_value_margin:193.56"", ""probability_margin:0.06495667"", ""decision_margin_passed""]",0.56902921,True,129,19.07760664,0.63398588,True,218,30.47265689,0.60973954,True,34,21.95535821,0.46850979,True,65,18.84615345
TXN0000070461,C003892,2024-11-21 20:12:40,whatsapp_reminder,0.90000000,1,whatsapp_reminder,0,escalate_to_merchant,fallback,True,merchant_configuration,True,0.00834489,,False,"[""decision_uncertain"", ""expected_value_margin:None"", ""probability_margin:None"", ""margin_not_applicable_to_non_allow_decision""]",0.47645783,True,59,8.94277964,0.51917559,True,90,12.53697431,0.51083070,False,19,4.27099396,0.36747754,True,43,10.73819641
TXN0000082968,C008660,2024-11-21 20:17:04,escalate_to_merchant,0.03333333,0,whatsapp_reminder,0,payment_link,allow,False,authentication_required,True,0.02631766,24.42000000,False,"[""eligible"", ""contextually_supported_or_manual"", ""highest_risk_adjusted_expected_value"", ""expected_value_margin:24.2"", ""probability_margin:0.02631766"", ""fallback_ineligible""]",0.59122169,True,134,25.67475706,0.62348223,True,55,23.54174517,0.59716457,True,69,17.37637634,0.46265414,True,213,29.38877094
TXN0000026094,C006238,2024-11-21 20:18:40,whatsapp_reminder,0.90000000,1,whatsapp_reminder,0,retry_payment,fallback,True,technical_retryable,True,0.02790725,,False,"[""decision_uncertain"", ""expected_value_margin:None"", ""probability_margin:None"", ""margin_not_applicable_to_non_allow_decision""]",0.48634607,True,172,27.72056966,0.58557194,False,17,16.07278182,0.55766469,True,66,18.92736169,0.44117698,True,211,29.09046962
TXN0000166160,C005800,2024-11-21 20:28:08,payment_link,0.90000000,1,payment_link,0,whatsapp_reminder,fallback,True,customer_decline,True,0.00813907,,False,"[""decision_uncertain"", ""expected_value_margin:18.926962316036224"", ""probability_margin:0.008139073848724365"", ""margin_not_applicable_to_non_allow_decision""]",0.64776456,True,387,66.60326136,0.68611407,True,625,91.91881191,0.69425315,True,50,36.09870729,0.49053398,True,196,56.61961283
TXN0000037722,C005042,2024-11-21 20:49:37,payment_link,0.90000000,1,payment_link,0,escalate_to_merchant,fallback,True,merchant_configuration,True,0.02702421,,False,"[""decision_uncertain"", ""expected_value_margin:None"", ""probability_margin:None"", ""margin_not_applicable_to_non_allow_decision""]",0.62720609,True,59,8.94277964,0.65423030,True,90,12.53697431,0.60603076,False,19,4.27099396,0.47861835,True,43,10.73819641
TXN0000129060,C001595,2024-11-21 20:55:23,payment_link,0.90000000,1,payment_link,0,no_action,stop,False,authentication_required,False,0.02033389,,False,"[""no_eligible_positive_value_action"", ""failure_matrix:block"", ""margin_not_applicable_to_non_allow_decision""]",0.53851956,True,58,8.97709815,0.58748120,False,25,3.45418296,0.56714731,False,10,3.52962620,0.35522974,False,12,7.36805008
TXN0000103347,C009078,2024-11-21 21:22:15,payment_link,0.90000000,1,payment_link,0,no_action,stop,False,authentication_required,False,0.05866408,,False,"[""no_eligible_positive_value_action"", ""failure_matrix:block"", ""margin_not_applicable_to_non_allow_decision""]",0.63017148,True,58,8.97709815,0.71592128,False,25,3.45418296,0.65725720,False,10,3.52962620,0.51727605,False,12,7.36805008
TXN0000026017,C000035,2024-11-21 21:44:18,whatsapp_reminder,0.03333333,1,escalate_to_merchant,0,no_action,stop,False,authentication_required,False,0.02219528,,False,"[""customer_opted_out"", ""margin_not_applicable_to_non_allow_decision""]",0.53264320,True,126,18.74890631,0.57640374,False,9,9.00000000,0.55420846,True,73,15.08078281,0.45556179,True,237,33.53941007
TXN0000085306,C004411,2024-11-21 21:55:33,whatsapp_reminder,0.03333333,1,retry_payment,0,retry_payment,fallback,True,technical_retryable,True,0.00121665,,False,"[""decision_uncertain"", ""expected_value_margin:3.1174116134643555"", ""probability_margin:0.03563272953033447"", ""margin_not_applicable_to_non_allow_decision""]",0.63328403,True,359,56.24386377,0.66891676,True,85,37.80492775,0.66770011,True,126,41.91580028,0.48669618,True,694,97.85794000
TXN0000052328,C002440,2024-11-21 21:59:16,whatsapp_reminder,0.90000000,1,whatsapp_reminder,0,retry_payment,fallback,True,technical_retryable,True,0.02134150,,False,"[""decision_uncertain"", ""expected_value_margin:None"", ""probability_margin:None"", ""margin_not_applicable_to_non_allow_decision""]",0.67492622,True,58,8.97709815,0.70317566,False,3,3.00000000,0.72451717,False,24,3.90270249,0.58260703,False,8,8.00000000
TXN0000030103,C008813,2024-11-21 23:29:25,payment_link,0.90000000,0,payment_link,0,payment_link,allow,False,technical_retryable,True,0.02416945,292.07000000,False,"[""eligible"", ""contextually_supported_or_manual"", ""highest_risk_adjusted_expected_value"", ""expected_value_margin:292.08"", ""probability_margin:0.03287095"", ""decision_margin_passed""]",0.65192854,True,387,66.60326136,0.68479949,True,625,91.91881191,0.66063005,True,50,36.09870729,0.47498611,True,196,56.61961283
TXN0000131824,C008215,2024-11-22 07:04:50,escalate_to_merchant,0.90000000,1,escalate_to_merchant,0,no_action,stop,False,customer_decline,False,0.01842618,,False,"[""no_eligible_positive_value_action"", ""failure_matrix:block"", ""margin_not_applicable_to_non_allow_decision""]",0.51447755,True,382,61.49646714,0.56126106,True,55,50.36414754,0.54283488,True,122,42.51287438,0.39281851,True,685,101.16768160
TXN0000043970,C004068,2024-11-22 07:51:24,whatsapp_reminder,0.90000000,0,whatsapp_reminder,0,no_action,stop,False,customer_decline,False,0.01559013,,False,"[""customer_opted_out"", ""margin_not_applicable_to_non_allow_decision""]",0.62958610,True,47,47.00000000,0.66753042,False,2,2.00000000,0.65194029,False,21,3.60798899,0.52811915,False,12,3.68852452
TXN0000087152,C008011,2024-11-22 08:20:04,payment_link,0.03333333,1,whatsapp_reminder,0,no_action,stop,False,customer_decline,False,0.02075398,,False,"[""no_eligible_positive_value_action"", ""failure_matrix:block"", ""margin_not_applicable_to_non_allow_decision""]",0.54779881,True,60,8.27440554,0.60075659,False,1,1.00000000,0.58000261,False,46,6.69767366,0.44593936,True,93,13.89845234
TXN0000169122,C007340,2024-11-22 10:25:32,escalate_to_merchant,0.90000000,1,escalate_to_merchant,0,retry_payment,fallback,True,technical_retryable,True,0.02306509,,False,"[""decision_uncertain"", ""expected_value_margin:2.8241539001464844"", ""probability_margin:0.061153411865234375"", ""margin_not_applicable_to_non_allow_decision""]",0.53774971,True,382,61.49646714,0.59890312,True,55,50.36414754,0.57583803,True,122,42.51287438,0.42804506,True,685,101.16768160
TXN0000162244,C008940,2024-11-22 11:20:49,whatsapp_reminder,0.90000000,0,whatsapp_reminder,0,escalate_to_merchant,fallback,True,merchant_configuration,True,0.02013129,,False,"[""decision_uncertain"", ""expected_value_margin:None"", ""probability_margin:None"", ""margin_not_applicable_to_non_allow_decision""]",0.61851078,True,58,8.97709815,0.64549172,False,3,3.00000000,0.66562301,False,24,3.90270249,0.54063010,False,8,8.00000000
TXN0000065083,C008177,2024-11-22 11:58:49,escalate_to_merchant,0.90000000,0,escalate_to_merchant,0,payment_link,allow,False,customer_decline,True,0.03915399,66.72000000,False,"[""eligible"", ""contextually_supported_or_manual"", ""highest_risk_adjusted_expected_value"", ""expected_value_margin:51.63"", ""probability_margin:0.03915399"", ""fallback_ineligible""]",0.56368196,True,134,25.67475706,0.61798710,True,55,23.54174517,0.57883310,True,69,17.37637634,0.42316017,True,213,29.38877094
TXN0000093564,C008941,2024-11-22 12:15:21,payment_link,0.90000000,0,payment_link,0,payment_link,allow,False,technical_retryable,True,0.02239949,136.96000000,False,"[""eligible"", ""contextually_supported_or_manual"", ""highest_risk_adjusted_expected_value"", ""expected_value_margin:136.97"", ""probability_margin:0.03930819"", ""decision_margin_passed""]",0.58929640,True,387,66.60326136,0.62860459,True,625,91.91881191,0.60620511,True,50,36.09870729,0.39694121,True,196,56.61961283
TXN0000186888,C002430,2024-11-22 14:24:51,payment_link,0.90000000,1,payment_link,0,payment_link,allow,False,customer_decline,True,0.03201151,113.21000000,False,"[""eligible"", ""contextually_supported_or_manual"", ""highest_risk_adjusted_expected_value"", ""expected_value_margin:68.75"", ""probability_margin:0.03201151"", ""fallback_ineligible""]",0.56743711,True,387,66.60326136,0.62208825,True,625,91.91881191,0.59007674,True,50,36.09870729,0.40619069,True,196,56.61961283
TXN0000092342,C003100,2024-11-22 17:06:28,retry_payment,0.90000000,0,retry_payment,0,payment_link,fallback,True,authentication_required,True,0.01550508,,False,"[""decision_uncertain"", ""expected_value_margin:2.618593692779541"", ""probability_margin:0.015505075454711914"", ""margin_not_applicable_to_non_allow_decision""]",0.62020826,True,359,56.24386377,0.65892398,True,85,37.80492775,0.64341891,True,126,41.91580028,0.47416884,True,694,97.85794000
TXN0000002027,C001899,2024-11-22 17:21:44,payment_link,0.90000000,0,payment_link,0,escalate_to_merchant,fallback,True,merchant_configuration,True,0.02941114,,False,"[""decision_uncertain"", ""expected_value_margin:None"", ""probability_margin:None"", ""margin_not_applicable_to_non_allow_decision""]",0.48773897,True,129,19.07760664,0.51990771,True,218,30.47265689,0.49049658,True,34,21.95535821,0.33370075,True,65,18.84615345
TXN0000087039,C000473,2024-11-22 17:33:18,payment_link,0.90000000,1,payment_link,0,no_action,stop,False,technical_retryable,False,0.01420051,,False,"[""no_eligible_positive_value_action"", ""failure_matrix:block"", ""margin_not_applicable_to_non_allow_decision""]",0.73247290,False,49,7.23938140,0.76215422,False,8,4.29589038,0.74795371,False,23,3.80324523,0.61287761,False,11,2.70552140
TXN0000074107,C007186,2024-11-22 17:34:02,escalate_to_merchant,0.90000000,0,escalate_to_merchant,0,escalate_to_merchant,fallback,True,merchant_configuration,True,0.00154603,,False,"[""decision_uncertain"", ""expected_value_margin:None"", ""probability_margin:None"", ""margin_not_applicable_to_non_allow_decision""]",0.57474148,True,172,27.72056966,0.57912242,False,17,16.07278182,0.58066845,True,66,18.92736169,0.45072979,True,211,29.09046962
TXN0000013800,C009304,2024-11-22 18:44:28,whatsapp_reminder,0.03333333,1,payment_link,0,no_action,stop,False,customer_decline,False,0.05713677,,False,"[""no_eligible_positive_value_action"", ""failure_matrix:block"", ""margin_not_applicable_to_non_allow_decision""]",0.58610415,True,58,8.97709815,0.67708230,False,25,3.45418296,0.61994553,False,10,3.52962620,0.44054392,False,12,7.36805008
TXN0000122110,C006169,2024-11-22 18:57:51,escalate_to_merchant,0.90000000,0,escalate_to_merchant,0,whatsapp_reminder,fallback,True,authentication_required,True,0.01261979,,False,"[""decision_uncertain"", ""expected_value_margin:None"", ""probability_margin:None"", ""margin_not_applicable_to_non_allow_decision""]",0.46502936,True,172,27.72056966,0.54854125,False,17,16.07278182,0.56116104,True,66,18.92736169,0.40840137,True,211,29.09046962
TXN0000026155,C008872,2024-11-22 19:34:20,escalate_to_merchant,0.90000000,1,escalate_to_merchant,0,escalate_to_merchant,fallback,True,merchant_configuration,True,0.02315181,,False,"[""decision_uncertain"", ""expected_value_margin:None"", ""probability_margin:None"", ""margin_not_applicable_to_non_allow_decision""]",0.59794557,True,362,56.55389812,0.62109739,True,241,49.77543607,0.56219840,True,96,34.06733257,0.40040469,True,512,71.09486331
TXN0000110449,C002999,2024-11-22 20:45:00,payment_link,0.03333333,1,retry_payment,0,no_action,stop,False,customer_decline,False,0.02381408,,False,"[""customer_opted_out"", ""margin_not_applicable_to_non_allow_decision""]",0.65307575,False,6,6.00000000,0.66016805,False,0,0.00000000,0.68398213,False,6,6.00000000,0.49653533,False,3,2.07333790
TXN0000036459,C006553,2024-11-22 21:03:55,whatsapp_reminder,0.90000000,0,whatsapp_reminder,0,escalate_to_merchant,fallback,True,merchant_configuration,True,0.05397820,,False,"[""decision_uncertain"", ""expected_value_margin:None"", ""probability_margin:None"", ""margin_not_applicable_to_non_allow_decision""]",0.69324130,True,382,61.49646714,0.74721950,True,55,50.36414754,0.69116539,True,122,42.51287438,0.61032212,True,685,101.16768160
TXN0000183355,C003517,2024-11-22 21:06:13,payment_link,0.90000000,0,payment_link,0,escalate_to_merchant,fallback,True,merchant_configuration,True,0.02871197,,False,"[""decision_uncertain"", ""expected_value_margin:None"", ""probability_margin:None"", ""margin_not_applicable_to_non_allow_decision""]",0.57815045,True,387,66.60326136,0.62726814,True,625,91.91881191,0.59855616,True,50,36.09870729,0.41231233,True,196,56.61961283
TXN0000239870,C004158,2024-11-22 21:06:48,payment_link,0.90000000,0,payment_link,0,escalate_to_merchant,fallback,True,merchant_configuration,True,0.01917177,,False,"[""decision_uncertain"", ""expected_value_margin:None"", ""probability_margin:None"", ""margin_not_applicable_to_non_allow_decision""]",0.40537822,True,59,8.94277964,0.42618054,True,90,12.53697431,0.40700877,False,19,4.27099396,0.29609406,True,43,10.73819641
TXN0000243077,C008391,2024-11-22 22:30:17,escalate_to_merchant,0.03333333,1,whatsapp_reminder,0,whatsapp_reminder,fallback,True,customer_decline,True,0.00588655,,False,"[""decision_uncertain"", ""expected_value_margin:None"", ""probability_margin:None"", ""margin_not_applicable_to_non_allow_decision""]",0.48686969,True,172,27.72056966,0.56246859,False,17,16.07278182,0.56835514,True,66,18.92736169,0.41567314,True,211,29.09046962
TXN0000130063,C003484,2024-11-23 01:23:05,retry_payment,0.90000000,1,retry_payment,0,no_action,stop,False,customer_decline,False,0.04602253,,False,"[""customer_opted_out"", ""margin_not_applicable_to_non_allow_decision""]",0.67425931,True,134,25.67475706,0.67709100,True,55,23.54174517,0.72311354,True,69,17.37637634,0.54184711,True,213,29.38877094
TXN0000132480,C007392,2024-11-23 01:41:46,escalate_to_merchant,0.90000000,0,escalate_to_merchant,0,escalate_to_merchant,fallback,True,merchant_configuration,True,0.00234860,,False,"[""decision_uncertain"", ""expected_value_margin:None"", ""probability_margin:None"", ""margin_not_applicable_to_non_allow_decision""]",0.53125924,True,382,61.49646714,0.59278589,True,55,50.36414754,0.59043729,True,122,42.51287438,0.41895974,True,685,101.16768160
TXN0000045696,C000174,2024-11-23 05:59:52,whatsapp_reminder,0.90000000,1,whatsapp_reminder,0,no_action,stop,False,customer_decline,False,0.00308323,,False,"[""no_eligible_positive_value_action"", ""failure_matrix:block"", ""margin_not_applicable_to_non_allow_decision""]",0.56614059,False,49,7.23938140,0.60003120,False,8,4.29589038,0.59694797,False,23,3.80324523,0.46008691,False,11,2.70552140
TXN0000218172,C003158,2024-11-23 08:18:04,retry_payment,0.90000000,1,retry_payment,0,whatsapp_reminder,fallback,True,customer_decline,True,0.00010735,,False,"[""decision_uncertain"", ""expected_value_margin:None"", ""probability_margin:None"", ""margin_not_applicable_to_non_allow_decision""]",0.63727582,True,73,10.21909638,0.64077687,False,23,5.49540018,0.64066952,True,54,8.41672235,0.48070467,True,72,12.00499847
TXN0000182339,C003915,2024-11-23 09:16:41,retry_payment,0.90000000,0,retry_payment,0,whatsapp_reminder,fallback,True,authentication_required,True,0.00975060,,False,"[""decision_uncertain"", ""expected_value_margin:150.22649133205414"", ""probability_margin:0.010574281215667725"", ""margin_not_applicable_to_non_allow_decision""]",0.59608060,True,387,66.60326136,0.59525692,True,625,91.91881191,0.60583121,True,50,36.09870729,0.42981982,True,196,56.61961283
TXN0000121814,C001374,2024-11-23 09:25:29,escalate_to_merchant,0.90000000,1,escalate_to_merchant,0,whatsapp_reminder,fallback,True,customer_decline,True,0.00471294,,False,"[""decision_uncertain"", ""expected_value_margin:None"", ""probability_margin:None"", ""margin_not_applicable_to_non_allow_decision""]",0.45113558,True,172,27.72056966,0.52748424,False,17,16.07278182,0.52277130,True,66,18.92736169,0.36424607,True,211,29.09046962
TXN0000220166,C001930,2024-11-23 09:42:20,payment_link,0.90000000,0,payment_link,0,payment_link,allow,False,technical_retryable,True,0.04170150,127.89000000,False,"[""eligible"", ""contextually_supported_or_manual"", ""highest_risk_adjusted_expected_value"", ""expected_value_margin:127.89"", ""probability_margin:0.05416203"", ""decision_margin_passed""]",0.50513971,True,387,66.60326136,0.55930173,True,625,91.91881191,0.51760024,True,50,36.09870729,0.34557781,True,196,56.61961283
TXN0000169330,C000929,2024-11-23 10:30:30,payment_link,0.90000000,1,payment_link,0,payment_link,allow,False,authentication_required,True,0.06121105,162.90000000,False,"[""eligible"", ""contextually_supported_or_manual"", ""highest_risk_adjusted_expected_value"", ""expected_value_margin:175.08"", ""probability_margin:0.06351358"", ""fallback_ineligible""]",0.56017411,True,387,66.60326136,0.62138516,True,625,91.91881191,0.55787158,True,50,36.09870729,0.39252412,True,196,56.61961283
TXN0000072228,C006724,2024-11-23 10:59:19,escalate_to_merchant,0.90000000,0,escalate_to_merchant,0,no_action,stop,False,authentication_required,False,0.04074240,,False,"[""no_eligible_positive_value_action"", ""failure_matrix:block"", ""margin_not_applicable_to_non_allow_decision""]",0.54200071,True,58,8.97709815,0.63192523,False,25,3.45418296,0.59118283,False,10,3.52962620,0.42982635,False,12,7.36805008
TXN0000010620,C002999,2024-11-23 11:20:48,retry_payment,0.90000000,0,retry_payment,0,no_action,stop,False,technical_retryable,False,0.02794015,,False,"[""customer_opted_out"", ""margin_not_applicable_to_non_allow_decision""]",0.56067139,False,4,1.22950817,0.56776637,False,1,1.00000000,0.59570652,True,25,25.00000000,0.46891883,False,2,1.07397260
TXN0000219542,C007898,2024-11-23 11:34:07,escalate_to_merchant,0.90000000,0,escalate_to_merchant,0,payment_link,allow,False,technical_retryable,True,0.00654805,46.41000000,False,"[""eligible"", ""contextually_supported_or_manual"", ""highest_risk_adjusted_expected_value"", ""expected_value_margin:46.42"", ""probability_margin:0.04134989"", ""decision_margin_passed""]",0.55777127,True,134,25.67475706,0.59912115,True,55,23.54174517,0.59257311,True,69,17.37637634,0.42895684,True,213,29.38877094
TXN0000243537,C000874,2024-11-23 11:51:12,escalate_to_merchant,0.03333333,0,retry_payment,0,no_action,stop,False,authentication_required,False,0.02364343,,False,"[""no_eligible_positive_value_action"", ""failure_matrix:block"", ""margin_not_applicable_to_non_allow_decision""]",0.59655863,True,58,8.97709815,0.66975796,False,25,3.45418296,0.64611453,False,10,3.52962620,0.44914407,False,12,7.36805008
TXN0000160055,C008491,2024-11-23 11:51:18,escalate_to_merchant,0.90000000,1,escalate_to_merchant,0,payment_link,fallback,True,customer_decline,True,0.01084614,,False,"[""decision_uncertain"", ""expected_value_margin:7.359678268432617"", ""probability_margin:0.010846138000488281"", ""margin_not_applicable_to_non_allow_decision""]",0.59791315,True,362,56.55389812,0.63958222,True,241,49.77543607,0.62873608,True,96,34.06733257,0.48836252,True,512,71.09486331
TXN0000221679,C000404,2024-11-23 12:08:01,payment_link,0.90000000,1,payment_link,0,payment_link,allow,False,technical_retryable,True,0.02274781,69.76000000,False,"[""eligible"", ""contextually_supported_or_manual"", ""highest_risk_adjusted_expected_value"", ""expected_value_margin:69.77"", ""probability_margin:0.04261208"", ""decision_margin_passed""]",0.56468916,True,387,66.60326136,0.60730124,True,625,91.91881191,0.58455342,True,50,36.09870729,0.42017570,True,196,56.61961283
TXN0000198841,C009831,2024-11-23 12:15:57,retry_payment,0.90000000,1,retry_payment,0,retry_payment,fallback,True,technical_retryable,True,0.01778740,,False,"[""decision_uncertain"", ""expected_value_margin:12.657512664794922"", ""probability_margin:0.0009481906890869141"", ""margin_not_applicable_to_non_allow_decision""]",0.56150001,True,129,19.07760664,0.56055182,True,218,30.47265689,0.57928741,True,34,21.95535821,0.39426264,True,65,18.84615345
TXN0000104518,C003057,2024-11-23 12:40:32,whatsapp_reminder,0.90000000,1,whatsapp_reminder,0,escalate_to_merchant,fallback,True,merchant_configuration,True,0.05988675,,False,"[""decision_uncertain"", ""expected_value_margin:None"", ""probability_margin:None"", ""margin_not_applicable_to_non_allow_decision""]",0.65552980,True,172,27.72056966,0.64957613,False,17,16.07278182,0.71541655,True,66,18.92736169,0.53207308,True,211,29.09046962
TXN0000121977,C003996,2024-11-23 13:04:12,retry_payment,0.90000000,1,retry_payment,0,payment_link,fallback,True,authentication_required,True,0.00410992,,False,"[""decision_uncertain"", ""expected_value_margin:8.923163950443268"", ""probability_margin:0.008588135242462158"", ""margin_not_applicable_to_non_allow_decision""]",0.72230637,True,362,56.55389812,0.72641629,True,241,49.77543607,0.71782815,True,96,34.06733257,0.58738559,True,512,71.09486331
TXN0000147727,C000776,2024-11-23 13:09:08,retry_payment,0.90000000,1,retry_payment,0,escalate_to_merchant,fallback,True,merchant_configuration,True,0.01452023,,False,"[""decision_uncertain"", ""expected_value_margin:None"", ""probability_margin:None"", ""margin_not_applicable_to_non_allow_decision""]",0.64447445,True,359,56.24386377,0.67131531,True,85,37.80492775,0.65679508,True,126,41.91580028,0.54000223,True,694,97.85794000
TXN0000163798,C000858,2024-11-23 14:25:49,retry_payment,0.90000000,1,retry_payment,0,no_action,stop,False,authentication_required,False,0.01298553,,False,"[""no_eligible_positive_value_action"", ""failure_matrix:block"", ""margin_not_applicable_to_non_allow_decision""]",0.50351542,True,58,8.97709815,0.57474989,False,3,3.00000000,0.58773541,False,24,3.90270249,0.40967610,False,8,8.00000000
TXN0000155701,C006176,2024-11-23 14:48:00,payment_link,0.90000000,1,payment_link,0,payment_link,allow,False,authentication_required,True,0.02054244,57.30000000,False,"[""eligible"", ""contextually_supported_or_manual"", ""highest_risk_adjusted_expected_value"", ""expected_value_margin:30.43"", ""probability_margin:0.02054244"", ""fallback_ineligible""]",0.53116125,True,134,25.67475706,0.57220757,True,55,23.54174517,0.55166513,True,69,17.37637634,0.39865625,True,213,29.38877094
TXN0000119614,C006965,2024-11-23 15:26:37,retry_payment,0.90000000,0,retry_payment,0,whatsapp_reminder,fallback,True,authentication_required,True,0.00981843,,False,"[""decision_uncertain"", ""expected_value_margin:22.387609601020813"", ""probability_margin:0.009818434715270996"", ""margin_not_applicable_to_non_allow_decision""]",0.65762013,True,387,66.60326136,0.66026765,True,625,91.91881191,0.67008609,True,50,36.09870729,0.53938729,True,196,56.61961283
TXN0000026366,C005526,2024-11-23 15:33:41,retry_payment,0.90000000,1,retry_payment,0,whatsapp_reminder,fallback,True,authentication_required,True,0.01792067,,False,"[""decision_uncertain"", ""expected_value_margin:None"", ""probability_margin:None"", ""margin_not_applicable_to_non_allow_decision""]",0.49469364,True,73,10.21909638,0.53737402,False,23,5.49540018,0.51945335,True,54,8.41672235,0.47907045,True,72,12.00499847
TXN0000059746,C004643,2024-11-23 15:35:06,payment_link,0.03333333,1,retry_payment,0,no_action,stop,False,authentication_required,False,0.00395197,,False,"[""no_eligible_positive_value_action"", ""failure_matrix:block"", ""margin_not_applicable_to_non_allow_decision""]",0.77711195,True,58,8.97709815,0.80842108,False,3,3.00000000,0.80446911,False,24,3.90270249,0.65491199,False,8,8.00000000
TXN0000044975,C001320,2024-11-23 16:29:18,escalate_to_merchant,0.90000000,1,escalate_to_merchant,0,payment_link,fallback,True,authentication_required,True,0.05681628,,False,"[""decision_uncertain"", ""expected_value_margin:None"", ""probability_margin:None"", ""margin_not_applicable_to_non_allow_decision""]",0.56450123,True,362,56.55389812,0.62131751,True,241,49.77543607,0.54875416,True,96,34.06733257,0.40048957,True,512,71.09486331
TXN0000120050,C007017,2024-11-23 18:26:59,retry_payment,0.90000000,1,retry_payment,0,payment_link,allow,False,technical_retryable,True,0.00162733,16.16000000,False,"[""eligible"", ""contextually_supported_or_manual"", ""highest_risk_adjusted_expected_value"", ""expected_value_margin:16.16"", ""probability_margin:0.04080963"", ""decision_margin_passed""]",0.53721821,True,359,56.24386377,0.57802784,True,85,37.80492775,0.57640052,True,126,41.91580028,0.41851026,True,694,97.85794000
TXN0000170396,C001538,2024-11-23 19:05:50,retry_payment,0.90000000,1,retry_payment,0,no_action,stop,False,authentication_required,False,0.00756329,,False,"[""no_eligible_positive_value_action"", ""failure_matrix:block"", ""margin_not_applicable_to_non_allow_decision""]",0.70847607,False,49,7.23938140,0.73476577,False,8,4.29589038,0.72720248,False,23,3.80324523,0.56398302,False,11,2.70552140
TXN0000046480,C008987,2024-11-23 19:30:08,payment_link,0.90000000,0,payment_link,0,escalate_to_merchant,fallback,True,merchant_configuration,True,0.05881685,,False,"[""decision_uncertain"", ""expected_value_margin:None"", ""probability_margin:None"", ""margin_not_applicable_to_non_allow_decision""]",0.44220361,True,129,19.07760664,0.54680592,True,218,30.47265689,0.48798907,True,34,21.95535821,0.33119544,True,65,18.84615345
TXN0000136637,C002795,2024-11-23 20:05:01,whatsapp_reminder,0.03333333,0,payment_link,0,payment_link,allow,False,authentication_required,True,0.02531898,102.78000000,False,"[""eligible"", ""contextually_supported_or_manual"", ""highest_risk_adjusted_expected_value"", ""expected_value_margin:34.59"", ""probability_margin:0.02531898"", ""fallback_ineligible""]",0.40797338,True,134,25.67475706,0.48410833,True,55,23.54174517,0.45878935,True,69,17.37637634,0.30239061,True,213,29.38877094
TXN0000153914,C006534,2024-11-23 20:05:34,payment_link,0.90000000,0,payment_link,0,payment_link,fallback,True,authentication_required,True,0.04623324,,False,"[""decision_uncertain"", ""expected_value_margin:None"", ""probability_margin:None"", ""margin_not_applicable_to_non_allow_decision""]",0.51468194,True,59,8.94277964,0.56091517,True,90,12.53697431,0.49700963,False,19,4.27099396,0.36229536,True,43,10.73819641
TXN0000016122,C002829,2024-11-23 20:28:27,escalate_to_merchant,0.90000000,0,escalate_to_merchant,0,retry_payment,fallback,True,technical_retryable,True,0.00084862,,False,"[""decision_uncertain"", ""expected_value_margin:None"", ""probability_margin:None"", ""margin_not_applicable_to_non_allow_decision""]",0.41277215,True,172,27.72056966,0.44793579,False,17,16.07278182,0.44878441,True,66,18.92736169,0.30783272,True,211,29.09046962
TXN0000224056,C001860,2024-11-23 20:45:59,retry_payment,0.90000000,0,retry_payment,0,whatsapp_reminder,fallback,True,authentication_required,True,0.00017434,,False,"[""decision_uncertain"", ""expected_value_margin:2.329675018787384"", ""probability_margin:0.00017434358596801758"", ""margin_not_applicable_to_non_allow_decision""]",0.57910818,True,359,56.24386377,0.61250424,True,85,37.80492775,0.61267859,True,126,41.91580028,0.44406500,True,694,97.85794000
TXN0000052411,C003209,2024-11-23 20:51:02,payment_link,0.90000000,1,payment_link,0,payment_link,allow,False,technical_retryable,True,0.02162480,41.62000000,False,"[""eligible"", ""contextually_supported_or_manual"", ""highest_risk_adjusted_expected_value"", ""expected_value_margin:41.62"", ""probability_margin:0.03448313"", ""decision_margin_passed""]",0.58787912,True,362,56.55389812,0.62236226,True,241,49.77543607,0.60073745,True,96,34.06733257,0.44968897,True,512,71.09486331
TXN0000107493,C009403,2024-11-23 22:42:46,payment_link,0.90000000,0,payment_link,0,payment_link,allow,False,technical_retryable,True,0.01763716,116.07000000,False,"[""eligible"", ""contextually_supported_or_manual"", ""highest_risk_adjusted_expected_value"", ""expected_value_margin:116.07"", ""probability_margin:0.03367704"", ""decision_margin_passed""]",0.46687281,True,129,19.07760664,0.50054985,True,218,30.47265689,0.48291269,True,34,21.95535821,0.31935740,True,65,18.84615345
TXN0000120591,C000649,2024-11-24 02:32:34,payment_link,0.90000000,1,payment_link,0,payment_link,fallback,True,customer_decline,True,0.01137900,,False,"[""decision_uncertain"", ""expected_value_margin:23.13655686378479"", ""probability_margin:0.011379003524780273"", ""margin_not_applicable_to_non_allow_decision""]",0.61991113,True,129,19.07760664,0.64919847,True,218,30.47265689,0.63781947,True,34,21.95535821,0.45818442,True,65,18.84615345
TXN0000051642,C009712,2024-11-24 08:44:28,retry_payment,0.90000000,1,retry_payment,0,retry_payment,fallback,True,technical_retryable,True,0.01173127,,False,"[""decision_uncertain"", ""expected_value_margin:18.285057067871094"", ""probability_margin:0.012986183166503906"", ""margin_not_applicable_to_non_allow_decision""]",0.63889748,True,134,25.67475706,0.62591130,True,55,23.54174517,0.65062875,True,69,17.37637634,0.52688527,True,213,29.38877094
TXN0000164578,C001247,2024-11-24 08:45:57,retry_payment,0.03333333,0,escalate_to_merchant,0,payment_link,allow,False,technical_retryable,True,0.04077727,24.97000000,False,"[""eligible"", ""contextually_supported_or_manual"", ""highest_risk_adjusted_expected_value"", ""expected_value_margin:24.98"", ""probability_margin:0.0622201"", ""decision_margin_passed""]",0.53209013,True,359,56.24386377,0.59431022,True,85,37.80492775,0.55353296,True,126,41.91580028,0.41804326,True,694,97.85794000
TXN0000026692,C006917,2024-11-24 09:04:56,escalate_to_merchant,0.90000000,0,escalate_to_merchant,0,whatsapp_reminder,fallback,True,authentication_required,True,0.02056277,,False,"[""decision_uncertain"", ""expected_value_margin:None"", ""probability_margin:None"", ""margin_not_applicable_to_non_allow_decision""]",0.45108983,False,49,7.90577463,0.49557459,False,6,6.00000000,0.47501183,True,63,11.63500628,0.35481793,True,88,12.69429910
TXN0000072145,C001531,2024-11-24 11:08:24,retry_payment,0.90000000,1,retry_payment,0,retry_payment,fallback,True,technical_retryable,True,0.00576371,,False,"[""decision_uncertain"", ""expected_value_margin:None"", ""probability_margin:None"", ""margin_not_applicable_to_non_allow_decision""]",0.61559016,True,47,47.00000000,0.66250682,False,2,2.00000000,0.66827053,False,21,3.60798899,0.53440869,False,12,3.68852452
TXN0000133942,C005629,2024-11-24 11:37:32,escalate_to_merchant,0.90000000,1,escalate_to_merchant,0,payment_link,fallback,True,authentication_required,True,0.02412593,,False,"[""decision_uncertain"", ""expected_value_margin:4.191624283790588"", ""probability_margin:0.02412593364715576"", ""margin_not_applicable_to_non_allow_decision""]",0.61615258,True,382,61.49646714,0.69828266,True,55,50.36414754,0.67415673,True,122,42.51287438,0.50145358,True,685,101.16768160
TXN0000198685,C005290,2024-11-24 11:50:59,whatsapp_reminder,0.90000000,1,whatsapp_reminder,0,no_action,stop,False,authentication_required,False,0.01624262,,False,"[""no_eligible_positive_value_action"", ""failure_matrix:block"", ""margin_not_applicable_to_non_allow_decision""]",0.61803919,False,49,7.23938140,0.66499966,False,8,4.29589038,0.68124229,False,23,3.80324523,0.50639695,False,11,2.70552140
TXN0000199284,C003820,2024-11-24 11:59:54,retry_payment,0.90000000,0,retry_payment,0,no_action,stop,False,customer_decline,False,0.00526977,,False,"[""no_eligible_positive_value_action"", ""failure_matrix:block"", ""margin_not_applicable_to_non_allow_decision""]",0.59934282,False,11,11.00000000,0.61981446,False,6,1.39509533,0.62508422,False,2,2.00000000,0.42276129,False,1,1.00000000
TXN0000218542,C009903,2024-11-24 12:20:24,whatsapp_reminder,0.90000000,1,whatsapp_reminder,0,no_action,stop,False,technical_retryable,False,0.03737319,,False,"[""no_eligible_positive_value_action"", ""failure_matrix:block"", ""margin_not_applicable_to_non_allow_decision""]",0.60951847,False,49,7.90577463,0.65898120,False,6,6.00000000,0.62160802,True,63,11.63500628,0.53017616,True,88,12.69429910
TXN0000079694,C000927,2024-11-24 13:07:38,escalate_to_merchant,0.90000000,0,escalate_to_merchant,0,payment_link,fallback,True,authentication_required,True,0.03003788,,False,"[""decision_uncertain"", ""expected_value_margin:1.5948486328125"", ""probability_margin:0.030037879943847656"", ""margin_not_applicable_to_non_allow_decision""]",0.60077637,True,382,61.49646714,0.65807080,True,55,50.36414754,0.62803292,True,122,42.51287438,0.49060291,True,685,101.16768160
TXN0000216172,C002003,2024-11-24 15:06:37,whatsapp_reminder,0.90000000,1,whatsapp_reminder,0,no_action,stop,False,technical_retryable,False,0.01832294,,False,"[""no_eligible_positive_value_action"", ""failure_matrix:block"", ""margin_not_applicable_to_non_allow_decision""]",0.65146929,False,49,7.90577463,0.66979223,False,6,6.00000000,0.64374000,True,63,11.63500628,0.56037068,True,88,12.69429910
TXN0000240966,C004657,2024-11-24 15:13:15,retry_payment,0.90000000,1,retry_payment,0,retry_payment,fallback,True,technical_retryable,True,0.00714457,,False,"[""decision_uncertain"", ""expected_value_margin:0.5322623252868652"", ""probability_margin:0.00961923599243164"", ""margin_not_applicable_to_non_allow_decision""]",0.63681304,True,362,56.55389812,0.64643228,True,241,49.77543607,0.65357685,True,96,34.06733257,0.51999295,True,512,71.09486331
TXN0000113109,C009342,2024-11-24 15:26:19,payment_link,0.90000000,1,payment_link,0,no_action,stop,False,authentication_required,False,0.05053550,,False,"[""no_eligible_positive_value_action"", ""failure_matrix:block"", ""margin_not_applicable_to_non_allow_decision""]",0.59662670,True,58,8.97709815,0.69527543,False,25,3.45418296,0.64473993,False,10,3.52962620,0.49511793,False,12,7.36805008
TXN0000191147,C009834,2024-11-24 15:31:00,retry_payment,0.03333333,1,escalate_to_merchant,0,retry_payment,fallback,True,technical_retryable,True,0.02044576,,False,"[""decision_uncertain"", ""expected_value_margin:4.142752170562744"", ""probability_margin:-0.05510354042053223"", ""margin_not_applicable_to_non_allow_decision""]",0.59467232,True,382,61.49646714,0.64977586,True,55,50.36414754,0.62933010,True,122,42.51287438,0.47431317,True,685,101.16768160
TXN0000085530,C001803,2024-11-24 16:13:09,payment_link,0.90000000,1,payment_link,0,retry_payment,fallback,True,technical_retryable,True,0.03382900,,False,"[""decision_uncertain"", ""expected_value_margin:None"", ""probability_margin:None"", ""margin_not_applicable_to_non_allow_decision""]",0.44819838,True,58,8.97709815,0.49447593,False,25,3.45418296,0.46064693,False,10,3.52962620,0.29379731,False,12,7.36805008
TXN0000159686,C004412,2024-11-24 16:56:18,whatsapp_reminder,0.90000000,0,whatsapp_reminder,0,no_action,stop,False,technical_retryable,False,0.01915759,,False,"[""no_eligible_positive_value_action"", ""failure_matrix:block"", ""margin_not_applicable_to_non_allow_decision""]",0.38566497,False,19,3.41762696,0.43750674,False,2,2.00000000,0.41834915,False,6,6.00000000,0.30027938,False,1,1.00000000
TXN0000139348,C008089,2024-11-24 17:13:09,retry_payment,0.90000000,0,retry_payment,0,no_action,stop,False,authentication_required,False,0.03293931,,False,"[""no_eligible_positive_value_action"", ""failure_matrix:block"", ""margin_not_applicable_to_non_allow_decision""]",0.57933331,False,6,6.00000000,0.64786470,False,0,0.00000000,0.61492538,False,6,6.00000000,0.44708389,False,3,2.07333790
TXN0000152029,C009581,2024-11-24 17:19:50,escalate_to_merchant,0.90000000,1,escalate_to_merchant,0,no_action,stop,False,authentication_required,False,0.01758337,,False,"[""no_eligible_positive_value_action"", ""failure_matrix:block"", ""margin_not_applicable_to_non_allow_decision""]",0.55076480,True,47,47.00000000,0.60208213,False,2,2.00000000,0.58449876,False,21,3.60798899,0.46018109,False,12,3.68852452
TXN0000028780,C005484,2024-11-24 17:54:57,escalate_to_merchant,0.90000000,0,escalate_to_merchant,0,no_action,stop,False,authentication_required,False,0.02830851,,False,"[""customer_opted_out"", ""margin_not_applicable_to_non_allow_decision""]",0.44686076,False,49,7.90577463,0.47516927,False,6,6.00000000,0.44205987,True,63,11.63500628,0.35330957,True,88,12.69429910
TXN0000227681,C004762,2024-11-24 18:11:56,retry_payment,0.90000000,0,retry_payment,0,no_action,stop,False,authentication_required,False,0.00601149,,False,"[""no_eligible_positive_value_action"", ""failure_matrix:block"", ""margin_not_applicable_to_non_allow_decision""]",0.84757662,True,58,8.97709815,0.86341101,False,3,3.00000000,0.86942250,False,24,3.90270249,0.75708687,False,8,8.00000000
TXN0000170734,C004310,2024-11-24 18:22:21,escalate_to_merchant,0.90000000,1,escalate_to_merchant,0,payment_link,fallback,True,customer_decline,True,0.03739119,,False,"[""decision_uncertain"", ""expected_value_margin:0.4421653747558594"", ""probability_margin:0.03739118576049805"", ""margin_not_applicable_to_non_allow_decision""]",0.60064715,True,382,61.49646714,0.64842451,True,55,50.36414754,0.61103332,True,122,42.51287438,0.49702448,True,685,101.16768160
TXN0000123445,C003277,2024-11-24 18:24:16,whatsapp_reminder,0.90000000,1,whatsapp_reminder,0,whatsapp_reminder,fallback,True,authentication_required,True,0.00910801,,False,"[""decision_uncertain"", ""expected_value_margin:None"", ""probability_margin:None"", ""margin_not_applicable_to_non_allow_decision""]",0.64190251,True,73,10.21909638,0.62882400,False,23,5.49540018,0.65101051,True,54,8.41672235,0.49365661,True,72,12.00499847
TXN0000201271,C003977,2024-11-24 18:51:11,payment_link,0.90000000,1,payment_link,0,no_action,stop,False,authentication_required,False,0.00487149,,False,"[""no_eligible_positive_value_action"", ""failure_matrix:block"", ""margin_not_applicable_to_non_allow_decision""]",0.53196007,False,11,11.00000000,0.60010624,False,6,1.39509533,0.60497773,False,2,2.00000000,0.35773700,False,1,1.00000000
TXN0000244969,C009612,2024-11-24 19:19:28,retry_payment,0.90000000,1,retry_payment,0,whatsapp_reminder,fallback,True,authentication_required,True,0.02048421,,False,"[""decision_uncertain"", ""expected_value_margin:None"", ""probability_margin:None"", ""margin_not_applicable_to_non_allow_decision""]",0.57869041,True,172,27.72056966,0.65664130,False,17,16.07278182,0.63615710,True,66,18.92736169,0.48623434,True,211,29.09046962
TXN0000094344,C008623,2024-11-24 19:21:55,whatsapp_reminder,0.90000000,1,whatsapp_reminder,0,retry_payment,fallback,True,technical_retryable,True,0.05049688,,False,"[""decision_uncertain"", ""expected_value_margin:None"", ""probability_margin:None"", ""margin_not_applicable_to_non_allow_decision""]",0.57170349,True,58,8.97709815,0.66722500,False,3,3.00000000,0.61672813,False,24,3.90270249,0.48002574,False,8,8.00000000
TXN0000018503,C007414,2024-11-24 19:34:55,whatsapp_reminder,0.90000000,0,whatsapp_reminder,0,escalate_to_merchant,fallback,True,merchant_configuration,True,0.01495993,,False,"[""decision_uncertain"", ""expected_value_margin:None"", ""probability_margin:None"", ""margin_not_applicable_to_non_allow_decision""]",0.64425778,True,172,27.72056966,0.67700839,False,17,16.07278182,0.66204846,True,66,18.92736169,0.53059816,True,211,29.09046962
TXN0000209798,C000945,2024-11-24 19:51:01,escalate_to_merchant,0.90000000,0,escalate_to_merchant,0,retry_payment,fallback,True,technical_retryable,True,0.02900675,,False,"[""decision_uncertain"", ""expected_value_margin:None"", ""probability_margin:None"", ""margin_not_applicable_to_non_allow_decision""]",0.48393285,True,126,18.74890631,0.52713960,False,9,9.00000000,0.49813285,True,73,15.08078281,0.38722786,True,237,33.53941007
TXN0000009625,C008146,2024-11-24 20:32:33,retry_payment,0.90000000,1,retry_payment,0,payment_link,fallback,True,authentication_required,True,0.04461312,,False,"[""decision_uncertain"", ""expected_value_margin:None"", ""probability_margin:None"", ""margin_not_applicable_to_non_allow_decision""]",0.56083745,True,387,66.60326136,0.60933441,True,625,91.91881191,0.56472129,True,50,36.09870729,0.37168890,True,196,56.61961283
TXN0000087549,C001957,2024-11-24 20:32:48,payment_link,0.90000000,1,payment_link,0,payment_link,allow,False,technical_retryable,True,0.01605082,25.11000000,False,"[""eligible"", ""contextually_supported_or_manual"", ""highest_risk_adjusted_expected_value"", ""expected_value_margin:25.11"", ""probability_margin:0.03284872"", ""decision_margin_passed""]",0.52237654,True,134,25.67475706,0.55522525,True,55,23.54174517,0.53917444,True,69,17.37637634,0.39663050,True,213,29.38877094
TXN0000247888,C007760,2024-11-24 21:31:20,retry_payment,0.03333333,0,whatsapp_reminder,0,escalate_to_merchant,fallback,True,merchant_configuration,True,0.01450253,,False,"[""decision_uncertain"", ""expected_value_margin:None"", ""probability_margin:None"", ""margin_not_applicable_to_non_allow_decision""]",0.58663595,True,172,27.72056966,0.60057390,False,17,16.07278182,0.61507642,True,66,18.92736169,0.47896039,True,211,29.09046962
TXN0000184314,C006429,2024-11-24 22:51:50,escalate_to_merchant,0.90000000,1,escalate_to_merchant,0,payment_link,allow,False,technical_retryable,True,0.04016948,32.36000000,False,"[""eligible"", ""contextually_supported_or_manual"", ""highest_risk_adjusted_expected_value"", ""expected_value_margin:32.36"", ""probability_margin:0.05490732"", ""decision_margin_passed""]",0.59929544,True,362,56.55389812,0.65420276,True,241,49.77543607,0.61403328,True,96,34.06733257,0.49038452,True,512,71.09486331
TXN0000213077,C001209,2024-11-24 23:25:26,escalate_to_merchant,0.90000000,0,escalate_to_merchant,0,whatsapp_reminder,fallback,True,authentication_required,True,0.04500371,,False,"[""decision_uncertain"", ""expected_value_margin:None"", ""probability_margin:None"", ""margin_not_applicable_to_non_allow_decision""]",0.62752795,True,126,18.74890631,0.67998433,False,9,9.00000000,0.63498062,True,73,15.08078281,0.53782070,True,237,33.53941007
TXN0000002407,C004941,2024-11-25 00:22:22,retry_payment,0.90000000,1,retry_payment,0,payment_link,fallback,True,authentication_required,True,0.01635224,,False,"[""decision_uncertain"", ""expected_value_margin:None"", ""probability_margin:None"", ""margin_not_applicable_to_non_allow_decision""]",0.70472461,True,59,8.94277964,0.74147475,True,90,12.53697431,0.72512251,False,19,4.27099396,0.56808925,True,43,10.73819641
TXN0000043211,C006122,2024-11-25 01:18:14,escalate_to_merchant,0.90000000,0,escalate_to_merchant,0,payment_link,allow,False,technical_retryable,True,0.00702044,29.76000000,False,"[""eligible"", ""contextually_supported_or_manual"", ""highest_risk_adjusted_expected_value"", ""expected_value_margin:29.76"", ""probability_margin:0.06356296"", ""decision_margin_passed""]",0.42398790,True,359,56.24386377,0.48755085,True,85,37.80492775,0.48053041,True,126,41.91580028,0.28480932,True,694,97.85794000
TXN0000199977,C001343,2024-11-25 05:24:02,retry_payment,0.03333333,1,escalate_to_merchant,0,payment_link,fallback,True,authentication_required,True,0.00766879,,False,"[""decision_uncertain"", ""expected_value_margin:16.28547316789627"", ""probability_margin:0.007668793201446533"", ""margin_not_applicable_to_non_allow_decision""]",0.63133126,True,129,19.07760664,0.65551919,True,218,30.47265689,0.64785039,True,34,21.95535821,0.47769168,True,65,18.84615345
TXN0000233405,C003484,2024-11-25 06:03:31,retry_payment,0.90000000,0,retry_payment,0,no_action,stop,False,authentication_required,False,0.02048475,,False,"[""customer_opted_out"", ""margin_not_applicable_to_non_allow_decision""]",0.55377060,True,73,10.21909638,0.57873040,False,23,5.49540018,0.59921515,True,54,8.41672235,0.45380720,True,72,12.00499847
TXN0000161181,C002160,2024-11-25 06:09:54,escalate_to_merchant,0.90000000,0,escalate_to_merchant,0,retry_payment,fallback,True,technical_retryable,True,0.00850594,,False,"[""decision_uncertain"", ""expected_value_margin:None"", ""probability_margin:None"", ""margin_not_applicable_to_non_allow_decision""]",0.62842488,True,172,27.72056966,0.59890193,False,17,16.07278182,0.63693082,True,66,18.92736169,0.50226843,True,211,29.09046962
TXN0000145474,C007695,2024-11-25 07:27:32,whatsapp_reminder,0.90000000,1,whatsapp_reminder,0,whatsapp_reminder,fallback,True,authentication_required,True,0.02553588,,False,"[""decision_uncertain"", ""expected_value_margin:None"", ""probability_margin:None"", ""margin_not_applicable_to_non_allow_decision""]",0.57141513,True,73,10.21909638,0.53749573,False,23,5.49540018,0.54587924,True,54,8.41672235,0.43822569,True,72,12.00499847
TXN0000089381,C009787,2024-11-25 07:44:20,escalate_to_merchant,0.03333333,1,retry_payment,0,no_action,stop,False,customer_decline,False,0.03333616,,False,"[""no_eligible_positive_value_action"", ""failure_matrix:block"", ""margin_not_applicable_to_non_allow_decision""]",0.59414238,True,47,47.00000000,0.65210003,False,2,2.00000000,0.61876386,False,21,3.60798899,0.47958285,False,12,3.68852452
TXN0000081889,C001997,2024-11-25 08:12:27,retry_payment,0.90000000,1,retry_payment,0,no_action,stop,False,authentication_required,False,0.02261144,,False,"[""no_eligible_positive_value_action"", ""failure_matrix:block"", ""margin_not_applicable_to_non_allow_decision""]",0.60666299,True,58,8.97709815,0.69370443,False,25,3.45418296,0.67109299,False,10,3.52962620,0.46286264,False,12,7.36805008
TXN0000205863,C006489,2024-11-25 10:28:17,retry_payment,0.90000000,0,retry_payment,0,no_action,stop,False,customer_decline,False,0.01180047,,False,"[""no_eligible_positive_value_action"", ""failure_matrix:block"", ""margin_not_applicable_to_non_allow_decision""]",0.62517506,True,60,8.27440554,0.64270443,False,1,1.00000000,0.65450490,False,46,6.69767366,0.49694932,True,93,13.89845234
TXN0000075434,C004421,2024-11-25 10:31:12,retry_payment,0.90000000,1,retry_payment,0,payment_link,fallback,True,authentication_required,True,0.01785344,,False,"[""decision_uncertain"", ""expected_value_margin:9.31339180469513"", ""probability_margin:0.040431439876556396"", ""margin_not_applicable_to_non_allow_decision""]",0.60356796,True,359,56.24386377,0.62142140,True,85,37.80492775,0.58098996,True,126,41.91580028,0.49287251,True,694,97.85794000
TXN0000074811,C001328,2024-11-25 11:43:26,retry_payment,0.90000000,0,retry_payment,0,no_action,stop,False,customer_decline,False,0.00413108,,False,"[""no_eligible_positive_value_action"", ""failure_matrix:block"", ""margin_not_applicable_to_non_allow_decision""]",0.60911322,True,47,47.00000000,0.64496595,False,2,2.00000000,0.64083487,False,21,3.60798899,0.49977586,False,12,3.68852452
TXN0000166435,C001566,2024-11-25 12:01:36,retry_payment,0.90000000,0,retry_payment,0,no_action,stop,False,customer_decline,False,0.10048759,,False,"[""no_eligible_positive_value_action"", ""failure_matrix:block"", ""margin_not_applicable_to_non_allow_decision""]",0.52972245,True,58,8.97709815,0.63683730,False,25,3.45418296,0.53634971,False,10,3.52962620,0.39811879,False,12,7.36805008
TXN0000195704,C000928,2024-11-25 12:04:34,escalate_to_merchant,0.90000000,1,escalate_to_merchant,0,escalate_to_merchant,fallback,True,merchant_configuration,True,0.03458887,,False,"[""decision_uncertain"", ""expected_value_margin:None"", ""probability_margin:None"", ""margin_not_applicable_to_non_allow_decision""]",0.61995548,True,359,56.24386377,0.69025117,True,85,37.80492775,0.65566230,True,126,41.91580028,0.49427542,True,694,97.85794000
TXN0000248230,C002687,2024-11-25 13:04:34,escalate_to_merchant,0.90000000,0,escalate_to_merchant,0,retry_payment,fallback,True,technical_retryable,True,0.01195747,,False,"[""decision_uncertain"", ""expected_value_margin:None"", ""probability_margin:None"", ""margin_not_applicable_to_non_allow_decision""]",0.60155499,True,126,18.74890631,0.59510732,False,9,9.00000000,0.61351246,True,73,15.08078281,0.50947058,True,237,33.53941007
TXN0000218268,C007224,2024-11-25 13:21:03,escalate_to_merchant,0.90000000,1,escalate_to_merchant,0,no_action,stop,False,authentication_required,False,0.02240485,,False,"[""no_eligible_positive_value_action"", ""failure_matrix:block"", ""margin_not_applicable_to_non_allow_decision""]",0.62106496,True,58,8.97709815,0.67480689,False,3,3.00000000,0.65240204,False,24,3.90270249,0.52896106,False,8,8.00000000
TXN0000209216,C009651,2024-11-25 13:53:58,escalate_to_merchant,0.90000000,1,escalate_to_merchant,0,whatsapp_reminder,fallback,True,customer_decline,True,0.04055205,,False,"[""decision_uncertain"", ""expected_value_margin:None"", ""probability_margin:None"", ""margin_not_applicable_to_non_allow_decision""]",0.44126192,True,172,27.72056966,0.50111514,False,17,16.07278182,0.46056309,True,66,18.92736169,0.32267600,True,211,29.09046962
TXN0000094394,C004575,2024-11-25 14:21:34,payment_link,0.90000000,1,payment_link,0,payment_link,allow,False,technical_retryable,True,0.02989429,147.53000000,False,"[""eligible"", ""contextually_supported_or_manual"", ""highest_risk_adjusted_expected_value"", ""expected_value_margin:147.53"", ""probability_margin:0.04969066"", ""decision_margin_passed""]",0.58033133,True,387,66.60326136,0.63002199,True,625,91.91881191,0.65991628,True,50,36.09870729,0.41640431,True,196,56.61961283
TXN0000026595,C001636,2024-11-25 14:21:36,escalate_to_merchant,0.90000000,1,escalate_to_merchant,0,whatsapp_reminder,fallback,True,authentication_required,True,0.01493698,,False,"[""decision_uncertain"", ""expected_value_margin:None"", ""probability_margin:None"", ""margin_not_applicable_to_non_allow_decision""]",0.61341947,True,172,27.72056966,0.63816905,False,17,16.07278182,0.62323207,True,66,18.92736169,0.48278314,True,211,29.09046962
TXN0000004587,C002237,2024-11-25 15:12:20,retry_payment,0.90000000,1,retry_payment,0,whatsapp_reminder,allow,False,customer_decline,True,0.04706061,170.40000000,False,"[""eligible"", ""contextually_supported_or_manual"", ""highest_risk_adjusted_expected_value"", ""expected_value_margin:205.14"", ""probability_margin:0.0542047"", ""fallback_ineligible""]",0.67729348,True,387,66.60326136,0.67014939,True,625,91.91881191,0.72435409,True,50,36.09870729,0.53728431,True,196,56.61961283
TXN0000200552,C007363,2024-11-25 15:49:39,retry_payment,0.90000000,1,retry_payment,0,no_action,stop,False,technical_retryable,False,0.02151537,,False,"[""no_eligible_positive_value_action"", ""failure_matrix:block"", ""margin_not_applicable_to_non_allow_decision""]",0.68821222,False,49,7.23938140,0.73617297,False,8,4.29589038,0.71465760,False,23,3.80324523,0.57827306,False,11,2.70552140
TXN0000168140,C008097,2024-11-25 15:51:08,retry_payment,0.90000000,1,retry_payment,0,no_action,stop,False,technical_retryable,False,0.01673555,,False,"[""no_eligible_positive_value_action"", ""failure_matrix:block"", ""margin_not_applicable_to_non_allow_decision""]",0.62121409,False,18,18.00000000,0.66190076,False,1,1.00000000,0.64516521,False,7,3.29758098,0.50426185,False,0,0.00000000
TXN0000228968,C002549,2024-11-25 16:50:13,retry_payment,0.90000000,1,retry_payment,0,escalate_to_merchant,fallback,True,merchant_configuration,True,0.00019670,,False,"[""decision_uncertain"", ""expected_value_margin:None"", ""probability_margin:None"", ""margin_not_applicable_to_non_allow_decision""]",0.56141025,True,172,27.72056966,0.58154142,False,17,16.07278182,0.58173811,True,66,18.92736169,0.46049142,True,211,29.09046962
TXN0000137372,C000961,2024-11-25 17:12:10,escalate_to_merchant,0.90000000,0,escalate_to_merchant,0,whatsapp_reminder,fallback,True,authentication_required,True,0.01453573,,False,"[""decision_uncertain"", ""expected_value_margin:0.3603557348251343"", ""probability_margin:-0.014535725116729736"", ""margin_not_applicable_to_non_allow_decision""]",0.62482435,True,382,61.49646714,0.68536371,True,55,50.36414754,0.67082798,True,122,42.51287438,0.50170267,True,685,101.16768160
TXN0000131614,C008728,2024-11-25 17:42:36,whatsapp_reminder,0.90000000,0,whatsapp_reminder,0,no_action,stop,False,authentication_required,False,0.01856357,,False,"[""no_eligible_positive_value_action"", ""failure_matrix:block"", ""margin_not_applicable_to_non_allow_decision""]",0.68935341,True,60,8.27440554,0.70791698,False,1,1.00000000,0.68494570,False,46,6.69767366,0.59891564,True,93,13.89845234
TXN0000103622,C005112,2024-11-25 17:48:36,escalate_to_merchant,0.90000000,0,escalate_to_merchant,0,whatsapp_reminder,fallback,True,customer_decline,True,0.01055601,,False,"[""decision_uncertain"", ""expected_value_margin:None"", ""probability_margin:None"", ""margin_not_applicable_to_non_allow_decision""]",0.49854276,True,126,18.74890631,0.47800314,False,9,9.00000000,0.50909877,True,73,15.08078281,0.43056473,True,237,33.53941007
TXN0000138513,C004131,2024-11-25 18:12:31,retry_payment,0.90000000,0,retry_payment,0,payment_link,allow,False,customer_decline,True,0.03835988,112.14000000,False,"[""eligible"", ""contextually_supported_or_manual"", ""highest_risk_adjusted_expected_value"", ""expected_value_margin:91.69"", ""probability_margin:0.03835988"", ""fallback_ineligible""]",0.49584615,True,129,19.07760664,0.54490513,True,218,30.47265689,0.50654525,True,34,21.95535821,0.35289744,True,65,18.84615345
TXN0000098149,C003469,2024-11-25 18:16:25,payment_link,0.90000000,1,payment_link,0,escalate_to_merchant,fallback,True,merchant_configuration,True,0.01352048,,False,"[""decision_uncertain"", ""expected_value_margin:None"", ""probability_margin:None"", ""margin_not_applicable_to_non_allow_decision""]",0.62385201,True,129,19.07760664,0.63780969,True,218,30.47265689,0.62428921,True,34,21.95535821,0.47549292,True,65,18.84615345
TXN0000019193,C008773,2024-11-25 19:04:44,escalate_to_merchant,0.90000000,1,escalate_to_merchant,0,escalate_to_merchant,fallback,True,merchant_configuration,True,0.00549644,,False,"[""decision_uncertain"", ""expected_value_margin:None"", ""probability_margin:None"", ""margin_not_applicable_to_non_allow_decision""]",0.40530565,False,49,7.90577463,0.39450866,False,6,6.00000000,0.39980921,True,63,11.63500628,0.28903002,True,88,12.69429910
TXN0000154621,C003329,2024-11-25 19:27:59,whatsapp_reminder,0.90000000,1,whatsapp_reminder,0,retry_payment,fallback,True,technical_retryable,True,0.01964670,,False,"[""decision_uncertain"", ""expected_value_margin:None"", ""probability_margin:None"", ""margin_not_applicable_to_non_allow_decision""]",0.70591462,True,172,27.72056966,0.74998611,False,17,16.07278182,0.73033941,True,66,18.92736169,0.60575420,True,211,29.09046962
TXN0000167629,C008692,2024-11-25 19:39:05,escalate_to_merchant,0.90000000,0,escalate_to_merchant,0,no_action,stop,False,customer_decline,False,0.04517323,,False,"[""no_eligible_positive_value_action"", ""failure_matrix:block"", ""margin_not_applicable_to_non_allow_decision""]",0.50722432,True,58,8.97709815,0.55957741,False,3,3.00000000,0.51440418,False,24,3.90270249,0.46843994,False,8,8.00000000
TXN0000142485,C002302,2024-11-25 19:39:38,whatsapp_reminder,0.90000000,0,whatsapp_reminder,0,escalate_to_merchant,fallback,True,merchant_configuration,True,0.00999427,,False,"[""decision_uncertain"", ""expected_value_margin:None"", ""probability_margin:None"", ""margin_not_applicable_to_non_allow_decision""]",0.67946434,False,6,6.00000000,0.72097135,False,0,0.00000000,0.73096561,False,6,6.00000000,0.58315510,False,3,2.07333790
TXN0000187045,C009520,2024-11-25 20:02:38,escalate_to_merchant,0.90000000,0,escalate_to_merchant,0,no_action,stop,False,technical_retryable,False,0.03124082,,False,"[""customer_opted_out"", ""margin_not_applicable_to_non_allow_decision""]",0.57928860,False,49,7.23938140,0.64267135,False,8,4.29589038,0.61143053,False,23,3.80324523,0.42817757,False,11,2.70552140
TXN0000110308,C007581,2024-11-25 20:03:28,retry_payment,0.90000000,0,retry_payment,0,escalate_to_merchant,fallback,True,merchant_configuration,True,0.03092945,,False,"[""decision_uncertain"", ""expected_value_margin:None"", ""probability_margin:None"", ""margin_not_applicable_to_non_allow_decision""]",0.57984203,True,382,61.49646714,0.63873082,True,55,50.36414754,0.60780138,True,122,42.51287438,0.46327519,True,685,101.16768160
TXN0000002921,C006423,2024-11-25 20:32:41,retry_payment,0.90000000,1,retry_payment,0,retry_payment,fallback,True,technical_retryable,True,0.02687258,,False,"[""decision_uncertain"", ""expected_value_margin:3.4771888852119446"", ""probability_margin:0.00597459077835083"", ""margin_not_applicable_to_non_allow_decision""]",0.62434775,True,59,8.94277964,0.63032234,True,90,12.53697431,0.65719491,False,19,4.27099396,0.47507408,True,43,10.73819641
TXN0000206898,C002160,2024-11-25 21:10:35,escalate_to_merchant,0.90000000,0,escalate_to_merchant,0,retry_payment,fallback,True,technical_retryable,True,0.00280195,,False,"[""decision_uncertain"", ""expected_value_margin:None"", ""probability_margin:None"", ""margin_not_applicable_to_non_allow_decision""]",0.51655471,True,73,10.21909638,0.51375276,False,23,5.49540018,0.49659324,True,54,8.41672235,0.41883615,True,72,12.00499847
TXN0000162766,C003681,2024-11-25 21:12:40,retry_payment,0.90000000,1,retry_payment,0,whatsapp_reminder,fallback,True,customer_decline,True,0.00061285,,False,"[""decision_uncertain"", ""expected_value_margin:0.731958270072937"", ""probability_margin:-0.0006128549575805664"", ""margin_not_applicable_to_non_allow_decision""]",0.64080065,True,387,66.60326136,0.66568875,True,625,91.91881191,0.66507590,True,50,36.09870729,0.51930445,True,196,56.61961283
TXN0000005760,C006504,2024-11-25 21:38:18,retry_payment,0.90000000,1,retry_payment,0,no_action,stop,False,technical_retryable,False,0.03375393,,False,"[""customer_opted_out"", ""margin_not_applicable_to_non_allow_decision""]",0.61328781,True,58,8.97709815,0.68333644,False,25,3.45418296,0.64958251,False,10,3.52962620,0.45221499,False,12,7.36805008
TXN0000199891,C001582,2024-11-25 21:53:15,whatsapp_reminder,0.90000000,0,whatsapp_reminder,0,payment_link,allow,False,technical_retryable,True,0.01363093,23.60000000,False,"[""eligible"", ""contextually_supported_or_manual"", ""highest_risk_adjusted_expected_value"", ""expected_value_margin:23.6"", ""probability_margin:0.06207603"", ""decision_margin_passed""]",0.58129609,True,359,56.24386377,0.64337212,True,85,37.80492775,0.62974119,True,126,41.91580028,0.46236771,True,694,97.85794000
TXN0000207620,C008660,2024-11-25 21:54:01,whatsapp_reminder,0.90000000,1,whatsapp_reminder,0,no_action,stop,False,technical_retryable,False,0.00790757,,False,"[""no_eligible_positive_value_action"", ""failure_matrix:block"", ""margin_not_applicable_to_non_allow_decision""]",0.58764380,False,49,7.90577463,0.57973623,False,6,6.00000000,0.56279492,True,63,11.63500628,0.46795473,True,88,12.69429910
TXN0000005029,C003513,2024-11-25 21:55:21,payment_link,0.90000000,1,payment_link,0,no_action,stop,False,authentication_required,False,0.00529224,,False,"[""no_eligible_positive_value_action"", ""failure_matrix:block"", ""margin_not_applicable_to_non_allow_decision""]",0.57103360,True,58,8.97709815,0.61051792,False,25,3.45418296,0.60522568,False,10,3.52962620,0.39303687,False,12,7.36805008
TXN0000087132,C005732,2024-11-25 22:01:59,retry_payment,0.90000000,1,retry_payment,0,no_action,stop,False,authentication_required,False,0.01181018,,False,"[""no_eligible_positive_value_action"", ""failure_matrix:block"", ""margin_not_applicable_to_non_allow_decision""]",0.68924016,True,58,8.97709815,0.69796062,False,3,3.00000000,0.70977080,False,24,3.90270249,0.55733788,False,8,8.00000000
TXN0000151566,C002112,2024-11-25 22:45:32,retry_payment,0.90000000,1,retry_payment,0,payment_link,allow,False,technical_retryable,True,0.02558970,14.80000000,False,"[""eligible"", ""contextually_supported_or_manual"", ""highest_risk_adjusted_expected_value"", ""expected_value_margin:14.8"", ""probability_margin:0.0383876"", ""decision_margin_passed""]",0.57887036,True,359,56.24386377,0.61725795,True,85,37.80492775,0.59166825,True,126,41.91580028,0.46168998,True,694,97.85794000
TXN0000224146,C000683,2024-11-26 07:39:04,escalate_to_merchant,0.90000000,0,escalate_to_merchant,0,whatsapp_reminder,fallback,True,authentication_required,True,0.04460526,,False,"[""decision_uncertain"", ""expected_value_margin:None"", ""probability_margin:None"", ""margin_not_applicable_to_non_allow_decision""]",0.55295205,True,172,27.72056966,0.64719802,False,17,16.07278182,0.60259277,True,66,18.92736169,0.45669782,True,211,29.09046962
TXN0000201632,C001496,2024-11-26 08:34:55,retry_payment,0.90000000,1,retry_payment,0,retry_payment,fallback,True,technical_retryable,True,0.00745183,,False,"[""decision_uncertain"", ""expected_value_margin:32.96775686740875"", ""probability_margin:0.0076247453689575195"", ""margin_not_applicable_to_non_allow_decision""]",0.61453736,True,59,8.94277964,0.62216210,True,90,12.53697431,0.62961394,False,19,4.27099396,0.45257276,True,43,10.73819641
TXN0000187435,C007135,2024-11-26 09:50:21,retry_payment,0.90000000,1,retry_payment,0,no_action,stop,False,authentication_required,False,0.00545168,,False,"[""no_eligible_positive_value_action"", ""failure_matrix:block"", ""margin_not_applicable_to_non_allow_decision""]",0.59380108,True,47,47.00000000,0.66896248,False,2,2.00000000,0.66351080,False,21,3.60798899,0.52519387,False,12,3.68852452
TXN0000200919,C009613,2024-11-26 10:32:33,escalate_to_merchant,0.90000000,1,escalate_to_merchant,0,whatsapp_reminder,fallback,True,authentication_required,True,0.01201057,,False,"[""decision_uncertain"", ""expected_value_margin:9.92475700378418"", ""probability_margin:0.012010574340820312"", ""margin_not_applicable_to_non_allow_decision""]",0.55409849,True,134,25.67475706,0.57457060,True,55,23.54174517,0.58658117,True,69,17.37637634,0.44782344,True,213,29.38877094
TXN0000171508,C000445,2024-11-26 10:33:26,escalate_to_merchant,0.90000000,0,escalate_to_merchant,0,retry_payment,fallback,True,technical_retryable,True,0.01763332,,False,"[""decision_uncertain"", ""expected_value_margin:None"", ""probability_margin:None"", ""margin_not_applicable_to_non_allow_decision""]",0.59396785,True,58,8.97709815,0.66101193,False,3,3.00000000,0.64337862,False,24,3.90270249,0.48453772,False,8,8.00000000
TXN0000176590,C003490,2024-11-26 10:59:46,retry_payment,0.90000000,1,retry_payment,0,no_action,stop,False,customer_decline,False,0.02205020,,False,"[""no_eligible_positive_value_action"", ""failure_matrix:block"", ""margin_not_applicable_to_non_allow_decision""]",0.66582191,True,47,47.00000000,0.68404979,False,2,2.00000000,0.70609999,False,21,3.60798899,0.56215394,False,12,3.68852452
TXN0000190632,C006535,2024-11-26 11:50:55,escalate_to_merchant,0.90000000,0,escalate_to_merchant,0,no_action,stop,False,customer_decline,False,0.01543212,,False,"[""no_eligible_positive_value_action"", ""failure_matrix:block"", ""margin_not_applicable_to_non_allow_decision""]",0.62813181,True,58,8.97709815,0.66539115,False,3,3.00000000,0.64995903,False,24,3.90270249,0.54484195,False,8,8.00000000
TXN0000045521,C002571,2024-11-26 12:15:33,whatsapp_reminder,0.03333333,1,escalate_to_merchant,0,retry_payment,fallback,True,technical_retryable,True,0.00729048,,False,"[""decision_uncertain"", ""expected_value_margin:7.034862279891968"", ""probability_margin:0.06238532066345215"", ""margin_not_applicable_to_non_allow_decision""]",0.53666997,True,382,61.49646714,0.59905529,True,55,50.36414754,0.59176481,True,122,42.51287438,0.41848814,True,685,101.16768160
TXN0000213231,C008383,2024-11-26 12:22:41,retry_payment,0.90000000,1,retry_payment,0,no_action,stop,False,technical_retryable,False,0.02920765,,False,"[""no_eligible_positive_value_action"", ""failure_matrix:block"", ""margin_not_applicable_to_non_allow_decision""]",0.65282744,False,49,7.23938140,0.67950416,False,8,4.29589038,0.70871180,False,23,3.80324523,0.54383701,False,11,2.70552140
TXN0000067503,C000976,2024-11-26 12:25:02,whatsapp_reminder,0.90000000,1,whatsapp_reminder,0,retry_payment,fallback,True,technical_retryable,True,0.01846528,,False,"[""decision_uncertain"", ""expected_value_margin:None"", ""probability_margin:None"", ""margin_not_applicable_to_non_allow_decision""]",0.60254675,True,73,10.21909638,0.62722969,False,23,5.49540018,0.60876441,True,54,8.41672235,0.44798353,True,72,12.00499847
TXN0000236465,C009849,2024-11-26 12:28:17,retry_payment,0.90000000,1,retry_payment,0,retry_payment,fallback,True,technical_retryable,True,0.06339973,,False,"[""decision_uncertain"", ""expected_value_margin:None"", ""probability_margin:None"", ""margin_not_applicable_to_non_allow_decision""]",0.57684624,True,58,8.97709815,0.58890760,False,3,3.00000000,0.65230733,False,24,3.90270249,0.44782186,False,8,8.00000000
TXN0000012368,C003269,2024-11-26 12:38:35,retry_payment,0.90000000,1,retry_payment,0,retry_payment,fallback,True,technical_retryable,True,0.01433629,,False,"[""decision_uncertain"", ""expected_value_margin:None"", ""probability_margin:None"", ""margin_not_applicable_to_non_allow_decision""]",0.61516649,True,58,8.97709815,0.68536729,False,25,3.45418296,0.67103100,False,10,3.52962620,0.51448202,False,12,7.36805008
TXN0000085462,C006713,2024-11-26 13:04:20,escalate_to_merchant,0.90000000,0,escalate_to_merchant,0,payment_link,allow,False,technical_retryable,True,0.00107211,21.54000000,False,"[""eligible"", ""contextually_supported_or_manual"", ""highest_risk_adjusted_expected_value"", ""expected_value_margin:21.55"", ""probability_margin:0.02659672"", ""decision_margin_passed""]",0.49940181,True,134,25.67475706,0.52599853,True,55,23.54174517,0.52492642,True,69,17.37637634,0.36060983,True,213,29.38877094
TXN0000179347,C009866,2024-11-26 13:11:30,payment_link,0.03333333,0,escalate_to_merchant,0,escalate_to_merchant,fallback,True,merchant_configuration,True,0.01748228,,False,"[""decision_uncertain"", ""expected_value_margin:None"", ""probability_margin:None"", ""margin_not_applicable_to_non_allow_decision""]",0.61769283,True,362,56.55389812,0.66072714,True,241,49.77543607,0.64324486,True,96,34.06733257,0.49953470,True,512,71.09486331
TXN0000018645,C006891,2024-11-26 13:15:55,payment_link,0.90000000,1,payment_link,0,payment_link,allow,False,customer_decline,True,0.04244268,267.82000000,False,"[""eligible"", ""contextually_supported_or_manual"", ""highest_risk_adjusted_expected_value"", ""expected_value_margin:229.57"", ""probability_margin:0.04244268"", ""fallback_ineligible""]",0.51249832,True,387,66.60326136,0.56299710,True,625,91.91881191,0.52055442,True,50,36.09870729,0.29789576,True,196,56.61961283
TXN0000060768,C002160,2024-11-26 13:35:09,whatsapp_reminder,0.90000000,1,whatsapp_reminder,0,no_action,stop,False,technical_retryable,False,0.00819683,,False,"[""no_eligible_positive_value_action"", ""failure_matrix:block"", ""margin_not_applicable_to_non_allow_decision""]",0.50856143,False,4,1.22950817,0.51675826,False,6,6.00000000,0.50165159,False,7,7.00000000,0.40077195,False,2,1.07397260
TXN0000096373,C007817,2024-11-26 14:21:14,retry_payment,0.90000000,1,retry_payment,0,payment_link,allow,False,technical_retryable,True,0.04075849,63.38000000,False,"[""eligible"", ""contextually_supported_or_manual"", ""highest_risk_adjusted_expected_value"", ""expected_value_margin:63.39"", ""probability_margin:0.06175351"", ""decision_margin_passed""]",0.64201367,True,134,25.67475706,0.70376718,True,55,23.54174517,0.66300869,True,69,17.37637634,0.49714971,True,213,29.38877094
TXN0000249007,C003567,2024-11-26 14:21:34,escalate_to_merchant,0.90000000,0,escalate_to_merchant,0,payment_link,allow,False,technical_retryable,True,0.03087395,36.96000000,False,"[""eligible"", ""contextually_supported_or_manual"", ""highest_risk_adjusted_expected_value"", ""expected_value_margin:36.95"", ""probability_margin:0.03087395"", ""decision_margin_passed""]",0.52767438,True,134,25.67475706,0.55854833,True,55,23.54174517,0.52257180,True,69,17.37637634,0.41450831,True,213,29.38877094
TXN0000073054,C009255,2024-11-26 15:00:40,whatsapp_reminder,0.90000000,1,whatsapp_reminder,0,retry_payment,fallback,True,technical_retryable,True,0.03354138,,False,"[""decision_uncertain"", ""expected_value_margin:None"", ""probability_margin:None"", ""margin_not_applicable_to_non_allow_decision""]",0.69401860,True,60,8.27440554,0.70986307,False,1,1.00000000,0.74340445,False,46,6.69767366,0.59205312,True,93,13.89845234
TXN0000242404,C000110,2024-11-26 15:02:41,retry_payment,0.90000000,0,retry_payment,0,payment_link,fallback,True,authentication_required,True,0.02126902,,False,"[""decision_uncertain"", ""expected_value_margin:None"", ""probability_margin:None"", ""margin_not_applicable_to_non_allow_decision""]",0.67199415,True,362,56.55389812,0.67780095,True,241,49.77543607,0.69906998,True,96,34.06733257,0.53192210,True,512,71.09486331
TXN0000119259,C000967,2024-11-26 15:13:28,retry_payment,0.90000000,1,retry_payment,0,no_action,stop,False,customer_decline,False,0.02328056,,False,"[""customer_opted_out"", ""margin_not_applicable_to_non_allow_decision""]",0.62362885,True,47,47.00000000,0.64517027,False,2,2.00000000,0.66845083,False,21,3.60798899,0.50913423,False,12,3.68852452
TXN0000002502,C007180,2024-11-26 15:28:22,escalate_to_merchant,0.90000000,0,escalate_to_merchant,0,no_action,stop,False,technical_retryable,False,0.00320208,,False,"[""no_eligible_positive_value_action"", ""failure_matrix:block"", ""margin_not_applicable_to_non_allow_decision""]",0.48848861,False,49,7.90577463,0.51602370,False,6,6.00000000,0.51282161,True,63,11.63500628,0.40553311,True,88,12.69429910
TXN0000205288,C000643,2024-11-26 15:30:10,retry_payment,0.90000000,0,retry_payment,0,no_action,stop,False,authentication_required,False,0.00135380,,False,"[""no_eligible_positive_value_action"", ""failure_matrix:block"", ""margin_not_applicable_to_non_allow_decision""]",0.64407086,True,58,8.97709815,0.68652874,False,25,3.45418296,0.68517494,False,10,3.52962620,0.50219101,False,12,7.36805008
TXN0000031049,C007411,2024-11-26 17:03:14,retry_payment,0.90000000,1,retry_payment,0,no_action,stop,False,authentication_required,False,0.04892045,,False,"[""no_eligible_positive_value_action"", ""failure_matrix:block"", ""margin_not_applicable_to_non_allow_decision""]",0.67400658,False,49,7.23938140,0.68811250,False,8,4.29589038,0.73703295,False,23,3.80324523,0.51539284,False,11,2.70552140
TXN0000169426,C002959,2024-11-26 17:14:00,escalate_to_merchant,0.90000000,0,escalate_to_merchant,0,retry_payment,fallback,True,technical_retryable,True,0.01048219,,False,"[""decision_uncertain"", ""expected_value_margin:None"", ""probability_margin:None"", ""margin_not_applicable_to_non_allow_decision""]",0.54417664,True,172,27.72056966,0.51792395,False,17,16.07278182,0.55465883,True,66,18.92736169,0.45174566,True,211,29.09046962
TXN0000227990,C007786,2024-11-26 18:02:43,retry_payment,0.90000000,1,retry_payment,0,retry_payment,fallback,True,technical_retryable,True,0.06071484,,False,"[""decision_uncertain"", ""expected_value_margin:None"", ""probability_margin:None"", ""margin_not_applicable_to_non_allow_decision""]",0.60015696,True,58,8.97709815,0.68480688,False,3,3.00000000,0.62409204,False,24,3.90270249,0.51995790,False,8,8.00000000
TXN0000241829,C002160,2024-11-26 18:04:56,whatsapp_reminder,0.90000000,0,whatsapp_reminder,0,no_action,stop,False,customer_decline,False,0.01885241,,False,"[""no_eligible_positive_value_action"", ""failure_matrix:block"", ""margin_not_applicable_to_non_allow_decision""]",0.56972367,False,3,3.00000000,0.55240136,False,0,0.00000000,0.58857608,False,19,19.00000000,0.48777920,False,2,1.07397260
TXN0000055281,C001084,2024-11-26 18:16:39,escalate_to_merchant,0.90000000,0,escalate_to_merchant,0,whatsapp_reminder,fallback,True,authentication_required,True,0.00236917,,False,"[""decision_uncertain"", ""expected_value_margin:None"", ""probability_margin:None"", ""margin_not_applicable_to_non_allow_decision""]",0.48994270,True,126,18.74890631,0.48757353,False,9,9.00000000,0.48440191,True,73,15.08078281,0.41757271,True,237,33.53941007
TXN0000147444,C004742,2024-11-26 18:58:48,escalate_to_merchant,0.90000000,0,escalate_to_merchant,0,payment_link,fallback,True,customer_decline,True,0.03602874,,False,"[""decision_uncertain"", ""expected_value_margin:None"", ""probability_margin:None"", ""margin_not_applicable_to_non_allow_decision""]",0.67895931,True,382,61.49646714,0.72950310,True,55,50.36414754,0.69347435,True,122,42.51287438,0.53864360,True,685,101.16768160
TXN0000090198,C000618,2024-11-26 19:24:15,escalate_to_merchant,0.90000000,1,escalate_to_merchant,0,retry_payment,fallback,True,technical_retryable,True,0.03260422,,False,"[""decision_uncertain"", ""expected_value_margin:None"", ""probability_margin:None"", ""margin_not_applicable_to_non_allow_decision""]",0.59642583,True,382,61.49646714,0.64337623,True,55,50.36414754,0.61077201,True,122,42.51287438,0.49416795,True,685,101.16768160
TXN0000136528,C005988,2024-11-26 19:37:26,retry_payment,0.90000000,1,retry_payment,0,retry_payment,fallback,True,technical_retryable,True,0.01222521,,False,"[""decision_uncertain"", ""expected_value_margin:None"", ""probability_margin:None"", ""margin_not_applicable_to_non_allow_decision""]",0.61865735,True,58,8.97709815,0.64484280,False,25,3.45418296,0.63261759,False,10,3.52962620,0.45777810,False,12,7.36805008
TXN0000241513,C004122,2024-11-26 19:48:09,retry_payment,0.90000000,1,retry_payment,0,payment_link,fallback,True,customer_decline,True,0.02468574,,False,"[""decision_uncertain"", ""expected_value_margin:None"", ""probability_margin:None"", ""margin_not_applicable_to_non_allow_decision""]",0.64454985,True,382,61.49646714,0.68693352,True,55,50.36414754,0.66224778,True,122,42.51287438,0.50276309,True,685,101.16768160
TXN0000182492,C004307,2024-11-26 20:06:25,whatsapp_reminder,0.90000000,1,whatsapp_reminder,0,retry_payment,fallback,True,technical_retryable,True,0.00485897,,False,"[""decision_uncertain"", ""expected_value_margin:None"", ""probability_margin:None"", ""margin_not_applicable_to_non_allow_decision""]",0.60518974,True,47,47.00000000,0.64528531,False,2,2.00000000,0.64042634,False,21,3.60798899,0.49789095,False,12,3.68852452
TXN0000009772,C005698,2024-11-26 20:13:31,retry_payment,0.90000000,0,retry_payment,0,whatsapp_reminder,fallback,True,authentication_required,True,0.00408477,,False,"[""decision_uncertain"", ""expected_value_margin:None"", ""probability_margin:None"", ""margin_not_applicable_to_non_allow_decision""]",0.63260484,True,172,27.72056966,0.68371516,False,17,16.07278182,0.68779993,True,66,18.92736169,0.51868886,True,211,29.09046962
TXN0000014105,C009942,2024-11-26 21:35:11,retry_payment,0.90000000,0,retry_payment,0,escalate_to_merchant,fallback,True,merchant_configuration,True,0.00183183,,False,"[""decision_uncertain"", ""expected_value_margin:None"", ""probability_margin:None"", ""margin_not_applicable_to_non_allow_decision""]",0.65005130,True,387,66.60326136,0.64821947,True,625,91.91881191,0.63230556,True,50,36.09870729,0.52719909,True,196,56.61961283
TXN0000094617,C008018,2024-11-26 22:05:06,retry_payment,0.90000000,1,retry_payment,0,no_action,stop,False,authentication_required,False,0.00186902,,False,"[""no_eligible_positive_value_action"", ""failure_matrix:block"", ""margin_not_applicable_to_non_allow_decision""]",0.62055880,True,58,8.97709815,0.68731916,False,3,3.00000000,0.68918818,False,24,3.90270249,0.53921938,False,8,8.00000000
TXN0000058032,C006632,2024-11-26 22:14:51,retry_payment,0.90000000,0,retry_payment,0,payment_link,allow,False,authentication_required,True,0.09091467,138.83000000,False,"[""eligible"", ""contextually_supported_or_manual"", ""highest_risk_adjusted_expected_value"", ""expected_value_margin:157.71"", ""probability_margin:0.09904635"", ""fallback_ineligible""]",0.62440485,True,362,56.55389812,0.71531951,True,241,49.77543607,0.61627316,True,96,34.06733257,0.47288620,True,512,71.09486331
TXN0000054061,C001852,2024-11-26 23:50:51,retry_payment,0.03333333,1,escalate_to_merchant,0,retry_payment,fallback,True,technical_retryable,True,0.00711757,,False,"[""decision_uncertain"", ""expected_value_margin:7.744542241096497"", ""probability_margin:0.020662128925323486"", ""margin_not_applicable_to_non_allow_decision""]",0.53725457,True,134,25.67475706,0.55791670,True,55,23.54174517,0.55079913,True,69,17.37637634,0.42596644,True,213,29.38877094
TXN0000016082,C008528,2024-11-27 00:02:17,escalate_to_merchant,0.90000000,1,escalate_to_merchant,0,retry_payment,fallback,True,technical_retryable,True,0.02100849,,False,"[""decision_uncertain"", ""expected_value_margin:8.64125120639801"", ""probability_margin:0.05510348081588745"", ""margin_not_applicable_to_non_allow_decision""]",0.58697343,True,359,56.24386377,0.64207691,True,85,37.80492775,0.62106842,True,126,41.91580028,0.47080818,True,694,97.85794000
TXN0000106572,C009880,2024-11-27 04:45:18,whatsapp_reminder,0.90000000,1,whatsapp_reminder,0,no_action,stop,False,customer_decline,False,0.01239032,,False,"[""no_eligible_positive_value_action"", ""failure_matrix:block"", ""margin_not_applicable_to_non_allow_decision""]",0.62543106,True,47,47.00000000,0.67161167,False,2,2.00000000,0.65922135,False,21,3.60798899,0.50290996,False,12,3.68852452
TXN0000179087,C002438,2024-11-27 06:19:02,escalate_to_merchant,0.90000000,0,escalate_to_merchant,0,no_action,stop,False,authentication_required,False,0.02891958,,False,"[""customer_opted_out"", ""margin_not_applicable_to_non_allow_decision""]",0.52745402,True,58,8.97709815,0.58170539,False,3,3.00000000,0.55278581,False,24,3.90270249,0.39903888,False,8,8.00000000
TXN0000114783,C006825,2024-11-27 08:47:15,payment_link,0.90000000,1,payment_link,0,no_action,stop,False,customer_decline,False,0.01936138,,False,"[""no_eligible_positive_value_action"", ""failure_matrix:block"", ""margin_not_applicable_to_non_allow_decision""]",0.53137606,False,18,18.00000000,0.57425427,False,1,1.00000000,0.55489290,False,7,3.29758098,0.41931349,False,0,0.00000000
TXN0000009853,C004995,2024-11-27 12:04:26,retry_payment,0.90000000,0,retry_payment,0,no_action,stop,False,customer_decline,False,0.03907305,,False,"[""no_eligible_positive_value_action"", ""failure_matrix:block"", ""margin_not_applicable_to_non_allow_decision""]",0.62531835,False,49,7.23938140,0.65030324,False,8,4.29589038,0.68937629,False,23,3.80324523,0.49287358,False,11,2.70552140
TXN0000144125,C007631,2024-11-27 12:39:32,whatsapp_reminder,0.90000000,1,whatsapp_reminder,0,retry_payment,fallback,True,technical_retryable,True,0.00946844,,False,"[""decision_uncertain"", ""expected_value_margin:None"", ""probability_margin:None"", ""margin_not_applicable_to_non_allow_decision""]",0.58552188,True,172,27.72056966,0.65047812,False,17,16.07278182,0.65994656,True,66,18.92736169,0.49561033,True,211,29.09046962
TXN0000138953,C008613,2024-11-27 12:44:29,whatsapp_reminder,0.90000000,0,whatsapp_reminder,0,no_action,stop,False,authentication_required,False,0.00006914,,False,"[""no_eligible_positive_value_action"", ""failure_matrix:block"", ""margin_not_applicable_to_non_allow_decision""]",0.60645264,True,47,47.00000000,0.65544933,False,2,2.00000000,0.65551847,False,21,3.60798899,0.50906640,False,12,3.68852452
TXN0000071397,C000953,2024-11-27 13:01:37,retry_payment,0.90000000,0,retry_payment,0,whatsapp_reminder,fallback,True,customer_decline,True,0.00388014,,False,"[""decision_uncertain"", ""expected_value_margin:None"", ""probability_margin:None"", ""margin_not_applicable_to_non_allow_decision""]",0.58225697,True,172,27.72056966,0.60062253,False,17,16.07278182,0.59674239,True,66,18.92736169,0.45103136,True,211,29.09046962
TXN0000197553,C004740,2024-11-27 13:52:17,whatsapp_reminder,0.90000000,1,whatsapp_reminder,0,no_action,stop,False,technical_retryable,False,0.02371252,,False,"[""no_eligible_positive_value_action"", ""failure_matrix:block"", ""margin_not_applicable_to_non_allow_decision""]",0.54281890,False,49,7.90577463,0.56581891,False,6,6.00000000,0.58953142,True,63,11.63500628,0.42630565,True,88,12.69429910
TXN0000218271,C009854,2024-11-27 13:59:18,retry_payment,0.90000000,0,retry_payment,0,no_action,stop,False,customer_decline,False,0.04063845,,False,"[""no_eligible_positive_value_action"", ""failure_matrix:block"", ""margin_not_applicable_to_non_allow_decision""]",0.58645779,True,47,47.00000000,0.60291296,False,2,2.00000000,0.64355141,False,21,3.60798899,0.47123671,False,12,3.68852452
TXN0000121373,C009236,2024-11-27 14:55:43,payment_link,0.90000000,1,payment_link,0,payment_link,fallback,True,authentication_required,True,0.01223212,,False,"[""decision_uncertain"", ""expected_value_margin:23.816657960414886"", ""probability_margin:0.01223212480545044"", ""margin_not_applicable_to_non_allow_decision""]",0.59525955,True,129,19.07760664,0.61495721,True,218,30.47265689,0.60272509,True,34,21.95535821,0.44129896,True,65,18.84615345
TXN0000099315,C002798,2024-11-27 15:00:18,retry_payment,0.90000000,1,retry_payment,0,whatsapp_reminder,fallback,True,authentication_required,True,0.00078338,,False,"[""decision_uncertain"", ""expected_value_margin:None"", ""probability_margin:None"", ""margin_not_applicable_to_non_allow_decision""]",0.52599794,True,172,27.72056966,0.59103221,False,17,16.07278182,0.59181559,True,66,18.92736169,0.44266537,True,211,29.09046962
TXN0000210497,C005704,2024-11-27 15:15:41,whatsapp_reminder,0.90000000,1,whatsapp_reminder,0,escalate_to_merchant,fallback,True,merchant_configuration,True,0.05344319,,False,"[""decision_uncertain"", ""expected_value_margin:None"", ""probability_margin:None"", ""margin_not_applicable_to_non_allow_decision""]",0.56318718,False,19,3.41762696,0.62403935,False,2,2.00000000,0.57059616,False,6,6.00000000,0.44494918,False,1,1.00000000
TXN0000098447,C004686,2024-11-27 17:39:45,retry_payment,0.90000000,1,retry_payment,0,no_action,stop,False,authentication_required,False,0.00533211,,False,"[""no_eligible_positive_value_action"", ""failure_matrix:block"", ""margin_not_applicable_to_non_allow_decision""]",0.55347246,False,49,7.23938140,0.61287612,False,8,4.29589038,0.60754400,False,23,3.80324523,0.45504218,False,11,2.70552140
TXN0000023587,C000049,2024-11-27 17:57:40,escalate_to_merchant,0.90000000,0,escalate_to_merchant,0,no_action,stop,False,authentication_required,False,0.05608672,,False,"[""no_eligible_positive_value_action"", ""failure_matrix:block"", ""margin_not_applicable_to_non_allow_decision""]",0.46432486,True,47,47.00000000,0.58279139,False,2,2.00000000,0.52670467,False,21,3.60798899,0.41141692,False,12,3.68852452
TXN0000123568,C002468,2024-11-27 18:08:23,payment_link,0.90000000,0,payment_link,0,payment_link,allow,False,customer_decline,True,0.04016137,112.96000000,False,"[""eligible"", ""contextually_supported_or_manual"", ""highest_risk_adjusted_expected_value"", ""expected_value_margin:101.97"", ""probability_margin:0.04016137"", ""fallback_ineligible""]",0.68850988,True,387,66.60326136,0.73512119,True,625,91.91881191,0.69495982,True,50,36.09870729,0.54213983,True,196,56.61961283
TXN0000060301,C008666,2024-11-27 18:26:33,escalate_to_merchant,0.90000000,0,escalate_to_merchant,0,retry_payment,fallback,True,technical_retryable,True,0.02021617,,False,"[""decision_uncertain"", ""expected_value_margin:1.1042957305908203"", ""probability_margin:-0.04309815168380737"", ""margin_not_applicable_to_non_allow_decision""]",0.61305344,True,382,61.49646714,0.65615159,True,55,50.36414754,0.63593543,True,122,42.51287438,0.51285940,True,685,101.16768160
TXN0000075943,C009138,2024-11-27 18:27:53,retry_payment,0.90000000,1,retry_payment,0,whatsapp_reminder,fallback,True,authentication_required,True,0.01574445,,False,"[""decision_uncertain"", ""expected_value_margin:None"", ""probability_margin:None"", ""margin_not_applicable_to_non_allow_decision""]",0.65049303,True,126,18.74890631,0.67126423,False,9,9.00000000,0.65551978,True,73,15.08078281,0.56270283,True,237,33.53941007
TXN0000069091,C006311,2024-11-27 18:28:05,retry_payment,0.90000000,0,retry_payment,0,payment_link,allow,False,customer_decline,True,0.06106365,110.66000000,False,"[""eligible"", ""contextually_supported_or_manual"", ""highest_risk_adjusted_expected_value"", ""expected_value_margin:83.42"", ""probability_margin:0.06106365"", ""fallback_ineligible""]",0.65820903,True,134,25.67475706,0.74278790,True,55,23.54174517,0.68172425,True,69,17.37637634,0.53338206,True,213,29.38877094
TXN0000048551,C002475,2024-11-27 18:53:24,escalate_to_merchant,0.90000000,1,escalate_to_merchant,0,no_action,stop,False,authentication_required,False,0.03699946,,False,"[""no_eligible_positive_value_action"", ""failure_matrix:block"", ""margin_not_applicable_to_non_allow_decision""]",0.56695944,True,47,47.00000000,0.65010452,False,2,2.00000000,0.61310506,False,21,3.60798899,0.48842871,False,12,3.68852452
TXN0000047262,C007529,2024-11-27 18:59:03,retry_payment,0.90000000,1,retry_payment,0,no_action,stop,False,customer_decline,False,0.13300586,,False,"[""no_eligible_positive_value_action"", ""failure_matrix:block"", ""margin_not_applicable_to_non_allow_decision""]",0.52062225,True,58,8.97709815,0.67865700,False,25,3.45418296,0.54565114,False,10,3.52962620,0.42517269,False,12,7.36805008
TXN0000113438,C001694,2024-11-27 19:10:51,retry_payment,0.90000000,1,retry_payment,0,retry_payment,fallback,True,technical_retryable,True,0.00875932,,False,"[""decision_uncertain"", ""expected_value_margin:None"", ""probability_margin:None"", ""margin_not_applicable_to_non_allow_decision""]",0.58067751,True,126,18.74890631,0.60656154,False,9,9.00000000,0.61532086,True,73,15.08078281,0.49248338,True,237,33.53941007
TXN0000152684,C001619,2024-11-27 20:08:10,retry_payment,0.90000000,0,retry_payment,0,escalate_to_merchant,fallback,True,merchant_configuration,True,0.00603932,,False,"[""decision_uncertain"", ""expected_value_margin:None"", ""probability_margin:None"", ""margin_not_applicable_to_non_allow_decision""]",0.66249180,True,47,47.00000000,0.70636010,False,2,2.00000000,0.71239942,False,21,3.60798899,0.52810854,False,12,3.68852452
TXN0000114488,C001979,2024-11-27 20:12:26,retry_payment,0.03333333,0,whatsapp_reminder,0,no_action,stop,False,merchant_configuration,False,0.00736088,,False,"[""customer_opted_out"", ""margin_not_applicable_to_non_allow_decision""]",0.62352771,True,172,27.72056966,0.63792628,False,17,16.07278182,0.63056540,True,66,18.92736169,0.51789480,True,211,29.09046962
TXN0000041900,C006989,2024-11-27 20:36:08,escalate_to_merchant,0.90000000,1,escalate_to_merchant,0,retry_payment,fallback,True,technical_retryable,True,0.02022290,,False,"[""decision_uncertain"", ""expected_value_margin:None"", ""probability_margin:None"", ""margin_not_applicable_to_non_allow_decision""]",0.61450595,True,126,18.74890631,0.65678805,False,9,9.00000000,0.63656515,True,73,15.08078281,0.52283484,True,237,33.53941007
TXN0000111595,C005795,2024-11-27 20:47:04,payment_link,0.90000000,1,payment_link,0,payment_link,fallback,True,customer_decline,True,0.01128024,,False,"[""decision_uncertain"", ""expected_value_margin:None"", ""probability_margin:None"", ""margin_not_applicable_to_non_allow_decision""]",0.55235898,True,59,8.94277964,0.56363922,True,90,12.53697431,0.55003166,False,19,4.27099396,0.40649018,True,43,10.73819641
TXN0000085031,C008285,2024-11-27 21:01:24,whatsapp_reminder,0.90000000,1,whatsapp_reminder,0,no_action,stop,False,authentication_required,False,0.06248486,,False,"[""no_eligible_positive_value_action"", ""failure_matrix:block"", ""margin_not_applicable_to_non_allow_decision""]",0.49058896,True,58,8.97709815,0.56985897,False,3,3.00000000,0.50737411,False,24,3.90270249,0.42819259,False,8,8.00000000
TXN0000118808,C004995,2024-11-27 21:06:11,retry_payment,0.90000000,0,retry_payment,0,no_action,stop,False,authentication_required,False,0.00564378,,False,"[""no_eligible_positive_value_action"", ""failure_matrix:block"", ""margin_not_applicable_to_non_allow_decision""]",0.48342928,False,11,11.00000000,0.53004801,False,6,1.39509533,0.53569180,False,2,2.00000000,0.38481131,False,1,1.00000000
TXN0000126701,C007228,2024-11-27 21:08:18,retry_payment,0.90000000,1,retry_payment,0,retry_payment,fallback,True,technical_retryable,True,0.01712823,,False,"[""decision_uncertain"", ""expected_value_margin:None"", ""probability_margin:None"", ""margin_not_applicable_to_non_allow_decision""]",0.55910748,True,58,8.97709815,0.62450206,False,3,3.00000000,0.60737383,False,24,3.90270249,0.48178625,False,8,8.00000000
TXN0000099319,C005427,2024-11-27 21:35:44,retry_payment,0.90000000,0,retry_payment,0,no_action,stop,False,customer_decline,False,0.01249909,,False,"[""no_eligible_positive_value_action"", ""failure_matrix:block"", ""margin_not_applicable_to_non_allow_decision""]",0.60334915,True,58,8.97709815,0.67428756,False,3,3.00000000,0.66178846,False,24,3.90270249,0.50796378,False,8,8.00000000
TXN0000069440,C002647,2024-11-27 22:39:20,whatsapp_reminder,0.03333333,1,retry_payment,0,retry_payment,fallback,True,technical_retryable,True,0.00240779,,False,"[""decision_uncertain"", ""expected_value_margin:None"", ""probability_margin:None"", ""margin_not_applicable_to_non_allow_decision""]",0.52566868,True,47,47.00000000,0.56535190,False,2,2.00000000,0.56294411,False,21,3.60798899,0.40553129,False,12,3.68852452
TXN0000066154,C007893,2024-11-27 23:32:29,escalate_to_merchant,0.90000000,0,escalate_to_merchant,0,whatsapp_reminder,fallback,True,authentication_required,True,0.01709211,,False,"[""decision_uncertain"", ""expected_value_margin:0.3185917139053345"", ""probability_margin:-0.017092108726501465"", ""margin_not_applicable_to_non_allow_decision""]",0.67525804,True,382,61.49646714,0.72643507,True,55,50.36414754,0.70934296,True,122,42.51287438,0.55824560,True,685,101.16768160
TXN0000030746,C006066,2024-11-28 05:37:28,escalate_to_merchant,0.90000000,1,escalate_to_merchant,0,no_action,stop,False,customer_decline,False,0.07658949,,False,"[""customer_opted_out"", ""margin_not_applicable_to_non_allow_decision""]",0.45607021,True,129,19.07760664,0.53574723,True,218,30.47265689,0.45915774,True,34,21.95535821,0.27446529,True,65,18.84615345
TXN0000173085,C006967,2024-11-28 08:48:39,escalate_to_merchant,0.90000000,1,escalate_to_merchant,0,retry_payment,fallback,True,technical_retryable,True,0.00632995,,False,"[""decision_uncertain"", ""expected_value_margin:None"", ""probability_margin:None"", ""margin_not_applicable_to_non_allow_decision""]",0.53717452,True,126,18.74890631,0.58154672,False,9,9.00000000,0.57521677,True,73,15.08078281,0.45140049,True,237,33.53941007
TXN0000055595,C007202,2024-11-28 10:24:19,whatsapp_reminder,0.90000000,1,whatsapp_reminder,0,no_action,stop,False,technical_retryable,False,0.00404567,,False,"[""no_eligible_positive_value_action"", ""failure_matrix:block"", ""margin_not_applicable_to_non_allow_decision""]",0.48581406,False,49,7.90577463,0.52439797,False,6,6.00000000,0.52844363,True,63,11.63500628,0.41762957,True,88,12.69429910
TXN0000031916,C008347,2024-11-28 10:51:33,whatsapp_reminder,0.90000000,1,whatsapp_reminder,0,retry_payment,fallback,True,technical_retryable,True,0.00741011,,False,"[""decision_uncertain"", ""expected_value_margin:6.121360778808594"", ""probability_margin:0.03868865966796875"", ""margin_not_applicable_to_non_allow_decision""]",0.70485562,True,359,56.24386377,0.74354428,True,85,37.80492775,0.73613417,True,126,41.91580028,0.62084270,True,694,97.85794000
TXN0000043016,C004735,2024-11-28 11:50:22,retry_payment,0.90000000,0,retry_payment,0,no_action,stop,False,merchant_configuration,False,0.00101149,,False,"[""customer_opted_out"", ""margin_not_applicable_to_non_allow_decision""]",0.57687867,True,47,47.00000000,0.61015087,False,2,2.00000000,0.60913938,False,21,3.60798899,0.48712346,False,12,3.68852452
TXN0000051595,C002785,2024-11-28 12:09:19,retry_payment,0.90000000,0,retry_payment,0,no_action,stop,False,authentication_required,False,0.01068497,,False,"[""no_eligible_positive_value_action"", ""failure_matrix:block"", ""margin_not_applicable_to_non_allow_decision""]",0.61214453,True,47,47.00000000,0.66586548,False,2,2.00000000,0.65518051,False,21,3.60798899,0.48594770,False,12,3.68852452
TXN0000185709,C002196,2024-11-28 12:39:36,escalate_to_merchant,0.90000000,1,escalate_to_merchant,0,retry_payment,fallback,True,technical_retryable,True,0.02105039,,False,"[""decision_uncertain"", ""expected_value_margin:5.461689352989197"", ""probability_margin:0.03760248422622681"", ""margin_not_applicable_to_non_allow_decision""]",0.59327632,True,359,56.24386377,0.63087881,True,85,37.80492775,0.60982841,True,126,41.91580028,0.50459695,True,694,97.85794000
TXN0000089055,C004238,2024-11-28 12:40:39,escalate_to_merchant,0.90000000,1,escalate_to_merchant,0,whatsapp_reminder,fallback,True,customer_decline,True,0.00470871,,False,"[""decision_uncertain"", ""expected_value_margin:None"", ""probability_margin:None"", ""margin_not_applicable_to_non_allow_decision""]",0.60604149,True,126,18.74890631,0.61964065,False,9,9.00000000,0.61493194,True,73,15.08078281,0.49787816,True,237,33.53941007
TXN0000098497,C001696,2024-11-28 13:28:48,retry_payment,0.90000000,0,retry_payment,0,payment_link,allow,False,technical_retryable,True,0.00513583,33.10000000,False,"[""eligible"", ""contextually_supported_or_manual"", ""highest_risk_adjusted_expected_value"", ""expected_value_margin:33.1"", ""probability_margin:0.02227664"", ""decision_margin_passed""]",0.57312083,True,59,8.94277964,0.59539747,True,90,12.53697431,0.59026164,False,19,4.27099396,0.42405733,True,43,10.73819641
TXN0000068775,C003222,2024-11-28 13:33:50,whatsapp_reminder,0.90000000,1,whatsapp_reminder,0,no_action,stop,False,customer_decline,False,0.01135236,,False,"[""no_eligible_positive_value_action"", ""failure_matrix:block"", ""margin_not_applicable_to_non_allow_decision""]",0.51657730,False,49,7.23938140,0.56089103,False,8,4.29589038,0.54953867,False,23,3.80324523,0.38845822,False,11,2.70552140
TXN0000112285,C004054,2024-11-28 13:34:33,escalate_to_merchant,0.90000000,1,escalate_to_merchant,0,payment_link,allow,False,technical_retryable,True,0.01538461,44.79000000,False,"[""eligible"", ""contextually_supported_or_manual"", ""highest_risk_adjusted_expected_value"", ""expected_value_margin:44.79"", ""probability_margin:0.03828055"", ""decision_margin_passed""]",0.59489489,True,362,56.55389812,0.63317543,True,241,49.77543607,0.61779082,True,96,34.06733257,0.46690285,True,512,71.09486331
TXN0000035261,C001264,2024-11-28 14:44:36,whatsapp_reminder,0.90000000,1,whatsapp_reminder,0,whatsapp_reminder,fallback,True,authentication_required,True,0.00008118,,False,"[""decision_uncertain"", ""expected_value_margin:None"", ""probability_margin:None"", ""margin_not_applicable_to_non_allow_decision""]",0.65120906,True,126,18.74890631,0.69799161,False,9,9.00000000,0.69807279,True,73,15.08078281,0.56949842,True,237,33.53941007
TXN0000187644,C007995,2024-11-28 14:50:02,escalate_to_merchant,0.90000000,0,escalate_to_merchant,0,retry_payment,fallback,True,technical_retryable,True,0.00635111,,False,"[""decision_uncertain"", ""expected_value_margin:None"", ""probability_margin:None"", ""margin_not_applicable_to_non_allow_decision""]",0.57170057,True,126,18.74890631,0.58857834,False,9,9.00000000,0.58222723,True,73,15.08078281,0.44659266,True,237,33.53941007
TXN0000065964,C000807,2024-11-28 15:31:26,retry_payment,0.90000000,0,retry_payment,0,no_action,stop,False,authentication_required,False,0.03212106,,False,"[""no_eligible_positive_value_action"", ""failure_matrix:block"", ""margin_not_applicable_to_non_allow_decision""]",0.54930413,False,49,7.23938140,0.63251734,False,8,4.29589038,0.60039628,False,23,3.80324523,0.47284308,False,11,2.70552140
TXN0000069679,C006361,2024-11-28 15:49:48,retry_payment,0.90000000,0,retry_payment,0,no_action,stop,False,technical_retryable,False,0.00146019,,False,"[""no_eligible_positive_value_action"", ""failure_matrix:block"", ""margin_not_applicable_to_non_allow_decision""]",0.63620687,False,49,7.23938140,0.67553061,False,8,4.29589038,0.67699081,False,23,3.80324523,0.46589381,False,11,2.70552140
TXN0000133464,C009563,2024-11-28 16:23:49,whatsapp_reminder,0.03333333,1,escalate_to_merchant,0,retry_payment,fallback,True,technical_retryable,True,0.00222367,,False,"[""decision_uncertain"", ""expected_value_margin:6.293529987335205"", ""probability_margin:0.049288034439086914"", ""margin_not_applicable_to_non_allow_decision""]",0.65819955,True,359,56.24386377,0.70748758,True,85,37.80492775,0.70971125,True,126,41.91580028,0.54846245,True,694,97.85794000
TXN0000194349,C006889,2024-11-28 16:36:46,payment_link,0.90000000,1,payment_link,0,escalate_to_merchant,fallback,True,merchant_configuration,True,0.02263010,,False,"[""decision_uncertain"", ""expected_value_margin:None"", ""probability_margin:None"", ""margin_not_applicable_to_non_allow_decision""]",0.63105869,True,387,66.60326136,0.66809171,True,625,91.91881191,0.64546162,True,50,36.09870729,0.47551152,True,196,56.61961283
TXN0000160420,C005277,2024-11-28 17:18:30,escalate_to_merchant,0.90000000,0,escalate_to_merchant,0,no_action,stop,False,technical_retryable,False,0.05078399,,False,"[""customer_opted_out"", ""margin_not_applicable_to_non_allow_decision""]",0.49463382,True,129,19.07760664,0.58099067,True,218,30.47265689,0.53020668,True,34,21.95535821,0.33934939,True,65,18.84615345
TXN0000084514,C007378,2024-11-28 17:52:26,retry_payment,0.90000000,0,retry_payment,0,no_action,stop,False,authentication_required,False,0.01395845,,False,"[""customer_opted_out"", ""margin_not_applicable_to_non_allow_decision""]",0.58014560,True,362,56.55389812,0.60878545,True,241,49.77543607,0.62274390,True,96,34.06733257,0.44966450,True,512,71.09486331
TXN0000038345,C007424,2024-11-28 18:05:19,escalate_to_merchant,0.90000000,0,escalate_to_merchant,0,retry_payment,fallback,True,technical_retryable,True,0.03660172,,False,"[""decision_uncertain"", ""expected_value_margin:1.634443998336792"", ""probability_margin:-0.03881436586380005"", ""margin_not_applicable_to_non_allow_decision""]",0.63257933,True,382,61.49646714,0.67139369,True,55,50.36414754,0.63479197,True,122,42.51287438,0.46694309,True,685,101.16768160
TXN0000011414,C007574,2024-11-28 18:09:42,escalate_to_merchant,0.90000000,0,escalate_to_merchant,0,payment_link,allow,False,customer_decline,True,0.02807403,82.37000000,False,"[""eligible"", ""contextually_supported_or_manual"", ""highest_risk_adjusted_expected_value"", ""expected_value_margin:41.41"", ""probability_margin:0.02807403"", ""fallback_ineligible""]",0.48054022,True,134,25.67475706,0.53865671,True,55,23.54174517,0.51058269,True,69,17.37637634,0.36884546,True,213,29.38877094
TXN0000020255,C004631,2024-11-28 18:31:09,escalate_to_merchant,0.90000000,1,escalate_to_merchant,0,escalate_to_merchant,fallback,True,merchant_configuration,True,0.06951815,,False,"[""no_supported_positive_value_action"", ""manual_escalation_fallback"", ""margin_not_applicable_to_non_allow_decision""]",0.64618331,True,382,61.49646714,0.71570146,True,55,50.36414754,0.63209140,True,122,42.51287438,0.52187568,True,685,101.16768160
TXN0000200102,C009122,2024-11-28 18:38:22,whatsapp_reminder,0.90000000,1,whatsapp_reminder,0,payment_link,fallback,True,authentication_required,True,0.04145145,,False,"[""decision_uncertain"", ""expected_value_margin:1.1904706954956055"", ""probability_margin:0.041451454162597656"", ""margin_not_applicable_to_non_allow_decision""]",0.61000216,True,382,61.49646714,0.66336650,True,55,50.36414754,0.62191504,True,122,42.51287438,0.50223076,True,685,101.16768160
TXN0000172193,C003209,2024-11-28 19:06:28,escalate_to_merchant,0.90000000,0,escalate_to_merchant,0,no_action,stop,False,technical_retryable,False,0.01566398,,False,"[""no_eligible_positive_value_action"", ""failure_matrix:block"", ""margin_not_applicable_to_non_allow_decision""]",0.57492125,False,6,6.00000000,0.62984264,False,0,0.00000000,0.61417866,False,6,6.00000000,0.46236894,False,3,2.07333790
TXN0000147443,C000947,2024-11-28 19:12:28,payment_link,0.03333333,1,retry_payment,0,payment_link,allow,False,customer_decline,True,0.02563924,19.82000000,False,"[""eligible"", ""contextually_supported_or_manual"", ""highest_risk_adjusted_expected_value"", ""expected_value_margin:36.57"", ""probability_margin:0.03578115"", ""fallback_ineligible""]",0.53525048,True,362,56.55389812,0.56088972,True,241,49.77543607,0.52510858,True,96,34.06733257,0.39726734,True,512,71.09486331
TXN0000227071,C002837,2024-11-28 19:26:49,escalate_to_merchant,0.90000000,0,escalate_to_merchant,0,whatsapp_reminder,fallback,True,authentication_required,True,0.02044517,,False,"[""decision_uncertain"", ""expected_value_margin:0.24637353420257568"", ""probability_margin:-0.020445168018341064"", ""margin_not_applicable_to_non_allow_decision""]",0.59512675,True,382,61.49646714,0.66233593,True,55,50.36414754,0.64189076,True,122,42.51287438,0.47883627,True,685,101.16768160
TXN0000082510,C004244,2024-11-28 19:57:41,escalate_to_merchant,0.90000000,0,escalate_to_merchant,0,payment_link,fallback,True,customer_decline,True,0.01734817,,False,"[""decision_uncertain"", ""expected_value_margin:6.666959524154663"", ""probability_margin:0.017348170280456543"", ""margin_not_applicable_to_non_allow_decision""]",0.61745501,True,359,56.24386377,0.65586305,True,85,37.80492775,0.63851488,True,126,41.91580028,0.48659259,True,694,97.85794000
TXN0000110028,C007129,2024-11-28 20:27:43,escalate_to_merchant,0.90000000,1,escalate_to_merchant,0,retry_payment,fallback,True,technical_retryable,True,0.04439652,,False,"[""decision_uncertain"", ""expected_value_margin:2.2389562129974365"", ""probability_margin:0.05277812480926514"", ""margin_not_applicable_to_non_allow_decision""]",0.54714733,True,382,61.49646714,0.59992546,True,55,50.36414754,0.55552894,True,122,42.51287438,0.45522624,True,685,101.16768160
TXN0000064102,C004129,2024-11-28 21:55:23,retry_payment,0.90000000,1,retry_payment,0,no_action,stop,False,customer_decline,False,0.01572269,,False,"[""no_eligible_positive_value_action"", ""failure_matrix:block"", ""margin_not_applicable_to_non_allow_decision""]",0.74020618,True,58,8.97709815,0.75592887,False,25,3.45418296,0.73751307,False,10,3.52962620,0.60169154,False,12,7.36805008
TXN0000249957,C008538,2024-11-28 21:59:54,escalate_to_merchant,0.90000000,0,escalate_to_merchant,0,payment_link,fallback,True,customer_decline,True,0.00912762,,False,"[""decision_uncertain"", ""expected_value_margin:3.5369091033935547"", ""probability_margin:0.009127616882324219"", ""margin_not_applicable_to_non_allow_decision""]",0.57593423,True,362,56.55389812,0.61568594,True,241,49.77543607,0.60655832,True,96,34.06733257,0.45226026,True,512,71.09486331
TXN0000103096,C000614,2024-11-28 23:16:09,retry_payment,0.90000000,0,retry_payment,0,no_action,stop,False,customer_decline,False,0.00367278,,False,"[""no_eligible_positive_value_action"", ""failure_matrix:block"", ""margin_not_applicable_to_non_allow_decision""]",0.66687560,True,47,47.00000000,0.71078962,False,2,2.00000000,0.70711684,False,21,3.60798899,0.55808342,False,12,3.68852452
TXN0000102348,C002680,2024-11-28 23:55:01,payment_link,0.90000000,0,payment_link,0,payment_link,allow,False,technical_retryable,True,0.01841056,56.14000000,False,"[""eligible"", ""contextually_supported_or_manual"", ""highest_risk_adjusted_expected_value"", ""expected_value_margin:56.14"", ""probability_margin:0.03131652"", ""decision_margin_passed""]",0.68063921,True,387,66.60326136,0.71195573,True,625,91.91881191,0.69354516,True,50,36.09870729,0.52207935,True,196,56.61961283
TXN0000039206,C000515,2024-11-29 00:44:02,retry_payment,0.90000000,1,retry_payment,0,no_action,stop,False,technical_retryable,False,0.03027087,,False,"[""no_eligible_positive_value_action"", ""failure_matrix:block"", ""margin_not_applicable_to_non_allow_decision""]",0.61939532,False,18,18.00000000,0.64358884,False,1,1.00000000,0.67385972,False,7,3.29758098,0.45239028,False,0,0.00000000
TXN0000161722,C001363,2024-11-29 05:28:42,escalate_to_merchant,0.90000000,0,escalate_to_merchant,0,retry_payment,fallback,True,technical_retryable,True,0.03571969,,False,"[""decision_uncertain"", ""expected_value_margin:None"", ""probability_margin:None"", ""margin_not_applicable_to_non_allow_decision""]",0.48491654,True,126,18.74890631,0.54636633,False,9,9.00000000,0.51064664,True,73,15.08078281,0.37731180,True,237,33.53941007
TXN0000216071,C008295,2024-11-29 07:01:40,whatsapp_reminder,0.90000000,1,whatsapp_reminder,0,payment_link,fallback,True,customer_decline,True,0.02309978,,False,"[""decision_uncertain"", ""expected_value_margin:9.1381915807724"", ""probability_margin:0.023099780082702637"", ""margin_not_applicable_to_non_allow_decision""]",0.60849744,True,359,56.24386377,0.65223920,True,85,37.80492775,0.62913942,True,126,41.91580028,0.49699590,True,694,97.85794000
TXN0000066399,C004510,2024-11-29 08:25:50,retry_payment,0.90000000,1,retry_payment,0,no_action,stop,False,customer_decline,False,0.02262485,,False,"[""no_eligible_positive_value_action"", ""failure_matrix:block"", ""margin_not_applicable_to_non_allow_decision""]",0.74560261,True,58,8.97709815,0.72971559,False,25,3.45418296,0.76822746,False,10,3.52962620,0.59961843,False,12,7.36805008
TXN0000068900,C002218,2024-11-29 08:55:02,retry_payment,0.90000000,1,retry_payment,0,no_action,stop,False,technical_retryable,False,0.03529847,,False,"[""no_eligible_positive_value_action"", ""failure_matrix:block"", ""margin_not_applicable_to_non_allow_decision""]",0.68016940,False,49,7.23938140,0.71546787,False,8,4.29589038,0.68009114,False,23,3.80324523,0.56218731,False,11,2.70552140
TXN0000073812,C006736,2024-11-29 09:00:24,retry_payment,0.90000000,1,retry_payment,0,retry_payment,fallback,True,technical_retryable,True,0.02606004,,False,"[""decision_uncertain"", ""expected_value_margin:None"", ""probability_margin:None"", ""margin_not_applicable_to_non_allow_decision""]",0.54581213,True,172,27.72056966,0.53899354,False,17,16.07278182,0.57187217,True,66,18.92736169,0.41981167,True,211,29.09046962
TXN0000044076,C000975,2024-11-29 09:41:07,whatsapp_reminder,0.90000000,1,whatsapp_reminder,0,payment_link,allow,False,customer_decline,True,0.03693163,25.61000000,False,"[""eligible"", ""contextually_supported_or_manual"", ""highest_risk_adjusted_expected_value"", ""expected_value_margin:27.74"", ""probability_margin:0.03693163"", ""fallback_ineligible""]",0.59439385,True,134,25.67475706,0.63578373,True,55,23.54174517,0.59885210,True,69,17.37637634,0.47681457,True,213,29.38877094
TXN0000224738,C002959,2024-11-29 10:03:05,escalate_to_merchant,0.90000000,0,escalate_to_merchant,0,retry_payment,fallback,True,technical_retryable,True,0.01015165,,False,"[""decision_uncertain"", ""expected_value_margin:51.39547747373581"", ""probability_margin:0.015638619661331177"", ""margin_not_applicable_to_non_allow_decision""]",0.44260541,True,59,8.94277964,0.45824403,True,90,12.53697431,0.44809237,False,19,4.27099396,0.34547168,True,43,10.73819641
TXN0000159148,C008110,2024-11-29 11:06:57,retry_payment,0.90000000,1,retry_payment,0,retry_payment,fallback,True,technical_retryable,True,0.04317558,,False,"[""decision_uncertain"", ""expected_value_margin:0.19898617267608643"", ""probability_margin:0.011355936527252197"", ""margin_not_applicable_to_non_allow_decision""]",0.56529611,True,134,25.67475706,0.57665205,True,55,23.54174517,0.61982763,True,69,17.37637634,0.43417183,True,213,29.38877094
TXN0000223493,C005175,2024-11-29 11:31:25,whatsapp_reminder,0.90000000,1,whatsapp_reminder,0,retry_payment,fallback,True,technical_retryable,True,0.00259632,,False,"[""decision_uncertain"", ""expected_value_margin:1.2205257415771484"", ""probability_margin:-0.040354013442993164"", ""margin_not_applicable_to_non_allow_decision""]",0.54898119,True,382,61.49646714,0.58933520,True,55,50.36414754,0.59193152,True,122,42.51287438,0.44586635,True,685,101.16768160
TXN0000164224,C000112,2024-11-29 13:47:28,retry_payment,0.90000000,1,retry_payment,0,retry_payment,fallback,True,technical_retryable,True,0.00606149,,False,"[""decision_uncertain"", ""expected_value_margin:None"", ""probability_margin:None"", ""margin_not_applicable_to_non_allow_decision""]",0.69325477,True,73,10.21909638,0.71049601,False,23,5.49540018,0.71655750,True,54,8.41672235,0.56038409,True,72,12.00499847
TXN0000069805,C000744,2024-11-29 14:09:48,retry_payment,0.90000000,1,retry_payment,0,payment_link,fallback,True,authentication_required,True,0.01343328,,False,"[""decision_uncertain"", ""expected_value_margin:None"", ""probability_margin:None"", ""margin_not_applicable_to_non_allow_decision""]",0.60000801,True,129,19.07760664,0.62625706,True,218,30.47265689,0.61282378,True,34,21.95535821,0.42969963,True,65,18.84615345
TXN0000087184,C003789,2024-11-29 15:00:10,retry_payment,0.90000000,1,retry_payment,0,retry_payment,fallback,True,technical_retryable,True,0.00525510,,False,"[""decision_uncertain"", ""expected_value_margin:2.520194947719574"", ""probability_margin:0.021871507167816162"", ""margin_not_applicable_to_non_allow_decision""]",0.61234605,True,359,56.24386377,0.63421756,True,85,37.80492775,0.62896246,True,126,41.91580028,0.48048484,True,694,97.85794000
TXN0000103317,C003955,2024-11-29 15:06:10,payment_link,0.90000000,0,payment_link,0,payment_link,allow,False,technical_retryable,True,0.00893050,110.70000000,False,"[""eligible"", ""contextually_supported_or_manual"", ""highest_risk_adjusted_expected_value"", ""expected_value_margin:110.69"", ""probability_margin:0.02543253"", ""decision_margin_passed""]",0.59189248,True,129,19.07760664,0.61732501,True,218,30.47265689,0.60839450,True,34,21.95535821,0.43799856,True,65,18.84615345
TXN0000030205,C006520,2024-11-29 15:46:30,payment_link,0.03333333,0,escalate_to_merchant,0,payment_link,allow,False,technical_retryable,True,0.00668105,21.32000000,False,"[""eligible"", ""contextually_supported_or_manual"", ""highest_risk_adjusted_expected_value"", ""expected_value_margin:21.32"", ""probability_margin:0.02719772"", ""decision_margin_passed""]",0.44321340,True,134,25.67475706,0.47041112,True,55,23.54174517,0.46373007,True,69,17.37637634,0.36417818,True,213,29.38877094
TXN0000174650,C004307,2024-11-29 16:46:46,payment_link,0.90000000,1,payment_link,0,no_action,stop,False,authentication_required,False,0.02900055,,False,"[""no_eligible_positive_value_action"", ""failure_matrix:block"", ""margin_not_applicable_to_non_allow_decision""]",0.46671933,False,11,11.00000000,0.51494431,False,6,1.39509533,0.48594376,False,2,2.00000000,0.34738624,False,1,1.00000000
TXN0000199755,C000840,2024-11-29 16:47:35,retry_payment,0.90000000,1,retry_payment,0,no_action,stop,False,authentication_required,False,0.00425231,,False,"[""no_eligible_positive_value_action"", ""failure_matrix:block"", ""margin_not_applicable_to_non_allow_decision""]",0.64322090,False,49,7.23938140,0.66748494,False,8,4.29589038,0.67173725,False,23,3.80324523,0.52002066,False,11,2.70552140
TXN0000230033,C008352,2024-11-29 17:06:19,retry_payment,0.90000000,0,retry_payment,0,escalate_to_merchant,fallback,True,merchant_configuration,True,0.00751787,,False,"[""decision_uncertain"", ""expected_value_margin:None"", ""probability_margin:None"", ""margin_not_applicable_to_non_allow_decision""]",0.58847106,True,47,47.00000000,0.61138511,False,2,2.00000000,0.61890298,False,21,3.60798899,0.44251442,False,12,3.68852452
TXN0000056513,C001328,2024-11-29 17:28:58,retry_payment,0.90000000,1,retry_payment,0,payment_link,fallback,True,authentication_required,True,0.00155044,,False,"[""decision_uncertain"", ""expected_value_margin:None"", ""probability_margin:None"", ""margin_not_applicable_to_non_allow_decision""]",0.70571452,True,59,8.94277964,0.74038136,True,90,12.53697431,0.73883092,False,19,4.27099396,0.57709813,True,43,10.73819641
TXN0000214289,C001317,2024-11-29 18:16:00,escalate_to_merchant,0.03333333,1,retry_payment,0,escalate_to_merchant,fallback,True,merchant_configuration,True,0.02212304,,False,"[""decision_uncertain"", ""expected_value_margin:None"", ""probability_margin:None"", ""margin_not_applicable_to_non_allow_decision""]",0.56003308,False,49,7.23938140,0.64019614,False,8,4.29589038,0.61807311,False,23,3.80324523,0.45389748,False,11,2.70552140
TXN0000017357,C003048,2024-11-29 18:58:34,escalate_to_merchant,0.90000000,0,escalate_to_merchant,0,retry_payment,fallback,True,technical_retryable,True,0.03590566,,False,"[""decision_uncertain"", ""expected_value_margin:2.103117823600769"", ""probability_margin:0.061231017112731934"", ""margin_not_applicable_to_non_allow_decision""]",0.56982887,True,382,61.49646714,0.63105989,True,55,50.36414754,0.59515423,True,122,42.51287438,0.47330576,True,685,101.16768160
TXN0000056131,C000712,2024-11-29 19:20:03,retry_payment,0.90000000,1,retry_payment,0,whatsapp_reminder,fallback,True,authentication_required,True,0.00202513,,False,"[""decision_uncertain"", ""expected_value_margin:2.6611008644104004"", ""probability_margin:0.002025127410888672"", ""margin_not_applicable_to_non_allow_decision""]",0.70230573,True,382,61.49646714,0.71792227,True,55,50.36414754,0.71994740,True,122,42.51287438,0.59239101,True,685,101.16768160
TXN0000075020,C000693,2024-11-29 19:26:01,retry_payment,0.90000000,0,retry_payment,0,escalate_to_merchant,fallback,True,merchant_configuration,True,0.00371236,,False,"[""decision_uncertain"", ""expected_value_margin:None"", ""probability_margin:None"", ""margin_not_applicable_to_non_allow_decision""]",0.54103309,True,172,27.72056966,0.58534300,False,17,16.07278182,0.58905536,True,66,18.92736169,0.46237352,True,211,29.09046962
TXN0000129046,C004244,2024-11-29 19:28:58,escalate_to_merchant,0.90000000,0,escalate_to_merchant,0,whatsapp_reminder,fallback,True,customer_decline,True,0.01544929,,False,"[""decision_uncertain"", ""expected_value_margin:None"", ""probability_margin:None"", ""margin_not_applicable_to_non_allow_decision""]",0.48429152,True,73,10.21909638,0.53720146,False,23,5.49540018,0.52175218,True,54,8.41672235,0.35262883,True,72,12.00499847
TXN0000171527,C004785,2024-11-29 19:35:19,escalate_to_merchant,0.90000000,1,escalate_to_merchant,0,retry_payment,fallback,True,technical_retryable,True,0.00654447,,False,"[""decision_uncertain"", ""expected_value_margin:None"", ""probability_margin:None"", ""margin_not_applicable_to_non_allow_decision""]",0.61619085,True,172,27.72056966,0.66551965,False,17,16.07278182,0.65897518,True,66,18.92736169,0.51871115,True,211,29.09046962
TXN0000133045,C005644,2024-11-29 20:26:33,retry_payment,0.90000000,1,retry_payment,0,whatsapp_reminder,fallback,True,authentication_required,True,0.00359505,,False,"[""decision_uncertain"", ""expected_value_margin:None"", ""probability_margin:None"", ""margin_not_applicable_to_non_allow_decision""]",0.61689293,True,73,10.21909638,0.65297711,False,23,5.49540018,0.64938205,True,54,8.41672235,0.48563257,True,72,12.00499847
TXN0000050281,C004081,2024-11-29 20:44:56,retry_payment,0.90000000,1,retry_payment,0,no_action,stop,False,authentication_required,False,0.03219777,,False,"[""no_eligible_positive_value_action"", ""failure_matrix:block"", ""margin_not_applicable_to_non_allow_decision""]",0.60410047,True,58,8.97709815,0.62058234,False,25,3.45418296,0.65278012,False,10,3.52962620,0.45894390,False,12,7.36805008
TXN0000179082,C000617,2024-11-29 21:20:59,retry_payment,0.90000000,1,retry_payment,0,payment_link,allow,False,authentication_required,True,0.03130996,140.05000000,False,"[""eligible"", ""contextually_supported_or_manual"", ""highest_risk_adjusted_expected_value"", ""expected_value_margin:100.42"", ""probability_margin:0.03130996"", ""fallback_ineligible""]",0.53231841,True,387,66.60326136,0.57746756,True,625,91.91881191,0.54615760,True,50,36.09870729,0.36635733,True,196,56.61961283
TXN0000027352,C003924,2024-11-29 22:25:20,payment_link,0.90000000,1,payment_link,0,payment_link,fallback,True,authentication_required,True,0.01341665,,False,"[""decision_uncertain"", ""expected_value_margin:30.540287494659424"", ""probability_margin:0.013416647911071777"", ""margin_not_applicable_to_non_allow_decision""]",0.61420244,True,387,66.60326136,0.65970093,True,625,91.91881191,0.64628428,True,50,36.09870729,0.47849801,True,196,56.61961283
TXN0000210171,C006611,2024-11-30 06:50:07,retry_payment,0.90000000,1,retry_payment,0,no_action,stop,False,customer_decline,False,0.01677030,,False,"[""no_eligible_positive_value_action"", ""failure_matrix:block"", ""margin_not_applicable_to_non_allow_decision""]",0.68154210,False,49,7.23938140,0.70206767,False,8,4.29589038,0.71883798,False,23,3.80324523,0.53349280,False,11,2.70552140
TXN0000195053,C006385,2024-11-30 08:44:34,escalate_to_merchant,0.90000000,1,escalate_to_merchant,0,no_action,stop,False,authentication_required,False,0.03400016,,False,"[""no_eligible_positive_value_action"", ""failure_matrix:block"", ""margin_not_applicable_to_non_allow_decision""]",0.54059434,True,58,8.97709815,0.58916473,False,3,3.00000000,0.55516458,False,24,3.90270249,0.45589387,False,8,8.00000000
TXN0000146999,C009403,2024-11-30 09:31:51,whatsapp_reminder,0.90000000,0,whatsapp_reminder,0,escalate_to_merchant,fallback,True,merchant_configuration,True,0.00134116,,False,"[""decision_uncertain"", ""expected_value_margin:None"", ""probability_margin:None"", ""margin_not_applicable_to_non_allow_decision""]",0.59888572,False,49,7.90577463,0.61970913,False,6,6.00000000,0.61836797,True,63,11.63500628,0.45428801,True,88,12.69429910
TXN0000009358,C002178,2024-11-30 09:46:22,retry_payment,0.90000000,1,retry_payment,0,whatsapp_reminder,fallback,True,customer_decline,True,0.00084835,,False,"[""decision_uncertain"", ""expected_value_margin:2.079481065273285"", ""probability_margin:-0.0008483529090881348"", ""margin_not_applicable_to_non_allow_decision""]",0.62154520,True,382,61.49646714,0.65949684,True,55,50.36414754,0.65864849,True,122,42.51287438,0.44942954,True,685,101.16768160
TXN0000061747,C005687,2024-11-30 10:17:06,escalate_to_merchant,0.90000000,0,escalate_to_merchant,0,payment_link,allow,False,technical_retryable,True,0.01341057,18.94000000,False,"[""eligible"", ""contextually_supported_or_manual"", ""highest_risk_adjusted_expected_value"", ""expected_value_margin:18.93"", ""probability_margin:0.03576809"", ""decision_margin_passed""]",0.56303155,True,134,25.67475706,0.59879965,True,55,23.54174517,0.58538908,True,69,17.37637634,0.43752787,True,213,29.38877094
TXN0000142271,C002980,2024-11-30 10:21:38,escalate_to_merchant,0.90000000,0,escalate_to_merchant,0,no_action,stop,False,customer_decline,False,0.04795396,,False,"[""no_eligible_positive_value_action"", ""failure_matrix:block"", ""margin_not_applicable_to_non_allow_decision""]",0.57962674,True,382,61.49646714,0.62758070,True,55,50.36414754,0.57088834,True,122,42.51287438,0.49001843,True,685,101.16768160
TXN0000083226,C009844,2024-11-30 10:58:50,retry_payment,0.90000000,1,retry_payment,0,whatsapp_reminder,allow,False,authentication_required,True,0.05878323,162.84000000,False,"[""eligible"", ""contextually_supported_or_manual"", ""highest_risk_adjusted_expected_value"", ""expected_value_margin:170.88"", ""probability_margin:0.05879825"", ""fallback_ineligible""]",0.68805599,True,387,66.60326136,0.68804097,True,625,91.91881191,0.74683923,True,50,36.09870729,0.54070669,True,196,56.61961283
TXN0000190715,C000611,2024-11-30 11:30:27,retry_payment,0.90000000,0,retry_payment,0,retry_payment,fallback,True,technical_retryable,True,0.00186735,,False,"[""decision_uncertain"", ""expected_value_margin:None"", ""probability_margin:None"", ""margin_not_applicable_to_non_allow_decision""]",0.62479705,True,47,47.00000000,0.66447407,False,2,2.00000000,0.66634142,False,21,3.60798899,0.51210123,False,12,3.68852452
TXN0000226208,C002333,2024-11-30 11:57:51,escalate_to_merchant,0.90000000,0,escalate_to_merchant,0,whatsapp_reminder,fallback,True,authentication_required,True,0.00646621,,False,"[""decision_uncertain"", ""expected_value_margin:0.7304406762123108"", ""probability_margin:-0.006466209888458252"", ""margin_not_applicable_to_non_allow_decision""]",0.62121952,True,382,61.49646714,0.66679287,True,55,50.36414754,0.66032666,True,122,42.51287438,0.52537161,True,685,101.16768160
TXN0000007503,C001973,2024-11-30 12:08:44,escalate_to_merchant,0.90000000,1,escalate_to_merchant,0,retry_payment,fallback,True,technical_retryable,True,0.02944642,,False,"[""decision_uncertain"", ""expected_value_margin:0.815072774887085"", ""probability_margin:-0.029446423053741455"", ""margin_not_applicable_to_non_allow_decision""]",0.62065315,True,382,61.49646714,0.65009958,True,55,50.36414754,0.60746247,True,122,42.51287438,0.50926632,True,685,101.16768160
TXN0000081033,C002397,2024-11-30 12:10:06,payment_link,0.90000000,0,payment_link,0,payment_link,allow,False,customer_decline,True,0.02086854,127.34000000,False,"[""eligible"", ""contextually_supported_or_manual"", ""highest_risk_adjusted_expected_value"", ""expected_value_margin:67.78"", ""probability_margin:0.02086854"", ""fallback_ineligible""]",0.54650664,True,387,66.60326136,0.58683640,True,625,91.91881191,0.56596786,True,50,36.09870729,0.40151262,True,196,56.61961283
TXN0000050416,C006548,2024-11-30 12:16:20,payment_link,0.90000000,1,payment_link,0,no_action,stop,False,authentication_required,False,0.02161646,,False,"[""no_eligible_positive_value_action"", ""failure_matrix:block"", ""margin_not_applicable_to_non_allow_decision""]",0.59110028,True,58,8.97709815,0.63264054,False,25,3.45418296,0.61102408,False,10,3.52962620,0.44103077,False,12,7.36805008
TXN0000123944,C008796,2024-11-30 12:21:01,escalate_to_merchant,0.90000000,0,escalate_to_merchant,0,no_action,stop,False,authentication_required,False,0.02771050,,False,"[""no_eligible_positive_value_action"", ""failure_matrix:block"", ""margin_not_applicable_to_non_allow_decision""]",0.54793566,False,49,7.23938140,0.59913999,False,8,4.29589038,0.57142949,False,23,3.80324523,0.42844358,False,11,2.70552140
TXN0000004486,C005229,2024-11-30 12:32:34,retry_payment,0.90000000,1,retry_payment,0,retry_payment,fallback,True,technical_retryable,True,0.00910538,,False,"[""decision_uncertain"", ""expected_value_margin:None"", ""probability_margin:None"", ""margin_not_applicable_to_non_allow_decision""]",0.66445470,True,126,18.74890631,0.67356008,False,9,9.00000000,0.64712113,True,73,15.08078281,0.50794315,True,237,33.53941007
TXN0000247107,C003248,2024-11-30 12:40:09,escalate_to_merchant,0.90000000,0,escalate_to_merchant,0,payment_link,allow,False,customer_decline,True,0.05992529,91.31000000,False,"[""eligible"", ""contextually_supported_or_manual"", ""highest_risk_adjusted_expected_value"", ""expected_value_margin:59.95"", ""probability_margin:0.05992529"", ""fallback_ineligible""]",0.42910808,True,134,25.67475706,0.52478206,True,55,23.54174517,0.46485677,True,69,17.37637634,0.33051750,True,213,29.38877094
TXN0000156249,C009618,2024-11-30 12:44:37,whatsapp_reminder,0.90000000,1,whatsapp_reminder,0,no_action,stop,False,authentication_required,False,0.01370275,,False,"[""no_eligible_positive_value_action"", ""failure_matrix:block"", ""margin_not_applicable_to_non_allow_decision""]",0.49916562,False,49,7.23938140,0.57899600,False,8,4.29589038,0.56529325,False,23,3.80324523,0.39065164,False,11,2.70552140
TXN0000164999,C004484,2024-11-30 13:18:12,payment_link,0.03333333,1,whatsapp_reminder,0,no_action,stop,False,technical_retryable,False,0.00724494,,False,"[""customer_opted_out"", ""margin_not_applicable_to_non_allow_decision""]",0.70314050,True,382,61.49646714,0.74264967,True,55,50.36414754,0.74989462,True,122,42.51287438,0.59473020,True,685,101.16768160
TXN0000146473,C005491,2024-11-30 13:36:17,whatsapp_reminder,0.90000000,1,whatsapp_reminder,0,retry_payment,fallback,True,technical_retryable,True,0.00123268,,False,"[""decision_uncertain"", ""expected_value_margin:2.377983272075653"", ""probability_margin:0.03801459074020386"", ""margin_not_applicable_to_non_allow_decision""]",0.68734008,True,382,61.49646714,0.72535467,True,55,50.36414754,0.72412199,True,122,42.51287438,0.58879042,True,685,101.16768160
TXN0000213122,C002729,2024-11-30 13:41:16,escalate_to_merchant,0.90000000,0,escalate_to_merchant,0,retry_payment,fallback,True,technical_retryable,True,0.06383777,,False,"[""decision_uncertain"", ""expected_value_margin:None"", ""probability_margin:None"", ""margin_not_applicable_to_non_allow_decision""]",0.58530778,True,58,8.97709815,0.68570244,False,3,3.00000000,0.62186468,False,24,3.90270249,0.51043761,False,8,8.00000000
TXN0000031600,C004677,2024-11-30 15:34:15,payment_link,0.90000000,0,payment_link,0,no_action,stop,False,customer_decline,False,0.03059381,,False,"[""no_eligible_positive_value_action"", ""failure_matrix:block"", ""margin_not_applicable_to_non_allow_decision""]",0.66342050,True,58,8.97709815,0.69401431,False,25,3.45418296,0.63067633,False,10,3.52962620,0.52968186,False,12,7.36805008
TXN0000193058,C005196,2024-11-30 16:17:27,whatsapp_reminder,0.90000000,1,whatsapp_reminder,0,whatsapp_reminder,fallback,True,authentication_required,True,0.03477442,,False,"[""decision_uncertain"", ""expected_value_margin:None"", ""probability_margin:None"", ""margin_not_applicable_to_non_allow_decision""]",0.53630626,False,49,7.90577463,0.54698485,False,6,6.00000000,0.58175927,True,63,11.63500628,0.41950706,True,88,12.69429910
TXN0000043185,C006006,2024-11-30 16:36:05,payment_link,0.90000000,0,payment_link,0,no_action,stop,False,customer_decline,False,0.01286799,,False,"[""no_eligible_positive_value_action"", ""failure_matrix:block"", ""margin_not_applicable_to_non_allow_decision""]",0.51131243,True,58,8.97709815,0.59358585,False,25,3.45418296,0.58071786,False,10,3.52962620,0.40296614,False,12,7.36805008
TXN0000087805,C008611,2024-11-30 17:26:39,retry_payment,0.90000000,1,retry_payment,0,payment_link,allow,False,customer_decline,True,0.02822995,5.75000000,False,"[""eligible"", ""contextually_supported_or_manual"", ""highest_risk_adjusted_expected_value"", ""expected_value_margin:19.86"", ""probability_margin:0.04540652"", ""fallback_ineligible""]",0.61663252,True,359,56.24386377,0.64486247,True,85,37.80492775,0.59945595,True,126,41.91580028,0.48428082,True,694,97.85794000
TXN0000112982,C008946,2024-11-30 18:04:02,retry_payment,0.90000000,1,retry_payment,0,payment_link,allow,False,technical_retryable,True,0.02522910,21.21000000,False,"[""eligible"", ""contextually_supported_or_manual"", ""highest_risk_adjusted_expected_value"", ""expected_value_margin:21.2"", ""probability_margin:0.05996615"", ""decision_margin_passed""]",0.74524188,True,359,56.24386377,0.80520803,True,85,37.80492775,0.77997893,True,126,41.91580028,0.67248386,True,694,97.85794000
TXN0000065598,C002677,2024-11-30 19:05:37,escalate_to_merchant,0.90000000,0,escalate_to_merchant,0,payment_link,allow,False,customer_decline,True,0.02634525,30.20000000,False,"[""eligible"", ""contextually_supported_or_manual"", ""highest_risk_adjusted_expected_value"", ""expected_value_margin:19.27"", ""probability_margin:0.02634525"", ""fallback_ineligible""]",0.56367546,True,134,25.67475706,0.61042845,True,55,23.54174517,0.58408320,True,69,17.37637634,0.39815447,True,213,29.38877094
TXN0000127270,C008345,2024-11-30 19:12:11,escalate_to_merchant,0.90000000,0,escalate_to_merchant,0,no_action,stop,False,authentication_required,False,0.05346584,,False,"[""no_eligible_positive_value_action"", ""failure_matrix:block"", ""margin_not_applicable_to_non_allow_decision""]",0.51827335,True,47,47.00000000,0.57173920,False,2,2.00000000,0.51629776,False,21,3.60798899,0.39883998,False,12,3.68852452
TXN0000041838,C004026,2024-11-30 19:22:45,whatsapp_reminder,0.03333333,0,retry_payment,0,no_action,stop,False,customer_decline,False,0.02238345,,False,"[""no_eligible_positive_value_action"", ""failure_matrix:block"", ""margin_not_applicable_to_non_allow_decision""]",0.55510396,True,58,8.97709815,0.60748434,False,25,3.45418296,0.58510089,False,10,3.52962620,0.41953620,False,12,7.36805008
TXN0000190008,C009176,2024-11-30 19:29:33,retry_payment,0.90000000,0,retry_payment,0,no_action,stop,False,authentication_required,False,0.06309265,,False,"[""no_eligible_positive_value_action"", ""failure_matrix:block"", ""margin_not_applicable_to_non_allow_decision""]",0.51287031,True,382,61.49646714,0.61922258,True,55,50.36414754,0.55612993,True,122,42.51287438,0.39668083,True,685,101.16768160
TXN0000127885,C008886,2024-11-30 19:46:07,retry_payment,0.90000000,1,retry_payment,0,retry_payment,fallback,True,technical_retryable,True,0.02756298,,False,"[""decision_uncertain"", ""expected_value_margin:21.17446279525757"", ""probability_margin:0.009417057037353516"", ""margin_not_applicable_to_non_allow_decision""]",0.59985310,True,134,25.67475706,0.59043604,True,55,23.54174517,0.62741607,True,69,17.37637634,0.46032247,True,213,29.38877094
TXN0000106156,C001384,2024-11-30 19:57:57,escalate_to_merchant,0.90000000,1,escalate_to_merchant,0,escalate_to_merchant,fallback,True,merchant_configuration,True,0.08304721,,False,"[""decision_uncertain"", ""expected_value_margin:None"", ""probability_margin:None"", ""margin_not_applicable_to_non_allow_decision""]",0.58396316,False,49,7.23938140,0.70249367,False,8,4.29589038,0.61944646,False,23,3.80324523,0.46734712,False,11,2.70552140
TXN0000077059,C004638,2024-11-30 20:02:31,retry_payment,0.90000000,1,retry_payment,0,payment_link,fallback,True,customer_decline,True,0.01394373,,False,"[""decision_uncertain"", ""expected_value_margin:27.58958601951599"", ""probability_margin:0.013943731784820557"", ""margin_not_applicable_to_non_allow_decision""]",0.66162014,True,387,66.60326136,0.73552096,True,625,91.91881191,0.72157723,True,50,36.09870729,0.55167353,True,196,56.61961283
TXN0000148365,C002776,2024-11-30 20:29:37,escalate_to_merchant,0.90000000,0,escalate_to_merchant,0,payment_link,allow,False,technical_retryable,True,0.00159866,13.98000000,False,"[""eligible"", ""contextually_supported_or_manual"", ""highest_risk_adjusted_expected_value"", ""expected_value_margin:13.97"", ""probability_margin:0.05385768"", ""decision_margin_passed""]",0.59885937,True,359,56.24386377,0.65271705,True,85,37.80492775,0.65111840,True,126,41.91580028,0.47577912,True,694,97.85794000
TXN0000007535,C006976,2024-11-30 20:34:58,escalate_to_merchant,0.90000000,0,escalate_to_merchant,0,payment_link,allow,False,authentication_required,True,0.04947779,54.34000000,False,"[""eligible"", ""contextually_supported_or_manual"", ""highest_risk_adjusted_expected_value"", ""expected_value_margin:30.01"", ""probability_margin:0.04947779"", ""fallback_ineligible""]",0.41190150,True,134,25.67475706,0.50752115,True,55,23.54174517,0.45804337,True,69,17.37637634,0.37706217,True,213,29.38877094
TXN0000105974,C000530,2024-11-30 21:42:13,escalate_to_merchant,0.90000000,0,escalate_to_merchant,0,retry_payment,fallback,True,technical_retryable,True,0.01139569,,False,"[""decision_uncertain"", ""expected_value_margin:3.4121395349502563"", ""probability_margin:0.044929683208465576"", ""margin_not_applicable_to_non_allow_decision""]",0.61478460,True,382,61.49646714,0.65971428,True,55,50.36414754,0.67110997,True,122,42.51287438,0.50048405,True,685,101.16768160
TXN0000184408,C000060,2024-11-30 22:02:21,escalate_to_merchant,0.90000000,1,escalate_to_merchant,0,retry_payment,fallback,True,technical_retryable,True,0.02014932,,False,"[""decision_uncertain"", ""expected_value_margin:0.9872305393218994"", ""probability_margin:-0.007524430751800537"", ""margin_not_applicable_to_non_allow_decision""]",0.47947094,True,134,25.67475706,0.48699537,True,55,23.54174517,0.50714469,True,69,17.37637634,0.35793820,True,213,29.38877094
TXN0000174905,C008187,2024-12-01 07:16:45,retry_payment,0.90000000,0,retry_payment,0,escalate_to_merchant,fallback,True,merchant_configuration,True,0.00922179,,False,"[""decision_uncertain"", ""expected_value_margin:None"", ""probability_margin:None"", ""margin_not_applicable_to_non_allow_decision""]",0.66969746,True,359,56.24386377,0.69131732,True,85,37.80492775,0.68209553,True,126,41.91580028,0.52503383,True,694,97.85794000
TXN0000086916,C006704,2024-12-01 07:18:47,retry_payment,0.90000000,0,retry_payment,0,payment_link,fallback,True,authentication_required,True,0.01663506,,False,"[""decision_uncertain"", ""expected_value_margin:55.44038915634155"", ""probability_margin:0.01663506031036377"", ""margin_not_applicable_to_non_allow_decision""]",0.61220658,True,387,66.60326136,0.63939393,True,625,91.91881191,0.62275887,True,50,36.09870729,0.44511428,True,196,56.61961283
TXN0000150875,C003891,2024-12-01 10:08:44,escalate_to_merchant,0.90000000,1,escalate_to_merchant,0,retry_payment,fallback,True,technical_retryable,True,0.00786620,,False,"[""decision_uncertain"", ""expected_value_margin:28.61132913827896"", ""probability_margin:0.010521352291107178"", ""margin_not_applicable_to_non_allow_decision""]",0.54900271,True,129,19.07760664,0.53848135,True,218,30.47265689,0.55686891,True,34,21.95535821,0.43657479,True,65,18.84615345
TXN0000052677,C005546,2024-12-01 10:18:47,retry_payment,0.90000000,1,retry_payment,0,whatsapp_reminder,fallback,True,authentication_required,True,0.03454739,,False,"[""decision_uncertain"", ""expected_value_margin:None"", ""probability_margin:None"", ""margin_not_applicable_to_non_allow_decision""]",0.61576605,True,172,27.72056966,0.60315382,False,17,16.07278182,0.65031344,True,66,18.92736169,0.48799849,True,211,29.09046962
TXN0000225750,C000380,2024-12-01 11:18:32,retry_payment,0.90000000,1,retry_payment,0,payment_link,fallback,True,customer_decline,True,0.04808992,,False,"[""decision_uncertain"", ""expected_value_margin:None"", ""probability_margin:None"", ""margin_not_applicable_to_non_allow_decision""]",0.59299338,True,59,8.94277964,0.64539081,True,90,12.53697431,0.59730089,False,19,4.27099396,0.43730262,True,43,10.73819641
TXN0000097190,C007060,2024-12-01 11:41:05,payment_link,0.90000000,0,payment_link,0,payment_link,allow,False,technical_retryable,True,0.03183073,54.12000000,False,"[""eligible"", ""contextually_supported_or_manual"", ""highest_risk_adjusted_expected_value"", ""expected_value_margin:54.12"", ""probability_margin:0.02412438"", ""decision_margin_passed""]",0.63585150,True,129,19.07760664,0.65997589,True,218,30.47265689,0.69180661,True,34,21.95535821,0.51533574,True,65,18.84615345
TXN0000026943,C001490,2024-12-01 11:42:54,retry_payment,0.90000000,1,retry_payment,0,retry_payment,fallback,True,technical_retryable,True,0.01397175,,False,"[""decision_uncertain"", ""expected_value_margin:None"", ""probability_margin:None"", ""margin_not_applicable_to_non_allow_decision""]",0.65139151,True,58,8.97709815,0.69155902,False,25,3.45418296,0.67758727,False,10,3.52962620,0.50321704,False,12,7.36805008
TXN0000122221,C005818,2024-12-01 12:07:29,retry_payment,0.90000000,0,retry_payment,0,whatsapp_reminder,fallback,True,customer_decline,True,0.00574106,,False,"[""decision_uncertain"", ""expected_value_margin:44.66494965553284"", ""probability_margin:0.00574105978012085"", ""margin_not_applicable_to_non_allow_decision""]",0.63862139,True,387,66.60326136,0.64490724,True,625,91.91881191,0.65064830,True,50,36.09870729,0.39867461,True,196,56.61961283
TXN0000082464,C009557,2024-12-01 12:24:05,escalate_to_merchant,0.90000000,0,escalate_to_merchant,0,payment_link,fallback,True,authentication_required,True,0.04529828,,False,"[""decision_uncertain"", ""expected_value_margin:6.039584934711456"", ""probability_margin:0.04529827833175659"", ""margin_not_applicable_to_non_allow_decision""]",0.62049371,True,382,61.49646714,0.69860423,True,55,50.36414754,0.65330595,True,122,42.51287438,0.51291412,True,685,101.16768160
TXN0000154113,C007893,2024-12-01 12:31:15,payment_link,0.90000000,1,payment_link,0,payment_link,allow,False,technical_retryable,True,0.07351008,431.09000000,False,"[""eligible"", ""contextually_supported_or_manual"", ""highest_risk_adjusted_expected_value"", ""expected_value_margin:431.09"", ""probability_margin:0.09094656"", ""decision_margin_passed""]",0.41713184,True,59,8.94277964,0.50807840,True,90,12.53697431,0.43456832,False,19,4.27099396,0.26130843,True,43,10.73819641
TXN0000208399,C002330,2024-12-01 13:15:00,whatsapp_reminder,0.03333333,0,retry_payment,0,no_action,stop,False,authentication_required,False,0.01443136,,False,"[""no_eligible_positive_value_action"", ""failure_matrix:block"", ""margin_not_applicable_to_non_allow_decision""]",0.66805160,True,172,27.72056966,0.69910055,False,17,16.07278182,0.68466920,True,66,18.92736169,0.55893642,True,211,29.09046962
TXN0000015124,C003987,2024-12-01 14:09:11,retry_payment,0.90000000,1,retry_payment,0,retry_payment,fallback,True,technical_retryable,True,0.00446516,,False,"[""decision_uncertain"", ""expected_value_margin:None"", ""probability_margin:None"", ""margin_not_applicable_to_non_allow_decision""]",0.49797961,True,172,27.72056966,0.55532831,False,17,16.07278182,0.55979347,True,66,18.92736169,0.40090543,True,211,29.09046962
TXN0000013269,C001864,2024-12-01 14:25:38,retry_payment,0.90000000,1,retry_payment,0,payment_link,allow,False,customer_decline,True,0.04959118,70.89000000,False,"[""eligible"", ""contextually_supported_or_manual"", ""highest_risk_adjusted_expected_value"", ""expected_value_margin:67.03"", ""probability_margin:0.04959118"", ""fallback_ineligible""]",0.62750429,True,362,56.55389812,0.68397021,True,241,49.77543607,0.63437903,True,96,34.06733257,0.46801513,True,512,71.09486331
TXN0000181897,C004556,2024-12-01 14:57:47,escalate_to_merchant,0.90000000,1,escalate_to_merchant,0,retry_payment,fallback,True,technical_retryable,True,0.01499224,,False,"[""decision_uncertain"", ""expected_value_margin:None"", ""probability_margin:None"", ""margin_not_applicable_to_non_allow_decision""]",0.53758132,True,172,27.72056966,0.55242938,False,17,16.07278182,0.56742162,True,66,18.92736169,0.43784869,True,211,29.09046962
TXN0000233421,C008272,2024-12-01 15:03:17,retry_payment,0.90000000,1,retry_payment,0,no_action,stop,False,authentication_required,False,0.02241647,,False,"[""no_eligible_positive_value_action"", ""failure_matrix:block"", ""margin_not_applicable_to_non_allow_decision""]",0.68252790,False,49,7.23938140,0.70494437,False,8,4.29589038,0.68083274,False,23,3.80324523,0.55590999,False,11,2.70552140
TXN0000028590,C008724,2024-12-01 15:54:49,whatsapp_reminder,0.90000000,0,whatsapp_reminder,0,payment_link,allow,False,technical_retryable,True,0.01518714,22.80000000,False,"[""eligible"", ""contextually_supported_or_manual"", ""highest_risk_adjusted_expected_value"", ""expected_value_margin:22.8"", ""probability_margin:0.06725544"", ""decision_margin_passed""]",0.58374560,True,359,56.24386377,0.65100104,True,85,37.80492775,0.63581389,True,126,41.91580028,0.48052606,True,694,97.85794000
TXN0000127303,C009416,2024-12-01 17:00:27,retry_payment,0.90000000,1,retry_payment,0,payment_link,fallback,True,authentication_required,True,0.00460440,,False,"[""decision_uncertain"", ""expected_value_margin:6.0609405636787415"", ""probability_margin:0.00460439920425415"", ""margin_not_applicable_to_non_allow_decision""]",0.65198874,True,129,19.07760664,0.66642845,True,218,30.47265689,0.66182405,True,34,21.95535821,0.51445031,True,65,18.84615345
TXN0000220979,C004061,2024-12-01 17:20:20,payment_link,0.90000000,0,payment_link,0,payment_link,fallback,True,customer_decline,True,0.00170445,,False,"[""decision_uncertain"", ""expected_value_margin:0.08339810371398926"", ""probability_margin:0.0017044544219970703"", ""margin_not_applicable_to_non_allow_decision""]",0.41478509,True,134,25.67475706,0.45105582,True,55,23.54174517,0.44935137,True,69,17.37637634,0.30547374,True,213,29.38877094
TXN0000178595,C000905,2024-12-01 17:29:09,retry_payment,0.90000000,1,retry_payment,0,whatsapp_reminder,fallback,True,customer_decline,True,0.00360024,,False,"[""decision_uncertain"", ""expected_value_margin:4.572154641151428"", ""probability_margin:0.0036002397537231445"", ""margin_not_applicable_to_non_allow_decision""]",0.63925302,True,134,25.67475706,0.67673522,True,55,23.54174517,0.68033546,True,69,17.37637634,0.51195610,True,213,29.38877094
TXN0000168809,C002999,2024-12-01 18:19:29,whatsapp_reminder,0.90000000,1,whatsapp_reminder,0,no_action,stop,False,authentication_required,False,0.02152231,,False,"[""customer_opted_out"", ""margin_not_applicable_to_non_allow_decision""]",0.42526639,False,4,1.22950817,0.44678870,False,1,1.00000000,0.38279173,True,25,25.00000000,0.34626901,False,2,1.07397260
TXN0000097046,C009605,2024-12-01 19:30:55,whatsapp_reminder,0.90000000,0,whatsapp_reminder,0,payment_link,allow,False,technical_retryable,True,0.00494182,22.23000000,False,"[""eligible"", ""contextually_supported_or_manual"", ""highest_risk_adjusted_expected_value"", ""expected_value_margin:22.23"", ""probability_margin:0.02445614"", ""decision_margin_passed""]",0.57909787,True,134,25.67475706,0.60355401,True,55,23.54174517,0.59861219,True,69,17.37637634,0.44214222,True,213,29.38877094
TXN0000150209,C006267,2024-12-01 19:34:37,escalate_to_merchant,0.90000000,0,escalate_to_merchant,0,retry_payment,fallback,True,technical_retryable,True,0.03589827,,False,"[""decision_uncertain"", ""expected_value_margin:None"", ""probability_margin:None"", ""margin_not_applicable_to_non_allow_decision""]",0.62076342,True,47,47.00000000,0.68439758,False,2,2.00000000,0.64849931,False,21,3.60798899,0.52237260,False,12,3.68852452
TXN0000183512,C002267,2024-12-01 19:39:24,whatsapp_reminder,0.90000000,0,whatsapp_reminder,0,no_action,stop,False,technical_retryable,False,0.02700824,,False,"[""no_eligible_positive_value_action"", ""failure_matrix:block"", ""margin_not_applicable_to_non_allow_decision""]",0.73326999,False,49,7.23938140,0.77690929,False,8,4.29589038,0.74990106,False,23,3.80324523,0.59894091,False,11,2.70552140
TXN0000114409,C007270,2024-12-01 20:41:59,retry_payment,0.90000000,1,retry_payment,0,whatsapp_reminder,fallback,True,customer_decline,True,0.02269876,,False,"[""decision_uncertain"", ""expected_value_margin:None"", ""probability_margin:None"", ""margin_not_applicable_to_non_allow_decision""]",0.66853780,True,172,27.72056966,0.72084349,False,17,16.07278182,0.69814473,True,66,18.92736169,0.59658021,True,211,29.09046962
TXN0000100634,C001802,2024-12-01 20:48:57,retry_payment,0.90000000,1,retry_payment,0,no_action,stop,False,authentication_required,False,0.03200847,,False,"[""no_eligible_positive_value_action"", ""failure_matrix:block"", ""margin_not_applicable_to_non_allow_decision""]",0.61345035,True,58,8.97709815,0.66710418,False,25,3.45418296,0.63509572,False,10,3.52962620,0.46924782,False,12,7.36805008
TXN0000001042,C001179,2024-12-01 21:01:29,escalate_to_merchant,0.90000000,0,escalate_to_merchant,0,payment_link,allow,False,customer_decline,True,0.03538531,34.70000000,False,"[""eligible"", ""contextually_supported_or_manual"", ""highest_risk_adjusted_expected_value"", ""expected_value_margin:21.95"", ""probability_margin:0.03538531"", ""fallback_ineligible""]",0.57616043,True,134,25.67475706,0.63858253,True,55,23.54174517,0.60319722,True,69,17.37637634,0.47296748,True,213,29.38877094
TXN0000212724,C007684,2024-12-01 22:05:11,escalate_to_merchant,0.90000000,0,escalate_to_merchant,0,payment_link,allow,False,technical_retryable,True,0.01694393,80.66000000,False,"[""eligible"", ""contextually_supported_or_manual"", ""highest_risk_adjusted_expected_value"", ""expected_value_margin:80.66"", ""probability_margin:0.06970313"", ""decision_margin_passed""]",0.46537063,True,134,25.67475706,0.53507376,True,55,23.54174517,0.51812983,True,69,17.37637634,0.33238509,True,213,29.38877094
TXN0000243702,C005218,2024-12-01 22:17:13,payment_link,0.90000000,0,payment_link,0,payment_link,allow,False,technical_retryable,True,0.01512259,377.99000000,False,"[""eligible"", ""contextually_supported_or_manual"", ""highest_risk_adjusted_expected_value"", ""expected_value_margin:377.99"", ""probability_margin:0.03639722"", ""decision_margin_passed""]",0.53637618,True,387,66.60326136,0.57277340,True,625,91.91881191,0.55765080,True,50,36.09870729,0.34271753,True,196,56.61961283
TXN0000151642,C003306,2024-12-01 23:21:49,escalate_to_merchant,0.90000000,1,escalate_to_merchant,0,no_action,stop,False,customer_decline,False,0.02382374,,False,"[""no_eligible_positive_value_action"", ""failure_matrix:block"", ""margin_not_applicable_to_non_allow_decision""]",0.61545599,True,47,47.00000000,0.65894347,False,2,2.00000000,0.63511974,False,21,3.60798899,0.50589526,False,12,3.68852452
TXN0000078413,C006164,2024-12-02 07:27:14,whatsapp_reminder,0.90000000,1,whatsapp_reminder,0,no_action,stop,False,customer_decline,False,0.02169615,,False,"[""customer_opted_out"", ""margin_not_applicable_to_non_allow_decision""]",0.60075200,True,126,18.74890631,0.63172263,False,9,9.00000000,0.61002648,True,73,15.08078281,0.50553977,True,237,33.53941007
TXN0000235545,C005384,2024-12-02 09:41:35,retry_payment,0.90000000,1,retry_payment,0,no_action,stop,False,technical_retryable,False,0.02969587,,False,"[""no_eligible_positive_value_action"", ""failure_matrix:block"", ""margin_not_applicable_to_non_allow_decision""]",0.62711591,False,49,7.23938140,0.65592104,False,8,4.29589038,0.68561691,False,23,3.80324523,0.48622227,False,11,2.70552140
TXN0000064092,C006595,2024-12-02 09:47:29,escalate_to_merchant,0.90000000,0,escalate_to_merchant,0,no_action,stop,False,authentication_required,False,0.05055320,,False,"[""no_eligible_positive_value_action"", ""failure_matrix:block"", ""margin_not_applicable_to_non_allow_decision""]",0.57051468,True,47,47.00000000,0.64249939,False,2,2.00000000,0.59194618,False,21,3.60798899,0.47510535,False,12,3.68852452
TXN0000191381,C003589,2024-12-02 10:10:14,whatsapp_reminder,0.90000000,0,whatsapp_reminder,0,no_action,stop,False,technical_retryable,False,0.00816351,,False,"[""no_eligible_positive_value_action"", ""failure_matrix:block"", ""margin_not_applicable_to_non_allow_decision""]",0.55681926,False,19,3.41762696,0.60444301,False,2,2.00000000,0.59627950,False,6,6.00000000,0.47964975,False,1,1.00000000
TXN0000206345,C002258,2024-12-02 11:02:39,escalate_to_merchant,0.90000000,0,escalate_to_merchant,0,retry_payment,fallback,True,technical_retryable,True,0.02040511,,False,"[""decision_uncertain"", ""expected_value_margin:1.879324197769165"", ""probability_margin:-0.05829215049743652"", ""margin_not_applicable_to_non_allow_decision""]",0.58960432,True,382,61.49646714,0.64789647,True,55,50.36414754,0.62749135,True,122,42.51287438,0.48351243,True,685,101.16768160
TXN0000110622,C000580,2024-12-02 11:36:20,escalate_to_merchant,0.03333333,0,retry_payment,0,no_action,stop,False,authentication_required,False,0.00085759,,False,"[""no_eligible_positive_value_action"", ""failure_matrix:block"", ""margin_not_applicable_to_non_allow_decision""]",0.65774071,False,6,6.00000000,0.65785915,False,0,0.00000000,0.65871674,False,10,10.00000000,0.51262432,False,2,2.00000000
TXN0000037198,C007656,2024-12-02 12:02:14,whatsapp_reminder,0.90000000,1,whatsapp_reminder,0,no_action,stop,False,technical_retryable,False,0.02971494,,False,"[""customer_opted_out"", ""margin_not_applicable_to_non_allow_decision""]",0.59074587,True,129,19.07760664,0.62337315,True,218,30.47265689,0.65308809,True,34,21.95535821,0.46436116,True,65,18.84615345
TXN0000180286,C005367,2024-12-02 12:09:13,escalate_to_merchant,0.90000000,0,escalate_to_merchant,0,no_action,stop,False,authentication_required,False,0.00580281,,False,"[""no_eligible_positive_value_action"", ""failure_matrix:block"", ""margin_not_applicable_to_non_allow_decision""]",0.56793684,False,49,7.23938140,0.60503078,False,8,4.29589038,0.59922796,False,23,3.80324523,0.46702796,False,11,2.70552140
TXN0000026216,C002647,2024-12-02 12:47:37,retry_payment,0.90000000,1,retry_payment,0,no_action,stop,False,customer_decline,False,0.04213178,,False,"[""no_eligible_positive_value_action"", ""failure_matrix:block"", ""margin_not_applicable_to_non_allow_decision""]",0.59931940,False,18,18.00000000,0.64145118,False,1,1.00000000,0.56862414,False,7,3.29758098,0.46352875,False,0,0.00000000
TXN0000171607,C009427,2024-12-02 13:00:04,retry_payment,0.90000000,1,retry_payment,0,escalate_to_merchant,fallback,True,merchant_configuration,True,0.03907824,,False,"[""decision_uncertain"", ""expected_value_margin:None"", ""probability_margin:None"", ""margin_not_applicable_to_non_allow_decision""]",0.56173396,True,58,8.97709815,0.62153363,False,25,3.45418296,0.58245540,False,10,3.52962620,0.41531110,False,12,7.36805008
TXN0000026242,C006584,2024-12-02 13:45:52,retry_payment,0.90000000,0,retry_payment,0,escalate_to_merchant,fallback,True,merchant_configuration,True,0.00815636,,False,"[""decision_uncertain"", ""expected_value_margin:None"", ""probability_margin:None"", ""margin_not_applicable_to_non_allow_decision""]",0.64207029,True,58,8.97709815,0.67103833,False,3,3.00000000,0.67919469,False,24,3.90270249,0.52233618,False,8,8.00000000
TXN0000153246,C007035,2024-12-02 15:08:57,escalate_to_merchant,0.90000000,0,escalate_to_merchant,0,retry_payment,fallback,True,technical_retryable,True,0.05079997,,False,"[""decision_uncertain"", ""expected_value_margin:None"", ""probability_margin:None"", ""margin_not_applicable_to_non_allow_decision""]",0.57765043,True,172,27.72056966,0.65534538,False,17,16.07278182,0.60454541,True,66,18.92736169,0.45891312,True,211,29.09046962
TXN0000179440,C008005,2024-12-02 15:25:18,retry_payment,0.90000000,1,retry_payment,0,no_action,stop,False,technical_retryable,False,0.07881796,,False,"[""no_eligible_positive_value_action"", ""failure_matrix:block"", ""margin_not_applicable_to_non_allow_decision""]",0.56415892,False,49,7.23938140,0.66760015,False,8,4.29589038,0.58878219,False,23,3.80324523,0.44347537,False,11,2.70552140
TXN0000051113,C007892,2024-12-02 15:28:04,whatsapp_reminder,0.03333333,0,retry_payment,0,retry_payment,fallback,True,technical_retryable,True,0.03312135,,False,"[""decision_uncertain"", ""expected_value_margin:None"", ""probability_margin:None"", ""margin_not_applicable_to_non_allow_decision""]",0.78582269,True,58,8.97709815,0.82312834,False,25,3.45418296,0.79000700,False,10,3.52962620,0.65089738,False,12,7.36805008
TXN0000175671,C009006,2024-12-02 16:38:19,whatsapp_reminder,0.90000000,1,whatsapp_reminder,0,retry_payment,fallback,True,technical_retryable,True,0.01438105,,False,"[""decision_uncertain"", ""expected_value_margin:None"", ""probability_margin:None"", ""margin_not_applicable_to_non_allow_decision""]",0.67199022,True,58,8.97709815,0.70320129,False,3,3.00000000,0.71758235,False,24,3.90270249,0.57286173,False,8,8.00000000
TXN0000124451,C007529,2024-12-02 17:02:26,whatsapp_reminder,0.90000000,1,whatsapp_reminder,0,no_action,stop,False,customer_decline,False,0.04099673,,False,"[""no_eligible_positive_value_action"", ""failure_matrix:block"", ""margin_not_applicable_to_non_allow_decision""]",0.52860230,False,19,3.41762696,0.59256697,False,2,2.00000000,0.55157024,False,6,6.00000000,0.50668275,False,1,1.00000000
TXN0000107107,C002554,2024-12-02 17:17:32,escalate_to_merchant,0.90000000,0,escalate_to_merchant,0,whatsapp_reminder,allow,False,authentication_required,True,0.01510233,4.34000000,False,"[""eligible"", ""contextually_supported_or_manual"", ""highest_risk_adjusted_expected_value"", ""expected_value_margin:23.93"", ""probability_margin:0.03244877"", ""fallback_ineligible""]",0.57814640,True,134,25.67475706,0.56079996,True,55,23.54174517,0.59324872,True,69,17.37637634,0.47110724,True,213,29.38877094
TXN0000136061,C009184,2024-12-02 17:28:36,retry_payment,0.90000000,1,retry_payment,0,retry_payment,fallback,True,technical_retryable,True,0.03786057,,False,"[""decision_uncertain"", ""expected_value_margin:None"", ""probability_margin:None"", ""margin_not_applicable_to_non_allow_decision""]",0.62297428,True,47,47.00000000,0.62882072,False,2,2.00000000,0.66668129,False,21,3.60798899,0.47668222,False,12,3.68852452
TXN0000087047,C007919,2024-12-02 17:40:19,whatsapp_reminder,0.90000000,0,whatsapp_reminder,0,no_action,stop,False,technical_retryable,False,0.03023684,,False,"[""no_eligible_positive_value_action"", ""failure_matrix:block"", ""margin_not_applicable_to_non_allow_decision""]",0.66967970,False,49,7.23938140,0.69991654,False,8,4.29589038,0.66747671,False,23,3.80324523,0.53629720,False,11,2.70552140
TXN0000183321,C008081,2024-12-02 18:08:20,escalate_to_merchant,0.90000000,0,escalate_to_merchant,0,whatsapp_reminder,fallback,True,authentication_required,True,0.02921462,,False,"[""decision_uncertain"", ""expected_value_margin:None"", ""probability_margin:None"", ""margin_not_applicable_to_non_allow_decision""]",0.69624990,True,172,27.72056966,0.73481470,False,17,16.07278182,0.70560008,True,66,18.92736169,0.59001774,True,211,29.09046962
TXN0000092145,C005101,2024-12-02 19:56:35,retry_payment,0.90000000,1,retry_payment,0,payment_link,allow,False,authentication_required,True,0.03408217,104.62000000,False,"[""eligible"", ""contextually_supported_or_manual"", ""highest_risk_adjusted_expected_value"", ""expected_value_margin:85.85"", ""probability_margin:0.03408217"", ""fallback_ineligible""]",0.62008703,True,129,19.07760664,0.66365278,True,218,30.47265689,0.62957060,True,34,21.95535821,0.48261699,True,65,18.84615345
TXN0000100564,C004906,2024-12-02 20:11:58,retry_payment,0.90000000,0,retry_payment,0,whatsapp_reminder,fallback,True,authentication_required,True,0.00712061,,False,"[""decision_uncertain"", ""expected_value_margin:None"", ""probability_margin:None"", ""margin_not_applicable_to_non_allow_decision""]",0.58738494,True,172,27.72056966,0.61359894,False,17,16.07278182,0.62071955,True,66,18.92736169,0.44637209,True,211,29.09046962
TXN0000062343,C002405,2024-12-02 20:22:05,retry_payment,0.90000000,0,retry_payment,0,retry_payment,fallback,True,technical_retryable,True,0.01925290,,False,"[""decision_uncertain"", ""expected_value_margin:None"", ""probability_margin:None"", ""margin_not_applicable_to_non_allow_decision""]",0.59241730,True,58,8.97709815,0.68397063,False,3,3.00000000,0.66471773,False,24,3.90270249,0.51778126,False,8,8.00000000
TXN0000152048,C007277,2024-12-02 20:37:01,payment_link,0.90000000,1,payment_link,0,payment_link,allow,False,technical_retryable,True,0.03619432,182.72000000,False,"[""eligible"", ""contextually_supported_or_manual"", ""highest_risk_adjusted_expected_value"", ""expected_value_margin:182.72"", ""probability_margin:0.05760163"", ""decision_margin_passed""]",0.60199726,True,387,66.60326136,0.65959889,True,625,91.91881191,0.62340456,True,50,36.09870729,0.42751262,True,196,56.61961283
TXN0000226630,C002676,2024-12-02 21:21:11,escalate_to_merchant,0.90000000,0,escalate_to_merchant,0,no_action,stop,False,authentication_required,False,0.00433969,,False,"[""no_eligible_positive_value_action"", ""failure_matrix:block"", ""margin_not_applicable_to_non_allow_decision""]",0.58516425,True,47,47.00000000,0.63236469,False,2,2.00000000,0.62802500,False,21,3.60798899,0.44273564,False,12,3.68852452
TXN0000093364,C001919,2024-12-02 22:44:49,escalate_to_merchant,0.90000000,1,escalate_to_merchant,0,retry_payment,fallback,True,technical_retryable,True,0.00063628,,False,"[""decision_uncertain"", ""expected_value_margin:None"", ""probability_margin:None"", ""margin_not_applicable_to_non_allow_decision""]",0.49955419,True,126,18.74890631,0.47498342,False,9,9.00000000,0.49891791,True,73,15.08078281,0.36401302,True,237,33.53941007
TXN0000158533,C005050,2024-12-03 02:38:35,retry_payment,0.90000000,0,retry_payment,0,escalate_to_merchant,fallback,True,merchant_configuration,True,0.02034163,,False,"[""decision_uncertain"", ""expected_value_margin:None"", ""probability_margin:None"", ""margin_not_applicable_to_non_allow_decision""]",0.68070543,True,58,8.97709815,0.71776921,False,25,3.45418296,0.73811084,False,10,3.52962620,0.52187675,False,12,7.36805008
TXN0000043415,C008000,2024-12-03 05:53:32,escalate_to_merchant,0.90000000,1,escalate_to_merchant,0,payment_link,allow,False,technical_retryable,True,0.01347494,14.72000000,False,"[""eligible"", ""contextually_supported_or_manual"", ""highest_risk_adjusted_expected_value"", ""expected_value_margin:14.72"", ""probability_margin:0.03670567"", ""decision_margin_passed""]",0.58509177,True,359,56.24386377,0.62179744,True,85,37.80492775,0.60832250,True,126,41.91580028,0.45031446,True,694,97.85794000
TXN0000219834,C004532,2024-12-03 08:08:26,retry_payment,0.90000000,1,retry_payment,0,no_action,stop,False,customer_decline,False,0.00113451,,False,"[""no_eligible_positive_value_action"", ""failure_matrix:block"", ""margin_not_applicable_to_non_allow_decision""]",0.57191592,True,58,8.97709815,0.59281212,False,3,3.00000000,0.59394664,False,24,3.90270249,0.45257169,False,8,8.00000000
TXN0000026875,C003344,2024-12-03 08:10:02,escalate_to_merchant,0.90000000,0,escalate_to_merchant,0,payment_link,allow,False,technical_retryable,True,0.02876961,41.34000000,False,"[""eligible"", ""contextually_supported_or_manual"", ""highest_risk_adjusted_expected_value"", ""expected_value_margin:41.34"", ""probability_margin:0.02876961"", ""decision_margin_passed""]",0.50093269,True,387,66.60326136,0.52970231,True,625,91.91881191,0.49985817,True,50,36.09870729,0.31959066,True,196,56.61961283
TXN0000147242,C007108,2024-12-03 08:29:39,whatsapp_reminder,0.90000000,1,whatsapp_reminder,0,payment_link,allow,False,authentication_required,True,0.02929133,19.88000000,False,"[""eligible"", ""contextually_supported_or_manual"", ""highest_risk_adjusted_expected_value"", ""expected_value_margin:20.1"", ""probability_margin:0.02929133"", ""fallback_ineligible""]",0.57244855,True,362,56.55389812,0.60899580,True,241,49.77543607,0.57970446,True,96,34.06733257,0.45599049,True,512,71.09486331
TXN0000014229,C004173,2024-12-03 09:01:31,payment_link,0.90000000,1,payment_link,0,payment_link,allow,False,customer_decline,True,0.02695692,192.78000000,False,"[""eligible"", ""contextually_supported_or_manual"", ""highest_risk_adjusted_expected_value"", ""expected_value_margin:91.83"", ""probability_margin:0.02695692"", ""fallback_ineligible""]",0.65979415,True,387,66.60326136,0.71732324,True,625,91.91881191,0.69036633,True,50,36.09870729,0.50208271,True,196,56.61961283
TXN0000031359,C008223,2024-12-03 09:36:48,payment_link,0.03333333,1,escalate_to_merchant,0,whatsapp_reminder,fallback,True,authentication_required,True,0.00059554,,False,"[""decision_uncertain"", ""expected_value_margin:None"", ""probability_margin:None"", ""margin_not_applicable_to_non_allow_decision""]",0.49692559,True,172,27.72056966,0.49633005,False,17,16.07278182,0.49045599,True,66,18.92736169,0.39474297,True,211,29.09046962
TXN0000223142,C001469,2024-12-03 10:03:01,payment_link,0.90000000,1,payment_link,0,payment_link,allow,False,technical_retryable,True,0.05747902,63.51000000,False,"[""eligible"", ""contextually_supported_or_manual"", ""highest_risk_adjusted_expected_value"", ""expected_value_margin:63.5"", ""probability_margin:0.05747902"", ""decision_margin_passed""]",0.57167417,True,134,25.67475706,0.62915319,True,55,23.54174517,0.57060337,True,69,17.37637634,0.41957930,True,213,29.38877094
TXN0000209840,C009790,2024-12-03 10:51:02,escalate_to_merchant,0.90000000,1,escalate_to_merchant,0,whatsapp_reminder,fallback,True,authentication_required,True,0.03373757,,False,"[""decision_uncertain"", ""expected_value_margin:None"", ""probability_margin:None"", ""margin_not_applicable_to_non_allow_decision""]",0.47677791,True,172,27.72056966,0.51660907,False,17,16.07278182,0.48287150,True,66,18.92736169,0.33475044,True,211,29.09046962
TXN0000064666,C009691,2024-12-03 11:40:52,whatsapp_reminder,0.90000000,1,whatsapp_reminder,0,no_action,stop,False,authentication_required,False,0.00668591,,False,"[""customer_opted_out"", ""margin_not_applicable_to_non_allow_decision""]",0.63336247,False,4,1.22950817,0.62667656,False,1,1.00000000,0.59243530,True,25,25.00000000,0.47735924,False,2,1.07397260
TXN0000155310,C007112,2024-12-03 12:05:00,escalate_to_merchant,0.90000000,0,escalate_to_merchant,0,no_action,stop,False,customer_decline,False,0.04924643,,False,"[""no_eligible_positive_value_action"", ""failure_matrix:block"", ""margin_not_applicable_to_non_allow_decision""]",0.53144801,True,47,47.00000000,0.63114786,False,2,2.00000000,0.58190143,False,21,3.60798899,0.46668601,False,12,3.68852452
TXN0000246675,C005873,2024-12-03 12:09:43,payment_link,0.03333333,1,retry_payment,0,whatsapp_reminder,fallback,True,authentication_required,True,0.00208938,,False,"[""decision_uncertain"", ""expected_value_margin:4.579660058021545"", ""probability_margin:0.002089381217956543"", ""margin_not_applicable_to_non_allow_decision""]",0.64196473,True,362,56.55389812,0.66029721,True,241,49.77543607,0.66238660,True,96,34.06733257,0.50933319,True,512,71.09486331
TXN0000093003,C009625,2024-12-03 14:36:25,whatsapp_reminder,0.90000000,1,whatsapp_reminder,0,no_action,stop,False,authentication_required,False,0.00632936,,False,"[""no_eligible_positive_value_action"", ""failure_matrix:block"", ""margin_not_applicable_to_non_allow_decision""]",0.56582773,True,47,47.00000000,0.60216457,False,2,2.00000000,0.60849392,False,21,3.60798899,0.45882592,False,12,3.68852452
TXN0000184002,C005438,2024-12-03 14:36:43,whatsapp_reminder,0.90000000,0,whatsapp_reminder,0,retry_payment,fallback,True,technical_retryable,True,0.03392351,,False,"[""decision_uncertain"", ""expected_value_margin:None"", ""probability_margin:None"", ""margin_not_applicable_to_non_allow_decision""]",0.51119256,True,47,47.00000000,0.60508293,False,2,2.00000000,0.57115942,False,21,3.60798899,0.44668555,False,12,3.68852452
TXN0000120262,C001954,2024-12-03 14:41:25,escalate_to_merchant,0.03333333,1,retry_payment,0,escalate_to_merchant,fallback,True,merchant_configuration,True,0.01433885,,False,"[""decision_uncertain"", ""expected_value_margin:None"", ""probability_margin:None"", ""margin_not_applicable_to_non_allow_decision""]",0.62586838,True,58,8.97709815,0.66621363,False,3,3.00000000,0.68055248,False,24,3.90270249,0.52801824,False,8,8.00000000
TXN0000186567,C000177,2024-12-03 14:50:45,retry_payment,0.90000000,0,retry_payment,0,whatsapp_reminder,fallback,True,authentication_required,True,0.00111014,,False,"[""decision_uncertain"", ""expected_value_margin:2.7684337496757507"", ""probability_margin:0.0011101365089416504"", ""margin_not_applicable_to_non_allow_decision""]",0.61908603,True,359,56.24386377,0.64542860,True,85,37.80492775,0.64653873,True,126,41.91580028,0.49318039,True,694,97.85794000
TXN0000066843,C005546,2024-12-03 15:51:15,retry_payment,0.90000000,1,retry_payment,0,no_action,stop,False,customer_decline,False,0.01587176,,False,"[""no_eligible_positive_value_action"", ""failure_matrix:block"", ""margin_not_applicable_to_non_allow_decision""]",0.48533142,True,60,8.27440554,0.52014738,False,1,1.00000000,0.50427562,False,46,6.69767366,0.39939058,True,93,13.89845234
TXN0000205025,C009938,2024-12-03 15:58:56,escalate_to_merchant,0.90000000,1,escalate_to_merchant,0,payment_link,allow,False,technical_retryable,True,0.02096528,110.04000000,False,"[""eligible"", ""contextually_supported_or_manual"", ""highest_risk_adjusted_expected_value"", ""expected_value_margin:110.04"", ""probability_margin:0.06749225"", ""decision_margin_passed""]",0.55988926,True,387,66.60326136,0.62738150,True,625,91.91881191,0.60641623,True,50,36.09870729,0.39441821,True,196,56.61961283
TXN0000134295,C003410,2024-12-03 16:07:14,whatsapp_reminder,0.90000000,1,whatsapp_reminder,0,retry_payment,fallback,True,technical_retryable,True,0.01650894,,False,"[""decision_uncertain"", ""expected_value_margin:None"", ""probability_margin:None"", ""margin_not_applicable_to_non_allow_decision""]",0.66057211,True,47,47.00000000,0.70256656,False,2,2.00000000,0.71907550,False,21,3.60798899,0.55849028,False,12,3.68852452
TXN0000049622,C003151,2024-12-03 16:16:53,whatsapp_reminder,0.03333333,0,escalate_to_merchant,0,retry_payment,fallback,True,technical_retryable,True,0.03251666,,False,"[""decision_uncertain"", ""expected_value_margin:None"", ""probability_margin:None"", ""margin_not_applicable_to_non_allow_decision""]",0.60151237,True,58,8.97709815,0.68117452,False,3,3.00000000,0.64865786,False,24,3.90270249,0.52564555,False,8,8.00000000
TXN0000032149,C008573,2024-12-03 16:52:50,whatsapp_reminder,0.90000000,0,whatsapp_reminder,0,no_action,stop,False,technical_retryable,False,0.01521766,,False,"[""no_eligible_positive_value_action"", ""failure_matrix:block"", ""margin_not_applicable_to_non_allow_decision""]",0.54212046,False,49,7.23938140,0.62219089,False,8,4.29589038,0.60697323,False,23,3.80324523,0.40741509,False,11,2.70552140
TXN0000112919,C009648,2024-12-03 17:33:47,payment_link,0.03333333,1,escalate_to_merchant,0,no_action,stop,False,authentication_required,False,0.01486021,,False,"[""customer_opted_out"", ""margin_not_applicable_to_non_allow_decision""]",0.60709375,False,49,7.23938140,0.64714599,False,8,4.29589038,0.63228577,False,23,3.80324523,0.48766837,False,11,2.70552140
TXN0000008248,C004484,2024-12-03 18:29:10,whatsapp_reminder,0.03333333,1,payment_link,0,no_action,stop,False,authentication_required,False,0.00967062,,False,"[""customer_opted_out"", ""margin_not_applicable_to_non_allow_decision""]",0.52902704,False,11,11.00000000,0.57479781,False,6,1.39509533,0.58446842,False,2,2.00000000,0.42206126,False,1,1.00000000
TXN0000109764,C007302,2024-12-03 19:14:13,whatsapp_reminder,0.90000000,0,whatsapp_reminder,0,no_action,stop,False,authentication_required,False,0.02155334,,False,"[""no_eligible_positive_value_action"", ""failure_matrix:block"", ""margin_not_applicable_to_non_allow_decision""]",0.53457046,True,47,47.00000000,0.62337804,False,2,2.00000000,0.60182470,False,21,3.60798899,0.47631413,False,12,3.68852452
TXN0000068403,C007782,2024-12-03 20:00:42,escalate_to_merchant,0.90000000,0,escalate_to_merchant,0,payment_link,allow,False,technical_retryable,True,0.03711712,153.87000000,False,"[""eligible"", ""contextually_supported_or_manual"", ""highest_risk_adjusted_expected_value"", ""expected_value_margin:153.87"", ""probability_margin:0.10264271"", ""decision_margin_passed""]",0.47747254,True,134,25.67475706,0.58011526,True,55,23.54174517,0.54299814,True,69,17.37637634,0.39601305,True,213,29.38877094
TXN0000072714,C002507,2024-12-03 20:14:18,retry_payment,0.90000000,0,retry_payment,0,whatsapp_reminder,fallback,True,customer_decline,True,0.00154001,,False,"[""decision_uncertain"", ""expected_value_margin:None"", ""probability_margin:None"", ""margin_not_applicable_to_non_allow_decision""]",0.60679907,True,126,18.74890631,0.64286482,False,9,9.00000000,0.64440483,True,73,15.08078281,0.53642011,True,237,33.53941007
TXN0000126766,C008502,2024-12-03 20:50:37,escalate_to_merchant,0.90000000,1,escalate_to_merchant,0,whatsapp_reminder,fallback,True,authentication_required,True,0.01327851,,False,"[""decision_uncertain"", ""expected_value_margin:None"", ""probability_margin:None"", ""margin_not_applicable_to_non_allow_decision""]",0.47018477,False,49,7.90577463,0.48346329,False,6,6.00000000,0.46800804,True,63,11.63500628,0.36638942,True,88,12.69429910
TXN0000054466,C009255,2024-12-03 21:05:44,retry_payment,0.90000000,1,retry_payment,0,no_action,stop,False,customer_decline,False,0.02589667,,False,"[""no_eligible_positive_value_action"", ""failure_matrix:block"", ""margin_not_applicable_to_non_allow_decision""]",0.64199311,False,3,3.00000000,0.62593901,False,0,0.00000000,0.66788977,False,19,19.00000000,0.51493531,False,2,1.07397260
TXN0000240241,C003028,2024-12-03 21:11:35,escalate_to_merchant,0.90000000,0,escalate_to_merchant,0,whatsapp_reminder,fallback,True,authentication_required,True,0.03631687,,False,"[""decision_uncertain"", ""expected_value_margin:None"", ""probability_margin:None"", ""margin_not_applicable_to_non_allow_decision""]",0.60973209,True,126,18.74890631,0.66562337,False,9,9.00000000,0.62930650,True,73,15.08078281,0.49710548,True,237,33.53941007
TXN0000142230,C008763,2024-12-03 21:31:28,retry_payment,0.90000000,1,retry_payment,0,retry_payment,fallback,True,technical_retryable,True,0.01188815,,False,"[""decision_uncertain"", ""expected_value_margin:None"", ""probability_margin:None"", ""margin_not_applicable_to_non_allow_decision""]",0.67827594,True,172,27.72056966,0.71532512,False,17,16.07278182,0.72721326,True,66,18.92736169,0.54163891,True,211,29.09046962
TXN0000185580,C000452,2024-12-03 21:31:34,payment_link,0.90000000,1,payment_link,0,payment_link,fallback,True,customer_decline,True,0.00824380,,False,"[""decision_uncertain"", ""expected_value_margin:12.292061805725098"", ""probability_margin:0.008243799209594727"", ""margin_not_applicable_to_non_allow_decision""]",0.56491321,True,387,66.60326136,0.60181254,True,625,91.91881191,0.59356874,True,50,36.09870729,0.42283082,True,196,56.61961283
TXN0000043662,C003167,2024-12-03 21:37:47,whatsapp_reminder,0.90000000,1,whatsapp_reminder,0,payment_link,allow,False,technical_retryable,True,0.01712257,52.33000000,False,"[""eligible"", ""contextually_supported_or_manual"", ""highest_risk_adjusted_expected_value"", ""expected_value_margin:52.33"", ""probability_margin:0.05178499"", ""decision_margin_passed""]",0.68494356,True,362,56.55389812,0.73672855,True,241,49.77543607,0.71960598,True,96,34.06733257,0.55495453,True,512,71.09486331
TXN0000201163,C001620,2024-12-03 21:54:43,whatsapp_reminder,0.03333333,1,escalate_to_merchant,0,payment_link,fallback,True,customer_decline,True,0.01598996,,False,"[""decision_uncertain"", ""expected_value_margin:18.377047419548035"", ""probability_margin:0.015989959239959717"", ""margin_not_applicable_to_non_allow_decision""]",0.58109885,True,362,56.55389812,0.64764076,True,241,49.77543607,0.63165081,True,96,34.06733257,0.42832753,True,512,71.09486331
TXN0000221378,C002376,2024-12-03 21:58:44,retry_payment,0.90000000,1,retry_payment,0,escalate_to_merchant,fallback,True,merchant_configuration,True,0.02767271,,False,"[""decision_uncertain"", ""expected_value_margin:None"", ""probability_margin:None"", ""margin_not_applicable_to_non_allow_decision""]",0.56043810,True,58,8.97709815,0.58704746,False,3,3.00000000,0.61472017,False,24,3.90270249,0.45943788,False,8,8.00000000
TXN0000214047,C007651,2024-12-03 22:48:20,retry_payment,0.90000000,1,retry_payment,0,whatsapp_reminder,fallback,True,authentication_required,True,0.02294129,,False,"[""decision_uncertain"", ""expected_value_margin:None"", ""probability_margin:None"", ""margin_not_applicable_to_non_allow_decision""]",0.55143547,True,126,18.74890631,0.57828838,False,9,9.00000000,0.55534708,True,73,15.08078281,0.42908323,True,237,33.53941007
TXN0000249614,C009026,2024-12-03 22:59:01,escalate_to_merchant,0.03333333,0,whatsapp_reminder,0,retry_payment,fallback,True,technical_retryable,True,0.01018149,,False,"[""decision_uncertain"", ""expected_value_margin:None"", ""probability_margin:None"", ""margin_not_applicable_to_non_allow_decision""]",0.44675490,True,172,27.72056966,0.51990372,False,17,16.07278182,0.50972223,True,66,18.92736169,0.37640309,True,211,29.09046962
TXN0000155706,C008435,2024-12-04 00:20:44,retry_payment,0.90000000,0,retry_payment,0,whatsapp_reminder,allow,False,authentication_required,True,0.02206361,45.28000000,False,"[""eligible"", ""contextually_supported_or_manual"", ""highest_risk_adjusted_expected_value"", ""expected_value_margin:24.56"", ""probability_margin:0.02206361"", ""fallback_ineligible""]",0.65739793,True,134,25.67475706,0.68581200,True,55,23.54174517,0.70787561,True,69,17.37637634,0.51444441,True,213,29.38877094
TXN0000012140,C002185,2024-12-04 06:11:06,retry_payment,0.90000000,1,retry_payment,0,retry_payment,fallback,True,technical_retryable,True,0.05685502,,False,"[""decision_uncertain"", ""expected_value_margin:2.2593311071395874"", ""probability_margin:0.01285630464553833"", ""margin_not_applicable_to_non_allow_decision""]",0.57117790,True,362,56.55389812,0.58403420,True,241,49.77543607,0.64088923,True,96,34.06733257,0.41243768,True,512,71.09486331
TXN0000180870,C007227,2024-12-04 07:12:14,payment_link,0.90000000,1,payment_link,0,no_action,stop,False,customer_decline,False,0.02072787,,False,"[""no_eligible_positive_value_action"", ""failure_matrix:block"", ""margin_not_applicable_to_non_allow_decision""]",0.63875526,False,11,11.00000000,0.69473809,False,6,1.39509533,0.67401022,False,2,2.00000000,0.45152706,False,1,1.00000000
TXN0000190298,C001064,2024-12-04 08:01:02,retry_payment,0.90000000,1,retry_payment,0,no_action,stop,False,authentication_required,False,0.02804071,,False,"[""no_eligible_positive_value_action"", ""failure_matrix:block"", ""margin_not_applicable_to_non_allow_decision""]",0.63042551,True,58,8.97709815,0.66485018,False,25,3.45418296,0.69289088,False,10,3.52962620,0.51619089,False,12,7.36805008
TXN0000208211,C003055,2024-12-04 08:17:47,escalate_to_merchant,0.90000000,1,escalate_to_merchant,0,escalate_to_merchant,fallback,True,merchant_configuration,True,0.01799113,,False,"[""decision_uncertain"", ""expected_value_margin:None"", ""probability_margin:None"", ""margin_not_applicable_to_non_allow_decision""]",0.60434264,True,172,27.72056966,0.65256554,False,17,16.07278182,0.63457441,True,66,18.92736169,0.51558244,True,211,29.09046962
TXN0000158646,C000907,2024-12-04 10:26:09,payment_link,0.90000000,1,payment_link,0,payment_link,allow,False,customer_decline,True,0.04259324,57.29000000,False,"[""eligible"", ""contextually_supported_or_manual"", ""highest_risk_adjusted_expected_value"", ""expected_value_margin:70.32"", ""probability_margin:0.04734159"", ""fallback_ineligible""]",0.54859036,True,134,25.67475706,0.59118360,True,55,23.54174517,0.54384202,True,69,17.37637634,0.40952027,True,213,29.38877094
TXN0000146013,C008020,2024-12-04 11:36:08,escalate_to_merchant,0.90000000,0,escalate_to_merchant,0,whatsapp_reminder,fallback,True,customer_decline,True,0.02054095,,False,"[""decision_uncertain"", ""expected_value_margin:None"", ""probability_margin:None"", ""margin_not_applicable_to_non_allow_decision""]",0.54024112,True,172,27.72056966,0.51970017,False,17,16.07278182,0.49510211,True,66,18.92736169,0.41264594,True,211,29.09046962
TXN0000027068,C007358,2024-12-04 12:04:01,escalate_to_merchant,0.03333333,1,retry_payment,0,payment_link,fallback,True,authentication_required,True,0.00921357,,False,"[""decision_uncertain"", ""expected_value_margin:None"", ""probability_margin:None"", ""margin_not_applicable_to_non_allow_decision""]",0.53544480,True,134,25.67475706,0.59008735,True,55,23.54174517,0.59930092,True,69,17.37637634,0.43581653,True,213,29.38877094
TXN0000119796,C002295,2024-12-04 12:05:02,payment_link,0.90000000,0,payment_link,0,payment_link,fallback,True,authentication_required,True,0.00038713,,False,"[""decision_uncertain"", ""expected_value_margin:None"", ""probability_margin:None"", ""margin_not_applicable_to_non_allow_decision""]",0.49561623,True,129,19.07760664,0.50755370,True,218,30.47265689,0.50716656,True,34,21.95535821,0.37187418,True,65,18.84615345
TXN0000187213,C001999,2024-12-04 12:26:00,escalate_to_merchant,0.90000000,1,escalate_to_merchant,0,no_action,stop,False,customer_decline,False,0.02660578,,False,"[""no_eligible_positive_value_action"", ""failure_matrix:block"", ""margin_not_applicable_to_non_allow_decision""]",0.62509209,False,49,7.23938140,0.67798936,False,8,4.29589038,0.65138358,False,23,3.80324523,0.49998879,False,11,2.70552140
TXN0000006935,C005178,2024-12-04 12:44:19,retry_payment,0.90000000,1,retry_payment,0,whatsapp_reminder,fallback,True,customer_decline,True,0.00020885,,False,"[""decision_uncertain"", ""expected_value_margin:2.021304130554199"", ""probability_margin:-0.00020885467529296875"", ""margin_not_applicable_to_non_allow_decision""]",0.55986488,True,134,25.67475706,0.57155794,True,55,23.54174517,0.57134908,True,69,17.37637634,0.40664136,True,213,29.38877094
TXN0000035804,C006791,2024-12-04 13:07:23,retry_payment,0.90000000,0,retry_payment,0,payment_link,fallback,True,authentication_required,True,0.02086431,,False,"[""decision_uncertain"", ""expected_value_margin:0.0033452510833740234"", ""probability_margin:0.02086430788040161"", ""margin_not_applicable_to_non_allow_decision""]",0.61573064,True,382,61.49646714,0.64590567,True,55,50.36414754,0.62504137,True,122,42.51287438,0.48869887,True,685,101.16768160
TXN0000083279,C007340,2024-12-04 13:17:25,escalate_to_merchant,0.90000000,0,escalate_to_merchant,0,no_action,stop,False,authentication_required,False,0.01050434,,False,"[""no_eligible_positive_value_action"", ""failure_matrix:block"", ""margin_not_applicable_to_non_allow_decision""]",0.45115849,False,18,18.00000000,0.48281354,False,1,1.00000000,0.47230920,False,7,3.29758098,0.35498121,False,0,0.00000000
TXN0000193962,C003842,2024-12-04 15:18:02,retry_payment,0.90000000,1,retry_payment,0,no_action,stop,False,technical_retryable,False,0.01066393,,False,"[""no_eligible_positive_value_action"", ""failure_matrix:block"", ""margin_not_applicable_to_non_allow_decision""]",0.66586095,False,49,7.90577463,0.70892829,False,6,6.00000000,0.69826436,True,63,11.63500628,0.57373548,True,88,12.69429910
TXN0000209618,C003648,2024-12-04 15:50:04,whatsapp_reminder,0.03333333,1,retry_payment,0,retry_payment,fallback,True,technical_retryable,True,0.02014148,,False,"[""decision_uncertain"", ""expected_value_margin:None"", ""probability_margin:None"", ""margin_not_applicable_to_non_allow_decision""]",0.54062843,True,47,47.00000000,0.62416571,False,2,2.00000000,0.60402423,False,21,3.60798899,0.46669078,False,12,3.68852452
TXN0000161759,C008421,2024-12-04 15:53:47,whatsapp_reminder,0.90000000,1,whatsapp_reminder,0,no_action,stop,False,customer_decline,False,0.01820338,,False,"[""no_eligible_positive_value_action"", ""failure_matrix:block"", ""margin_not_applicable_to_non_allow_decision""]",0.58680904,True,58,8.97709815,0.63262206,False,3,3.00000000,0.61441869,False,24,3.90270249,0.49127328,False,8,8.00000000
TXN0000063323,C002787,2024-12-04 16:02:30,payment_link,0.90000000,0,payment_link,0,payment_link,allow,False,technical_retryable,True,0.06850022,624.88000000,False,"[""eligible"", ""contextually_supported_or_manual"", ""highest_risk_adjusted_expected_value"", ""expected_value_margin:624.88"", ""probability_margin:0.08818108"", ""decision_margin_passed""]",0.56009918,True,387,66.60326136,0.64828026,True,625,91.91881191,0.57978004,True,50,36.09870729,0.34422186,True,196,56.61961283
TXN0000006108,C006101,2024-12-04 16:28:59,escalate_to_merchant,0.90000000,0,escalate_to_merchant,0,whatsapp_reminder,fallback,True,authentication_required,True,0.06586552,,False,"[""decision_uncertain"", ""expected_value_margin:None"", ""probability_margin:None"", ""margin_not_applicable_to_non_allow_decision""]",0.55496216,True,172,27.72056966,0.63608986,False,17,16.07278182,0.57022434,True,66,18.92736169,0.47973555,True,211,29.09046962
TXN0000146380,C000982,2024-12-04 16:46:48,retry_payment,0.90000000,1,retry_payment,0,retry_payment,fallback,True,technical_retryable,True,0.00327367,,False,"[""decision_uncertain"", ""expected_value_margin:None"", ""probability_margin:None"", ""margin_not_applicable_to_non_allow_decision""]",0.66623473,True,58,8.97709815,0.71765155,False,3,3.00000000,0.72092521,False,24,3.90270249,0.58261424,False,8,8.00000000
TXN0000215414,C005692,2024-12-04 17:05:41,payment_link,0.90000000,1,payment_link,0,retry_payment,fallback,True,technical_retryable,True,0.00314194,,False,"[""decision_uncertain"", ""expected_value_margin:26.401097118854523"", ""probability_margin:0.003141939640045166"", ""margin_not_applicable_to_non_allow_decision""]",0.56545132,True,129,19.07760664,0.56859326,True,218,30.47265689,0.56082928,True,34,21.95535821,0.37866008,True,65,18.84615345
TXN0000096472,C003911,2024-12-04 17:13:25,escalate_to_merchant,0.90000000,1,escalate_to_merchant,0,escalate_to_merchant,fallback,True,merchant_configuration,True,0.03731978,,False,"[""decision_uncertain"", ""expected_value_margin:None"", ""probability_margin:None"", ""margin_not_applicable_to_non_allow_decision""]",0.53498620,True,172,27.72056966,0.57230598,False,17,16.07278182,0.53237605,True,66,18.92736169,0.38555110,True,211,29.09046962
TXN0000166819,C006449,2024-12-04 18:22:43,retry_payment,0.90000000,1,retry_payment,0,retry_payment,fallback,True,technical_retryable,True,0.01550877,,False,"[""decision_uncertain"", ""expected_value_margin:None"", ""probability_margin:None"", ""margin_not_applicable_to_non_allow_decision""]",0.55559224,True,58,8.97709815,0.64778942,False,25,3.45418296,0.63228065,False,10,3.52962620,0.41157404,False,12,7.36805008
TXN0000143198,C004440,2024-12-04 18:24:11,escalate_to_merchant,0.90000000,0,escalate_to_merchant,0,retry_payment,fallback,True,technical_retryable,True,0.01887637,,False,"[""decision_uncertain"", ""expected_value_margin:None"", ""probability_margin:None"", ""margin_not_applicable_to_non_allow_decision""]",0.56772542,True,172,27.72056966,0.56672460,False,17,16.07278182,0.58660179,True,66,18.92736169,0.44327134,True,211,29.09046962
TXN0000093105,C007145,2024-12-04 18:45:05,payment_link,0.90000000,0,payment_link,0,payment_link,allow,False,technical_retryable,True,0.03298610,126.98000000,False,"[""eligible"", ""contextually_supported_or_manual"", ""highest_risk_adjusted_expected_value"", ""expected_value_margin:126.99"", ""probability_margin:0.04941034"", ""decision_margin_passed""]",0.37253138,True,129,19.07760664,0.42194173,True,218,30.47265689,0.38895562,True,34,21.95535821,0.25536394,True,65,18.84615345
TXN0000161913,C001276,2024-12-04 18:51:02,whatsapp_reminder,0.03333333,1,escalate_to_merchant,0,whatsapp_reminder,fallback,True,authentication_required,True,0.00626796,,False,"[""decision_uncertain"", ""expected_value_margin:None"", ""probability_margin:None"", ""margin_not_applicable_to_non_allow_decision""]",0.56612849,True,172,27.72056966,0.59186667,False,17,16.07278182,0.58559871,True,66,18.92736169,0.44708568,True,211,29.09046962
TXN0000224033,C006039,2024-12-04 19:08:48,payment_link,0.90000000,1,payment_link,0,payment_link,allow,False,technical_retryable,True,0.01705050,161.77000000,False,"[""eligible"", ""contextually_supported_or_manual"", ""highest_risk_adjusted_expected_value"", ""expected_value_margin:161.77"", ""probability_margin:0.04966921"", ""decision_margin_passed""]",0.54878843,True,129,19.07760664,0.59845763,True,218,30.47265689,0.58140713,True,34,21.95535821,0.39743587,True,65,18.84615345
TXN0000247704,C004185,2024-12-04 19:11:13,whatsapp_reminder,0.90000000,1,whatsapp_reminder,0,retry_payment,fallback,True,technical_retryable,True,0.00504589,,False,"[""decision_uncertain"", ""expected_value_margin:7.094660520553589"", ""probability_margin:0.041242241859436035"", ""margin_not_applicable_to_non_allow_decision""]",0.62432659,True,359,56.24386377,0.66556883,True,85,37.80492775,0.66052294,True,126,41.91580028,0.52069515,True,694,97.85794000
TXN0000215147,C002201,2024-12-04 19:26:18,retry_payment,0.90000000,1,retry_payment,0,retry_payment,fallback,True,technical_retryable,True,0.03166544,,False,"[""decision_uncertain"", ""expected_value_margin:7.277155518531799"", ""probability_margin:0.009805619716644287"", ""margin_not_applicable_to_non_allow_decision""]",0.64159459,True,134,25.67475706,0.65140021,True,55,23.54174517,0.68306565,True,69,17.37637634,0.50142193,True,213,29.38877094
TXN0000007998,C007265,2024-12-04 19:55:59,escalate_to_merchant,0.90000000,0,escalate_to_merchant,0,payment_link,fallback,True,customer_decline,True,0.00953329,,False,"[""decision_uncertain"", ""expected_value_margin:4.8999645709991455"", ""probability_margin:0.009533286094665527"", ""margin_not_applicable_to_non_allow_decision""]",0.47569314,True,134,25.67475706,0.51882505,True,55,23.54174517,0.50929177,True,69,17.37637634,0.38417268,True,213,29.38877094
TXN0000245604,C007261,2024-12-04 20:02:01,retry_payment,0.90000000,1,retry_payment,0,whatsapp_reminder,fallback,True,authentication_required,True,0.02832603,,False,"[""decision_uncertain"", ""expected_value_margin:0.1255474090576172"", ""probability_margin:-0.028326034545898438"", ""margin_not_applicable_to_non_allow_decision""]",0.62522894,True,382,61.49646714,0.67244750,True,55,50.36414754,0.64412147,True,122,42.51287438,0.50380105,True,685,101.16768160
TXN0000217956,C003020,2024-12-04 20:31:58,escalate_to_merchant,0.90000000,1,escalate_to_merchant,0,escalate_to_merchant,fallback,True,merchant_configuration,True,0.03275037,,False,"[""decision_uncertain"", ""expected_value_margin:None"", ""probability_margin:None"", ""margin_not_applicable_to_non_allow_decision""]",0.59604621,True,362,56.55389812,0.66018349,True,241,49.77543607,0.62743312,True,96,34.06733257,0.46446729,True,512,71.09486331
TXN0000043516,C003129,2024-12-04 21:14:29,escalate_to_merchant,0.90000000,0,escalate_to_merchant,0,whatsapp_reminder,fallback,True,customer_decline,True,0.01628786,,False,"[""decision_uncertain"", ""expected_value_margin:None"", ""probability_margin:None"", ""margin_not_applicable_to_non_allow_decision""]",0.54111928,True,172,27.72056966,0.55788660,False,17,16.07278182,0.57417446,True,66,18.92736169,0.41679111,True,211,29.09046962
TXN0000040217,C000787,2024-12-04 22:26:03,retry_payment,0.90000000,0,retry_payment,0,whatsapp_reminder,fallback,True,customer_decline,True,0.00150681,,False,"[""decision_uncertain"", ""expected_value_margin:None"", ""probability_margin:None"", ""margin_not_applicable_to_non_allow_decision""]",0.68253893,True,126,18.74890631,0.66050440,False,9,9.00000000,0.68404573,True,73,15.08078281,0.56843132,True,237,33.53941007
TXN0000048793,C005959,2024-12-04 22:49:46,whatsapp_reminder,0.03333333,1,payment_link,0,payment_link,allow,False,customer_decline,True,0.05146635,62.61000000,False,"[""eligible"", ""contextually_supported_or_manual"", ""highest_risk_adjusted_expected_value"", ""expected_value_margin:57.76"", ""probability_margin:0.05146635"", ""fallback_ineligible""]",0.56888604,True,362,56.55389812,0.62943840,True,241,49.77543607,0.57797205,True,96,34.06733257,0.41858044,True,512,71.09486331
TXN0000120910,C007582,2024-12-04 23:21:37,retry_payment,0.90000000,0,retry_payment,0,retry_payment,fallback,True,technical_retryable,True,0.02970254,,False,"[""decision_uncertain"", ""expected_value_margin:None"", ""probability_margin:None"", ""margin_not_applicable_to_non_allow_decision""]",0.77852881,True,58,8.97709815,0.81995833,False,25,3.45418296,0.79025578,False,10,3.52962620,0.65856385,False,12,7.36805008
TXN0000002448,C007707,2024-12-05 00:17:45,retry_payment,0.90000000,1,retry_payment,0,whatsapp_reminder,fallback,True,customer_decline,True,0.00726157,,False,"[""decision_uncertain"", ""expected_value_margin:None"", ""probability_margin:None"", ""margin_not_applicable_to_non_allow_decision""]",0.63517302,True,172,27.72056966,0.66733330,False,17,16.07278182,0.67459488,True,66,18.92736169,0.50579631,True,211,29.09046962
TXN0000081930,C007284,2024-12-05 02:46:05,retry_payment,0.90000000,0,retry_payment,0,no_action,stop,False,technical_retryable,False,0.01224804,,False,"[""customer_opted_out"", ""margin_not_applicable_to_non_allow_decision""]",0.63405401,True,382,61.49646714,0.64828330,True,55,50.36414754,0.66053134,True,122,42.51287438,0.50949657,True,685,101.16768160
TXN0000106514,C006492,2024-12-05 06:07:48,retry_payment,0.90000000,1,retry_payment,0,payment_link,allow,False,technical_retryable,True,0.04041988,127.65000000,False,"[""eligible"", ""contextually_supported_or_manual"", ""highest_risk_adjusted_expected_value"", ""expected_value_margin:127.65"", ""probability_margin:0.04041988"", ""decision_margin_passed""]",0.61232001,True,129,19.07760664,0.65273988,True,218,30.47265689,0.61123556,True,34,21.95535821,0.47831631,True,65,18.84615345
TXN0000103995,C004129,2024-12-05 06:08:22,retry_payment,0.90000000,1,retry_payment,0,no_action,stop,False,technical_retryable,False,0.01110780,,False,"[""no_eligible_positive_value_action"", ""failure_matrix:block"", ""margin_not_applicable_to_non_allow_decision""]",0.62962449,False,6,6.00000000,0.67018843,False,0,0.00000000,0.65908062,False,6,6.00000000,0.49977550,False,3,2.07333790
TXN0000237580,C008822,2024-12-05 06:37:29,retry_payment,0.90000000,0,retry_payment,0,whatsapp_reminder,allow,False,customer_decline,True,0.03218800,40.93000000,False,"[""eligible"", ""contextually_supported_or_manual"", ""highest_risk_adjusted_expected_value"", ""expected_value_margin:69.13"", ""probability_margin:0.04612356"", ""fallback_ineligible""]",0.69654649,True,362,56.55389812,0.68261093,True,241,49.77543607,0.72873449,True,96,34.06733257,0.57329625,True,512,71.09486331
TXN0000173032,C004355,2024-12-05 07:29:07,retry_payment,0.90000000,1,retry_payment,0,retry_payment,fallback,True,technical_retryable,True,0.01009756,,False,"[""decision_uncertain"", ""expected_value_margin:None"", ""probability_margin:None"", ""margin_not_applicable_to_non_allow_decision""]",0.60598332,True,172,27.72056966,0.62932032,False,17,16.07278182,0.63941789,True,66,18.92736169,0.49903080,True,211,29.09046962
TXN0000082394,C006173,2024-12-05 08:37:09,whatsapp_reminder,0.90000000,0,whatsapp_reminder,0,no_action,stop,False,customer_decline,False,0.04171175,,False,"[""no_eligible_positive_value_action"", ""failure_matrix:block"", ""margin_not_applicable_to_non_allow_decision""]",0.53801268,True,58,8.97709815,0.61370867,False,3,3.00000000,0.57199693,False,24,3.90270249,0.44305298,False,8,8.00000000
TXN0000100921,C006619,2024-12-05 08:46:43,retry_payment,0.90000000,0,retry_payment,0,retry_payment,fallback,True,technical_retryable,True,0.01281559,,False,"[""decision_uncertain"", ""expected_value_margin:None"", ""probability_margin:None"", ""margin_not_applicable_to_non_allow_decision""]",0.59490365,True,126,18.74890631,0.54016405,False,9,9.00000000,0.60771924,True,73,15.08078281,0.48211566,True,237,33.53941007
TXN0000248795,C004508,2024-12-05 09:21:51,escalate_to_merchant,0.90000000,1,escalate_to_merchant,0,no_action,stop,False,technical_retryable,False,0.02992266,,False,"[""customer_opted_out"", ""margin_not_applicable_to_non_allow_decision""]",0.51936990,True,58,8.97709815,0.54929256,False,3,3.00000000,0.51284879,False,24,3.90270249,0.40813947,False,8,8.00000000
TXN0000047270,C006155,2024-12-05 10:06:14,retry_payment,0.90000000,1,retry_payment,0,no_action,stop,False,technical_retryable,False,0.00266802,,False,"[""customer_opted_out"", ""margin_not_applicable_to_non_allow_decision""]",0.71694720,True,359,56.24386377,0.75417531,True,85,37.80492775,0.75684333,True,126,41.91580028,0.62701404,True,694,97.85794000
TXN0000199914,C008389,2024-12-05 10:35:34,retry_payment,0.90000000,0,retry_payment,0,whatsapp_reminder,fallback,True,authentication_required,True,0.00032508,,False,"[""decision_uncertain"", ""expected_value_margin:None"", ""probability_margin:None"", ""margin_not_applicable_to_non_allow_decision""]",0.66123706,True,172,27.72056966,0.67739838,False,17,16.07278182,0.67707330,True,66,18.92736169,0.52759093,True,211,29.09046962
TXN0000011904,C006018,2024-12-05 10:42:39,escalate_to_merchant,0.90000000,0,escalate_to_merchant,0,whatsapp_reminder,fallback,True,authentication_required,True,0.00722677,,False,"[""decision_uncertain"", ""expected_value_margin:None"", ""probability_margin:None"", ""margin_not_applicable_to_non_allow_decision""]",0.58386672,True,126,18.74890631,0.55869770,False,9,9.00000000,0.59109348,True,73,15.08078281,0.45908552,True,237,33.53941007
TXN0000035473,C006188,2024-12-05 12:09:53,escalate_to_merchant,0.90000000,0,escalate_to_merchant,0,retry_payment,fallback,True,technical_retryable,True,0.00579590,,False,"[""decision_uncertain"", ""expected_value_margin:2.8126602172851562"", ""probability_margin:-0.05460357666015625"", ""margin_not_applicable_to_non_allow_decision""]",0.62707561,True,382,61.49646714,0.68167919,True,55,50.36414754,0.67588329,True,122,42.51287438,0.50984156,True,685,101.16768160
TXN0000096967,C000684,2024-12-05 12:43:32,payment_link,0.03333333,0,escalate_to_merchant,0,payment_link,fallback,True,customer_decline,True,0.02414417,,False,"[""decision_uncertain"", ""expected_value_margin:5.1139726638793945"", ""probability_margin:0.02414417266845703"", ""margin_not_applicable_to_non_allow_decision""]",0.64773381,True,359,56.24386377,0.69158101,True,85,37.80492775,0.66743684,True,126,41.91580028,0.55623358,True,694,97.85794000
TXN0000087347,C003486,2024-12-05 13:42:27,whatsapp_reminder,0.90000000,1,whatsapp_reminder,0,payment_link,allow,False,authentication_required,True,0.04059565,30.30000000,False,"[""eligible"", ""contextually_supported_or_manual"", ""highest_risk_adjusted_expected_value"", ""expected_value_margin:21.17"", ""probability_margin:0.04059565"", ""fallback_ineligible""]",0.63820100,True,359,56.24386377,0.70457166,True,85,37.80492775,0.66397601,True,126,41.91580028,0.52247298,True,694,97.85794000
TXN0000071479,C003059,2024-12-05 13:55:48,retry_payment,0.03333333,0,escalate_to_merchant,0,retry_payment,fallback,True,technical_retryable,True,0.04111719,,False,"[""decision_uncertain"", ""expected_value_margin:None"", ""probability_margin:None"", ""margin_not_applicable_to_non_allow_decision""]",0.57539082,True,58,8.97709815,0.63005322,False,3,3.00000000,0.58893603,False,24,3.90270249,0.48280475,False,8,8.00000000
TXN0000067529,C001378,2024-12-05 14:42:45,escalate_to_merchant,0.03333333,1,retry_payment,0,no_action,stop,False,technical_retryable,False,0.00869352,,False,"[""no_eligible_positive_value_action"", ""failure_matrix:block"", ""margin_not_applicable_to_non_allow_decision""]",0.67057270,False,49,7.23938140,0.68712169,False,8,4.29589038,0.67842817,False,23,3.80324523,0.58493263,False,11,2.70552140
TXN0000072009,C009912,2024-12-05 16:09:35,retry_payment,0.90000000,0,retry_payment,0,payment_link,allow,False,authentication_required,True,0.02577966,44.44000000,False,"[""eligible"", ""contextually_supported_or_manual"", ""highest_risk_adjusted_expected_value"", ""expected_value_margin:66.8"", ""probability_margin:0.03394645"", ""fallback_ineligible""]",0.63222331,True,387,66.60326136,0.65800297,True,625,91.91881191,0.62405652,True,50,36.09870729,0.46782586,True,196,56.61961283
TXN0000072439,C000256,2024-12-05 16:15:54,escalate_to_merchant,0.90000000,0,escalate_to_merchant,0,retry_payment,fallback,True,technical_retryable,True,0.02301860,,False,"[""decision_uncertain"", ""expected_value_margin:2.458749532699585"", ""probability_margin:0.009507954120635986"", ""margin_not_applicable_to_non_allow_decision""]",0.51343751,True,134,25.67475706,0.52294546,True,55,23.54174517,0.54596406,True,69,17.37637634,0.42200708,True,213,29.38877094
TXN0000159969,C003833,2024-12-05 17:20:16,retry_payment,0.90000000,1,retry_payment,0,no_action,stop,False,customer_decline,False,0.01536411,,False,"[""no_eligible_positive_value_action"", ""failure_matrix:block"", ""margin_not_applicable_to_non_allow_decision""]",0.64189827,False,49,7.23938140,0.65409607,False,8,4.29589038,0.66946018,False,23,3.80324523,0.52388775,False,11,2.70552140
TXN0000051212,C009427,2024-12-05 17:28:35,payment_link,0.03333333,1,retry_payment,0,no_action,stop,False,technical_retryable,False,0.01555520,,False,"[""no_eligible_positive_value_action"", ""failure_matrix:block"", ""margin_not_applicable_to_non_allow_decision""]",0.62928557,False,19,3.41762696,0.68626529,False,2,2.00000000,0.67071009,False,6,6.00000000,0.51859039,False,1,1.00000000
TXN0000094117,C009794,2024-12-05 17:52:43,payment_link,0.90000000,1,payment_link,0,whatsapp_reminder,fallback,True,authentication_required,True,0.00908828,,False,"[""decision_uncertain"", ""expected_value_margin:17.71824884414673"", ""probability_margin:0.009088277816772461"", ""margin_not_applicable_to_non_allow_decision""]",0.56631333,True,129,19.07760664,0.58035243,True,218,30.47265689,0.58944070,True,34,21.95535821,0.43692219,True,65,18.84615345
TXN0000201925,C003098,2024-12-05 18:17:33,retry_payment,0.90000000,1,retry_payment,0,no_action,stop,False,technical_retryable,False,0.00796801,,False,"[""no_eligible_positive_value_action"", ""failure_matrix:block"", ""margin_not_applicable_to_non_allow_decision""]",0.60221034,True,382,61.49646714,0.63793314,True,55,50.36414754,0.64590114,True,122,42.51287438,0.52605301,True,685,101.16768160
TXN0000061215,C009642,2024-12-05 18:31:29,whatsapp_reminder,0.03333333,1,escalate_to_merchant,0,no_action,stop,False,authentication_required,False,0.06109488,,False,"[""no_eligible_positive_value_action"", ""failure_matrix:block"", ""margin_not_applicable_to_non_allow_decision""]",0.56043488,True,58,8.97709815,0.62858421,False,3,3.00000000,0.56748933,False,24,3.90270249,0.48824856,False,8,8.00000000
TXN0000105760,C005912,2024-12-05 18:38:25,escalate_to_merchant,0.90000000,0,escalate_to_merchant,0,whatsapp_reminder,fallback,True,authentication_required,True,0.00269935,,False,"[""decision_uncertain"", ""expected_value_margin:None"", ""probability_margin:None"", ""margin_not_applicable_to_non_allow_decision""]",0.43352681,True,73,10.21909638,0.43622616,False,23,5.49540018,0.42364344,True,54,8.41672235,0.27309048,True,72,12.00499847
TXN0000174944,C009624,2024-12-05 18:42:19,escalate_to_merchant,0.90000000,1,escalate_to_merchant,0,retry_payment,fallback,True,technical_retryable,True,0.00162357,,False,"[""decision_uncertain"", ""expected_value_margin:1.396927833557129"", ""probability_margin:0.013962745666503906"", ""margin_not_applicable_to_non_allow_decision""]",0.57229793,True,134,25.67475706,0.58626068,True,55,23.54174517,0.58788425,True,69,17.37637634,0.42679232,True,213,29.38877094
TXN0000189806,C002636,2024-12-05 18:45:38,payment_link,0.90000000,0,payment_link,0,payment_link,allow,False,authentication_required,True,0.04737568,165.58000000,False,"[""eligible"", ""contextually_supported_or_manual"", ""highest_risk_adjusted_expected_value"", ""expected_value_margin:93.26"", ""probability_margin:0.04737568"", ""fallback_ineligible""]",0.55886400,True,129,19.07760664,0.64496624,True,218,30.47265689,0.59759057,True,34,21.95535821,0.46335605,True,65,18.84615345
TXN0000043033,C001990,2024-12-05 18:47:27,whatsapp_reminder,0.03333333,1,retry_payment,0,payment_link,fallback,True,authentication_required,True,0.00523490,,False,"[""decision_uncertain"", ""expected_value_margin:20.40139991044998"", ""probability_margin:0.005234897136688232"", ""margin_not_applicable_to_non_allow_decision""]",0.58440381,True,387,66.60326136,0.60069495,True,625,91.91881191,0.59546006,True,50,36.09870729,0.42150775,True,196,56.61961283
TXN0000029819,C004524,2024-12-05 19:10:30,whatsapp_reminder,0.90000000,0,whatsapp_reminder,0,retry_payment,fallback,True,technical_retryable,True,0.04028553,,False,"[""decision_uncertain"", ""expected_value_margin:None"", ""probability_margin:None"", ""margin_not_applicable_to_non_allow_decision""]",0.59728378,True,60,8.27440554,0.61662245,False,1,1.00000000,0.65690798,False,46,6.69767366,0.49783096,True,93,13.89845234
TXN0000237897,C005357,2024-12-05 19:15:40,retry_payment,0.90000000,0,retry_payment,0,payment_link,allow,False,authentication_required,True,0.02962738,260.87000000,False,"[""eligible"", ""contextually_supported_or_manual"", ""highest_risk_adjusted_expected_value"", ""expected_value_margin:147.96"", ""probability_margin:0.02962738"", ""fallback_ineligible""]",0.68868160,True,129,19.07760664,0.74171317,True,218,30.47265689,0.71208578,True,34,21.95535821,0.54101390,True,65,18.84615345
TXN0000142154,C004823,2024-12-05 19:27:19,escalate_to_merchant,0.90000000,1,escalate_to_merchant,0,whatsapp_reminder,fallback,True,customer_decline,True,0.00322062,,False,"[""decision_uncertain"", ""expected_value_margin:None"", ""probability_margin:None"", ""margin_not_applicable_to_non_allow_decision""]",0.53315049,True,172,27.72056966,0.52992988,False,17,16.07278182,0.52562296,True,66,18.92736169,0.40402237,True,211,29.09046962
TXN0000217309,C000580,2024-12-05 19:52:57,payment_link,0.90000000,1,payment_link,0,no_action,stop,False,authentication_required,False,0.00034916,,False,"[""no_eligible_positive_value_action"", ""failure_matrix:block"", ""margin_not_applicable_to_non_allow_decision""]",0.56739044,False,4,1.22950817,0.57828414,False,6,6.00000000,0.57793498,False,7,7.00000000,0.45956203,False,2,1.07397260
TXN0000119042,C002627,2024-12-05 20:30:12,retry_payment,0.90000000,1,retry_payment,0,no_action,stop,False,authentication_required,False,0.01172638,,False,"[""no_eligible_positive_value_action"", ""failure_matrix:block"", ""margin_not_applicable_to_non_allow_decision""]",0.59646112,True,58,8.97709815,0.63170034,False,25,3.45418296,0.61997396,False,10,3.52962620,0.49031994,False,12,7.36805008
TXN0000010234,C007844,2024-12-05 20:55:53,escalate_to_merchant,0.90000000,1,escalate_to_merchant,0,payment_link,allow,False,technical_retryable,True,0.04227650,65.96000000,False,"[""eligible"", ""contextually_supported_or_manual"", ""highest_risk_adjusted_expected_value"", ""expected_value_margin:65.96"", ""probability_margin:0.04917473"", ""decision_margin_passed""]",0.56096214,True,134,25.67475706,0.61013687,True,55,23.54174517,0.56786036,True,69,17.37637634,0.38933483,True,213,29.38877094
TXN0000004424,C003811,2024-12-05 21:54:54,payment_link,0.03333333,1,retry_payment,0,escalate_to_merchant,fallback,True,merchant_configuration,True,0.01552016,,False,"[""decision_uncertain"", ""expected_value_margin:None"", ""probability_margin:None"", ""margin_not_applicable_to_non_allow_decision""]",0.56359476,True,126,18.74890631,0.60937142,False,9,9.00000000,0.59385127,True,73,15.08078281,0.44746003,True,237,33.53941007
TXN0000220700,C004399,2024-12-05 22:08:33,escalate_to_merchant,0.90000000,0,escalate_to_merchant,0,retry_payment,fallback,True,technical_retryable,True,0.00521255,,False,"[""decision_uncertain"", ""expected_value_margin:None"", ""probability_margin:None"", ""margin_not_applicable_to_non_allow_decision""]",0.62702954,True,126,18.74890631,0.63224208,False,9,9.00000000,0.60655057,True,73,15.08078281,0.48041633,True,237,33.53941007
TXN0000105094,C005888,2024-12-05 22:26:17,retry_payment,0.90000000,0,retry_payment,0,retry_payment,fallback,True,technical_retryable,True,0.02358359,,False,"[""decision_uncertain"", ""expected_value_margin:None"", ""probability_margin:None"", ""margin_not_applicable_to_non_allow_decision""]",0.66288364,True,172,27.72056966,0.67015821,False,17,16.07278182,0.69374180,True,66,18.92736169,0.55211627,True,211,29.09046962
TXN0000227767,C002554,2024-12-05 22:36:40,escalate_to_merchant,0.90000000,0,escalate_to_merchant,0,retry_payment,fallback,True,technical_retryable,True,0.01270077,,False,"[""decision_uncertain"", ""expected_value_margin:22.939066767692566"", ""probability_margin:0.012700766324996948"", ""margin_not_applicable_to_non_allow_decision""]",0.40150625,True,59,8.94277964,0.41420701,True,90,12.53697431,0.39896327,False,19,4.27099396,0.29040667,True,43,10.73819641
TXN0000161333,C000026,2024-12-05 23:43:08,retry_payment,0.90000000,1,retry_payment,0,no_action,stop,False,technical_retryable,False,0.02712882,,False,"[""no_eligible_positive_value_action"", ""failure_matrix:block"", ""margin_not_applicable_to_non_allow_decision""]",0.67360097,False,49,7.90577463,0.66197217,False,6,6.00000000,0.70072979,True,63,11.63500628,0.55283457,True,88,12.69429910
TXN0000185777,C000135,2024-12-06 00:10:21,escalate_to_merchant,0.90000000,1,escalate_to_merchant,0,whatsapp_reminder,fallback,True,authentication_required,True,0.01321530,,False,"[""decision_uncertain"", ""expected_value_margin:None"", ""probability_margin:None"", ""margin_not_applicable_to_non_allow_decision""]",0.54318941,True,126,18.74890631,0.55007905,False,9,9.00000000,0.56329435,True,73,15.08078281,0.43452755,True,237,33.53941007
TXN0000231297,C002926,2024-12-06 00:27:16,whatsapp_reminder,0.03333333,0,retry_payment,0,escalate_to_merchant,fallback,True,merchant_configuration,True,0.00301224,,False,"[""decision_uncertain"", ""expected_value_margin:None"", ""probability_margin:None"", ""margin_not_applicable_to_non_allow_decision""]",0.66866243,True,382,61.49646714,0.69921601,True,55,50.36414754,0.69620377,True,122,42.51287438,0.52411324,True,685,101.16768160
TXN0000129508,C002248,2024-12-06 10:04:39,whatsapp_reminder,0.90000000,1,whatsapp_reminder,0,whatsapp_reminder,fallback,True,customer_decline,True,0.00957859,,False,"[""decision_uncertain"", ""expected_value_margin:None"", ""probability_margin:None"", ""margin_not_applicable_to_non_allow_decision""]",0.56974232,True,172,27.72056966,0.60334665,False,17,16.07278182,0.59376806,True,66,18.92736169,0.47585976,True,211,29.09046962
TXN0000208955,C005948,2024-12-06 10:14:03,whatsapp_reminder,0.90000000,1,whatsapp_reminder,0,retry_payment,fallback,True,technical_retryable,True,0.02898186,,False,"[""decision_uncertain"", ""expected_value_margin:7.728050231933594"", ""probability_margin:0.05890655517578125"", ""margin_not_applicable_to_non_allow_decision""]",0.60496879,True,382,61.49646714,0.66387534,True,55,50.36414754,0.63489348,True,122,42.51287438,0.48553178,True,685,101.16768160
TXN0000230519,C002544,2024-12-06 10:33:43,retry_payment,0.90000000,1,retry_payment,0,no_action,stop,False,authentication_required,False,0.00834531,,False,"[""no_eligible_positive_value_action"", ""failure_matrix:block"", ""margin_not_applicable_to_non_allow_decision""]",0.57030088,False,49,7.23938140,0.65576136,False,8,4.29589038,0.64741606,False,23,3.80324523,0.48431695,False,11,2.70552140
TXN0000114280,C002951,2024-12-06 10:44:30,payment_link,0.90000000,0,payment_link,0,escalate_to_merchant,fallback,True,merchant_configuration,True,0.03006208,,False,"[""decision_uncertain"", ""expected_value_margin:None"", ""probability_margin:None"", ""margin_not_applicable_to_non_allow_decision""]",0.64001405,True,58,8.97709815,0.67413116,False,25,3.45418296,0.64406908,False,10,3.52962620,0.52101779,False,12,7.36805008
TXN0000127090,C008708,2024-12-06 11:30:25,retry_payment,0.90000000,1,retry_payment,0,payment_link,allow,False,technical_retryable,True,0.00264233,21.66000000,False,"[""eligible"", ""contextually_supported_or_manual"", ""highest_risk_adjusted_expected_value"", ""expected_value_margin:21.66"", ""probability_margin:0.02966309"", ""decision_margin_passed""]",0.61611038,True,134,25.67475706,0.64577347,True,55,23.54174517,0.64313114,True,69,17.37637634,0.50595671,True,213,29.38877094
TXN0000160632,C009948,2024-12-06 11:42:54,retry_payment,0.90000000,0,retry_payment,0,no_action,stop,False,technical_retryable,False,0.00210786,,False,"[""customer_opted_out"", ""margin_not_applicable_to_non_allow_decision""]",0.53412491,False,49,7.23938140,0.56395286,False,8,4.29589038,0.56606072,False,23,3.80324523,0.43076998,False,11,2.70552140
TXN0000206653,C007294,2024-12-06 12:05:40,whatsapp_reminder,0.03333333,1,escalate_to_merchant,0,payment_link,allow,False,authentication_required,True,0.05177587,147.84000000,False,"[""eligible"", ""contextually_supported_or_manual"", ""highest_risk_adjusted_expected_value"", ""expected_value_margin:196.1"", ""probability_margin:0.06589609"", ""fallback_ineligible""]",0.54696220,True,387,66.60326136,0.59873807,True,625,91.91881191,0.53284198,True,50,36.09870729,0.34462869,True,196,56.61961283
TXN0000186933,C003225,2024-12-06 12:50:29,retry_payment,0.90000000,1,retry_payment,0,no_action,stop,False,customer_decline,False,0.01977450,,False,"[""no_eligible_positive_value_action"", ""failure_matrix:block"", ""margin_not_applicable_to_non_allow_decision""]",0.59837025,True,58,8.97709815,0.69538414,False,3,3.00000000,0.67560965,False,24,3.90270249,0.54295933,False,8,8.00000000
TXN0000211113,C007765,2024-12-06 13:12:05,escalate_to_merchant,0.90000000,0,escalate_to_merchant,0,retry_payment,fallback,True,technical_retryable,True,0.01588565,,False,"[""decision_uncertain"", ""expected_value_margin:None"", ""probability_margin:None"", ""margin_not_applicable_to_non_allow_decision""]",0.65918899,True,47,47.00000000,0.70378816,False,2,2.00000000,0.68790251,False,21,3.60798899,0.54446954,False,12,3.68852452
TXN0000112646,C005320,2024-12-06 13:53:54,escalate_to_merchant,0.90000000,0,escalate_to_merchant,0,whatsapp_reminder,fallback,True,customer_decline,True,0.01014435,,False,"[""decision_uncertain"", ""expected_value_margin:None"", ""probability_margin:None"", ""margin_not_applicable_to_non_allow_decision""]",0.59431583,True,172,27.72056966,0.62913913,False,17,16.07278182,0.61899477,True,66,18.92736169,0.49114943,True,211,29.09046962
TXN0000103259,C001238,2024-12-06 13:54:04,retry_payment,0.90000000,1,retry_payment,0,whatsapp_reminder,fallback,True,authentication_required,True,0.01620203,,False,"[""decision_uncertain"", ""expected_value_margin:None"", ""probability_margin:None"", ""margin_not_applicable_to_non_allow_decision""]",0.60758561,True,172,27.72056966,0.65590250,False,17,16.07278182,0.67210454,True,66,18.92736169,0.50373262,True,211,29.09046962
TXN0000161170,C003777,2024-12-06 14:25:57,whatsapp_reminder,0.90000000,0,whatsapp_reminder,0,payment_link,allow,False,authentication_required,True,0.02905339,35.84000000,False,"[""eligible"", ""contextually_supported_or_manual"", ""highest_risk_adjusted_expected_value"", ""expected_value_margin:26.83"", ""probability_margin:0.02905339"", ""fallback_ineligible""]",0.64297533,True,362,56.55389812,0.68677211,True,241,49.77543607,0.65771872,True,96,34.06733257,0.53058821,True,512,71.09486331
TXN0000077122,C004079,2024-12-06 15:10:50,escalate_to_merchant,0.90000000,1,escalate_to_merchant,0,retry_payment,fallback,True,technical_retryable,True,0.00616449,,False,"[""decision_uncertain"", ""expected_value_margin:1.0177369117736816"", ""probability_margin:0.021522045135498047"", ""margin_not_applicable_to_non_allow_decision""]",0.62046522,True,359,56.24386377,0.64198726,True,85,37.80492775,0.63582277,True,126,41.91580028,0.47498578,True,694,97.85794000
TXN0000000182,C004864,2024-12-06 15:39:23,escalate_to_merchant,0.90000000,0,escalate_to_merchant,0,payment_link,allow,False,technical_retryable,True,0.03387171,213.55000000,False,"[""eligible"", ""contextually_supported_or_manual"", ""highest_risk_adjusted_expected_value"", ""expected_value_margin:213.55"", ""probability_margin:0.09886068"", ""decision_margin_passed""]",0.51519454,True,129,19.07760664,0.61405522,True,218,30.47265689,0.58018351,True,34,21.95535821,0.37181482,True,65,18.84615345
TXN0000097469,C001917,2024-12-06 15:50:10,retry_payment,0.90000000,0,retry_payment,0,no_action,stop,False,merchant_configuration,False,0.02136737,,False,"[""customer_opted_out"", ""margin_not_applicable_to_non_allow_decision""]",0.65864325,True,58,8.97709815,0.65555441,False,25,3.45418296,0.68001062,False,10,3.52962620,0.49887493,False,12,7.36805008
TXN0000083313,C005536,2024-12-06 16:34:45,whatsapp_reminder,0.03333333,1,escalate_to_merchant,0,retry_payment,fallback,True,technical_retryable,True,0.02591985,,False,"[""decision_uncertain"", ""expected_value_margin:None"", ""probability_margin:None"", ""margin_not_applicable_to_non_allow_decision""]",0.62853616,True,58,8.97709815,0.68350536,False,3,3.00000000,0.65758550,False,24,3.90270249,0.49998498,False,8,8.00000000
TXN0000062407,C009977,2024-12-06 17:15:31,retry_payment,0.90000000,1,retry_payment,0,no_action,stop,False,technical_retryable,False,0.02831089,,False,"[""no_eligible_positive_value_action"", ""failure_matrix:block"", ""margin_not_applicable_to_non_allow_decision""]",0.59899092,False,49,7.23938140,0.62131041,False,8,4.29589038,0.64962131,False,23,3.80324523,0.48596379,False,11,2.70552140
TXN0000207854,C000253,2024-12-06 17:32:36,escalate_to_merchant,0.90000000,1,escalate_to_merchant,0,no_action,stop,False,customer_decline,False,0.03782618,,False,"[""no_eligible_positive_value_action"", ""failure_matrix:block"", ""margin_not_applicable_to_non_allow_decision""]",0.54929763,True,47,47.00000000,0.62182099,False,2,2.00000000,0.58399481,False,21,3.60798899,0.48090705,False,12,3.68852452
TXN0000003705,C004729,2024-12-06 17:41:24,retry_payment,0.90000000,0,retry_payment,0,no_action,stop,False,technical_retryable,False,0.02359045,,False,"[""no_eligible_positive_value_action"", ""failure_matrix:block"", ""margin_not_applicable_to_non_allow_decision""]",0.59156787,False,49,7.90577463,0.62071878,False,6,6.00000000,0.64430922,True,63,11.63500628,0.48780495,True,88,12.69429910
TXN0000065441,C003802,2024-12-06 17:41:56,escalate_to_merchant,0.90000000,0,escalate_to_merchant,0,no_action,stop,False,authentication_required,False,0.01365137,,False,"[""customer_opted_out"", ""margin_not_applicable_to_non_allow_decision""]",0.56311911,True,382,61.49646714,0.59414977,True,55,50.36414754,0.58049840,True,122,42.51287438,0.49907476,True,685,101.16768160
TXN0000077968,C008481,2024-12-06 17:59:37,payment_link,0.90000000,1,payment_link,0,retry_payment,fallback,True,technical_retryable,True,0.01695284,,False,"[""decision_uncertain"", ""expected_value_margin:51.112024664878845"", ""probability_margin:0.013367712497711182"", ""margin_not_applicable_to_non_allow_decision""]",0.37423220,True,129,19.07760664,0.38759992,True,218,30.47265689,0.40455276,True,34,21.95535821,0.28912500,True,65,18.84615345
TXN0000009797,C001817,2024-12-06 18:03:10,escalate_to_merchant,0.90000000,0,escalate_to_merchant,0,whatsapp_reminder,fallback,True,authentication_required,True,0.01354587,,False,"[""decision_uncertain"", ""expected_value_margin:None"", ""probability_margin:None"", ""margin_not_applicable_to_non_allow_decision""]",0.53178233,True,73,10.21909638,0.54100800,False,23,5.49540018,0.55455387,True,54,8.41672235,0.41438502,True,72,12.00499847
TXN0000132575,C006400,2024-12-06 18:10:14,payment_link,0.90000000,1,payment_link,0,payment_link,fallback,True,customer_decline,True,0.03168517,,False,"[""decision_uncertain"", ""expected_value_margin:None"", ""probability_margin:None"", ""margin_not_applicable_to_non_allow_decision""]",0.64712191,True,59,8.94277964,0.69553715,True,90,12.53697431,0.66385198,False,19,4.27099396,0.49559790,True,43,10.73819641
TXN0000187510,C002362,2024-12-06 19:36:37,retry_payment,0.90000000,0,retry_payment,0,no_action,stop,False,authentication_required,False,0.00549412,,False,"[""no_eligible_positive_value_action"", ""failure_matrix:block"", ""margin_not_applicable_to_non_allow_decision""]",0.64038801,True,47,47.00000000,0.67502868,False,2,2.00000000,0.68052280,False,21,3.60798899,0.53045487,False,12,3.68852452
TXN0000098105,C008879,2024-12-06 20:07:40,escalate_to_merchant,0.90000000,0,escalate_to_merchant,0,whatsapp_reminder,fallback,True,authentication_required,True,0.02978557,,False,"[""decision_uncertain"", ""expected_value_margin:None"", ""probability_margin:None"", ""margin_not_applicable_to_non_allow_decision""]",0.56253767,True,126,18.74890631,0.60900623,False,9,9.00000000,0.57922065,True,73,15.08078281,0.46084845,True,237,33.53941007
TXN0000063864,C008529,2024-12-06 20:25:09,payment_link,0.90000000,0,payment_link,0,escalate_to_merchant,fallback,True,merchant_configuration,True,0.00877357,,False,"[""decision_uncertain"", ""expected_value_margin:None"", ""probability_margin:None"", ""margin_not_applicable_to_non_allow_decision""]",0.67397958,True,58,8.97709815,0.73551881,False,25,3.45418296,0.72674525,False,10,3.52962620,0.51562107,False,12,7.36805008
TXN0000086431,C006197,2024-12-06 21:25:17,retry_payment,0.90000000,1,retry_payment,0,retry_payment,fallback,True,technical_retryable,True,0.01422727,,False,"[""decision_uncertain"", ""expected_value_margin:None"", ""probability_margin:None"", ""margin_not_applicable_to_non_allow_decision""]",0.88133949,True,58,8.97709815,0.90619045,False,25,3.45418296,0.89196318,False,10,3.52962620,0.79199380,False,12,7.36805008
TXN0000094755,C000089,2024-12-06 23:38:32,escalate_to_merchant,0.90000000,0,escalate_to_merchant,0,retry_payment,fallback,True,technical_retryable,True,0.00399166,,False,"[""decision_uncertain"", ""expected_value_margin:None"", ""probability_margin:None"", ""margin_not_applicable_to_non_allow_decision""]",0.57661396,True,47,47.00000000,0.62055820,False,2,2.00000000,0.61656654,False,21,3.60798899,0.45799994,False,12,3.68852452
TXN0000082548,C004960,2024-12-07 01:00:05,retry_payment,0.90000000,1,retry_payment,0,retry_payment,fallback,True,technical_retryable,True,0.03484172,,False,"[""decision_uncertain"", ""expected_value_margin:None"", ""probability_margin:None"", ""margin_not_applicable_to_non_allow_decision""]",0.66095573,True,60,8.27440554,0.67806852,False,1,1.00000000,0.71291023,False,46,6.69767366,0.52478653,True,93,13.89845234
TXN0000240818,C004234,2024-12-07 06:43:01,retry_payment,0.90000000,1,retry_payment,0,escalate_to_merchant,fallback,True,merchant_configuration,True,0.00591451,,False,"[""decision_uncertain"", ""expected_value_margin:None"", ""probability_margin:None"", ""margin_not_applicable_to_non_allow_decision""]",0.63733137,True,387,66.60326136,0.65776068,True,625,91.91881191,0.65184617,True,50,36.09870729,0.46318018,True,196,56.61961283
TXN0000152721,C001299,2024-12-07 08:03:28,escalate_to_merchant,0.90000000,0,escalate_to_merchant,0,retry_payment,fallback,True,technical_retryable,True,0.01749927,,False,"[""decision_uncertain"", ""expected_value_margin:4.01784610748291"", ""probability_margin:0.06008923053741455"", ""margin_not_applicable_to_non_allow_decision""]",0.60276663,True,382,61.49646714,0.66285586,True,55,50.36414754,0.64535660,True,122,42.51287438,0.50016773,True,685,101.16768160
TXN0000020653,C005526,2024-12-07 08:08:33,whatsapp_reminder,0.90000000,0,whatsapp_reminder,0,no_action,stop,False,customer_decline,False,0.01011813,,False,"[""no_eligible_positive_value_action"", ""failure_matrix:block"", ""margin_not_applicable_to_non_allow_decision""]",0.43085203,False,4,1.22950817,0.45976374,False,6,6.00000000,0.44964561,False,7,7.00000000,0.32982942,False,2,1.07397260
TXN0000028676,C006353,2024-12-07 09:30:54,payment_link,0.90000000,0,payment_link,0,escalate_to_merchant,fallback,True,merchant_configuration,True,0.01030564,,False,"[""decision_uncertain"", ""expected_value_margin:None"", ""probability_margin:None"", ""margin_not_applicable_to_non_allow_decision""]",0.60502416,True,129,19.07760664,0.62863940,True,218,30.47265689,0.63894504,True,34,21.95535821,0.48255762,True,65,18.84615345
TXN0000179752,C000317,2024-12-07 09:36:08,escalate_to_merchant,0.90000000,1,escalate_to_merchant,0,retry_payment,fallback,True,technical_retryable,True,0.02622694,,False,"[""decision_uncertain"", ""expected_value_margin:None"", ""probability_margin:None"", ""margin_not_applicable_to_non_allow_decision""]",0.44985509,True,58,8.97709815,0.54165721,False,3,3.00000000,0.51543027,False,24,3.90270249,0.36069292,False,8,8.00000000
TXN0000221103,C008920,2024-12-07 09:37:04,payment_link,0.03333333,1,escalate_to_merchant,0,retry_payment,fallback,True,technical_retryable,True,0.02772272,,False,"[""decision_uncertain"", ""expected_value_margin:None"", ""probability_margin:None"", ""margin_not_applicable_to_non_allow_decision""]",0.55877972,True,58,8.97709815,0.58650243,False,3,3.00000000,0.55457097,False,24,3.90270249,0.43520799,False,8,8.00000000
TXN0000018681,C005185,2024-12-07 11:58:29,escalate_to_merchant,0.90000000,0,escalate_to_merchant,0,whatsapp_reminder,fallback,True,authentication_required,True,0.00715911,,False,"[""decision_uncertain"", ""expected_value_margin:None"", ""probability_margin:None"", ""margin_not_applicable_to_non_allow_decision""]",0.60851675,True,172,27.72056966,0.61567587,False,17,16.07278182,0.59166223,True,66,18.92736169,0.49290243,True,211,29.09046962
TXN0000146166,C008658,2024-12-07 12:01:43,payment_link,0.90000000,1,payment_link,0,no_action,stop,False,technical_retryable,False,0.00569504,,False,"[""customer_opted_out"", ""margin_not_applicable_to_non_allow_decision""]",0.81272405,True,58,8.97709815,0.84927458,False,25,3.45418296,0.84357953,False,10,3.52962620,0.71342343,False,12,7.36805008
TXN0000112139,C004723,2024-12-07 12:58:14,escalate_to_merchant,0.90000000,1,escalate_to_merchant,0,escalate_to_merchant,fallback,True,merchant_configuration,True,0.02235723,,False,"[""decision_uncertain"", ""expected_value_margin:None"", ""probability_margin:None"", ""margin_not_applicable_to_non_allow_decision""]",0.63660800,True,382,61.49646714,0.68653941,True,55,50.36414754,0.66418219,True,122,42.51287438,0.51964366,True,685,101.16768160
TXN0000067998,C002490,2024-12-07 13:04:43,retry_payment,0.90000000,1,retry_payment,0,no_action,stop,False,customer_decline,False,0.03797179,,False,"[""no_eligible_positive_value_action"", ""failure_matrix:block"", ""margin_not_applicable_to_non_allow_decision""]",0.59148157,True,58,8.97709815,0.60662508,False,3,3.00000000,0.64459687,False,24,3.90270249,0.48998752,False,8,8.00000000
TXN0000063161,C009556,2024-12-07 13:09:56,escalate_to_merchant,0.90000000,0,escalate_to_merchant,0,payment_link,allow,False,technical_retryable,True,0.02401590,35.00000000,False,"[""eligible"", ""contextually_supported_or_manual"", ""highest_risk_adjusted_expected_value"", ""expected_value_margin:35.01"", ""probability_margin:0.05206525"", ""decision_margin_passed""]",0.56369972,True,362,56.55389812,0.61576498,True,241,49.77543607,0.59174907,True,96,34.06733257,0.44565991,True,512,71.09486331
TXN0000028934,C005466,2024-12-07 13:43:22,escalate_to_merchant,0.90000000,0,escalate_to_merchant,0,no_action,stop,False,customer_decline,False,0.03295189,,False,"[""no_eligible_positive_value_action"", ""failure_matrix:block"", ""margin_not_applicable_to_non_allow_decision""]",0.56456101,True,47,47.00000000,0.62495643,False,2,2.00000000,0.59200454,False,21,3.60798899,0.46487087,False,12,3.68852452
TXN0000067109,C005197,2024-12-07 13:52:46,retry_payment,0.90000000,1,retry_payment,0,payment_link,allow,False,technical_retryable,True,0.03410435,18.42000000,False,"[""eligible"", ""contextually_supported_or_manual"", ""highest_risk_adjusted_expected_value"", ""expected_value_margin:18.42"", ""probability_margin:0.01794928"", ""decision_margin_passed""]",0.65826106,True,362,56.55389812,0.67621034,True,241,49.77543607,0.71031469,True,96,34.06733257,0.53285611,True,512,71.09486331
TXN0000159450,C005596,2024-12-07 13:57:26,retry_payment,0.90000000,1,retry_payment,0,no_action,stop,False,authentication_required,False,0.01504660,,False,"[""no_eligible_positive_value_action"", ""failure_matrix:block"", ""margin_not_applicable_to_non_allow_decision""]",0.57369930,True,58,8.97709815,0.63357294,False,25,3.45418296,0.61852634,False,10,3.52962620,0.46828392,False,12,7.36805008
TXN0000106207,C009865,2024-12-07 14:38:23,retry_payment,0.90000000,1,retry_payment,0,retry_payment,fallback,True,technical_retryable,True,0.05351490,,False,"[""decision_uncertain"", ""expected_value_margin:None"", ""probability_margin:None"", ""margin_not_applicable_to_non_allow_decision""]",0.54245722,True,58,8.97709815,0.56947351,False,25,3.45418296,0.62298840,False,10,3.52962620,0.37642384,False,12,7.36805008
TXN0000127348,C003271,2024-12-07 15:28:33,retry_payment,0.90000000,1,retry_payment,0,retry_payment,fallback,True,technical_retryable,True,0.03325230,,False,"[""decision_uncertain"", ""expected_value_margin:None"", ""probability_margin:None"", ""margin_not_applicable_to_non_allow_decision""]",0.72161227,True,58,8.97709815,0.71986669,False,3,3.00000000,0.75486457,False,24,3.90270249,0.61683524,False,8,8.00000000
TXN0000131308,C000410,2024-12-07 15:50:20,payment_link,0.90000000,1,payment_link,0,payment_link,allow,False,technical_retryable,True,0.03593260,94.39000000,False,"[""eligible"", ""contextually_supported_or_manual"", ""highest_risk_adjusted_expected_value"", ""expected_value_margin:94.38"", ""probability_margin:0.04636991"", ""decision_margin_passed""]",0.55512285,True,129,19.07760664,0.60149276,True,218,30.47265689,0.56556016,True,34,21.95535821,0.41727346,True,65,18.84615345
TXN0000030815,C005872,2024-12-07 16:15:35,retry_payment,0.90000000,1,retry_payment,0,whatsapp_reminder,allow,False,authentication_required,True,0.04725516,16.03000000,False,"[""eligible"", ""contextually_supported_or_manual"", ""highest_risk_adjusted_expected_value"", ""expected_value_margin:16.9"", ""probability_margin:0.04725516"", ""fallback_ineligible""]",0.58425772,True,359,56.24386377,0.60726821,True,85,37.80492775,0.65452337,True,126,41.91580028,0.48185721,True,694,97.85794000
TXN0000136442,C009049,2024-12-07 16:58:22,whatsapp_reminder,0.90000000,1,whatsapp_reminder,0,payment_link,allow,False,authentication_required,True,0.07335067,99.86000000,False,"[""eligible"", ""contextually_supported_or_manual"", ""highest_risk_adjusted_expected_value"", ""expected_value_margin:84.67"", ""probability_margin:0.07335067"", ""fallback_ineligible""]",0.44776276,True,134,25.67475706,0.53878146,True,55,23.54174517,0.46543080,True,69,17.37637634,0.33072624,True,213,29.38877094
TXN0000205528,C004421,2024-12-07 17:04:36,whatsapp_reminder,0.90000000,1,whatsapp_reminder,0,no_action,stop,False,technical_retryable,False,0.02235389,,False,"[""no_eligible_positive_value_action"", ""failure_matrix:block"", ""margin_not_applicable_to_non_allow_decision""]",0.64517182,False,6,6.00000000,0.69534242,False,0,0.00000000,0.67298853,False,6,6.00000000,0.54670715,False,3,2.07333790
TXN0000130990,C005982,2024-12-07 17:07:16,escalate_to_merchant,0.90000000,1,escalate_to_merchant,0,retry_payment,fallback,True,technical_retryable,True,0.01913923,,False,"[""decision_uncertain"", ""expected_value_margin:None"", ""probability_margin:None"", ""margin_not_applicable_to_non_allow_decision""]",0.50383252,True,172,27.72056966,0.51193875,False,17,16.07278182,0.53107798,True,66,18.92736169,0.39157507,True,211,29.09046962
TXN0000096286,C005181,2024-12-07 17:25:15,escalate_to_merchant,0.03333333,1,retry_payment,0,payment_link,allow,False,technical_retryable,True,0.00273246,14.69000000,False,"[""eligible"", ""contextually_supported_or_manual"", ""highest_risk_adjusted_expected_value"", ""expected_value_margin:14.7"", ""probability_margin:0.05010623"", ""decision_margin_passed""]",0.68795973,True,359,56.24386377,0.73806596,True,85,37.80492775,0.74079841,True,126,41.91580028,0.56200951,True,694,97.85794000
TXN0000150280,C002382,2024-12-07 17:31:17,payment_link,0.90000000,1,payment_link,0,payment_link,allow,False,customer_decline,True,0.02106911,72.27000000,False,"[""eligible"", ""contextually_supported_or_manual"", ""highest_risk_adjusted_expected_value"", ""expected_value_margin:50.42"", ""probability_margin:0.02106911"", ""fallback_ineligible""]",0.60249543,True,129,19.07760664,0.63460487,True,218,30.47265689,0.61353576,True,34,21.95535821,0.45784903,True,65,18.84615345
TXN0000046910,C004403,2024-12-07 17:36:19,escalate_to_merchant,0.90000000,0,escalate_to_merchant,0,payment_link,allow,False,technical_retryable,True,0.06782192,61.71000000,False,"[""eligible"", ""contextually_supported_or_manual"", ""highest_risk_adjusted_expected_value"", ""expected_value_margin:61.71"", ""probability_margin:0.06957459"", ""decision_margin_passed""]",0.64548641,True,362,56.55389812,0.71506101,True,241,49.77543607,0.64723909,True,96,34.06733257,0.48696968,True,512,71.09486331
TXN0000042658,C007363,2024-12-07 17:52:59,retry_payment,0.90000000,1,retry_payment,0,no_action,stop,False,authentication_required,False,0.00985593,,False,"[""no_eligible_positive_value_action"", ""failure_matrix:block"", ""margin_not_applicable_to_non_allow_decision""]",0.61453563,False,19,3.41762696,0.63958204,False,2,2.00000000,0.64943796,False,6,6.00000000,0.47309989,False,1,1.00000000
TXN0000084112,C008997,2024-12-07 17:59:11,retry_payment,0.90000000,0,retry_payment,0,payment_link,fallback,True,customer_decline,True,0.00758547,,False,"[""decision_uncertain"", ""expected_value_margin:6.50362765789032"", ""probability_margin:0.007585465908050537"", ""margin_not_applicable_to_non_allow_decision""]",0.64380533,True,362,56.55389812,0.67924559,True,241,49.77543607,0.67166013,True,96,34.06733257,0.51499832,True,512,71.09486331
TXN0000212423,C004728,2024-12-07 18:13:23,payment_link,0.90000000,0,payment_link,0,whatsapp_reminder,allow,False,customer_decline,True,0.02146286,98.32000000,False,"[""eligible"", ""contextually_supported_or_manual"", ""highest_risk_adjusted_expected_value"", ""expected_value_margin:157.99"", ""probability_margin:0.03211847"", ""fallback_ineligible""]",0.45303342,True,129,19.07760664,0.44237781,True,218,30.47265689,0.47449628,True,34,21.95535821,0.30841038,True,65,18.84615345
TXN0000139389,C007603,2024-12-07 18:25:23,retry_payment,0.90000000,1,retry_payment,0,whatsapp_reminder,fallback,True,customer_decline,True,0.01436794,,False,"[""decision_uncertain"", ""expected_value_margin:None"", ""probability_margin:None"", ""margin_not_applicable_to_non_allow_decision""]",0.72148573,True,172,27.72056966,0.73841703,False,17,16.07278182,0.75278497,True,66,18.92736169,0.57922769,True,211,29.09046962
TXN0000020673,C004889,2024-12-07 18:31:41,escalate_to_merchant,0.90000000,1,escalate_to_merchant,0,no_action,stop,False,authentication_required,False,0.02045316,,False,"[""no_eligible_positive_value_action"", ""failure_matrix:block"", ""margin_not_applicable_to_non_allow_decision""]",0.56276155,True,126,18.74890631,0.58321470,False,9,9.00000000,0.55678082,True,73,15.08078281,0.45528007,True,237,33.53941007
TXN0000012622,C000341,2024-12-07 18:45:56,retry_payment,0.90000000,1,retry_payment,0,whatsapp_reminder,fallback,True,authentication_required,True,0.00813067,,False,"[""decision_uncertain"", ""expected_value_margin:None"", ""probability_margin:None"", ""margin_not_applicable_to_non_allow_decision""]",0.55451548,True,172,27.72056966,0.59578061,False,17,16.07278182,0.58764994,True,66,18.92736169,0.43300980,True,211,29.09046962
TXN0000148680,C009005,2024-12-07 19:28:22,retry_payment,0.90000000,1,retry_payment,0,retry_payment,fallback,True,technical_retryable,True,0.00464785,,False,"[""decision_uncertain"", ""expected_value_margin:None"", ""probability_margin:None"", ""margin_not_applicable_to_non_allow_decision""]",0.74001086,True,58,8.97709815,0.78086996,False,25,3.45418296,0.77622211,False,10,3.52962620,0.58712816,False,12,7.36805008
TXN0000217627,C007676,2024-12-07 19:30:05,payment_link,0.90000000,0,payment_link,0,retry_payment,fallback,True,technical_retryable,True,0.03278857,,False,"[""decision_uncertain"", ""expected_value_margin:None"", ""probability_margin:None"", ""margin_not_applicable_to_non_allow_decision""]",0.55175686,True,58,8.97709815,0.61144191,False,25,3.45418296,0.57865334,False,10,3.52962620,0.38853726,False,12,7.36805008
TXN0000014513,C008781,2024-12-07 19:37:19,retry_payment,0.90000000,1,retry_payment,0,no_action,stop,False,technical_retryable,False,0.03554249,,False,"[""customer_opted_out"", ""margin_not_applicable_to_non_allow_decision""]",0.62785870,False,49,7.23938140,0.66340119,False,8,4.29589038,0.61900038,False,23,3.80324523,0.50583684,False,11,2.70552140
TXN0000194916,C000268,2024-12-07 19:37:44,whatsapp_reminder,0.03333333,1,payment_link,0,payment_link,fallback,True,authentication_required,True,0.01092082,,False,"[""decision_uncertain"", ""expected_value_margin:23.54498302936554"", ""probability_margin:0.010920822620391846"", ""margin_not_applicable_to_non_allow_decision""]",0.64561880,True,387,66.60326136,0.69895160,True,625,91.91881191,0.68803078,True,50,36.09870729,0.48530436,True,196,56.61961283
TXN0000154527,C007896,2024-12-07 19:37:46,payment_link,0.90000000,0,payment_link,0,escalate_to_merchant,fallback,True,merchant_configuration,True,0.00880069,,False,"[""decision_uncertain"", ""expected_value_margin:None"", ""probability_margin:None"", ""margin_not_applicable_to_non_allow_decision""]",0.62391287,True,387,66.60326136,0.68290573,True,625,91.91881191,0.67410505,True,50,36.09870729,0.44580957,True,196,56.61961283
TXN0000072542,C009199,2024-12-07 19:40:11,escalate_to_merchant,0.90000000,0,escalate_to_merchant,0,whatsapp_reminder,fallback,True,customer_decline,True,0.00280607,,False,"[""decision_uncertain"", ""expected_value_margin:None"", ""probability_margin:None"", ""margin_not_applicable_to_non_allow_decision""]",0.45601106,True,172,27.72056966,0.51291519,False,17,16.07278182,0.51572126,True,66,18.92736169,0.37362438,True,211,29.09046962
TXN0000028303,C004769,2024-12-07 23:24:25,retry_payment,0.90000000,1,retry_payment,0,whatsapp_reminder,allow,False,authentication_required,True,0.05738932,348.86000000,False,"[""eligible"", ""contextually_supported_or_manual"", ""highest_risk_adjusted_expected_value"", ""expected_value_margin:489.54"", ""probability_margin:0.07886291"", ""fallback_ineligible""]",0.66888189,True,387,66.60326136,0.64740831,True,625,91.91881191,0.72627121,True,50,36.09870729,0.52029437,True,196,56.61961283
TXN0000232301,C008676,2024-12-08 08:10:15,whatsapp_reminder,0.03333333,0,payment_link,0,retry_payment,fallback,True,technical_retryable,True,0.00120175,,False,"[""decision_uncertain"", ""expected_value_margin:57.358181953430176"", ""probability_margin:0.01272118091583252"", ""margin_not_applicable_to_non_allow_decision""]",0.64028382,True,129,19.07760664,0.62756264,True,218,30.47265689,0.63908207,True,34,21.95535821,0.47407156,True,65,18.84615345
TXN0000084202,C001180,2024-12-08 09:31:01,retry_payment,0.90000000,0,retry_payment,0,escalate_to_merchant,fallback,True,merchant_configuration,True,0.02416676,,False,"[""decision_uncertain"", ""expected_value_margin:None"", ""probability_margin:None"", ""margin_not_applicable_to_non_allow_decision""]",0.70183098,True,58,8.97709815,0.71502095,False,25,3.45418296,0.73918772,False,10,3.52962620,0.56362015,False,12,7.36805008
TXN0000119954,C006704,2024-12-08 09:47:40,retry_payment,0.90000000,1,retry_payment,0,no_action,stop,False,authentication_required,False,0.02611881,,False,"[""no_eligible_positive_value_action"", ""failure_matrix:block"", ""margin_not_applicable_to_non_allow_decision""]",0.64565301,False,6,6.00000000,0.68430293,False,0,0.00000000,0.71042174,False,6,6.00000000,0.51816398,False,3,2.07333790
TXN0000208181,C002641,2024-12-08 10:15:37,whatsapp_reminder,0.03333333,1,retry_payment,0,escalate_to_merchant,fallback,True,merchant_configuration,True,0.00663042,,False,"[""decision_uncertain"", ""expected_value_margin:None"", ""probability_margin:None"", ""margin_not_applicable_to_non_allow_decision""]",0.60068321,True,129,19.07760664,0.63011277,True,218,30.47265689,0.62348235,True,34,21.95535821,0.45166227,True,65,18.84615345
TXN0000016643,C008936,2024-12-08 11:20:28,retry_payment,0.90000000,1,retry_payment,0,payment_link,allow,False,technical_retryable,True,0.03813648,100.16000000,False,"[""eligible"", ""contextually_supported_or_manual"", ""highest_risk_adjusted_expected_value"", ""expected_value_margin:100.16"", ""probability_margin:0.03813648"", ""decision_margin_passed""]",0.55190492,True,129,19.07760664,0.59004140,True,218,30.47265689,0.54781246,True,34,21.95535821,0.41874701,True,65,18.84615345
TXN0000245965,C003324,2024-12-08 11:27:54,escalate_to_merchant,0.90000000,1,escalate_to_merchant,0,whatsapp_reminder,fallback,True,customer_decline,True,0.01240188,,False,"[""decision_uncertain"", ""expected_value_margin:None"", ""probability_margin:None"", ""margin_not_applicable_to_non_allow_decision""]",0.58103734,True,172,27.72056966,0.62401259,False,17,16.07278182,0.61161071,True,66,18.92736169,0.47491726,True,211,29.09046962
TXN0000036470,C005394,2024-12-08 11:35:40,escalate_to_merchant,0.90000000,1,escalate_to_merchant,0,whatsapp_reminder,fallback,True,customer_decline,True,0.00524098,,False,"[""decision_uncertain"", ""expected_value_margin:None"", ""probability_margin:None"", ""margin_not_applicable_to_non_allow_decision""]",0.48810866,True,126,18.74890631,0.55435103,False,9,9.00000000,0.55959201,True,73,15.08078281,0.42734814,True,237,33.53941007
TXN0000170292,C004816,2024-12-08 12:02:05,escalate_to_merchant,0.90000000,1,escalate_to_merchant,0,whatsapp_reminder,fallback,True,authentication_required,True,0.03196621,,False,"[""decision_uncertain"", ""expected_value_margin:None"", ""probability_margin:None"", ""margin_not_applicable_to_non_allow_decision""]",0.50045806,True,126,18.74890631,0.59447008,False,9,9.00000000,0.56250387,True,73,15.08078281,0.47767013,True,237,33.53941007
TXN0000005987,C008439,2024-12-08 12:03:29,retry_payment,0.90000000,1,retry_payment,0,retry_payment,fallback,True,technical_retryable,True,0.01723218,,False,"[""decision_uncertain"", ""expected_value_margin:None"", ""probability_margin:None"", ""margin_not_applicable_to_non_allow_decision""]",0.60199076,True,126,18.74890631,0.61488646,False,9,9.00000000,0.63211864,True,73,15.08078281,0.49869841,True,237,33.53941007
TXN0000182734,C006383,2024-12-08 12:04:43,payment_link,0.03333333,1,escalate_to_merchant,0,payment_link,allow,False,technical_retryable,True,0.03684795,14.21000000,False,"[""eligible"", ""contextually_supported_or_manual"", ""highest_risk_adjusted_expected_value"", ""expected_value_margin:14.21"", ""probability_margin:0.05580646"", ""decision_margin_passed""]",0.56488907,True,359,56.24386377,0.62069553,True,85,37.80492775,0.58384758,True,126,41.91580028,0.43545541,True,694,97.85794000
TXN0000058456,C007607,2024-12-08 14:18:42,retry_payment,0.90000000,0,retry_payment,0,no_action,stop,False,authentication_required,False,0.04698986,,False,"[""no_eligible_positive_value_action"", ""failure_matrix:block"", ""margin_not_applicable_to_non_allow_decision""]",0.63569385,True,172,27.72056966,0.68268371,False,17,16.07278182,0.62035143,True,66,18.92736169,0.50683630,True,211,29.09046962
TXN0000061699,C008202,2024-12-08 14:42:43,escalate_to_merchant,0.90000000,1,escalate_to_merchant,0,escalate_to_merchant,fallback,True,merchant_configuration,True,0.03266418,,False,"[""decision_uncertain"", ""expected_value_margin:None"", ""probability_margin:None"", ""margin_not_applicable_to_non_allow_decision""]",0.56763345,False,49,7.23938140,0.66920918,False,8,4.29589038,0.63654500,False,23,3.80324523,0.46350142,False,11,2.70552140
TXN0000194773,C003211,2024-12-08 14:46:50,retry_payment,0.90000000,1,retry_payment,0,no_action,stop,False,technical_retryable,False,0.00961787,,False,"[""customer_opted_out"", ""margin_not_applicable_to_non_allow_decision""]",0.60639137,True,172,27.72056966,0.63542753,False,17,16.07278182,0.64504540,True,66,18.92736169,0.47680762,True,211,29.09046962
TXN0000061482,C006725,2024-12-08 15:32:41,retry_payment,0.90000000,1,retry_payment,0,retry_payment,fallback,True,technical_retryable,True,0.01765203,,False,"[""decision_uncertain"", ""expected_value_margin:6.146536350250244"", ""probability_margin:-0.017652034759521484"", ""margin_not_applicable_to_non_allow_decision""]",0.73536265,True,382,61.49646714,0.75301468,True,55,50.36414754,0.73173106,True,122,42.51287438,0.59172952,True,685,101.16768160
TXN0000100163,C001749,2024-12-08 15:44:25,retry_payment,0.90000000,1,retry_payment,0,retry_payment,fallback,True,technical_retryable,True,0.04985452,,False,"[""decision_uncertain"", ""expected_value_margin:None"", ""probability_margin:None"", ""margin_not_applicable_to_non_allow_decision""]",0.55594039,True,47,47.00000000,0.65027606,False,2,2.00000000,0.60042155,False,21,3.60798899,0.46976781,False,12,3.68852452
TXN0000132829,C004063,2024-12-08 17:15:32,retry_payment,0.90000000,0,retry_payment,0,payment_link,allow,False,authentication_required,True,0.02719939,220.87000000,False,"[""eligible"", ""contextually_supported_or_manual"", ""highest_risk_adjusted_expected_value"", ""expected_value_margin:87.67"", ""probability_margin:0.02719939"", ""fallback_ineligible""]",0.58479643,True,387,66.60326136,0.65402520,True,625,91.91881191,0.62682581,True,50,36.09870729,0.42813423,True,196,56.61961283
TXN0000119556,C004260,2024-12-08 17:43:51,retry_payment,0.90000000,1,retry_payment,0,no_action,stop,False,customer_decline,False,0.04776400,,False,"[""no_eligible_positive_value_action"", ""failure_matrix:block"", ""margin_not_applicable_to_non_allow_decision""]",0.64562368,True,58,8.97709815,0.65956259,False,3,3.00000000,0.70732659,False,24,3.90270249,0.53627890,False,8,8.00000000
TXN0000041848,C007381,2024-12-08 17:55:39,escalate_to_merchant,0.90000000,1,escalate_to_merchant,0,payment_link,fallback,True,customer_decline,True,0.04193139,,False,"[""decision_uncertain"", ""expected_value_margin:2.7700636982917786"", ""probability_margin:0.04522579908370972"", ""margin_not_applicable_to_non_allow_decision""]",0.65989375,True,382,61.49646714,0.70182514,True,55,50.36414754,0.65659934,True,122,42.51287438,0.53930861,True,685,101.16768160
TXN0000133279,C000335,2024-12-08 18:12:16,escalate_to_merchant,0.90000000,0,escalate_to_merchant,0,payment_link,allow,False,authentication_required,True,0.03367442,9.37000000,False,"[""eligible"", ""contextually_supported_or_manual"", ""highest_risk_adjusted_expected_value"", ""expected_value_margin:11.52"", ""probability_margin:0.03367442"", ""fallback_ineligible""]",0.61609709,True,359,56.24386377,0.65855533,True,85,37.80492775,0.62488091,True,126,41.91580028,0.46854293,True,694,97.85794000
TXN0000140502,C001313,2024-12-08 18:35:16,retry_payment,0.90000000,0,retry_payment,0,payment_link,allow,False,authentication_required,True,0.02311128,135.36000000,False,"[""eligible"", ""contextually_supported_or_manual"", ""highest_risk_adjusted_expected_value"", ""expected_value_margin:48.2"", ""probability_margin:0.02311128"", ""fallback_ineligible""]",0.62139243,True,387,66.60326136,0.68706244,True,625,91.91881191,0.66395116,True,50,36.09870729,0.47625837,True,196,56.61961283
TXN0000171560,C008394,2024-12-08 19:19:35,escalate_to_merchant,0.90000000,0,escalate_to_merchant,0,no_action,stop,False,authentication_required,False,0.04286081,,False,"[""no_eligible_positive_value_action"", ""failure_matrix:block"", ""margin_not_applicable_to_non_allow_decision""]",0.64285928,True,58,8.97709815,0.70749855,False,3,3.00000000,0.66463774,False,24,3.90270249,0.56761980,False,8,8.00000000
TXN0000163946,C007419,2024-12-08 19:36:52,whatsapp_reminder,0.90000000,1,whatsapp_reminder,0,no_action,stop,False,customer_decline,False,0.03070295,,False,"[""no_eligible_positive_value_action"", ""failure_matrix:block"", ""margin_not_applicable_to_non_allow_decision""]",0.55412084,True,47,47.00000000,0.63870287,False,2,2.00000000,0.60799992,False,21,3.60798899,0.46797264,False,12,3.68852452
TXN0000221605,C001709,2024-12-08 20:08:36,escalate_to_merchant,0.90000000,1,escalate_to_merchant,0,retry_payment,fallback,True,technical_retryable,True,0.04595554,,False,"[""decision_uncertain"", ""expected_value_margin:None"", ""probability_margin:None"", ""margin_not_applicable_to_non_allow_decision""]",0.53811693,True,126,18.74890631,0.60397512,False,9,9.00000000,0.55801958,True,73,15.08078281,0.41753164,True,237,33.53941007
TXN0000148063,C001927,2024-12-08 20:49:40,retry_payment,0.90000000,0,retry_payment,0,escalate_to_merchant,fallback,True,merchant_configuration,True,0.01335782,,False,"[""decision_uncertain"", ""expected_value_margin:None"", ""probability_margin:None"", ""margin_not_applicable_to_non_allow_decision""]",0.61972958,True,58,8.97709815,0.63566244,False,3,3.00000000,0.64902025,False,24,3.90270249,0.50940895,False,8,8.00000000
TXN0000084711,C009301,2024-12-08 21:36:13,retry_payment,0.90000000,1,retry_payment,0,retry_payment,fallback,True,technical_retryable,True,0.01279360,,False,"[""decision_uncertain"", ""expected_value_margin:None"", ""probability_margin:None"", ""margin_not_applicable_to_non_allow_decision""]",0.71678698,True,126,18.74890631,0.73736644,False,9,9.00000000,0.72457284,True,73,15.08078281,0.60586441,True,237,33.53941007
TXN0000166312,C004794,2024-12-08 21:38:23,escalate_to_merchant,0.03333333,1,whatsapp_reminder,0,no_action,stop,False,technical_retryable,False,0.06134820,,False,"[""no_eligible_positive_value_action"", ""failure_matrix:block"", ""margin_not_applicable_to_non_allow_decision""]",0.45691130,False,49,7.23938140,0.56981069,False,8,4.29589038,0.50846249,False,23,3.80324523,0.40576160,False,11,2.70552140
TXN0000019275,C006599,2024-12-08 21:47:51,retry_payment,0.90000000,1,retry_payment,0,no_action,stop,False,technical_retryable,False,0.00873315,,False,"[""no_eligible_positive_value_action"", ""failure_matrix:block"", ""margin_not_applicable_to_non_allow_decision""]",0.51318079,False,49,7.23938140,0.56718594,False,8,4.29589038,0.57591909,False,23,3.80324523,0.38567376,False,11,2.70552140
TXN0000123035,C006259,2024-12-08 22:49:15,payment_link,0.90000000,0,payment_link,0,no_action,stop,False,customer_decline,False,0.03778654,,False,"[""no_eligible_positive_value_action"", ""failure_matrix:block"", ""margin_not_applicable_to_non_allow_decision""]",0.68594265,True,58,8.97709815,0.73744714,False,25,3.45418296,0.69966060,False,10,3.52962620,0.49552894,False,12,7.36805008
TXN0000016483,C001531,2024-12-08 23:32:27,retry_payment,0.90000000,1,retry_payment,0,whatsapp_reminder,fallback,True,customer_decline,True,0.02329957,,False,"[""decision_uncertain"", ""expected_value_margin:None"", ""probability_margin:None"", ""margin_not_applicable_to_non_allow_decision""]",0.70759702,False,49,7.90577463,0.72315115,False,6,6.00000000,0.74645072,True,63,11.63500628,0.57334387,True,88,12.69429910
TXN0000065719,C005658,2024-12-08 23:55:28,retry_payment,0.90000000,0,retry_payment,0,payment_link,fallback,True,authentication_required,True,0.01640147,,False,"[""decision_uncertain"", ""expected_value_margin:None"", ""probability_margin:None"", ""margin_not_applicable_to_non_allow_decision""]",0.78971738,True,59,8.94277964,0.79469776,True,90,12.53697431,0.81109923,False,19,4.27099396,0.71193767,True,43,10.73819641
TXN0000245863,C006944,2024-12-09 00:30:54,escalate_to_merchant,0.90000000,0,escalate_to_merchant,0,no_action,stop,False,customer_decline,False,0.02320009,,False,"[""no_eligible_positive_value_action"", ""failure_matrix:block"", ""margin_not_applicable_to_non_allow_decision""]",0.50233012,True,172,27.72056966,0.51802802,False,17,16.07278182,0.54122812,True,66,18.92736169,0.36297378,True,211,29.09046962
TXN0000002379,C002905,2024-12-09 06:36:40,escalate_to_merchant,0.90000000,1,escalate_to_merchant,0,whatsapp_reminder,fallback,True,authentication_required,True,0.01992005,,False,"[""decision_uncertain"", ""expected_value_margin:None"", ""probability_margin:None"", ""margin_not_applicable_to_non_allow_decision""]",0.58802927,True,172,27.72056966,0.63470215,False,17,16.07278182,0.61478209,True,66,18.92736169,0.47574210,True,211,29.09046962
TXN0000166218,C004486,2024-12-09 07:01:15,retry_payment,0.90000000,1,retry_payment,0,escalate_to_merchant,fallback,True,merchant_configuration,True,0.02434301,,False,"[""decision_uncertain"", ""expected_value_margin:None"", ""probability_margin:None"", ""margin_not_applicable_to_non_allow_decision""]",0.59583861,True,47,47.00000000,0.62018162,False,2,2.00000000,0.58813417,False,21,3.60798899,0.48167881,False,12,3.68852452
TXN0000232475,C007924,2024-12-09 08:07:56,whatsapp_reminder,0.90000000,1,whatsapp_reminder,0,retry_payment,fallback,True,technical_retryable,True,0.04047793,,False,"[""decision_uncertain"", ""expected_value_margin:None"", ""probability_margin:None"", ""margin_not_applicable_to_non_allow_decision""]",0.53639382,True,172,27.72056966,0.62693977,False,17,16.07278182,0.58646184,True,66,18.92736169,0.45003304,True,211,29.09046962
TXN0000038599,C001927,2024-12-09 09:18:02,retry_payment,0.90000000,0,retry_payment,0,retry_payment,fallback,True,technical_retryable,True,0.00824797,,False,"[""decision_uncertain"", ""expected_value_margin:None"", ""probability_margin:None"", ""margin_not_applicable_to_non_allow_decision""]",0.57547450,True,73,10.21909638,0.55229700,False,23,5.49540018,0.58372247,True,54,8.41672235,0.46375582,True,72,12.00499847
TXN0000065207,C004892,2024-12-09 12:07:09,escalate_to_merchant,0.90000000,1,escalate_to_merchant,0,retry_payment,fallback,True,technical_retryable,True,0.00931877,,False,"[""decision_uncertain"", ""expected_value_margin:None"", ""probability_margin:None"", ""margin_not_applicable_to_non_allow_decision""]",0.51114982,True,172,27.72056966,0.57154387,False,17,16.07278182,0.56222510,True,66,18.92736169,0.39526665,True,211,29.09046962
TXN0000139061,C001117,2024-12-09 13:02:01,retry_payment,0.90000000,1,retry_payment,0,no_action,stop,False,technical_retryable,False,0.00296444,,False,"[""no_eligible_positive_value_action"", ""failure_matrix:block"", ""margin_not_applicable_to_non_allow_decision""]",0.71682459,False,49,7.23938140,0.72045779,False,8,4.29589038,0.71749336,False,23,3.80324523,0.59355134,False,11,2.70552140
TXN0000146429,C004089,2024-12-09 13:20:18,payment_link,0.03333333,0,retry_payment,0,payment_link,fallback,True,customer_decline,True,0.01183653,,False,"[""decision_uncertain"", ""expected_value_margin:7.787376403808594"", ""probability_margin:0.011836528778076172"", ""margin_not_applicable_to_non_allow_decision""]",0.57701075,True,134,25.67475706,0.60221070,True,55,23.54174517,0.59037417,True,69,17.37637634,0.45910576,True,213,29.38877094
TXN0000022610,C002866,2024-12-09 13:28:42,payment_link,0.90000000,0,payment_link,0,retry_payment,fallback,True,technical_retryable,True,0.02451608,,False,"[""decision_uncertain"", ""expected_value_margin:None"", ""probability_margin:None"", ""margin_not_applicable_to_non_allow_decision""]",0.44074231,True,58,8.97709815,0.51386917,False,25,3.45418296,0.48935309,False,10,3.52962620,0.31416735,False,12,7.36805008
TXN0000185868,C001683,2024-12-09 14:04:15,escalate_to_merchant,0.90000000,0,escalate_to_merchant,0,whatsapp_reminder,fallback,True,authentication_required,True,0.00312442,,False,"[""decision_uncertain"", ""expected_value_margin:None"", ""probability_margin:None"", ""margin_not_applicable_to_non_allow_decision""]",0.54935998,True,172,27.72056966,0.53674954,False,17,16.07278182,0.55248439,True,66,18.92736169,0.44528386,True,211,29.09046962
TXN0000177293,C007930,2024-12-09 15:15:04,escalate_to_merchant,0.90000000,1,escalate_to_merchant,0,whatsapp_reminder,fallback,True,authentication_required,True,0.00709021,,False,"[""decision_uncertain"", ""expected_value_margin:1.7182341814041138"", ""probability_margin:-0.007090210914611816"", ""margin_not_applicable_to_non_allow_decision""]",0.51736277,True,382,61.49646714,0.56023759,True,55,50.36414754,0.55314738,True,122,42.51287438,0.38354039,True,685,101.16768160
TXN0000072396,C006028,2024-12-09 15:17:29,escalate_to_merchant,0.90000000,0,escalate_to_merchant,0,no_action,stop,False,customer_decline,False,0.01327360,,False,"[""customer_opted_out"", ""margin_not_applicable_to_non_allow_decision""]",0.59557915,True,126,18.74890631,0.60885274,False,9,9.00000000,0.58337444,True,73,15.08078281,0.51094586,True,237,33.53941007
TXN0000116810,C000001,2024-12-09 16:16:29,retry_payment,0.90000000,0,retry_payment,0,no_action,stop,False,customer_decline,False,0.01417422,,False,"[""no_eligible_positive_value_action"", ""failure_matrix:block"", ""margin_not_applicable_to_non_allow_decision""]",0.64820325,True,58,8.97709815,0.66237748,False,3,3.00000000,0.64392608,False,24,3.90270249,0.54139453,False,8,8.00000000
TXN0000133246,C004972,2024-12-09 17:22:46,escalate_to_merchant,0.90000000,0,escalate_to_merchant,0,retry_payment,fallback,True,technical_retryable,True,0.00232744,,False,"[""decision_uncertain"", ""expected_value_margin:None"", ""probability_margin:None"", ""margin_not_applicable_to_non_allow_decision""]",0.59660709,True,58,8.97709815,0.61680305,False,3,3.00000000,0.61913049,False,24,3.90270249,0.49882254,False,8,8.00000000
TXN0000011120,C002177,2024-12-09 17:31:40,retry_payment,0.90000000,1,retry_payment,0,retry_payment,fallback,True,technical_retryable,True,0.00008047,,False,"[""decision_uncertain"", ""expected_value_margin:7.793684482574463"", ""probability_margin:-8.046627044677734e-05"", ""margin_not_applicable_to_non_allow_decision""]",0.50295007,True,129,19.07760664,0.50303054,True,218,30.47265689,0.47366953,True,34,21.95535821,0.38030991,True,65,18.84615345
TXN0000103991,C006410,2024-12-09 17:45:38,escalate_to_merchant,0.90000000,0,escalate_to_merchant,0,payment_link,allow,False,technical_retryable,True,0.06110448,68.38000000,False,"[""eligible"", ""contextually_supported_or_manual"", ""highest_risk_adjusted_expected_value"", ""expected_value_margin:68.38"", ""probability_margin:0.06110448"", ""decision_margin_passed""]",0.55346894,True,362,56.55389812,0.61457342,True,241,49.77543607,0.55287045,True,96,34.06733257,0.40542623,True,512,71.09486331
TXN0000193037,C005824,2024-12-09 17:45:39,escalate_to_merchant,0.90000000,1,escalate_to_merchant,0,retry_payment,fallback,True,technical_retryable,True,0.00106090,,False,"[""decision_uncertain"", ""expected_value_margin:None"", ""probability_margin:None"", ""margin_not_applicable_to_non_allow_decision""]",0.73231542,True,47,47.00000000,0.77110249,False,2,2.00000000,0.77004158,False,21,3.60798899,0.61639786,False,12,3.68852452
TXN0000183936,C004501,2024-12-09 17:53:39,retry_payment,0.90000000,0,retry_payment,0,retry_payment,fallback,True,technical_retryable,True,0.00376898,,False,"[""decision_uncertain"", ""expected_value_margin:None"", ""probability_margin:None"", ""margin_not_applicable_to_non_allow_decision""]",0.65049320,True,58,8.97709815,0.64587772,False,25,3.45418296,0.64672422,False,10,3.52962620,0.51316577,False,12,7.36805008
TXN0000053901,C001444,2024-12-09 17:53:57,retry_payment,0.90000000,1,retry_payment,0,payment_link,allow,False,authentication_required,True,0.04535896,30.74000000,False,"[""eligible"", ""contextually_supported_or_manual"", ""highest_risk_adjusted_expected_value"", ""expected_value_margin:50.92"", ""probability_margin:0.06226158"", ""fallback_ineligible""]",0.63307822,True,134,25.67475706,0.67843717,True,55,23.54174517,0.61617559,True,69,17.37637634,0.43255916,True,213,29.38877094
TXN0000216883,C006652,2024-12-09 18:16:15,escalate_to_merchant,0.90000000,0,escalate_to_merchant,0,retry_payment,fallback,True,technical_retryable,True,0.04408288,,False,"[""decision_uncertain"", ""expected_value_margin:None"", ""probability_margin:None"", ""margin_not_applicable_to_non_allow_decision""]",0.57457721,True,47,47.00000000,0.63285291,False,2,2.00000000,0.58877003,False,21,3.60798899,0.45928931,False,12,3.68852452
TXN0000185351,C004423,2024-12-09 18:20:43,whatsapp_reminder,0.90000000,1,whatsapp_reminder,0,whatsapp_reminder,allow,False,customer_decline,True,0.03666985,15.04000000,False,"[""eligible"", ""contextually_supported_or_manual"", ""highest_risk_adjusted_expected_value"", ""expected_value_margin:12.33"", ""probability_margin:0.03666985"", ""fallback_ineligible""]",0.64957416,True,382,61.49646714,0.68850362,True,55,50.36414754,0.72517347,True,122,42.51287438,0.55652243,True,685,101.16768160
TXN0000112958,C004916,2024-12-09 18:31:11,retry_payment,0.90000000,0,retry_payment,0,escalate_to_merchant,fallback,True,merchant_configuration,True,0.00230527,,False,"[""decision_uncertain"", ""expected_value_margin:None"", ""probability_margin:None"", ""margin_not_applicable_to_non_allow_decision""]",0.59116900,True,362,56.55389812,0.58501917,True,241,49.77543607,0.58886373,True,96,34.06733257,0.47624737,True,512,71.09486331
TXN0000217447,C008488,2024-12-09 18:39:17,retry_payment,0.90000000,1,retry_payment,0,whatsapp_reminder,fallback,True,authentication_required,True,0.00069839,,False,"[""decision_uncertain"", ""expected_value_margin:0.917365312576294"", ""probability_margin:-0.0007956027984619141"", ""margin_not_applicable_to_non_allow_decision""]",0.60054725,True,129,19.07760664,0.59984887,True,218,30.47265689,0.59905326,True,34,21.95535821,0.46234438,True,65,18.84615345
TXN0000115846,C000610,2024-12-09 18:43:15,escalate_to_merchant,0.90000000,1,escalate_to_merchant,0,retry_payment,fallback,True,technical_retryable,True,0.05316782,,False,"[""decision_uncertain"", ""expected_value_margin:3.377913475036621"", ""probability_margin:0.05316781997680664"", ""margin_not_applicable_to_non_allow_decision""]",0.65337145,True,382,61.49646714,0.70653927,True,55,50.36414754,0.63062829,True,122,42.51287438,0.54345894,True,685,101.16768160
TXN0000233457,C001079,2024-12-09 19:09:14,escalate_to_merchant,0.90000000,0,escalate_to_merchant,0,payment_link,fallback,True,authentication_required,True,0.03482133,,False,"[""decision_uncertain"", ""expected_value_margin:7.604436814785004"", ""probability_margin:0.03482133150100708"", ""margin_not_applicable_to_non_allow_decision""]",0.61543816,True,382,61.49646714,0.68107778,True,55,50.36414754,0.64625645,True,122,42.51287438,0.50524127,True,685,101.16768160
TXN0000134911,C004345,2024-12-09 19:19:34,escalate_to_merchant,0.90000000,0,escalate_to_merchant,0,retry_payment,fallback,True,technical_retryable,True,0.02113563,,False,"[""decision_uncertain"", ""expected_value_margin:None"", ""probability_margin:None"", ""margin_not_applicable_to_non_allow_decision""]",0.50134587,True,58,8.97709815,0.58720559,False,3,3.00000000,0.56606996,False,24,3.90270249,0.41077632,False,8,8.00000000
TXN0000111187,C000189,2024-12-09 20:26:01,retry_payment,0.90000000,1,retry_payment,0,whatsapp_reminder,fallback,True,customer_decline,True,0.00626391,,False,"[""decision_uncertain"", ""expected_value_margin:0.3057396411895752"", ""probability_margin:-0.018876314163208008"", ""margin_not_applicable_to_non_allow_decision""]",0.60478288,True,382,61.49646714,0.61104679,True,55,50.36414754,0.59217048,True,122,42.51287438,0.49704549,True,685,101.16768160
TXN0000074013,C005641,2024-12-09 20:37:18,escalate_to_merchant,0.90000000,1,escalate_to_merchant,0,no_action,stop,False,customer_decline,False,0.02176449,,False,"[""no_eligible_positive_value_action"", ""failure_matrix:block"", ""margin_not_applicable_to_non_allow_decision""]",0.33062246,True,126,18.74890631,0.40816569,False,9,9.00000000,0.38640121,True,73,15.08078281,0.23725243,True,237,33.53941007
TXN0000021998,C004740,2024-12-09 20:38:44,retry_payment,0.90000000,0,retry_payment,0,whatsapp_reminder,fallback,True,authentication_required,True,0.03452790,,False,"[""decision_uncertain"", ""expected_value_margin:None"", ""probability_margin:None"", ""margin_not_applicable_to_non_allow_decision""]",0.64947796,False,49,7.90577463,0.68400586,False,6,6.00000000,0.64777148,True,63,11.63500628,0.51438051,True,88,12.69429910
TXN0000033157,C003158,2024-12-09 20:58:58,payment_link,0.90000000,0,payment_link,0,no_action,stop,False,technical_retryable,False,0.01021457,,False,"[""no_eligible_positive_value_action"", ""failure_matrix:block"", ""margin_not_applicable_to_non_allow_decision""]",0.59837109,False,4,1.22950817,0.62838823,False,6,6.00000000,0.63860279,False,7,7.00000000,0.45623994,False,2,1.07397260
TXN0000109188,C002075,2024-12-09 21:18:21,retry_payment,0.90000000,1,retry_payment,0,no_action,stop,False,authentication_required,False,0.01074594,,False,"[""no_eligible_positive_value_action"", ""failure_matrix:block"", ""margin_not_applicable_to_non_allow_decision""]",0.69227821,False,49,7.23938140,0.68153226,False,8,4.29589038,0.68077481,False,23,3.80324523,0.54474121,False,11,2.70552140
TXN0000121530,C007738,2024-12-09 21:59:45,escalate_to_merchant,0.90000000,1,escalate_to_merchant,0,escalate_to_merchant,fallback,True,merchant_configuration,True,0.03141028,,False,"[""decision_uncertain"", ""expected_value_margin:None"", ""probability_margin:None"", ""margin_not_applicable_to_non_allow_decision""]",0.49251950,True,58,8.97709815,0.57103765,False,25,3.45418296,0.53962737,False,10,3.52962620,0.34514090,False,12,7.36805008
TXN0000079401,C002668,2024-12-09 22:26:14,retry_payment,0.90000000,1,retry_payment,0,payment_link,allow,False,customer_decline,True,0.02048278,32.59000000,False,"[""eligible"", ""contextually_supported_or_manual"", ""highest_risk_adjusted_expected_value"", ""expected_value_margin:16.74"", ""probability_margin:0.02048278"", ""fallback_ineligible""]",0.66754353,True,362,56.55389812,0.71132851,True,241,49.77543607,0.69084573,True,96,34.06733257,0.52017093,True,512,71.09486331
TXN0000213635,C000518,2024-12-09 22:57:47,retry_payment,0.90000000,1,retry_payment,0,retry_payment,fallback,True,technical_retryable,True,0.02301437,,False,"[""decision_uncertain"", ""expected_value_margin:4.138014912605286"", ""probability_margin:-0.04767882823944092"", ""margin_not_applicable_to_non_allow_decision""]",0.69661283,True,382,61.49646714,0.74429166,True,55,50.36414754,0.72127730,True,122,42.51287438,0.58333933,True,685,101.16768160
TXN0000048143,C009911,2024-12-10 00:58:57,retry_payment,0.03333333,0,escalate_to_merchant,0,no_action,stop,False,authentication_required,False,0.02674258,,False,"[""no_eligible_positive_value_action"", ""failure_matrix:block"", ""margin_not_applicable_to_non_allow_decision""]",0.60103732,False,49,7.23938140,0.68861908,False,8,4.29589038,0.66187650,False,23,3.80324523,0.49222773,False,11,2.70552140
TXN0000093187,C006532,2024-12-10 00:59:10,retry_payment,0.03333333,1,whatsapp_reminder,0,no_action,stop,False,customer_decline,False,0.04870087,,False,"[""no_eligible_positive_value_action"", ""failure_matrix:block"", ""margin_not_applicable_to_non_allow_decision""]",0.55976546,True,58,8.97709815,0.61067659,False,3,3.00000000,0.56197572,False,24,3.90270249,0.42383420,False,8,8.00000000
TXN0000033563,C005439,2024-12-10 02:51:24,whatsapp_reminder,0.90000000,1,whatsapp_reminder,0,retry_payment,fallback,True,technical_retryable,True,0.00770754,,False,"[""decision_uncertain"", ""expected_value_margin:None"", ""probability_margin:None"", ""margin_not_applicable_to_non_allow_decision""]",0.61751384,True,58,8.97709815,0.67420739,False,3,3.00000000,0.66649985,False,24,3.90270249,0.51617235,False,8,8.00000000
TXN0000216287,C001393,2024-12-10 03:00:38,escalate_to_merchant,0.90000000,0,escalate_to_merchant,0,whatsapp_reminder,fallback,True,customer_decline,True,0.01535723,,False,"[""decision_uncertain"", ""expected_value_margin:13.660419017076492"", ""probability_margin:0.015357226133346558"", ""margin_not_applicable_to_non_allow_decision""]",0.41202369,True,134,25.67475706,0.44259763,True,55,23.54174517,0.45795485,True,69,17.37637634,0.27274185,True,213,29.38877094
TXN0000118438,C004293,2024-12-10 06:07:37,retry_payment,0.90000000,1,retry_payment,0,whatsapp_reminder,fallback,True,authentication_required,True,0.00023031,,False,"[""decision_uncertain"", ""expected_value_margin:None"", ""probability_margin:None"", ""margin_not_applicable_to_non_allow_decision""]",0.61339700,True,126,18.74890631,0.60247505,False,9,9.00000000,0.61316669,True,73,15.08078281,0.47972679,True,237,33.53941007
TXN0000134641,C005196,2024-12-10 07:31:25,whatsapp_reminder,0.90000000,1,whatsapp_reminder,0,no_action,stop,False,customer_decline,False,0.00534552,,False,"[""no_eligible_positive_value_action"", ""failure_matrix:block"", ""margin_not_applicable_to_non_allow_decision""]",0.48671490,True,60,8.27440554,0.49478251,False,1,1.00000000,0.50012803,False,46,6.69767366,0.41306713,True,93,13.89845234
TXN0000208953,C007158,2024-12-10 09:51:11,escalate_to_merchant,0.90000000,0,escalate_to_merchant,0,retry_payment,fallback,True,technical_retryable,True,0.01756409,,False,"[""decision_uncertain"", ""expected_value_margin:None"", ""probability_margin:None"", ""margin_not_applicable_to_non_allow_decision""]",0.38653514,True,172,27.72056966,0.45480150,False,17,16.07278182,0.43723741,True,66,18.92736169,0.29978231,True,211,29.09046962
TXN0000030126,C008718,2024-12-10 09:58:31,retry_payment,0.90000000,0,retry_payment,0,retry_payment,fallback,True,technical_retryable,True,0.00616080,,False,"[""decision_uncertain"", ""expected_value_margin:None"", ""probability_margin:None"", ""margin_not_applicable_to_non_allow_decision""]",0.57664591,True,58,8.97709815,0.65043008,False,3,3.00000000,0.65659088,False,24,3.90270249,0.51672268,False,8,8.00000000
TXN0000227157,C002698,2024-12-10 09:59:24,retry_payment,0.90000000,0,retry_payment,0,whatsapp_reminder,fallback,True,customer_decline,True,0.01554489,,False,"[""decision_uncertain"", ""expected_value_margin:None"", ""probability_margin:None"", ""margin_not_applicable_to_non_allow_decision""]",0.56005627,True,73,10.21909638,0.58298820,False,23,5.49540018,0.59853309,True,54,8.41672235,0.41651413,True,72,12.00499847
TXN0000043593,C008561,2024-12-10 10:39:07,whatsapp_reminder,0.03333333,1,escalate_to_merchant,0,payment_link,allow,False,technical_retryable,True,0.00758457,63.20000000,False,"[""eligible"", ""contextually_supported_or_manual"", ""highest_risk_adjusted_expected_value"", ""expected_value_margin:63.2"", ""probability_margin:0.05967748"", ""decision_margin_passed""]",0.58006918,True,134,25.67475706,0.63974667,True,55,23.54174517,0.63216209,True,69,17.37637634,0.49938431,True,213,29.38877094
TXN0000236986,C006964,2024-12-10 11:03:56,retry_payment,0.90000000,1,retry_payment,0,retry_payment,fallback,True,technical_retryable,True,0.00527626,,False,"[""decision_uncertain"", ""expected_value_margin:1.2010319232940674"", ""probability_margin:0.04144608974456787"", ""margin_not_applicable_to_non_allow_decision""]",0.63677645,True,382,61.49646714,0.67822254,True,55,50.36414754,0.68349880,True,122,42.51287438,0.48202839,True,685,101.16768160
TXN0000189818,C008375,2024-12-10 11:17:36,payment_link,0.90000000,0,payment_link,0,escalate_to_merchant,fallback,True,merchant_configuration,True,0.03678149,,False,"[""decision_uncertain"", ""expected_value_margin:None"", ""probability_margin:None"", ""margin_not_applicable_to_non_allow_decision""]",0.52080590,True,129,19.07760664,0.55867851,True,218,30.47265689,0.52189702,True,34,21.95535821,0.37615383,True,65,18.84615345
TXN0000136961,C001970,2024-12-10 12:00:13,escalate_to_merchant,0.90000000,1,escalate_to_merchant,0,escalate_to_merchant,fallback,True,merchant_configuration,True,0.00088888,,False,"[""decision_uncertain"", ""expected_value_margin:None"", ""probability_margin:None"", ""margin_not_applicable_to_non_allow_decision""]",0.59833348,True,359,56.24386377,0.63931710,True,85,37.80492775,0.63842821,True,126,41.91580028,0.49433827,True,694,97.85794000
TXN0000214853,C000860,2024-12-10 12:20:18,escalate_to_merchant,0.90000000,0,escalate_to_merchant,0,no_action,stop,False,authentication_required,False,0.03800303,,False,"[""no_eligible_positive_value_action"", ""failure_matrix:block"", ""margin_not_applicable_to_non_allow_decision""]",0.50607824,False,49,7.23938140,0.57023460,False,8,4.29589038,0.53223157,False,23,3.80324523,0.38188243,False,11,2.70552140
TXN0000002133,C009012,2024-12-10 12:20:36,escalate_to_merchant,0.90000000,1,escalate_to_merchant,0,payment_link,allow,False,authentication_required,True,0.02918774,108.86000000,False,"[""eligible"", ""contextually_supported_or_manual"", ""highest_risk_adjusted_expected_value"", ""expected_value_margin:58.87"", ""probability_margin:0.02918774"", ""fallback_ineligible""]",0.64074838,True,387,66.60326136,0.69655561,True,625,91.91881191,0.66736788,True,50,36.09870729,0.48646092,True,196,56.61961283
TXN0000206381,C006837,2024-12-10 12:47:20,payment_link,0.90000000,0,payment_link,0,escalate_to_merchant,fallback,True,merchant_configuration,True,0.03002554,,False,"[""decision_uncertain"", ""expected_value_margin:None"", ""probability_margin:None"", ""margin_not_applicable_to_non_allow_decision""]",0.53406352,True,387,66.60326136,0.56408906,True,625,91.91881191,0.52350366,True,50,36.09870729,0.34122691,True,196,56.61961283
TXN0000170423,C007180,2024-12-10 13:14:11,retry_payment,0.90000000,0,retry_payment,0,no_action,stop,False,customer_decline,False,0.00691831,,False,"[""no_eligible_positive_value_action"", ""failure_matrix:block"", ""margin_not_applicable_to_non_allow_decision""]",0.63825363,False,4,1.22950817,0.62554413,False,6,6.00000000,0.64517194,False,7,7.00000000,0.45912588,False,2,1.07397260
TXN0000153031,C002023,2024-12-10 13:26:14,retry_payment,0.90000000,1,retry_payment,0,retry_payment,fallback,True,technical_retryable,True,0.02902669,,False,"[""decision_uncertain"", ""expected_value_margin:8.016905546188354"", ""probability_margin:0.0001742839813232422"", ""margin_not_applicable_to_non_allow_decision""]",0.72331071,True,382,61.49646714,0.72313643,True,55,50.36414754,0.75233740,True,122,42.51287438,0.62328398,True,685,101.16768160
TXN0000190124,C007036,2024-12-10 13:34:57,retry_payment,0.90000000,1,retry_payment,0,whatsapp_reminder,fallback,True,authentication_required,True,0.00809783,,False,"[""decision_uncertain"", ""expected_value_margin:5.01135915517807"", ""probability_margin:0.008097827434539795"", ""margin_not_applicable_to_non_allow_decision""]",0.68403584,True,359,56.24386377,0.70144355,True,85,37.80492775,0.70954138,True,126,41.91580028,0.56987965,True,694,97.85794000
TXN0000136889,C002604,2024-12-10 14:25:35,retry_payment,0.90000000,0,retry_payment,0,no_action,stop,False,authentication_required,False,0.00372046,,False,"[""no_eligible_positive_value_action"", ""failure_matrix:block"", ""margin_not_applicable_to_non_allow_decision""]",0.64176863,True,58,8.97709815,0.68709612,False,25,3.45418296,0.68337566,False,10,3.52962620,0.50873888,False,12,7.36805008
TXN0000162422,C005900,2024-12-10 14:31:55,whatsapp_reminder,0.90000000,1,whatsapp_reminder,0,whatsapp_reminder,fallback,True,authentication_required,True,0.02136350,,False,"[""decision_uncertain"", ""expected_value_margin:None"", ""probability_margin:None"", ""margin_not_applicable_to_non_allow_decision""]",0.58174646,True,126,18.74890631,0.59301186,False,9,9.00000000,0.61437535,True,73,15.08078281,0.50738901,True,237,33.53941007
TXN0000015921,C006365,2024-12-10 16:30:09,retry_payment,0.90000000,1,retry_payment,0,no_action,stop,False,customer_decline,False,0.03320950,,False,"[""no_eligible_positive_value_action"", ""failure_matrix:block"", ""margin_not_applicable_to_non_allow_decision""]",0.63874638,True,47,47.00000000,0.71896076,False,2,2.00000000,0.68575126,False,21,3.60798899,0.54616445,False,12,3.68852452
TXN0000085538,C004652,2024-12-10 16:39:51,retry_payment,0.90000000,1,retry_payment,0,payment_link,allow,False,technical_retryable,True,0.00638872,85.48000000,False,"[""eligible"", ""contextually_supported_or_manual"", ""highest_risk_adjusted_expected_value"", ""expected_value_margin:85.49"", ""probability_margin:0.05444789"", ""decision_margin_passed""]",0.54489541,True,129,19.07760664,0.59934330,True,218,30.47265689,0.59295458,True,34,21.95535821,0.44946048,True,65,18.84615345
TXN0000062688,C007646,2024-12-10 17:20:14,escalate_to_merchant,0.90000000,0,escalate_to_merchant,0,whatsapp_reminder,fallback,True,customer_decline,True,0.01970190,,False,"[""decision_uncertain"", ""expected_value_margin:None"", ""probability_margin:None"", ""margin_not_applicable_to_non_allow_decision""]",0.58699238,True,172,27.72056966,0.63887233,False,17,16.07278182,0.61917043,True,66,18.92736169,0.48428050,True,211,29.09046962
TXN0000009979,C006477,2024-12-10 17:55:48,payment_link,0.03333333,1,escalate_to_merchant,0,no_action,stop,False,authentication_required,False,0.01892352,,False,"[""customer_opted_out"", ""margin_not_applicable_to_non_allow_decision""]",0.55725813,True,129,19.07760664,0.64290923,True,218,30.47265689,0.62398571,True,34,21.95535821,0.43611175,True,65,18.84615345
TXN0000051363,C002212,2024-12-10 18:11:25,whatsapp_reminder,0.03333333,1,retry_payment,0,retry_payment,fallback,True,technical_retryable,True,0.01510990,,False,"[""decision_uncertain"", ""expected_value_margin:None"", ""probability_margin:None"", ""margin_not_applicable_to_non_allow_decision""]",0.51885039,True,58,8.97709815,0.58395898,False,25,3.45418296,0.56884909,False,10,3.52962620,0.40358812,False,12,7.36805008
TXN0000203550,C000237,2024-12-10 19:07:58,retry_payment,0.90000000,0,retry_payment,0,retry_payment,fallback,True,technical_retryable,True,0.00303829,,False,"[""decision_uncertain"", ""expected_value_margin:9.348520040512085"", ""probability_margin:0.02543771266937256"", ""margin_not_applicable_to_non_allow_decision""]",0.61063230,True,362,56.55389812,0.63607001,True,241,49.77543607,0.63910830,True,96,34.06733257,0.48211360,True,512,71.09486331
TXN0000210605,C004579,2024-12-10 19:15:47,escalate_to_merchant,0.90000000,0,escalate_to_merchant,0,payment_link,fallback,True,authentication_required,True,0.01039982,,False,"[""decision_uncertain"", ""expected_value_margin:21.821341514587402"", ""probability_margin:0.016623854637145996"", ""margin_not_applicable_to_non_allow_decision""]",0.56454426,True,134,25.67475706,0.57494408,True,55,23.54174517,0.55832022,True,69,17.37637634,0.41898033,True,213,29.38877094
TXN0000208796,C004565,2024-12-10 19:26:20,whatsapp_reminder,0.90000000,0,whatsapp_reminder,0,payment_link,allow,False,technical_retryable,True,0.04290915,33.09000000,False,"[""eligible"", ""contextually_supported_or_manual"", ""highest_risk_adjusted_expected_value"", ""expected_value_margin:33.09"", ""probability_margin:0.04158795"", ""decision_margin_passed""]",0.56781107,True,362,56.55389812,0.60939902,True,241,49.77543607,0.65230817,True,96,34.06733257,0.43327332,True,512,71.09486331
TXN0000219711,C000800,2024-12-10 19:47:56,escalate_to_merchant,0.90000000,1,escalate_to_merchant,0,escalate_to_merchant,fallback,True,merchant_configuration,True,0.01177973,,False,"[""decision_uncertain"", ""expected_value_margin:None"", ""probability_margin:None"", ""margin_not_applicable_to_non_allow_decision""]",0.59003574,False,49,7.23938140,0.63125569,False,8,4.29589038,0.61947596,False,23,3.80324523,0.45416105,False,11,2.70552140
TXN0000102807,C009191,2024-12-10 19:53:07,whatsapp_reminder,0.90000000,1,whatsapp_reminder,0,no_action,stop,False,authentication_required,False,0.00450921,,False,"[""no_eligible_positive_value_action"", ""failure_matrix:block"", ""margin_not_applicable_to_non_allow_decision""]",0.56797868,True,58,8.97709815,0.64718068,False,25,3.45418296,0.65168989,False,10,3.52962620,0.47133124,False,12,7.36805008
TXN0000138731,C001349,2024-12-10 19:58:52,retry_payment,0.90000000,1,retry_payment,0,retry_payment,fallback,True,technical_retryable,True,0.05055898,,False,"[""decision_uncertain"", ""expected_value_margin:None"", ""probability_margin:None"", ""margin_not_applicable_to_non_allow_decision""]",0.61904973,True,126,18.74890631,0.70914239,False,9,9.00000000,0.65858340,True,73,15.08078281,0.51969099,True,237,33.53941007
TXN0000203171,C004211,2024-12-10 20:16:07,retry_payment,0.90000000,1,retry_payment,0,payment_link,fallback,True,customer_decline,True,0.00437951,,False,"[""decision_uncertain"", ""expected_value_margin:10.0695641040802"", ""probability_margin:0.0043795108795166016"", ""margin_not_applicable_to_non_allow_decision""]",0.70389724,True,387,66.60326136,0.72513491,True,625,91.91881191,0.72075540,True,50,36.09870729,0.54687256,True,196,56.61961283
TXN0000007819,C009892,2024-12-10 20:58:00,retry_payment,0.90000000,1,retry_payment,0,no_action,stop,False,authentication_required,False,0.00308901,,False,"[""no_eligible_positive_value_action"", ""failure_matrix:block"", ""margin_not_applicable_to_non_allow_decision""]",0.57019985,True,47,47.00000000,0.65761995,False,2,2.00000000,0.66070896,False,21,3.60798899,0.48715249,False,12,3.68852452
TXN0000159138,C000233,2024-12-10 21:24:24,whatsapp_reminder,0.90000000,1,whatsapp_reminder,0,whatsapp_reminder,fallback,True,authentication_required,True,0.00033662,,False,"[""decision_uncertain"", ""expected_value_margin:None"", ""probability_margin:None"", ""margin_not_applicable_to_non_allow_decision""]",0.45557925,True,126,18.74890631,0.46466497,False,9,9.00000000,0.46500158,True,73,15.08078281,0.37358525,True,237,33.53941007
TXN0000021452,C005682,2024-12-10 21:45:02,whatsapp_reminder,0.90000000,1,whatsapp_reminder,0,no_action,stop,False,authentication_required,False,0.01611173,,False,"[""no_eligible_positive_value_action"", ""failure_matrix:block"", ""margin_not_applicable_to_non_allow_decision""]",0.72252166,False,49,7.23938140,0.75078952,False,8,4.29589038,0.76690125,False,23,3.80324523,0.61778414,False,11,2.70552140
TXN0000109870,C000181,2024-12-10 21:56:31,escalate_to_merchant,0.90000000,0,escalate_to_merchant,0,retry_payment,fallback,True,technical_retryable,True,0.03551704,,False,"[""decision_uncertain"", ""expected_value_margin:None"", ""probability_margin:None"", ""margin_not_applicable_to_non_allow_decision""]",0.46956721,True,73,10.21909638,0.52873898,False,23,5.49540018,0.49322194,True,54,8.41672235,0.34436625,True,72,12.00499847
TXN0000027339,C001372,2024-12-10 22:40:27,payment_link,0.90000000,1,payment_link,0,payment_link,allow,False,authentication_required,True,0.03692561,39.31000000,False,"[""eligible"", ""contextually_supported_or_manual"", ""highest_risk_adjusted_expected_value"", ""expected_value_margin:52.49"", ""probability_margin:0.04273391"", ""fallback_ineligible""]",0.65887153,True,362,56.55389812,0.69579715,True,241,49.77543607,0.65306324,True,96,34.06733257,0.52300000,True,512,71.09486331
TXN0000246481,C005053,2024-12-10 23:56:59,whatsapp_reminder,0.90000000,0,whatsapp_reminder,0,retry_payment,fallback,True,technical_retryable,True,0.01200140,,False,"[""decision_uncertain"", ""expected_value_margin:None"", ""probability_margin:None"", ""margin_not_applicable_to_non_allow_decision""]",0.61500120,True,58,8.97709815,0.68165779,False,3,3.00000000,0.69365919,False,24,3.90270249,0.54343176,False,8,8.00000000
TXN0000201688,C003178,2024-12-11 02:23:05,escalate_to_merchant,0.90000000,0,escalate_to_merchant,0,no_action,stop,False,authentication_required,False,0.02873659,,False,"[""no_eligible_positive_value_action"", ""failure_matrix:block"", ""margin_not_applicable_to_non_allow_decision""]",0.57963717,True,47,47.00000000,0.63011259,False,2,2.00000000,0.60137600,False,21,3.60798899,0.45835641,False,12,3.68852452
TXN0000037247,C004370,2024-12-11 04:20:49,whatsapp_reminder,0.90000000,0,whatsapp_reminder,0,whatsapp_reminder,fallback,True,authentication_required,True,0.00904334,,False,"[""decision_uncertain"", ""expected_value_margin:9.014415264129639"", ""probability_margin:0.009043335914611816"", ""margin_not_applicable_to_non_allow_decision""]",0.62233549,True,362,56.55389812,0.65702814,True,241,49.77543607,0.66607147,True,96,34.06733257,0.50225949,True,512,71.09486331
TXN0000047709,C006150,2024-12-11 07:49:56,escalate_to_merchant,0.90000000,0,escalate_to_merchant,0,payment_link,fallback,True,customer_decline,True,0.00925010,,False,"[""decision_uncertain"", ""expected_value_margin:2.0790488719940186"", ""probability_margin:0.009250104427337646"", ""margin_not_applicable_to_non_allow_decision""]",0.58224756,True,359,56.24386377,0.61995566,True,85,37.80492775,0.61070555,True,126,41.91580028,0.46989453,True,694,97.85794000
TXN0000190517,C001938,2024-12-11 07:50:55,retry_payment,0.90000000,1,retry_payment,0,whatsapp_reminder,allow,False,customer_decline,True,0.02163559,1.24000000,False,"[""eligible"", ""contextually_supported_or_manual"", ""highest_risk_adjusted_expected_value"", ""expected_value_margin:10.46"", ""probability_margin:0.02543294"", ""fallback_ineligible""]",0.64641809,True,359,56.24386377,0.64262074,True,85,37.80492775,0.66805369,True,126,41.91580028,0.50851917,True,694,97.85794000
TXN0000004415,C001439,2024-12-11 08:11:44,whatsapp_reminder,0.90000000,0,whatsapp_reminder,0,payment_link,fallback,True,customer_decline,True,0.02422482,,False,"[""decision_uncertain"", ""expected_value_margin:1.722870111465454"", ""probability_margin:0.024224817752838135"", ""margin_not_applicable_to_non_allow_decision""]",0.60282093,True,382,61.49646714,0.65255922,True,55,50.36414754,0.62833440,True,122,42.51287438,0.50727326,True,685,101.16768160
TXN0000041853,C001744,2024-12-11 08:52:33,escalate_to_merchant,0.90000000,0,escalate_to_merchant,0,escalate_to_merchant,fallback,True,merchant_configuration,True,0.00334066,,False,"[""decision_uncertain"", ""expected_value_margin:None"", ""probability_margin:None"", ""margin_not_applicable_to_non_allow_decision""]",0.54145575,True,172,27.72056966,0.55676293,False,17,16.07278182,0.56010360,True,66,18.92736169,0.44131544,True,211,29.09046962
TXN0000189985,C008253,2024-12-11 09:07:05,escalate_to_merchant,0.90000000,0,escalate_to_merchant,0,retry_payment,fallback,True,technical_retryable,True,0.05237705,,False,"[""decision_uncertain"", ""expected_value_margin:None"", ""probability_margin:None"", ""margin_not_applicable_to_non_allow_decision""]",0.62742710,True,126,18.74890631,0.67980415,False,9,9.00000000,0.62428933,True,73,15.08078281,0.54865927,True,237,33.53941007
TXN0000067097,C009627,2024-12-11 09:50:37,escalate_to_merchant,0.90000000,1,escalate_to_merchant,0,no_action,stop,False,customer_decline,False,0.01953816,,False,"[""no_eligible_positive_value_action"", ""failure_matrix:block"", ""margin_not_applicable_to_non_allow_decision""]",0.59652674,False,49,7.23938140,0.65912640,False,8,4.29589038,0.63958824,False,23,3.80324523,0.46148750,False,11,2.70552140
TXN0000179967,C008160,2024-12-11 10:06:02,retry_payment,0.90000000,1,retry_payment,0,retry_payment,fallback,True,technical_retryable,True,0.04255509,,False,"[""decision_uncertain"", ""expected_value_margin:None"", ""probability_margin:None"", ""margin_not_applicable_to_non_allow_decision""]",0.61903518,True,47,47.00000000,0.67641699,False,2,2.00000000,0.63386190,False,21,3.60798899,0.52200699,False,12,3.68852452
TXN0000205845,C002051,2024-12-11 10:29:59,payment_link,0.90000000,1,payment_link,0,payment_link,allow,False,technical_retryable,True,0.05659467,103.66000000,False,"[""eligible"", ""contextually_supported_or_manual"", ""highest_risk_adjusted_expected_value"", ""expected_value_margin:103.66"", ""probability_margin:0.06227636"", ""decision_margin_passed""]",0.51822644,True,387,66.60326136,0.58050281,True,625,91.91881191,0.52390814,True,50,36.09870729,0.38391811,True,196,56.61961283
TXN0000124555,C003606,2024-12-11 10:53:30,retry_payment,0.90000000,1,retry_payment,0,whatsapp_reminder,fallback,True,authentication_required,True,0.05884576,,False,"[""decision_uncertain"", ""expected_value_margin:None"", ""probability_margin:None"", ""margin_not_applicable_to_non_allow_decision""]",0.51368517,False,49,7.90577463,0.52836066,False,6,6.00000000,0.58720642,True,63,11.63500628,0.40736166,True,88,12.69429910
TXN0000112654,C001527,2024-12-11 11:10:03,escalate_to_merchant,0.90000000,1,escalate_to_merchant,0,escalate_to_merchant,fallback,True,merchant_configuration,True,0.00406283,,False,"[""decision_uncertain"", ""expected_value_margin:None"", ""probability_margin:None"", ""margin_not_applicable_to_non_allow_decision""]",0.61582154,True,126,18.74890631,0.66664267,False,9,9.00000000,0.66257983,True,73,15.08078281,0.51540971,True,237,33.53941007
TXN0000196444,C005547,2024-12-11 11:15:07,escalate_to_merchant,0.90000000,0,escalate_to_merchant,0,retry_payment,fallback,True,technical_retryable,True,0.01717591,,False,"[""decision_uncertain"", ""expected_value_margin:None"", ""probability_margin:None"", ""margin_not_applicable_to_non_allow_decision""]",0.52292782,True,172,27.72056966,0.58935434,False,17,16.07278182,0.57217842,True,66,18.92736169,0.47388405,True,211,29.09046962
TXN0000166492,C002132,2024-12-11 11:27:55,retry_payment,0.90000000,1,retry_payment,0,no_action,stop,False,authentication_required,False,0.01246619,,False,"[""no_eligible_positive_value_action"", ""failure_matrix:block"", ""margin_not_applicable_to_non_allow_decision""]",0.62600267,True,58,8.97709815,0.66674024,False,25,3.45418296,0.65427405,False,10,3.52962620,0.46263480,False,12,7.36805008
TXN0000015243,C006957,2024-12-11 11:31:17,escalate_to_merchant,0.90000000,0,escalate_to_merchant,0,payment_link,allow,False,authentication_required,True,0.04803550,132.65000000,False,"[""eligible"", ""contextually_supported_or_manual"", ""highest_risk_adjusted_expected_value"", ""expected_value_margin:74.56"", ""probability_margin:0.0480355"", ""fallback_ineligible""]",0.52664888,True,134,25.67475706,0.61460787,True,55,23.54174517,0.56657237,True,69,17.37637634,0.38410532,True,213,29.38877094
TXN0000216016,C002382,2024-12-11 11:44:06,whatsapp_reminder,0.90000000,1,whatsapp_reminder,0,no_action,stop,False,authentication_required,False,0.00715685,,False,"[""no_eligible_positive_value_action"", ""failure_matrix:block"", ""margin_not_applicable_to_non_allow_decision""]",0.55657917,True,60,8.27440554,0.59459329,False,1,1.00000000,0.60175014,False,46,6.69767366,0.46488109,True,93,13.89845234
TXN0000048712,C009507,2024-12-11 12:06:48,escalate_to_merchant,0.90000000,0,escalate_to_merchant,0,escalate_to_merchant,fallback,True,merchant_configuration,True,0.00368118,,False,"[""decision_uncertain"", ""expected_value_margin:None"", ""probability_margin:None"", ""margin_not_applicable_to_non_allow_decision""]",0.52665883,True,126,18.74890631,0.53135252,False,9,9.00000000,0.53503370,True,73,15.08078281,0.43804768,True,237,33.53941007
TXN0000213421,C001939,2024-12-11 12:22:34,escalate_to_merchant,0.90000000,0,escalate_to_merchant,0,payment_link,fallback,True,customer_decline,True,0.02258557,,False,"[""decision_uncertain"", ""expected_value_margin:None"", ""probability_margin:None"", ""margin_not_applicable_to_non_allow_decision""]",0.63137859,True,382,61.49646714,0.68062216,True,55,50.36414754,0.65803659,True,122,42.51287438,0.52782172,True,685,101.16768160
TXN0000034399,C007811,2024-12-11 12:30:03,escalate_to_merchant,0.90000000,1,escalate_to_merchant,0,payment_link,allow,False,authentication_required,True,0.02091050,6.08000000,False,"[""eligible"", ""contextually_supported_or_manual"", ""highest_risk_adjusted_expected_value"", ""expected_value_margin:25.83"", ""probability_margin:0.04173052"", ""fallback_ineligible""]",0.53581595,True,362,56.55389812,0.55672646,True,241,49.77543607,0.51499593,True,96,34.06733257,0.39272717,True,512,71.09486331
TXN0000026447,C008315,2024-12-11 12:39:14,whatsapp_reminder,0.90000000,0,whatsapp_reminder,0,escalate_to_merchant,fallback,True,merchant_configuration,True,0.00240964,,False,"[""decision_uncertain"", ""expected_value_margin:None"", ""probability_margin:None"", ""margin_not_applicable_to_non_allow_decision""]",0.58910590,True,172,27.72056966,0.60686994,False,17,16.07278182,0.60446030,True,66,18.92736169,0.49301350,True,211,29.09046962
TXN0000070198,C008447,2024-12-11 13:06:47,escalate_to_merchant,0.90000000,1,escalate_to_merchant,0,no_action,stop,False,customer_decline,False,0.02100104,,False,"[""no_eligible_positive_value_action"", ""failure_matrix:block"", ""margin_not_applicable_to_non_allow_decision""]",0.55589968,True,47,47.00000000,0.60866934,False,2,2.00000000,0.58766830,False,21,3.60798899,0.43438658,False,12,3.68852452
TXN0000148627,C004338,2024-12-11 14:48:08,escalate_to_merchant,0.90000000,0,escalate_to_merchant,0,no_action,stop,False,customer_decline,False,0.03214601,,False,"[""no_eligible_positive_value_action"", ""failure_matrix:block"", ""margin_not_applicable_to_non_allow_decision""]",0.46255469,True,47,47.00000000,0.49470070,False,2,2.00000000,0.46198800,False,21,3.60798899,0.35082063,False,12,3.68852452
TXN0000207778,C002388,2024-12-11 14:57:46,escalate_to_merchant,0.90000000,0,escalate_to_merchant,0,retry_payment,fallback,True,technical_retryable,True,0.00545961,,False,"[""decision_uncertain"", ""expected_value_margin:None"", ""probability_margin:None"", ""margin_not_applicable_to_non_allow_decision""]",0.47882184,True,126,18.74890631,0.48428145,False,9,9.00000000,0.46293387,True,73,15.08078281,0.40491360,True,237,33.53941007
TXN0000090628,C001270,2024-12-11 15:21:12,escalate_to_merchant,0.90000000,0,escalate_to_merchant,0,retry_payment,fallback,True,technical_retryable,True,0.06883126,,False,"[""decision_uncertain"", ""expected_value_margin:None"", ""probability_margin:None"", ""margin_not_applicable_to_non_allow_decision""]",0.54352236,True,58,8.97709815,0.62965220,False,3,3.00000000,0.56082094,False,24,3.90270249,0.49266437,False,8,8.00000000
TXN0000165495,C006312,2024-12-11 16:04:18,payment_link,0.03333333,1,retry_payment,0,whatsapp_reminder,fallback,True,authentication_required,True,0.01660246,,False,"[""decision_uncertain"", ""expected_value_margin:6.699458360671997"", ""probability_margin:0.01660245656967163"", ""margin_not_applicable_to_non_allow_decision""]",0.63188499,True,382,61.49646714,0.65169251,True,55,50.36414754,0.66829497,True,122,42.51287438,0.50254345,True,685,101.16768160
TXN0000082492,C008994,2024-12-11 16:32:13,payment_link,0.90000000,1,payment_link,0,retry_payment,fallback,True,technical_retryable,True,0.06758547,,False,"[""decision_uncertain"", ""expected_value_margin:None"", ""probability_margin:None"", ""margin_not_applicable_to_non_allow_decision""]",0.49688539,True,58,8.97709815,0.59552073,False,25,3.45418296,0.52793527,False,10,3.52962620,0.37939119,False,12,7.36805008
TXN0000075961,C003129,2024-12-11 16:53:36,escalate_to_merchant,0.03333333,0,retry_payment,0,whatsapp_reminder,fallback,True,customer_decline,True,0.00417852,,False,"[""decision_uncertain"", ""expected_value_margin:None"", ""probability_margin:None"", ""margin_not_applicable_to_non_allow_decision""]",0.57637447,False,49,7.90577463,0.59701997,False,6,6.00000000,0.59284145,True,63,11.63500628,0.43745121,True,88,12.69429910
TXN0000230541,C002375,2024-12-11 17:21:54,retry_payment,0.90000000,1,retry_payment,0,no_action,stop,False,authentication_required,False,0.01313758,,False,"[""no_eligible_positive_value_action"", ""failure_matrix:block"", ""margin_not_applicable_to_non_allow_decision""]",0.65503162,True,47,47.00000000,0.66576082,False,2,2.00000000,0.67889839,False,21,3.60798899,0.52846223,False,12,3.68852452
TXN0000058057,C004626,2024-12-11 17:54:15,escalate_to_merchant,0.90000000,0,escalate_to_merchant,0,no_action,stop,False,customer_decline,False,0.03451735,,False,"[""no_eligible_positive_value_action"", ""failure_matrix:block"", ""margin_not_applicable_to_non_allow_decision""]",0.56632739,False,49,7.23938140,0.63625729,False,8,4.29589038,0.60173994,False,23,3.80324523,0.46650785,False,11,2.70552140
TXN0000166518,C002703,2024-12-11 18:28:46,retry_payment,0.90000000,1,retry_payment,0,retry_payment,fallback,True,technical_retryable,True,0.02013499,,False,"[""decision_uncertain"", ""expected_value_margin:0.02539306879043579"", ""probability_margin:0.026141345500946045"", ""margin_not_applicable_to_non_allow_decision""]",0.61334294,True,359,56.24386377,0.63948429,True,85,37.80492775,0.65961927,True,126,41.91580028,0.49086419,True,694,97.85794000
TXN0000127088,C006368,2024-12-11 18:30:45,retry_payment,0.90000000,1,retry_payment,0,retry_payment,fallback,True,technical_retryable,True,0.02720004,,False,"[""decision_uncertain"", ""expected_value_margin:None"", ""probability_margin:None"", ""margin_not_applicable_to_non_allow_decision""]",0.58414173,True,172,27.72056966,0.55764699,False,17,16.07278182,0.61134177,True,66,18.92736169,0.44460425,True,211,29.09046962
TXN0000196007,C002588,2024-12-11 18:49:19,escalate_to_merchant,0.03333333,0,retry_payment,0,payment_link,allow,False,technical_retryable,True,0.01012790,336.25000000,False,"[""eligible"", ""contextually_supported_or_manual"", ""highest_risk_adjusted_expected_value"", ""expected_value_margin:336.25"", ""probability_margin:0.04845905"", ""decision_margin_passed""]",0.67041111,True,59,8.94277964,0.71887016,True,90,12.53697431,0.70874226,False,19,4.27099396,0.56187111,True,43,10.73819641
TXN0000087835,C004487,2024-12-11 18:53:26,retry_payment,0.90000000,1,retry_payment,0,payment_link,allow,False,technical_retryable,True,0.01068652,111.45000000,False,"[""eligible"", ""contextually_supported_or_manual"", ""highest_risk_adjusted_expected_value"", ""expected_value_margin:111.45"", ""probability_margin:0.07170153"", ""decision_margin_passed""]",0.63367736,True,387,66.60326136,0.70537889,True,625,91.91881191,0.69469237,True,50,36.09870729,0.50781298,True,196,56.61961283
TXN0000113506,C008432,2024-12-11 19:23:00,escalate_to_merchant,0.90000000,1,escalate_to_merchant,0,escalate_to_merchant,fallback,True,merchant_configuration,True,0.02209675,,False,"[""decision_uncertain"", ""expected_value_margin:None"", ""probability_margin:None"", ""margin_not_applicable_to_non_allow_decision""]",0.60806537,True,362,56.55389812,0.63016212,True,241,49.77543607,0.58409041,True,96,34.06733257,0.40564787,True,512,71.09486331
TXN0000079444,C002533,2024-12-11 21:25:45,escalate_to_merchant,0.90000000,0,escalate_to_merchant,0,retry_payment,fallback,True,technical_retryable,True,0.03786010,,False,"[""decision_uncertain"", ""expected_value_margin:None"", ""probability_margin:None"", ""margin_not_applicable_to_non_allow_decision""]",0.51753664,True,172,27.72056966,0.58020878,False,17,16.07278182,0.54234868,True,66,18.92736169,0.40706602,True,211,29.09046962
TXN0000202455,C004018,2024-12-11 21:49:52,escalate_to_merchant,0.90000000,0,escalate_to_merchant,0,no_action,stop,False,customer_decline,False,0.01449770,,False,"[""customer_opted_out"", ""margin_not_applicable_to_non_allow_decision""]",0.51340789,True,359,56.24386377,0.55553848,True,85,37.80492775,0.54104078,True,126,41.91580028,0.39182946,True,694,97.85794000
TXN0000201847,C002600,2024-12-11 22:30:48,retry_payment,0.90000000,1,retry_payment,0,retry_payment,fallback,True,technical_retryable,True,0.00846177,,False,"[""decision_uncertain"", ""expected_value_margin:None"", ""probability_margin:None"", ""margin_not_applicable_to_non_allow_decision""]",0.46563208,True,172,27.72056966,0.53824919,False,17,16.07278182,0.52978742,True,66,18.92736169,0.38629040,True,211,29.09046962
TXN0000108669,C003343,2024-12-12 00:15:08,retry_payment,0.90000000,0,retry_payment,0,retry_payment,fallback,True,technical_retryable,True,0.00135958,,False,"[""decision_uncertain"", ""expected_value_margin:0.05805063247680664"", ""probability_margin:-0.03970974683761597"", ""margin_not_applicable_to_non_allow_decision""]",0.59023941,True,382,61.49646714,0.62994915,True,55,50.36414754,0.62858957,True,122,42.51287438,0.43639290,True,685,101.16768160
TXN0000216484,C003918,2024-12-12 00:19:25,escalate_to_merchant,0.03333333,1,payment_link,0,payment_link,allow,False,authentication_required,True,0.04359823,217.18000000,False,"[""eligible"", ""contextually_supported_or_manual"", ""highest_risk_adjusted_expected_value"", ""expected_value_margin:143.63"", ""probability_margin:0.04359823"", ""fallback_ineligible""]",0.60821396,True,387,66.60326136,0.67551041,True,625,91.91881191,0.63191217,True,50,36.09870729,0.43442759,True,196,56.61961283
TXN0000120612,C007058,2024-12-12 00:44:52,retry_payment,0.90000000,1,retry_payment,0,no_action,stop,False,customer_decline,False,0.02246422,,False,"[""no_eligible_positive_value_action"", ""failure_matrix:block"", ""margin_not_applicable_to_non_allow_decision""]",0.61135536,False,49,7.23938140,0.63839728,False,8,4.29589038,0.66086149,False,23,3.80324523,0.48849785,False,11,2.70552140
TXN0000246085,C004995,2024-12-12 01:52:43,whatsapp_reminder,0.90000000,1,whatsapp_reminder,0,no_action,stop,False,technical_retryable,False,0.01448011,,False,"[""no_eligible_positive_value_action"", ""failure_matrix:block"", ""margin_not_applicable_to_non_allow_decision""]",0.60335594,False,0,0.00000000,0.63533479,False,0,0.00000000,0.64981490,False,0,0.00000000,0.46932998,False,0,0.00000000
TXN0000228200,C007031,2024-12-12 01:53:15,escalate_to_merchant,0.90000000,0,escalate_to_merchant,0,retry_payment,fallback,True,technical_retryable,True,0.03663361,,False,"[""decision_uncertain"", ""expected_value_margin:None"", ""probability_margin:None"", ""margin_not_applicable_to_non_allow_decision""]",0.55929178,True,58,8.97709815,0.62795800,False,3,3.00000000,0.59132439,False,24,3.90270249,0.46173659,False,8,8.00000000
TXN0000066022,C000004,2024-12-12 06:05:10,retry_payment,0.90000000,1,retry_payment,0,payment_link,allow,False,technical_retryable,True,0.00540078,19.78000000,False,"[""eligible"", ""contextually_supported_or_manual"", ""highest_risk_adjusted_expected_value"", ""expected_value_margin:19.78"", ""probability_margin:0.02143449"", ""decision_margin_passed""]",0.64945495,True,362,56.55389812,0.67088944,True,241,49.77543607,0.66548866,True,96,34.06733257,0.52976316,True,512,71.09486331
TXN0000002514,C001378,2024-12-12 06:13:53,retry_payment,0.90000000,0,retry_payment,0,no_action,stop,False,customer_decline,False,0.02140534,,False,"[""no_eligible_positive_value_action"", ""failure_matrix:block"", ""margin_not_applicable_to_non_allow_decision""]",0.67289871,False,11,11.00000000,0.69845790,False,6,1.39509533,0.67705256,False,2,2.00000000,0.52159739,False,1,1.00000000
TXN0000243705,C002766,2024-12-12 06:57:36,escalate_to_merchant,0.90000000,0,escalate_to_merchant,0,payment_link,fallback,True,authentication_required,True,0.00310370,,False,"[""decision_uncertain"", ""expected_value_margin:0.6209255158901215"", ""probability_margin:0.003103703260421753"", ""margin_not_applicable_to_non_allow_decision""]",0.42796174,True,134,25.67475706,0.46385017,True,55,23.54174517,0.46074647,True,69,17.37637634,0.30603793,True,213,29.38877094
TXN0000147816,C005721,2024-12-12 08:40:02,retry_payment,0.90000000,1,retry_payment,0,no_action,stop,False,authentication_required,False,0.00967735,,False,"[""no_eligible_positive_value_action"", ""failure_matrix:block"", ""margin_not_applicable_to_non_allow_decision""]",0.57581973,False,49,7.23938140,0.62052453,False,8,4.29589038,0.61084718,False,23,3.80324523,0.44731927,False,11,2.70552140
TXN0000158671,C009079,2024-12-12 11:25:51,retry_payment,0.90000000,0,retry_payment,0,no_action,stop,False,customer_decline,False,0.00443435,,False,"[""no_eligible_positive_value_action"", ""failure_matrix:block"", ""margin_not_applicable_to_non_allow_decision""]",0.62832761,True,58,8.97709815,0.70794809,False,25,3.45418296,0.70351374,False,10,3.52962620,0.50206095,False,12,7.36805008
TXN0000213944,C007678,2024-12-12 13:06:23,escalate_to_merchant,0.90000000,0,escalate_to_merchant,0,no_action,stop,False,authentication_required,False,0.03186816,,False,"[""no_eligible_positive_value_action"", ""failure_matrix:block"", ""margin_not_applicable_to_non_allow_decision""]",0.57154191,True,58,8.97709815,0.66528678,False,3,3.00000000,0.63341862,False,24,3.90270249,0.50784630,False,8,8.00000000
TXN0000068534,C000233,2024-12-12 13:22:32,whatsapp_reminder,0.90000000,0,whatsapp_reminder,0,whatsapp_reminder,fallback,True,customer_decline,True,0.01047686,,False,"[""decision_uncertain"", ""expected_value_margin:None"", ""probability_margin:None"", ""margin_not_applicable_to_non_allow_decision""]",0.44440645,True,73,10.21909638,0.46412262,False,23,5.49540018,0.45364577,True,54,8.41672235,0.36223835,True,72,12.00499847
TXN0000075223,C000834,2024-12-12 13:27:23,retry_payment,0.90000000,0,retry_payment,0,escalate_to_merchant,fallback,True,merchant_configuration,True,0.00131875,,False,"[""decision_uncertain"", ""expected_value_margin:None"", ""probability_margin:None"", ""margin_not_applicable_to_non_allow_decision""]",0.42232612,True,47,47.00000000,0.48155692,False,2,2.00000000,0.48023817,False,21,3.60798899,0.35102010,False,12,3.68852452
TXN0000152224,C003259,2024-12-12 14:00:39,retry_payment,0.90000000,0,retry_payment,0,no_action,stop,False,authentication_required,False,0.01895088,,False,"[""no_eligible_positive_value_action"", ""failure_matrix:block"", ""margin_not_applicable_to_non_allow_decision""]",0.66277647,True,58,8.97709815,0.69413173,False,3,3.00000000,0.71308261,False,24,3.90270249,0.55125481,False,8,8.00000000
TXN0000077340,C008923,2024-12-12 14:30:25,whatsapp_reminder,0.90000000,1,whatsapp_reminder,0,payment_link,allow,False,technical_retryable,True,0.00729287,73.15000000,False,"[""eligible"", ""contextually_supported_or_manual"", ""highest_risk_adjusted_expected_value"", ""expected_value_margin:73.15"", ""probability_margin:0.06960112"", ""decision_margin_passed""]",0.48751748,True,134,25.67475706,0.55711859,True,55,23.54174517,0.56441146,True,69,17.37637634,0.36795506,True,213,29.38877094
TXN0000015360,C002248,2024-12-12 14:44:17,whatsapp_reminder,0.90000000,1,whatsapp_reminder,0,no_action,stop,False,technical_retryable,False,0.03396118,,False,"[""no_eligible_positive_value_action"", ""failure_matrix:block"", ""margin_not_applicable_to_non_allow_decision""]",0.52731097,False,49,7.90577463,0.53618884,False,6,6.00000000,0.57015002,True,63,11.63500628,0.44091579,True,88,12.69429910
TXN0000233179,C009078,2024-12-12 14:51:59,retry_payment,0.90000000,0,retry_payment,0,no_action,stop,False,authentication_required,False,0.00625139,,False,"[""no_eligible_positive_value_action"", ""failure_matrix:block"", ""margin_not_applicable_to_non_allow_decision""]",0.66579127,False,19,3.41762696,0.69486874,False,2,2.00000000,0.70112014,False,6,6.00000000,0.58860874,False,1,1.00000000
TXN0000211919,C004617,2024-12-12 14:55:30,payment_link,0.03333333,1,retry_payment,0,retry_payment,fallback,True,technical_retryable,True,0.00293893,,False,"[""decision_uncertain"", ""expected_value_margin:None"", ""probability_margin:None"", ""margin_not_applicable_to_non_allow_decision""]",0.54862028,True,47,47.00000000,0.60450888,False,2,2.00000000,0.60156995,False,21,3.60798899,0.47764707,False,12,3.68852452
TXN0000128874,C000990,2024-12-12 15:00:15,escalate_to_merchant,0.90000000,0,escalate_to_merchant,0,retry_payment,fallback,True,technical_retryable,True,0.01956940,,False,"[""decision_uncertain"", ""expected_value_margin:2.1446293592453003"", ""probability_margin:-0.042430222034454346"", ""margin_not_applicable_to_non_allow_decision""]",0.62452757,True,382,61.49646714,0.66695780,True,55,50.36414754,0.64738840,True,122,42.51287438,0.53957629,True,685,101.16768160
TXN0000225797,C003388,2024-12-12 15:10:49,escalate_to_merchant,0.90000000,1,escalate_to_merchant,0,whatsapp_reminder,fallback,True,authentication_required,True,0.01084423,,False,"[""decision_uncertain"", ""expected_value_margin:11.044671058654785"", ""probability_margin:0.010844230651855469"", ""margin_not_applicable_to_non_allow_decision""]",0.47004968,True,134,25.67475706,0.52200687,True,55,23.54174517,0.53285110,True,69,17.37637634,0.36169553,True,213,29.38877094
TXN0000111181,C002527,2024-12-12 16:10:48,escalate_to_merchant,0.90000000,0,escalate_to_merchant,0,whatsapp_reminder,fallback,True,authentication_required,True,0.00283083,,False,"[""decision_uncertain"", ""expected_value_margin:None"", ""probability_margin:None"", ""margin_not_applicable_to_non_allow_decision""]",0.47786281,True,126,18.74890631,0.47597176,False,9,9.00000000,0.48069364,True,73,15.08078281,0.32882553,True,237,33.53941007
TXN0000042939,C006612,2024-12-12 16:43:23,payment_link,0.90000000,1,payment_link,0,payment_link,allow,False,technical_retryable,True,0.07129878,230.71000000,False,"[""eligible"", ""contextually_supported_or_manual"", ""highest_risk_adjusted_expected_value"", ""expected_value_margin:230.71"", ""probability_margin:0.07129878"", ""decision_margin_passed""]",0.55947989,True,387,66.60326136,0.63077867,True,625,91.91881191,0.55929774,True,50,36.09870729,0.39040831,True,196,56.61961283
TXN0000209694,C004815,2024-12-12 17:01:05,escalate_to_merchant,0.90000000,0,escalate_to_merchant,0,whatsapp_reminder,fallback,True,authentication_required,True,0.02810290,,False,"[""decision_uncertain"", ""expected_value_margin:None"", ""probability_margin:None"", ""margin_not_applicable_to_non_allow_decision""]",0.42863989,True,172,27.72056966,0.51442140,False,17,16.07278182,0.48631850,True,66,18.92736169,0.36899787,True,211,29.09046962
TXN0000208688,C003069,2024-12-12 17:17:21,payment_link,0.03333333,1,retry_payment,0,retry_payment,fallback,True,technical_retryable,True,0.00443751,,False,"[""decision_uncertain"", ""expected_value_margin:None"", ""probability_margin:None"", ""margin_not_applicable_to_non_allow_decision""]",0.65862906,True,58,8.97709815,0.67946786,False,3,3.00000000,0.68390536,False,24,3.90270249,0.54140639,False,8,8.00000000
TXN0000080878,C007100,2024-12-12 18:23:54,payment_link,0.90000000,0,payment_link,0,escalate_to_merchant,fallback,True,merchant_configuration,True,0.01652801,,False,"[""decision_uncertain"", ""expected_value_margin:None"", ""probability_margin:None"", ""margin_not_applicable_to_non_allow_decision""]",0.50472319,True,134,25.67475706,0.50011086,True,55,23.54174517,0.52125120,True,69,17.37637634,0.40905470,True,213,29.38877094
TXN0000244132,C006562,2024-12-12 18:30:05,retry_payment,0.90000000,0,retry_payment,0,no_action,stop,False,authentication_required,False,0.01923269,,False,"[""no_eligible_positive_value_action"", ""failure_matrix:block"", ""margin_not_applicable_to_non_allow_decision""]",0.78210294,True,58,8.97709815,0.79408747,False,25,3.45418296,0.81332016,False,10,3.52962620,0.68011630,False,12,7.36805008
TXN0000102113,C009262,2024-12-12 18:47:02,whatsapp_reminder,0.90000000,1,whatsapp_reminder,0,whatsapp_reminder,fallback,True,authentication_required,True,0.00593704,,False,"[""decision_uncertain"", ""expected_value_margin:1.6741071343421936"", ""probability_margin:-0.005937039852142334"", ""margin_not_applicable_to_non_allow_decision""]",0.61585891,True,382,61.49646714,0.65828383,True,55,50.36414754,0.65234679,True,122,42.51287438,0.52224416,True,685,101.16768160
TXN0000080165,C005872,2024-12-12 18:58:41,retry_payment,0.90000000,1,retry_payment,0,no_action,stop,False,customer_decline,False,0.02236104,,False,"[""no_eligible_positive_value_action"", ""failure_matrix:block"", ""margin_not_applicable_to_non_allow_decision""]",0.70275438,False,11,11.00000000,0.72588444,False,6,1.39509533,0.74824548,False,2,2.00000000,0.61370939,False,1,1.00000000
TXN0000131896,C004293,2024-12-12 19:14:24,retry_payment,0.90000000,1,retry_payment,0,payment_link,fallback,True,customer_decline,True,0.01120251,,False,"[""decision_uncertain"", ""expected_value_margin:None"", ""probability_margin:None"", ""margin_not_applicable_to_non_allow_decision""]",0.61690348,True,59,8.94277964,0.62810600,True,90,12.53697431,0.58766067,False,19,4.27099396,0.49569377,True,43,10.73819641
TXN0000206704,C005060,2024-12-12 19:16:01,escalate_to_merchant,0.90000000,0,escalate_to_merchant,0,payment_link,allow,False,technical_retryable,True,0.02527457,51.46000000,False,"[""eligible"", ""contextually_supported_or_manual"", ""highest_risk_adjusted_expected_value"", ""expected_value_margin:51.45"", ""probability_margin:0.02880418"", ""decision_margin_passed""]",0.57211447,True,129,19.07760664,0.60091865,True,218,30.47265689,0.57564408,True,34,21.95535821,0.41012371,True,65,18.84615345
TXN0000207246,C009372,2024-12-12 19:55:01,retry_payment,0.90000000,1,retry_payment,0,payment_link,fallback,True,customer_decline,True,0.00498974,,False,"[""decision_uncertain"", ""expected_value_margin:11.766188740730286"", ""probability_margin:0.004989743232727051"", ""margin_not_applicable_to_non_allow_decision""]",0.60123450,True,129,19.07760664,0.65593916,True,218,30.47265689,0.65094942,True,34,21.95535821,0.46154049,True,65,18.84615345
TXN0000070730,C001985,2024-12-12 20:10:08,escalate_to_merchant,0.90000000,0,escalate_to_merchant,0,no_action,stop,False,technical_retryable,False,0.03513831,,False,"[""customer_opted_out"", ""margin_not_applicable_to_non_allow_decision""]",0.60712916,True,382,61.49646714,0.64226747,True,55,50.36414754,0.57772315,True,122,42.51287438,0.47458753,True,685,101.16768160
TXN0000035833,C007307,2024-12-12 20:17:56,escalate_to_merchant,0.90000000,0,escalate_to_merchant,0,no_action,stop,False,authentication_required,False,0.03959507,,False,"[""no_eligible_positive_value_action"", ""failure_matrix:block"", ""margin_not_applicable_to_non_allow_decision""]",0.48353663,False,49,7.23938140,0.58254272,False,8,4.29589038,0.54294765,False,23,3.80324523,0.37343460,False,11,2.70552140
TXN0000154873,C000208,2024-12-12 20:31:14,whatsapp_reminder,0.90000000,0,whatsapp_reminder,0,no_action,stop,False,authentication_required,False,0.01331699,,False,"[""no_eligible_positive_value_action"", ""failure_matrix:block"", ""margin_not_applicable_to_non_allow_decision""]",0.61328447,True,58,8.97709815,0.69960082,False,3,3.00000000,0.68628383,False,24,3.90270249,0.54707283,False,8,8.00000000
TXN0000147840,C005291,2024-12-12 20:58:58,retry_payment,0.90000000,0,retry_payment,0,whatsapp_reminder,fallback,True,customer_decline,True,0.02004147,,False,"[""decision_uncertain"", ""expected_value_margin:None"", ""probability_margin:None"", ""margin_not_applicable_to_non_allow_decision""]",0.55536664,True,172,27.72056966,0.61891437,False,17,16.07278182,0.63895583,True,66,18.92736169,0.43932161,True,211,29.09046962
TXN0000114027,C009883,2024-12-12 21:36:37,escalate_to_merchant,0.90000000,0,escalate_to_merchant,0,whatsapp_reminder,fallback,True,customer_decline,True,0.00267190,,False,"[""decision_uncertain"", ""expected_value_margin:1.1197873950004578"", ""probability_margin:-0.0026718974113464355"", ""margin_not_applicable_to_non_allow_decision""]",0.57835215,True,359,56.24386377,0.61705399,True,85,37.80492775,0.61438209,True,126,41.91580028,0.46003261,True,694,97.85794000
TXN0000148994,C008689,2024-12-12 22:42:15,escalate_to_merchant,0.90000000,0,escalate_to_merchant,0,whatsapp_reminder,fallback,True,authentication_required,True,0.02252710,,False,"[""decision_uncertain"", ""expected_value_margin:None"", ""probability_margin:None"", ""margin_not_applicable_to_non_allow_decision""]",0.60058165,True,172,27.72056966,0.59255075,False,17,16.07278182,0.62310874,True,66,18.92736169,0.48388851,True,211,29.09046962
TXN0000005633,C008360,2024-12-12 23:29:09,retry_payment,0.90000000,1,retry_payment,0,whatsapp_reminder,fallback,True,authentication_required,True,0.00553149,,False,"[""decision_uncertain"", ""expected_value_margin:12.660263895988464"", ""probability_margin:0.005531489849090576"", ""margin_not_applicable_to_non_allow_decision""]",0.66260409,True,387,66.60326136,0.69601363,True,625,91.91881191,0.70154512,True,50,36.09870729,0.51972634,True,196,56.61961283
TXN0000110587,C007205,2024-12-13 02:50:47,retry_payment,0.90000000,1,retry_payment,0,escalate_to_merchant,fallback,True,merchant_configuration,True,0.05387455,,False,"[""decision_uncertain"", ""expected_value_margin:None"", ""probability_margin:None"", ""margin_not_applicable_to_non_allow_decision""]",0.63044888,True,58,8.97709815,0.63670534,False,3,3.00000000,0.69057989,False,24,3.90270249,0.49690011,False,8,8.00000000
TXN0000186881,C000837,2024-12-13 07:14:26,escalate_to_merchant,0.90000000,1,escalate_to_merchant,0,retry_payment,fallback,True,technical_retryable,True,0.02755541,,False,"[""decision_uncertain"", ""expected_value_margin:11.920356631278992"", ""probability_margin:0.001977980136871338"", ""margin_not_applicable_to_non_allow_decision""]",0.58118838,True,129,19.07760664,0.57921040,True,218,30.47265689,0.60874379,True,34,21.95535821,0.40653244,True,65,18.84615345
TXN0000142131,C000462,2024-12-13 09:30:39,retry_payment,0.90000000,1,retry_payment,0,retry_payment,fallback,True,technical_retryable,True,0.00019819,,False,"[""decision_uncertain"", ""expected_value_margin:None"", ""probability_margin:None"", ""margin_not_applicable_to_non_allow_decision""]",0.62853342,True,58,8.97709815,0.65946674,False,3,3.00000000,0.65926856,False,24,3.90270249,0.52263188,False,8,8.00000000
TXN0000022057,C008074,2024-12-13 10:42:11,whatsapp_reminder,0.90000000,0,whatsapp_reminder,0,escalate_to_merchant,fallback,True,merchant_configuration,True,0.01056695,,False,"[""decision_uncertain"", ""expected_value_margin:None"", ""probability_margin:None"", ""margin_not_applicable_to_non_allow_decision""]",0.56785411,True,126,18.74890631,0.58650559,False,9,9.00000000,0.59707254,True,73,15.08078281,0.46377325,True,237,33.53941007
TXN0000081561,C003460,2024-12-13 11:02:25,whatsapp_reminder,0.03333333,1,retry_payment,0,retry_payment,fallback,True,technical_retryable,True,0.01812488,,False,"[""decision_uncertain"", ""expected_value_margin:None"", ""probability_margin:None"", ""margin_not_applicable_to_non_allow_decision""]",0.56907183,True,172,27.72056966,0.55695188,False,17,16.07278182,0.58719671,True,66,18.92736169,0.45324638,True,211,29.09046962
TXN0000138319,C006918,2024-12-13 11:17:53,retry_payment,0.90000000,1,retry_payment,0,retry_payment,fallback,True,technical_retryable,True,0.01441109,,False,"[""decision_uncertain"", ""expected_value_margin:1.2585740089416504"", ""probability_margin:-0.039655447006225586"", ""margin_not_applicable_to_non_allow_decision""]",0.69678634,True,382,61.49646714,0.73644179,True,55,50.36414754,0.72203070,True,122,42.51287438,0.57566714,True,685,101.16768160
TXN0000174779,C003707,2024-12-13 11:58:56,retry_payment,0.90000000,1,retry_payment,0,payment_link,allow,False,authentication_required,True,0.01848477,133.61000000,False,"[""eligible"", ""contextually_supported_or_manual"", ""highest_risk_adjusted_expected_value"", ""expected_value_margin:57.36"", ""probability_margin:0.01848477"", ""fallback_ineligible""]",0.59607232,True,387,66.60326136,0.63998038,True,625,91.91881191,0.62149560,True,50,36.09870729,0.43304124,True,196,56.61961283
TXN0000024701,C006716,2024-12-13 12:16:41,retry_payment,0.03333333,0,escalate_to_merchant,0,payment_link,fallback,True,customer_decline,True,0.02218193,,False,"[""decision_uncertain"", ""expected_value_margin:8.774418294429779"", ""probability_margin:0.022181928157806396"", ""margin_not_applicable_to_non_allow_decision""]",0.60220629,True,359,56.24386377,0.65595222,True,85,37.80492775,0.63377029,True,126,41.91580028,0.49952373,True,694,97.85794000
TXN0000014876,C000287,2024-12-13 12:21:42,whatsapp_reminder,0.03333333,1,retry_payment,0,retry_payment,fallback,True,technical_retryable,True,0.00693917,,False,"[""decision_uncertain"", ""expected_value_margin:None"", ""probability_margin:None"", ""margin_not_applicable_to_non_allow_decision""]",0.69403940,True,126,18.74890631,0.72456878,False,9,9.00000000,0.73150796,True,73,15.08078281,0.59258932,True,237,33.53941007
TXN0000047702,C008235,2024-12-13 12:24:35,retry_payment,0.90000000,0,retry_payment,0,no_action,stop,False,customer_decline,False,0.00669682,,False,"[""no_eligible_positive_value_action"", ""failure_matrix:block"", ""margin_not_applicable_to_non_allow_decision""]",0.77450413,False,49,7.23938140,0.80693561,False,8,4.29589038,0.80023879,False,23,3.80324523,0.65565795,False,11,2.70552140
TXN0000164864,C008303,2024-12-13 12:54:03,payment_link,0.90000000,1,payment_link,0,payment_link,allow,False,technical_retryable,True,0.05244702,71.64000000,False,"[""eligible"", ""contextually_supported_or_manual"", ""highest_risk_adjusted_expected_value"", ""expected_value_margin:71.63"", ""probability_margin:0.05409908"", ""decision_margin_passed""]",0.53947932,True,362,56.55389812,0.59357840,True,241,49.77543607,0.54113138,True,96,34.06733257,0.39354423,True,512,71.09486331
TXN0000133169,C003587,2024-12-13 12:59:31,payment_link,0.90000000,0,payment_link,0,payment_link,allow,False,technical_retryable,True,0.01870412,60.88000000,False,"[""eligible"", ""contextually_supported_or_manual"", ""highest_risk_adjusted_expected_value"", ""expected_value_margin:60.88"", ""probability_margin:0.0224154"", ""decision_margin_passed""]",0.57712668,True,129,19.07760664,0.59954208,True,218,30.47265689,0.58083797,True,34,21.95535821,0.42645749,True,65,18.84615345
TXN0000025098,C006794,2024-12-13 13:33:06,escalate_to_merchant,0.90000000,1,escalate_to_merchant,0,whatsapp_reminder,fallback,True,customer_decline,True,0.00291252,,False,"[""decision_uncertain"", ""expected_value_margin:6.592569351196289"", ""probability_margin:0.0029125213623046875"", ""margin_not_applicable_to_non_allow_decision""]",0.63427854,True,362,56.55389812,0.68658489,True,241,49.77543607,0.68949741,True,96,34.06733257,0.47353530,True,512,71.09486331
TXN0000125559,C003984,2024-12-13 13:57:56,retry_payment,0.90000000,1,retry_payment,0,retry_payment,fallback,True,technical_retryable,True,0.01234800,,False,"[""decision_uncertain"", ""expected_value_margin:None"", ""probability_margin:None"", ""margin_not_applicable_to_non_allow_decision""]",0.60527438,True,47,47.00000000,0.62285370,False,2,2.00000000,0.63520169,False,21,3.60798899,0.47587758,False,12,3.68852452
TXN0000167237,C002367,2024-12-13 15:09:19,payment_link,0.90000000,0,payment_link,0,payment_link,allow,False,customer_decline,True,0.04100907,147.25000000,False,"[""eligible"", ""contextually_supported_or_manual"", ""highest_risk_adjusted_expected_value"", ""expected_value_margin:87.68"", ""probability_margin:0.04100907"", ""fallback_ineligible""]",0.39154357,True,129,19.07760664,0.46233866,True,218,30.47265689,0.42132959,True,34,21.95535821,0.30182716,True,65,18.84615345
TXN0000185049,C009886,2024-12-13 15:48:40,retry_payment,0.90000000,0,retry_payment,0,escalate_to_merchant,fallback,True,merchant_configuration,True,0.03497016,,False,"[""decision_uncertain"", ""expected_value_margin:None"", ""probability_margin:None"", ""margin_not_applicable_to_non_allow_decision""]",0.54810488,False,49,7.90577463,0.56496572,False,6,6.00000000,0.59993589,True,63,11.63500628,0.42211217,True,88,12.69429910
TXN0000086763,C000913,2024-12-13 16:52:08,whatsapp_reminder,0.90000000,1,whatsapp_reminder,0,escalate_to_merchant,fallback,True,merchant_configuration,True,0.03794277,,False,"[""decision_uncertain"", ""expected_value_margin:None"", ""probability_margin:None"", ""margin_not_applicable_to_non_allow_decision""]",0.53736067,True,172,27.72056966,0.63966012,False,17,16.07278182,0.60171735,True,66,18.92736169,0.47286820,True,211,29.09046962
TXN0000143532,C006254,2024-12-13 17:22:27,retry_payment,0.90000000,0,retry_payment,0,payment_link,allow,False,technical_retryable,True,0.01592135,99.05000000,False,"[""eligible"", ""contextually_supported_or_manual"", ""highest_risk_adjusted_expected_value"", ""expected_value_margin:99.05"", ""probability_margin:0.03877342"", ""decision_margin_passed""]",0.56090903,True,387,66.60326136,0.59968245,True,625,91.91881191,0.58376110,True,50,36.09870729,0.38574851,True,196,56.61961283
TXN0000004932,C009110,2024-12-13 17:22:56,escalate_to_merchant,0.90000000,0,escalate_to_merchant,0,retry_payment,fallback,True,technical_retryable,True,0.04091138,,False,"[""decision_uncertain"", ""expected_value_margin:None"", ""probability_margin:None"", ""margin_not_applicable_to_non_allow_decision""]",0.47727758,True,58,8.97709815,0.55910188,False,3,3.00000000,0.51819050,False,24,3.90270249,0.42177802,False,8,8.00000000
TXN0000160612,C009443,2024-12-13 17:34:29,escalate_to_merchant,0.90000000,0,escalate_to_merchant,0,no_action,stop,False,technical_retryable,False,0.01026046,,False,"[""customer_opted_out"", ""margin_not_applicable_to_non_allow_decision""]",0.63300043,True,362,56.55389812,0.68024737,True,241,49.77543607,0.66998690,True,96,34.06733257,0.46948776,True,512,71.09486331
TXN0000053969,C002212,2024-12-13 17:36:47,retry_payment,0.90000000,1,retry_payment,0,no_action,stop,False,technical_retryable,False,0.01278007,,False,"[""no_eligible_positive_value_action"", ""failure_matrix:block"", ""margin_not_applicable_to_non_allow_decision""]",0.61399013,False,19,3.41762696,0.64972603,False,2,2.00000000,0.66250610,False,6,6.00000000,0.51535612,False,1,1.00000000
TXN0000238453,C000382,2024-12-13 17:38:36,payment_link,0.03333333,1,whatsapp_reminder,0,retry_payment,fallback,True,technical_retryable,True,0.00458235,,False,"[""decision_uncertain"", ""expected_value_margin:None"", ""probability_margin:None"", ""margin_not_applicable_to_non_allow_decision""]",0.57957959,True,172,27.72056966,0.59574181,False,17,16.07278182,0.60032415,True,66,18.92736169,0.48493990,True,211,29.09046962
TXN0000062107,C004913,2024-12-13 18:03:14,retry_payment,0.90000000,0,retry_payment,0,payment_link,fallback,True,authentication_required,True,0.00115514,,False,"[""decision_uncertain"", ""expected_value_margin:10.709493398666382"", ""probability_margin:0.0011551380157470703"", ""margin_not_applicable_to_non_allow_decision""]",0.64468515,True,387,66.60326136,0.68091291,True,625,91.91881191,0.67975777,True,50,36.09870729,0.46881577,True,196,56.61961283
TXN0000096619,C007038,2024-12-13 18:08:58,whatsapp_reminder,0.90000000,1,whatsapp_reminder,0,no_action,stop,False,technical_retryable,False,0.01109970,,False,"[""no_eligible_positive_value_action"", ""failure_matrix:block"", ""margin_not_applicable_to_non_allow_decision""]",0.80932444,False,49,7.23938140,0.84559548,False,8,4.29589038,0.83449578,False,23,3.80324523,0.71128875,False,11,2.70552140
TXN0000076957,C005541,2024-12-13 18:32:29,retry_payment,0.90000000,1,retry_payment,0,retry_payment,fallback,True,technical_retryable,True,0.00506479,,False,"[""decision_uncertain"", ""expected_value_margin:None"", ""probability_margin:None"", ""margin_not_applicable_to_non_allow_decision""]",0.59542722,True,47,47.00000000,0.64963979,False,2,2.00000000,0.65470457,False,21,3.60798899,0.50140655,False,12,3.68852452
TXN0000092646,C008447,2024-12-13 18:51:32,whatsapp_reminder,0.90000000,1,whatsapp_reminder,0,whatsapp_reminder,fallback,True,authentication_required,True,0.00928968,,False,"[""decision_uncertain"", ""expected_value_margin:None"", ""probability_margin:None"", ""margin_not_applicable_to_non_allow_decision""]",0.50513494,True,73,10.21909638,0.54917282,False,23,5.49540018,0.53988314,True,54,8.41672235,0.40620700,True,72,12.00499847
TXN0000090861,C004631,2024-12-13 19:05:52,payment_link,0.03333333,0,retry_payment,0,no_action,stop,False,authentication_required,False,0.02715349,,False,"[""no_eligible_positive_value_action"", ""failure_matrix:block"", ""margin_not_applicable_to_non_allow_decision""]",0.75233382,False,11,11.00000000,0.78685343,False,6,1.39509533,0.75969994,False,2,2.00000000,0.60458344,False,1,1.00000000
TXN0000179884,C007512,2024-12-13 19:47:17,payment_link,0.90000000,1,payment_link,0,payment_link,fallback,True,authentication_required,True,0.00454313,,False,"[""decision_uncertain"", ""expected_value_margin:8.703475892543793"", ""probability_margin:0.004543125629425049"", ""margin_not_applicable_to_non_allow_decision""]",0.57771403,True,129,19.07760664,0.59900725,True,218,30.47265689,0.59446412,True,34,21.95535821,0.45382518,True,65,18.84615345
TXN0000147254,C008655,2024-12-13 20:54:41,escalate_to_merchant,0.90000000,1,escalate_to_merchant,0,no_action,stop,False,customer_decline,False,0.04255521,,False,"[""no_eligible_positive_value_action"", ""failure_matrix:block"", ""margin_not_applicable_to_non_allow_decision""]",0.58352727,True,58,8.97709815,0.62850177,False,25,3.45418296,0.58594656,False,10,3.52962620,0.42712000,False,12,7.36805008
TXN0000011087,C004501,2024-12-13 21:09:10,retry_payment,0.90000000,0,retry_payment,0,payment_link,allow,False,technical_retryable,True,0.02980816,103.11000000,False,"[""eligible"", ""contextually_supported_or_manual"", ""highest_risk_adjusted_expected_value"", ""expected_value_margin:103.11"", ""probability_margin:0.05680615"", ""decision_margin_passed""]",0.50752062,True,59,8.94277964,0.56432676,True,90,12.53697431,0.53451860,False,19,4.27099396,0.40533245,True,43,10.73819641
TXN0000010116,C002141,2024-12-13 23:52:15,retry_payment,0.90000000,0,retry_payment,0,escalate_to_merchant,fallback,True,merchant_configuration,True,0.02273828,,False,"[""decision_uncertain"", ""expected_value_margin:None"", ""probability_margin:None"", ""margin_not_applicable_to_non_allow_decision""]",0.64189404,True,172,27.72056966,0.63169205,False,17,16.07278182,0.66463232,True,66,18.92736169,0.53763831,True,211,29.09046962
TXN0000183550,C006650,2024-12-14 00:19:51,escalate_to_merchant,0.90000000,1,escalate_to_merchant,0,escalate_to_merchant,fallback,True,merchant_configuration,True,0.01972729,,False,"[""decision_uncertain"", ""expected_value_margin:None"", ""probability_margin:None"", ""margin_not_applicable_to_non_allow_decision""]",0.54484493,True,126,18.74890631,0.54035980,False,9,9.00000000,0.56457222,True,73,15.08078281,0.40548667,True,237,33.53941007
TXN0000159977,C005106,2024-12-14 01:29:08,escalate_to_merchant,0.90000000,0,escalate_to_merchant,0,retry_payment,fallback,True,technical_retryable,True,0.01866376,,False,"[""decision_uncertain"", ""expected_value_margin:None"", ""probability_margin:None"", ""margin_not_applicable_to_non_allow_decision""]",0.55515105,True,126,18.74890631,0.62322181,False,9,9.00000000,0.60455805,True,73,15.08078281,0.47681841,True,237,33.53941007
TXN0000072236,C008200,2024-12-14 09:05:50,escalate_to_merchant,0.90000000,0,escalate_to_merchant,0,payment_link,allow,False,customer_decline,True,0.03396571,53.03000000,False,"[""eligible"", ""contextually_supported_or_manual"", ""highest_risk_adjusted_expected_value"", ""expected_value_margin:46.97"", ""probability_margin:0.03396571"", ""fallback_ineligible""]",0.55480975,True,134,25.67475706,0.59693027,True,55,23.54174517,0.56296456,True,69,17.37637634,0.41421822,True,213,29.38877094
TXN0000000548,C001200,2024-12-14 09:45:30,retry_payment,0.90000000,1,retry_payment,0,escalate_to_merchant,fallback,True,merchant_configuration,True,0.00245869,,False,"[""decision_uncertain"", ""expected_value_margin:None"", ""probability_margin:None"", ""margin_not_applicable_to_non_allow_decision""]",0.63119358,True,359,56.24386377,0.65732938,True,85,37.80492775,0.65978807,True,126,41.91580028,0.51927191,True,694,97.85794000
TXN0000180136,C000725,2024-12-14 09:49:54,whatsapp_reminder,0.03333333,1,retry_payment,0,retry_payment,fallback,True,technical_retryable,True,0.01104307,,False,"[""decision_uncertain"", ""expected_value_margin:None"", ""probability_margin:None"", ""margin_not_applicable_to_non_allow_decision""]",0.60602993,True,47,47.00000000,0.69041598,False,2,2.00000000,0.67937291,False,21,3.60798899,0.54959524,False,12,3.68852452
TXN0000118930,C004812,2024-12-14 12:17:02,retry_payment,0.90000000,0,retry_payment,0,payment_link,fallback,True,customer_decline,True,0.00433064,,False,"[""decision_uncertain"", ""expected_value_margin:33.98442363739014"", ""probability_margin:0.004330635070800781"", ""margin_not_applicable_to_non_allow_decision""]",0.59241825,True,387,66.60326136,0.61268711,True,625,91.91881191,0.60835648,True,50,36.09870729,0.42578244,True,196,56.61961283
TXN0000156461,C009727,2024-12-14 12:49:08,retry_payment,0.90000000,1,retry_payment,0,no_action,stop,False,technical_retryable,False,0.00283378,,False,"[""no_eligible_positive_value_action"", ""failure_matrix:block"", ""margin_not_applicable_to_non_allow_decision""]",0.55940199,False,19,3.41762696,0.59079021,False,2,2.00000000,0.58795643,False,6,6.00000000,0.45438662,False,1,1.00000000
TXN0000017388,C005986,2024-12-14 12:53:18,retry_payment,0.90000000,1,retry_payment,0,retry_payment,fallback,True,technical_retryable,True,0.00668907,,False,"[""decision_uncertain"", ""expected_value_margin:None"", ""probability_margin:None"", ""margin_not_applicable_to_non_allow_decision""]",0.51166451,True,58,8.97709815,0.59570754,False,25,3.45418296,0.58901846,False,10,3.52962620,0.40974391,False,12,7.36805008
TXN0000202290,C008254,2024-12-14 13:52:21,escalate_to_merchant,0.90000000,0,escalate_to_merchant,0,whatsapp_reminder,fallback,True,authentication_required,True,0.02924460,,False,"[""decision_uncertain"", ""expected_value_margin:None"", ""probability_margin:None"", ""margin_not_applicable_to_non_allow_decision""]",0.58866769,True,126,18.74890631,0.61791229,False,9,9.00000000,0.58258712,True,73,15.08078281,0.46814188,True,237,33.53941007
TXN0000026512,C008314,2024-12-14 14:24:20,escalate_to_merchant,0.90000000,0,escalate_to_merchant,0,escalate_to_merchant,fallback,True,merchant_configuration,True,0.02077836,,False,"[""decision_uncertain"", ""expected_value_margin:None"", ""probability_margin:None"", ""margin_not_applicable_to_non_allow_decision""]",0.58667701,True,134,25.67475706,0.63777453,True,55,23.54174517,0.61699617,True,69,17.37637634,0.44892073,True,213,29.38877094
TXN0000009341,C008051,2024-12-14 14:48:52,escalate_to_merchant,0.90000000,0,escalate_to_merchant,0,retry_payment,fallback,True,technical_retryable,True,0.02728903,,False,"[""decision_uncertain"", ""expected_value_margin:6.549525678157806"", ""probability_margin:0.057056963443756104"", ""margin_not_applicable_to_non_allow_decision""]",0.62966824,True,382,61.49646714,0.68672520,True,55,50.36414754,0.65943617,True,122,42.51287438,0.55099738,True,685,101.16768160
TXN0000109445,C004421,2024-12-14 14:53:02,retry_payment,0.90000000,0,retry_payment,0,no_action,stop,False,technical_retryable,False,0.00726414,,False,"[""no_eligible_positive_value_action"", ""failure_matrix:block"", ""margin_not_applicable_to_non_allow_decision""]",0.60552168,False,1,1.00000000,0.64874041,False,0,0.00000000,0.64147627,False,0,0.00000000,0.51664650,False,0,0.00000000
TXN0000218167,C008127,2024-12-14 15:02:08,whatsapp_reminder,0.90000000,1,whatsapp_reminder,0,no_action,stop,False,authentication_required,False,0.00804502,,False,"[""no_eligible_positive_value_action"", ""failure_matrix:block"", ""margin_not_applicable_to_non_allow_decision""]",0.51812762,True,58,8.97709815,0.55778396,False,3,3.00000000,0.56582898,False,24,3.90270249,0.54969239,False,8,8.00000000
TXN0000079461,C007720,2024-12-14 15:26:13,retry_payment,0.90000000,1,retry_payment,0,payment_link,allow,False,customer_decline,True,0.02515286,107.75000000,False,"[""eligible"", ""contextually_supported_or_manual"", ""highest_risk_adjusted_expected_value"", ""expected_value_margin:29.95"", ""probability_margin:0.02515286"", ""fallback_ineligible""]",0.59395152,True,134,25.67475706,0.68438005,True,55,23.54174517,0.65922719,True,69,17.37637634,0.50033605,True,213,29.38877094
TXN0000088439,C001418,2024-12-14 15:26:24,retry_payment,0.90000000,0,retry_payment,0,retry_payment,fallback,True,technical_retryable,True,0.02449024,,False,"[""decision_uncertain"", ""expected_value_margin:None"", ""probability_margin:None"", ""margin_not_applicable_to_non_allow_decision""]",0.56232393,True,47,47.00000000,0.58681417,False,2,2.00000000,0.55805284,False,21,3.60798899,0.45260581,False,12,3.68852452
TXN0000080739,C003361,2024-12-14 15:41:27,retry_payment,0.90000000,1,retry_payment,0,retry_payment,fallback,True,technical_retryable,True,0.01361489,,False,"[""decision_uncertain"", ""expected_value_margin:76.14003849029541"", ""probability_margin:0.013614892959594727"", ""margin_not_applicable_to_non_allow_decision""]",0.57232708,True,387,66.60326136,0.58594197,True,625,91.91881191,0.56593484,True,50,36.09870729,0.37575004,True,196,56.61961283
TXN0000161725,C000247,2024-12-14 17:03:37,retry_payment,0.90000000,1,retry_payment,0,whatsapp_reminder,fallback,True,authentication_required,True,0.00073218,,False,"[""decision_uncertain"", ""expected_value_margin:3.3746337890625"", ""probability_margin:0.0007321834564208984"", ""margin_not_applicable_to_non_allow_decision""]",0.65895599,True,134,25.67475706,0.68010014,True,55,23.54174517,0.68083233,True,69,17.37637634,0.51628006,True,213,29.38877094
TXN0000180112,C004098,2024-12-14 17:42:49,escalate_to_merchant,0.90000000,0,escalate_to_merchant,0,no_action,stop,False,authentication_required,False,0.02221566,,False,"[""no_eligible_positive_value_action"", ""failure_matrix:block"", ""margin_not_applicable_to_non_allow_decision""]",0.56320977,True,58,8.97709815,0.61339611,False,3,3.00000000,0.59118044,False,24,3.90270249,0.47332156,False,8,8.00000000
TXN0000154447,C009511,2024-12-14 18:39:52,escalate_to_merchant,0.90000000,0,escalate_to_merchant,0,payment_link,fallback,True,authentication_required,True,0.01269150,,False,"[""decision_uncertain"", ""expected_value_margin:4.184589385986328"", ""probability_margin:0.012691497802734375"", ""margin_not_applicable_to_non_allow_decision""]",0.62298477,True,359,56.24386377,0.67024934,True,85,37.80492775,0.65755785,True,126,41.91580028,0.50643677,True,694,97.85794000
TXN0000015796,C000034,2024-12-14 19:18:06,whatsapp_reminder,0.90000000,0,whatsapp_reminder,0,no_action,stop,False,authentication_required,False,0.00405973,,False,"[""no_eligible_positive_value_action"", ""failure_matrix:block"", ""margin_not_applicable_to_non_allow_decision""]",0.65711886,False,49,7.23938140,0.73048824,False,8,4.29589038,0.72642851,False,23,3.80324523,0.55667269,False,11,2.70552140
TXN0000074837,C006290,2024-12-14 19:19:27,escalate_to_merchant,0.90000000,1,escalate_to_merchant,0,retry_payment,fallback,True,technical_retryable,True,0.02989376,,False,"[""decision_uncertain"", ""expected_value_margin:None"", ""probability_margin:None"", ""margin_not_applicable_to_non_allow_decision""]",0.54348439,True,126,18.74890631,0.59014970,False,9,9.00000000,0.56025594,True,73,15.08078281,0.44139147,True,237,33.53941007
TXN0000206892,C004629,2024-12-14 19:38:15,escalate_to_merchant,0.90000000,0,escalate_to_merchant,0,retry_payment,fallback,True,technical_retryable,True,0.04224735,,False,"[""decision_uncertain"", ""expected_value_margin:None"", ""probability_margin:None"", ""margin_not_applicable_to_non_allow_decision""]",0.53844273,True,172,27.72056966,0.61188412,False,17,16.07278182,0.56963676,True,66,18.92736169,0.44290659,True,211,29.09046962
TXN0000244734,C005734,2024-12-14 19:45:51,escalate_to_merchant,0.90000000,0,escalate_to_merchant,0,payment_link,allow,False,authentication_required,True,0.04541188,61.48000000,False,"[""eligible"", ""contextually_supported_or_manual"", ""highest_risk_adjusted_expected_value"", ""expected_value_margin:103.67"", ""probability_margin:0.0692299"", ""fallback_ineligible""]",0.63441306,True,134,25.67475706,0.67982495,True,55,23.54174517,0.61059505,True,69,17.37637634,0.48712793,True,213,29.38877094
TXN0000032059,C007501,2024-12-14 20:02:51,whatsapp_reminder,0.90000000,0,whatsapp_reminder,0,no_action,stop,False,authentication_required,False,0.04346448,,False,"[""no_eligible_positive_value_action"", ""failure_matrix:block"", ""margin_not_applicable_to_non_allow_decision""]",0.60681361,True,47,47.00000000,0.64938372,False,2,2.00000000,0.69284821,False,21,3.60798899,0.49765015,False,12,3.68852452
TXN0000165564,C006816,2024-12-14 20:14:57,payment_link,0.90000000,0,payment_link,0,payment_link,allow,False,technical_retryable,True,0.02984577,92.16000000,False,"[""eligible"", ""contextually_supported_or_manual"", ""highest_risk_adjusted_expected_value"", ""expected_value_margin:92.16"", ""probability_margin:0.03129858"", ""decision_margin_passed""]",0.52375007,True,387,66.60326136,0.55504864,True,625,91.91881191,0.52520287,True,50,36.09870729,0.38060033,True,196,56.61961283
TXN0000134886,C000376,2024-12-14 21:16:43,escalate_to_merchant,0.90000000,1,escalate_to_merchant,0,whatsapp_reminder,fallback,True,authentication_required,True,0.00414205,,False,"[""decision_uncertain"", ""expected_value_margin:None"", ""probability_margin:None"", ""margin_not_applicable_to_non_allow_decision""]",0.46396244,True,172,27.72056966,0.48924053,False,17,16.07278182,0.48509848,True,66,18.92736169,0.33550596,True,211,29.09046962
TXN0000060907,C002319,2024-12-14 23:32:22,escalate_to_merchant,0.90000000,0,escalate_to_merchant,0,no_action,stop,False,technical_retryable,False,0.01345026,,False,"[""no_eligible_positive_value_action"", ""failure_matrix:block"", ""margin_not_applicable_to_non_allow_decision""]",0.50931668,True,126,18.74890631,0.56187034,False,9,9.00000000,0.54842007,True,73,15.08078281,0.44922939,True,237,33.53941007
TXN0000207550,C005409,2024-12-14 23:34:41,retry_payment,0.90000000,1,retry_payment,0,no_action,stop,False,technical_retryable,False,0.01717395,,False,"[""no_eligible_positive_value_action"", ""failure_matrix:block"", ""margin_not_applicable_to_non_allow_decision""]",0.60310316,False,49,7.23938140,0.65252537,False,8,4.29589038,0.66969931,False,23,3.80324523,0.45989773,False,11,2.70552140
TXN0000209005,C002439,2024-12-15 01:29:17,whatsapp_reminder,0.90000000,0,whatsapp_reminder,0,whatsapp_reminder,fallback,True,authentication_required,True,0.02954376,,False,"[""decision_uncertain"", ""expected_value_margin:None"", ""probability_margin:None"", ""margin_not_applicable_to_non_allow_decision""]",0.52465934,True,126,18.74890631,0.53931391,False,9,9.00000000,0.56885767,True,73,15.08078281,0.41717735,True,237,33.53941007
TXN0000112539,C004304,2024-12-15 07:23:25,payment_link,0.90000000,1,payment_link,0,no_action,stop,False,customer_decline,False,0.06614691,,False,"[""customer_opted_out"", ""margin_not_applicable_to_non_allow_decision""]",0.40198606,True,387,66.60326136,0.47244039,True,625,91.91881191,0.40629348,True,50,36.09870729,0.25016898,True,196,56.61961283
TXN0000024569,C004426,2024-12-15 07:28:06,payment_link,0.90000000,1,payment_link,0,no_action,stop,False,authentication_required,False,0.03295350,,False,"[""no_eligible_positive_value_action"", ""failure_matrix:block"", ""margin_not_applicable_to_non_allow_decision""]",0.61805981,True,58,8.97709815,0.67812198,False,25,3.45418296,0.64516848,False,10,3.52962620,0.42689082,False,12,7.36805008
TXN0000005374,C007593,2024-12-15 07:28:57,escalate_to_merchant,0.90000000,1,escalate_to_merchant,0,no_action,stop,False,technical_retryable,False,0.01367253,,False,"[""no_eligible_positive_value_action"", ""failure_matrix:block"", ""margin_not_applicable_to_non_allow_decision""]",0.56278825,False,49,7.23938140,0.62294304,False,8,4.29589038,0.60927051,False,23,3.80324523,0.36768106,False,11,2.70552140
TXN0000227755,C006192,2024-12-15 08:13:52,escalate_to_merchant,0.90000000,1,escalate_to_merchant,0,payment_link,allow,False,technical_retryable,True,0.05120909,24.21000000,False,"[""eligible"", ""contextually_supported_or_manual"", ""highest_risk_adjusted_expected_value"", ""expected_value_margin:24.21"", ""probability_margin:0.08476883"", ""decision_margin_passed""]",0.59944129,True,359,56.24386377,0.68421012,True,85,37.80492775,0.63300103,True,126,41.91580028,0.47278002,True,694,97.85794000
TXN0000099526,C006069,2024-12-15 08:26:03,retry_payment,0.90000000,0,retry_payment,0,no_action,stop,False,authentication_required,False,0.00928164,,False,"[""no_eligible_positive_value_action"", ""failure_matrix:block"", ""margin_not_applicable_to_non_allow_decision""]",0.56524813,True,60,8.27440554,0.58412391,False,1,1.00000000,0.57484227,False,46,6.69767366,0.43826008,True,93,13.89845234
TXN0000180726,C001157,2024-12-15 08:27:57,retry_payment,0.90000000,1,retry_payment,0,whatsapp_reminder,allow,False,customer_decline,True,0.02753025,80.75000000,False,"[""eligible"", ""contextually_supported_or_manual"", ""highest_risk_adjusted_expected_value"", ""expected_value_margin:50.79"", ""probability_margin:0.02753025"", ""fallback_ineligible""]",0.56417471,True,129,19.07760664,0.58571124,True,218,30.47265689,0.61324149,True,34,21.95535821,0.43986559,True,65,18.84615345
TXN0000048449,C006669,2024-12-15 09:15:14,escalate_to_merchant,0.03333333,0,payment_link,0,payment_link,allow,False,customer_decline,True,0.06999767,221.94000000,False,"[""eligible"", ""contextually_supported_or_manual"", ""highest_risk_adjusted_expected_value"", ""expected_value_margin:245.8"", ""probability_margin:0.07551116"", ""fallback_ineligible""]",0.51613659,True,387,66.60326136,0.58613425,True,625,91.91881191,0.51062310,True,50,36.09870729,0.31998819,True,196,56.61961283
TXN0000152457,C008943,2024-12-15 09:33:30,payment_link,0.90000000,1,payment_link,0,no_action,stop,False,technical_retryable,False,0.05621064,,False,"[""no_eligible_positive_value_action"", ""failure_matrix:block"", ""margin_not_applicable_to_non_allow_decision""]",0.56096250,False,49,7.23938140,0.66814131,False,8,4.29589038,0.61193067,False,23,3.80324523,0.44874850,False,11,2.70552140
TXN0000228249,C005747,2024-12-15 10:05:14,retry_payment,0.90000000,0,retry_payment,0,retry_payment,fallback,True,technical_retryable,True,0.01458704,,False,"[""decision_uncertain"", ""expected_value_margin:None"", ""probability_margin:None"", ""margin_not_applicable_to_non_allow_decision""]",0.61065763,True,58,8.97709815,0.66264063,False,3,3.00000000,0.64805359,False,24,3.90270249,0.50691551,False,8,8.00000000
TXN0000217501,C005475,2024-12-15 10:10:49,payment_link,0.90000000,1,payment_link,0,payment_link,allow,False,authentication_required,True,0.04340333,303.85000000,False,"[""eligible"", ""contextually_supported_or_manual"", ""highest_risk_adjusted_expected_value"", ""expected_value_margin:473.18"", ""probability_margin:0.06616914"", ""fallback_ineligible""]",0.56645882,True,387,66.60326136,0.60986215,True,625,91.91881191,0.54369301,True,50,36.09870729,0.32935926,True,196,56.61961283
TXN0000222629,C000975,2024-12-15 10:52:36,escalate_to_merchant,0.90000000,0,escalate_to_merchant,0,retry_payment,fallback,True,technical_retryable,True,0.00430378,,False,"[""decision_uncertain"", ""expected_value_margin:None"", ""probability_margin:None"", ""margin_not_applicable_to_non_allow_decision""]",0.42681625,True,73,10.21909638,0.43112004,False,23,5.49540018,0.39488944,True,54,8.41672235,0.31018090,True,72,12.00499847
TXN0000105189,C006784,2024-12-15 11:10:33,retry_payment,0.90000000,0,retry_payment,0,no_action,stop,False,authentication_required,False,0.04944545,,False,"[""no_eligible_positive_value_action"", ""failure_matrix:block"", ""margin_not_applicable_to_non_allow_decision""]",0.64853686,False,49,7.23938140,0.74079812,False,8,4.29589038,0.69135267,False,23,3.80324523,0.53794640,False,11,2.70552140
TXN0000158057,C006105,2024-12-15 12:50:43,retry_payment,0.90000000,1,retry_payment,0,payment_link,allow,False,technical_retryable,True,0.01916552,76.68000000,False,"[""eligible"", ""contextually_supported_or_manual"", ""highest_risk_adjusted_expected_value"", ""expected_value_margin:76.68"", ""probability_margin:0.05938494"", ""decision_margin_passed""]",0.70042819,True,362,56.55389812,0.75981313,True,241,49.77543607,0.74064761,True,96,34.06733257,0.50279427,True,512,71.09486331
TXN0000213049,C002228,2024-12-15 14:05:45,escalate_to_merchant,0.90000000,0,escalate_to_merchant,0,whatsapp_reminder,fallback,True,authentication_required,True,0.01144069,,False,"[""decision_uncertain"", ""expected_value_margin:0.38516682386398315"", ""probability_margin:-0.011440694332122803"", ""margin_not_applicable_to_non_allow_decision""]",0.56743443,True,382,61.49646714,0.63352042,True,55,50.36414754,0.62207973,True,122,42.51287438,0.44731078,True,685,101.16768160
TXN0000109963,C009635,2024-12-15 14:34:46,escalate_to_merchant,0.90000000,0,escalate_to_merchant,0,payment_link,allow,False,authentication_required,True,0.02093893,37.20000000,False,"[""eligible"", ""contextually_supported_or_manual"", ""highest_risk_adjusted_expected_value"", ""expected_value_margin:13.08"", ""probability_margin:0.02093893"", ""fallback_ineligible""]",0.61914635,True,362,56.55389812,0.68090028,True,241,49.77543607,0.65996134,True,96,34.06733257,0.48689768,True,512,71.09486331
TXN0000152597,C004521,2024-12-15 15:22:48,retry_payment,0.90000000,0,retry_payment,0,whatsapp_reminder,fallback,True,customer_decline,True,0.04500985,,False,"[""decision_uncertain"", ""expected_value_margin:None"", ""probability_margin:None"", ""margin_not_applicable_to_non_allow_decision""]",0.57895631,True,172,27.72056966,0.66897374,False,17,16.07278182,0.62396389,True,66,18.92736169,0.51072627,True,211,29.09046962
TXN0000035777,C008952,2024-12-15 15:30:19,payment_link,0.90000000,1,payment_link,0,no_action,stop,False,customer_decline,False,0.06239182,,False,"[""no_eligible_positive_value_action"", ""failure_matrix:block"", ""margin_not_applicable_to_non_allow_decision""]",0.55401236,True,58,8.97709815,0.61978853,False,25,3.45418296,0.55739671,False,10,3.52962620,0.39465001,False,12,7.36805008
TXN0000184134,C000175,2024-12-15 16:04:14,whatsapp_reminder,0.90000000,1,whatsapp_reminder,0,no_action,stop,False,authentication_required,False,0.03461492,,False,"[""no_eligible_positive_value_action"", ""failure_matrix:block"", ""margin_not_applicable_to_non_allow_decision""]",0.49891278,False,49,7.23938140,0.57573038,False,8,4.29589038,0.54111546,False,23,3.80324523,0.41529566,False,11,2.70552140
TXN0000186082,C003864,2024-12-15 17:06:28,retry_payment,0.90000000,1,retry_payment,0,retry_payment,fallback,True,technical_retryable,True,0.02609801,,False,"[""decision_uncertain"", ""expected_value_margin:3.238381266593933"", ""probability_margin:-0.046682536602020264"", ""margin_not_applicable_to_non_allow_decision""]",0.63114125,True,382,61.49646714,0.67782378,True,55,50.36414754,0.65172577,True,122,42.51287438,0.52078372,True,685,101.16768160
TXN0000202120,C005884,2024-12-15 17:30:02,escalate_to_merchant,0.90000000,1,escalate_to_merchant,0,payment_link,allow,False,authentication_required,True,0.03006780,77.71000000,False,"[""eligible"", ""contextually_supported_or_manual"", ""highest_risk_adjusted_expected_value"", ""expected_value_margin:46.55"", ""probability_margin:0.0300678"", ""fallback_ineligible""]",0.58926618,True,387,66.60326136,0.64207608,True,625,91.91881191,0.61200827,True,50,36.09870729,0.46634105,True,196,56.61961283
TXN0000169770,C008931,2024-12-15 17:44:51,retry_payment,0.90000000,0,retry_payment,0,no_action,stop,False,customer_decline,False,0.02144641,,False,"[""no_eligible_positive_value_action"", ""failure_matrix:block"", ""margin_not_applicable_to_non_allow_decision""]",0.63128370,True,58,8.97709815,0.68066740,False,3,3.00000000,0.70211381,False,24,3.90270249,0.45443764,False,8,8.00000000
TXN0000192598,C000031,2024-12-15 18:00:27,whatsapp_reminder,0.90000000,0,whatsapp_reminder,0,payment_link,allow,False,technical_retryable,True,0.00434059,10.23000000,False,"[""eligible"", ""contextually_supported_or_manual"", ""highest_risk_adjusted_expected_value"", ""expected_value_margin:10.23"", ""probability_margin:0.04014885"", ""decision_margin_passed""]",0.59048468,True,359,56.24386377,0.63063353,True,85,37.80492775,0.62629294,True,126,41.91580028,0.49685866,True,694,97.85794000
TXN0000163031,C005326,2024-12-15 18:16:45,whatsapp_reminder,0.90000000,1,whatsapp_reminder,0,whatsapp_reminder,fallback,True,customer_decline,True,0.00809568,,False,"[""decision_uncertain"", ""expected_value_margin:4.282016098499298"", ""probability_margin:0.00809568166732788"", ""margin_not_applicable_to_non_allow_decision""]",0.60299474,True,382,61.49646714,0.64912581,True,55,50.36414754,0.65722150,True,122,42.51287438,0.50523102,True,685,101.16768160
TXN0000137785,C006826,2024-12-15 18:16:52,retry_payment,0.90000000,1,retry_payment,0,no_action,stop,False,authentication_required,False,0.05640316,,False,"[""no_eligible_positive_value_action"", ""failure_matrix:block"", ""margin_not_applicable_to_non_allow_decision""]",0.58123785,True,58,8.97709815,0.70434648,False,25,3.45418296,0.64794332,False,10,3.52962620,0.45035124,False,12,7.36805008
TXN0000011070,C008328,2024-12-15 18:18:34,retry_payment,0.90000000,1,retry_payment,0,retry_payment,fallback,True,technical_retryable,True,0.00969517,,False,"[""decision_uncertain"", ""expected_value_margin:None"", ""probability_margin:None"", ""margin_not_applicable_to_non_allow_decision""]",0.77266198,True,58,8.97709815,0.81010520,False,25,3.45418296,0.80041003,False,10,3.52962620,0.67231542,False,12,7.36805008
TXN0000147857,C004394,2024-12-15 18:20:59,retry_payment,0.90000000,1,retry_payment,0,payment_link,allow,False,authentication_required,True,0.04093617,39.45000000,False,"[""eligible"", ""contextually_supported_or_manual"", ""highest_risk_adjusted_expected_value"", ""expected_value_margin:58.28"", ""probability_margin:0.05222613"", ""fallback_ineligible""]",0.64250517,True,362,56.55389812,0.68344134,True,241,49.77543607,0.63121521,True,96,34.06733257,0.50472337,True,512,71.09486331
TXN0000205994,C000833,2024-12-15 19:20:49,escalate_to_merchant,0.90000000,0,escalate_to_merchant,0,retry_payment,fallback,True,technical_retryable,True,0.00776589,,False,"[""decision_uncertain"", ""expected_value_margin:None"", ""probability_margin:None"", ""margin_not_applicable_to_non_allow_decision""]",0.62826687,True,172,27.72056966,0.64961642,False,17,16.07278182,0.64185053,True,66,18.92736169,0.53578436,True,211,29.09046962
TXN0000063724,C006017,2024-12-15 20:04:43,escalate_to_merchant,0.90000000,0,escalate_to_merchant,0,payment_link,allow,False,technical_retryable,True,0.02304244,17.28000000,False,"[""eligible"", ""contextually_supported_or_manual"", ""highest_risk_adjusted_expected_value"", ""expected_value_margin:17.29"", ""probability_margin:0.07548189"", ""decision_margin_passed""]",0.58874124,True,359,56.24386377,0.66422313,True,85,37.80492775,0.64118069,True,126,41.91580028,0.45989218,True,694,97.85794000
TXN0000217383,C000630,2024-12-15 20:56:04,retry_payment,0.90000000,1,retry_payment,0,escalate_to_merchant,fallback,True,merchant_configuration,True,0.02237386,,False,"[""decision_uncertain"", ""expected_value_margin:None"", ""probability_margin:None"", ""margin_not_applicable_to_non_allow_decision""]",0.64964837,True,387,66.60326136,0.67202222,True,625,91.91881191,0.62493998,True,50,36.09870729,0.52346635,True,196,56.61961283
TXN0000158613,C000940,2024-12-15 20:56:43,retry_payment,0.90000000,1,retry_payment,0,payment_link,allow,False,technical_retryable,True,0.02212369,22.24000000,False,"[""eligible"", ""contextually_supported_or_manual"", ""highest_risk_adjusted_expected_value"", ""expected_value_margin:22.24"", ""probability_margin:0.02212369"", ""decision_margin_passed""]",0.47272232,True,134,25.67475706,0.49484602,True,55,23.54174517,0.47107312,True,69,17.37637634,0.35463235,True,213,29.38877094
TXN0000072548,C007658,2024-12-15 21:01:58,whatsapp_reminder,0.90000000,0,whatsapp_reminder,0,no_action,stop,False,authentication_required,False,0.02506030,,False,"[""no_eligible_positive_value_action"", ""failure_matrix:block"", ""margin_not_applicable_to_non_allow_decision""]",0.52555662,True,47,47.00000000,0.61185688,False,2,2.00000000,0.58679658,False,21,3.60798899,0.44612008,False,12,3.68852452
TXN0000242915,C000248,2024-12-15 21:06:23,retry_payment,0.90000000,1,retry_payment,0,retry_payment,fallback,True,technical_retryable,True,0.04175597,,False,"[""decision_uncertain"", ""expected_value_margin:None"", ""probability_margin:None"", ""margin_not_applicable_to_non_allow_decision""]",0.52843136,True,58,8.97709815,0.56384259,False,25,3.45418296,0.60559857,False,10,3.52962620,0.34846002,False,12,7.36805008
TXN0000007309,C007503,2024-12-15 21:29:41,escalate_to_merchant,0.90000000,0,escalate_to_merchant,0,payment_link,allow,False,authentication_required,True,0.07089370,80.26000000,False,"[""eligible"", ""contextually_supported_or_manual"", ""highest_risk_adjusted_expected_value"", ""expected_value_margin:99.61"", ""probability_margin:0.08181769"", ""fallback_ineligible""]",0.59846556,True,134,25.67475706,0.66935927,True,55,23.54174517,0.58754158,True,69,17.37637634,0.42893916,True,213,29.38877094
TXN0000195727,C009542,2024-12-15 23:22:54,whatsapp_reminder,0.90000000,1,whatsapp_reminder,0,no_action,stop,False,technical_retryable,False,0.02284944,,False,"[""no_eligible_positive_value_action"", ""failure_matrix:block"", ""margin_not_applicable_to_non_allow_decision""]",0.73304278,False,49,7.23938140,0.77771634,False,8,4.29589038,0.75486690,False,23,3.80324523,0.60395205,False,11,2.70552140
TXN0000032817,C008551,2024-12-16 00:32:41,escalate_to_merchant,0.90000000,0,escalate_to_merchant,0,retry_payment,fallback,True,technical_retryable,True,0.00862616,,False,"[""decision_uncertain"", ""expected_value_margin:4.61240816116333"", ""probability_margin:-0.03849536180496216"", ""margin_not_applicable_to_non_allow_decision""]",0.64706600,True,382,61.49646714,0.68556136,True,55,50.36414754,0.67693520,True,122,42.51287438,0.53153503,True,685,101.16768160
TXN0000092505,C002375,2024-12-16 04:44:20,retry_payment,0.90000000,1,retry_payment,0,whatsapp_reminder,fallback,True,authentication_required,True,0.02687883,,False,"[""decision_uncertain"", ""expected_value_margin:None"", ""probability_margin:None"", ""margin_not_applicable_to_non_allow_decision""]",0.63567024,True,73,10.21909638,0.66832244,False,23,5.49540018,0.64144361,True,54,8.41672235,0.48149335,True,72,12.00499847
TXN0000194605,C006510,2024-12-16 09:46:35,escalate_to_merchant,0.90000000,0,escalate_to_merchant,0,retry_payment,fallback,True,technical_retryable,True,0.03109354,,False,"[""decision_uncertain"", ""expected_value_margin:None"", ""probability_margin:None"", ""margin_not_applicable_to_non_allow_decision""]",0.61915374,True,172,27.72056966,0.67588383,False,17,16.07278182,0.64479029,True,66,18.92736169,0.47390643,True,211,29.09046962
TXN0000228910,C001114,2024-12-16 09:48:04,retry_payment,0.03333333,1,escalate_to_merchant,0,payment_link,allow,False,technical_retryable,True,0.00448877,15.34000000,False,"[""eligible"", ""contextually_supported_or_manual"", ""highest_risk_adjusted_expected_value"", ""expected_value_margin:15.34"", ""probability_margin:0.02187431"", ""decision_margin_passed""]",0.58476156,True,362,56.55389812,0.60663587,True,241,49.77543607,0.60214710,True,96,34.06733257,0.39582738,True,512,71.09486331
TXN0000030171,C004160,2024-12-16 09:49:55,escalate_to_merchant,0.90000000,0,escalate_to_merchant,0,retry_payment,fallback,True,technical_retryable,True,0.00367707,,False,"[""decision_uncertain"", ""expected_value_margin:None"", ""probability_margin:None"", ""margin_not_applicable_to_non_allow_decision""]",0.53594172,True,47,47.00000000,0.58429658,False,2,2.00000000,0.58061951,False,21,3.60798899,0.42992416,False,12,3.68852452
TXN0000170102,C008934,2024-12-16 10:23:21,escalate_to_merchant,0.90000000,1,escalate_to_merchant,0,retry_payment,fallback,True,technical_retryable,True,0.02639484,,False,"[""decision_uncertain"", ""expected_value_margin:None"", ""probability_margin:None"", ""margin_not_applicable_to_non_allow_decision""]",0.61312079,True,172,27.72056966,0.63951564,False,17,16.07278182,0.60357088,True,66,18.92736169,0.48109680,True,211,29.09046962
TXN0000002459,C003407,2024-12-16 10:27:51,escalate_to_merchant,0.90000000,0,escalate_to_merchant,0,payment_link,allow,False,technical_retryable,True,0.01782227,23.99000000,False,"[""eligible"", ""contextually_supported_or_manual"", ""highest_risk_adjusted_expected_value"", ""expected_value_margin:23.99"", ""probability_margin:0.05218136"", ""decision_margin_passed""]",0.53488505,True,359,56.24386377,0.58706641,True,85,37.80492775,0.56924415,True,126,41.91580028,0.41397324,True,694,97.85794000
TXN0000136477,C002862,2024-12-16 11:37:02,whatsapp_reminder,0.90000000,1,whatsapp_reminder,0,no_action,stop,False,customer_decline,False,0.00746876,,False,"[""no_eligible_positive_value_action"", ""failure_matrix:block"", ""margin_not_applicable_to_non_allow_decision""]",0.62121964,True,58,8.97709815,0.66028190,False,3,3.00000000,0.65281314,False,24,3.90270249,0.53770763,False,8,8.00000000
TXN0000163153,C002306,2024-12-16 12:36:07,escalate_to_merchant,0.90000000,0,escalate_to_merchant,0,payment_link,allow,False,authentication_required,True,0.01878816,20.32000000,False,"[""eligible"", ""contextually_supported_or_manual"", ""highest_risk_adjusted_expected_value"", ""expected_value_margin:10.08"", ""probability_margin:0.01878816"", ""fallback_ineligible""]",0.60634047,True,362,56.55389812,0.64951652,True,241,49.77543607,0.63072836,True,96,34.06733257,0.49229360,True,512,71.09486331
TXN0000108121,C002841,2024-12-16 13:27:20,retry_payment,0.90000000,0,retry_payment,0,escalate_to_merchant,fallback,True,merchant_configuration,True,0.04744107,,False,"[""decision_uncertain"", ""expected_value_margin:None"", ""probability_margin:None"", ""margin_not_applicable_to_non_allow_decision""]",0.64056849,True,172,27.72056966,0.63983864,False,17,16.07278182,0.68800956,True,66,18.92736169,0.49282831,True,211,29.09046962
TXN0000091320,C008212,2024-12-16 14:28:58,escalate_to_merchant,0.90000000,1,escalate_to_merchant,0,whatsapp_reminder,fallback,True,authentication_required,True,0.00700808,,False,"[""decision_uncertain"", ""expected_value_margin:None"", ""probability_margin:None"", ""margin_not_applicable_to_non_allow_decision""]",0.52945304,True,172,27.72056966,0.55359924,False,17,16.07278182,0.54659116,True,66,18.92736169,0.40108502,True,211,29.09046962
TXN0000167690,C004288,2024-12-16 14:47:55,retry_payment,0.90000000,0,retry_payment,0,payment_link,allow,False,technical_retryable,True,0.00110251,166.88000000,False,"[""eligible"", ""contextually_supported_or_manual"", ""highest_risk_adjusted_expected_value"", ""expected_value_margin:166.88"", ""probability_margin:0.0504427"", ""decision_margin_passed""]",0.58437723,True,129,19.07760664,0.63481992,True,218,30.47265689,0.63592243,True,34,21.95535821,0.47240844,True,65,18.84615345
TXN0000018002,C002240,2024-12-16 14:56:38,escalate_to_merchant,0.90000000,0,escalate_to_merchant,0,whatsapp_reminder,fallback,True,authentication_required,True,0.00264528,,False,"[""decision_uncertain"", ""expected_value_margin:None"", ""probability_margin:None"", ""margin_not_applicable_to_non_allow_decision""]",0.47929031,True,172,27.72056966,0.48014686,False,17,16.07278182,0.48279214,True,66,18.92736169,0.41563869,True,211,29.09046962
TXN0000029487,C007465,2024-12-16 15:42:25,escalate_to_merchant,0.90000000,1,escalate_to_merchant,0,payment_link,allow,False,technical_retryable,True,0.00656718,40.01000000,False,"[""eligible"", ""contextually_supported_or_manual"", ""highest_risk_adjusted_expected_value"", ""expected_value_margin:40.01"", ""probability_margin:0.02634859"", ""decision_margin_passed""]",0.62514901,True,387,66.60326136,0.65149760,True,625,91.91881191,0.65806478,True,50,36.09870729,0.49106729,True,196,56.61961283
TXN0000170091,C006627,2024-12-16 16:37:22,escalate_to_merchant,0.90000000,0,escalate_to_merchant,0,payment_link,allow,False,technical_retryable,True,0.00886631,86.59000000,False,"[""eligible"", ""contextually_supported_or_manual"", ""highest_risk_adjusted_expected_value"", ""expected_value_margin:86.6"", ""probability_margin:0.06564724"", ""decision_margin_passed""]",0.53746516,True,134,25.67475706,0.60311240,True,55,23.54174517,0.59424609,True,69,17.37637634,0.43403032,True,213,29.38877094
TXN0000015027,C005932,2024-12-16 16:59:36,retry_payment,0.90000000,1,retry_payment,0,retry_payment,fallback,True,technical_retryable,True,0.00428557,,False,"[""decision_uncertain"", ""expected_value_margin:4.504155397415161"", ""probability_margin:-0.026891112327575684"", ""margin_not_applicable_to_non_allow_decision""]",0.60944146,True,382,61.49646714,0.63633257,True,55,50.36414754,0.64061815,True,122,42.51287438,0.49667427,True,685,101.16768160
TXN0000221838,C000219,2024-12-16 17:13:17,retry_payment,0.90000000,0,retry_payment,0,no_action,stop,False,authentication_required,False,0.02933061,,False,"[""no_eligible_positive_value_action"", ""failure_matrix:block"", ""margin_not_applicable_to_non_allow_decision""]",0.63329881,True,47,47.00000000,0.62633562,False,2,2.00000000,0.66262943,False,21,3.60798899,0.50313771,False,12,3.68852452
TXN0000229249,C004231,2024-12-16 17:13:58,payment_link,0.90000000,1,payment_link,0,payment_link,allow,False,technical_retryable,True,0.01029700,60.42000000,False,"[""eligible"", ""contextually_supported_or_manual"", ""highest_risk_adjusted_expected_value"", ""expected_value_margin:60.42"", ""probability_margin:0.03684527"", ""decision_margin_passed""]",0.62099487,True,387,66.60326136,0.65784013,True,625,91.91881191,0.64754313,True,50,36.09870729,0.48582184,True,196,56.61961283
TXN0000246158,C001154,2024-12-16 17:27:36,retry_payment,0.03333333,0,whatsapp_reminder,0,whatsapp_reminder,fallback,True,authentication_required,True,0.00364798,,False,"[""decision_uncertain"", ""expected_value_margin:4.391366064548492"", ""probability_margin:0.0036479830741882324"", ""margin_not_applicable_to_non_allow_decision""]",0.65053630,True,359,56.24386377,0.68620324,True,85,37.80492775,0.68985122,True,126,41.91580028,0.54723006,True,694,97.85794000
TXN0000121689,C004452,2024-12-16 17:42:21,escalate_to_merchant,0.90000000,1,escalate_to_merchant,0,escalate_to_merchant,fallback,True,merchant_configuration,True,0.04364389,,False,"[""decision_uncertain"", ""expected_value_margin:None"", ""probability_margin:None"", ""margin_not_applicable_to_non_allow_decision""]",0.49394381,True,172,27.72056966,0.58054340,False,17,16.07278182,0.53689951,True,66,18.92736169,0.39929181,True,211,29.09046962
TXN0000015186,C007443,2024-12-16 18:19:02,whatsapp_reminder,0.90000000,1,whatsapp_reminder,0,no_action,stop,False,authentication_required,False,0.01519442,,False,"[""no_eligible_positive_value_action"", ""failure_matrix:block"", ""margin_not_applicable_to_non_allow_decision""]",0.59590310,True,47,47.00000000,0.66990358,False,2,2.00000000,0.65470916,False,21,3.60798899,0.52445358,False,12,3.68852452
TXN0000201865,C001249,2024-12-16 19:14:42,retry_payment,0.90000000,1,retry_payment,0,retry_payment,fallback,True,technical_retryable,True,0.01350492,,False,"[""decision_uncertain"", ""expected_value_margin:1.3793611526489258"", ""probability_margin:-0.01970428228378296"", ""margin_not_applicable_to_non_allow_decision""]",0.61649144,True,359,56.24386377,0.63619572,True,85,37.80492775,0.62269080,True,126,41.91580028,0.48891604,True,694,97.85794000
TXN0000154944,C005914,2024-12-16 19:31:34,retry_payment,0.90000000,1,retry_payment,0,payment_link,fallback,True,authentication_required,True,0.03750229,,False,"[""decision_uncertain"", ""expected_value_margin:5.475471496582031"", ""probability_margin:0.037502288818359375"", ""margin_not_applicable_to_non_allow_decision""]",0.60738224,True,382,61.49646714,0.64743286,True,55,50.36414754,0.60993057,True,122,42.51287438,0.48185223,True,685,101.16768160
TXN0000185630,C005114,2024-12-16 19:46:39,retry_payment,0.90000000,1,retry_payment,0,no_action,stop,False,authentication_required,False,0.01049358,,False,"[""no_eligible_positive_value_action"", ""failure_matrix:block"", ""margin_not_applicable_to_non_allow_decision""]",0.53063172,True,60,8.27440554,0.54112530,False,1,1.00000000,0.47812667,False,46,6.69767366,0.41697425,True,93,13.89845234
TXN0000247043,C007869,2024-12-16 21:27:14,retry_payment,0.90000000,0,retry_payment,0,escalate_to_merchant,fallback,True,merchant_configuration,True,0.02365124,,False,"[""decision_uncertain"", ""expected_value_margin:None"", ""probability_margin:None"", ""margin_not_applicable_to_non_allow_decision""]",0.65343261,False,49,7.23938140,0.67708385,False,8,4.29589038,0.62777478,False,23,3.80324523,0.47696236,False,11,2.70552140
TXN0000001751,C001977,2024-12-17 07:23:19,escalate_to_merchant,0.90000000,0,escalate_to_merchant,0,payment_link,allow,False,authentication_required,True,0.03053623,112.17000000,False,"[""eligible"", ""contextually_supported_or_manual"", ""highest_risk_adjusted_expected_value"", ""expected_value_margin:33.87"", ""probability_margin:0.03053623"", ""fallback_ineligible""]",0.48205516,True,134,25.67475706,0.58363783,True,55,23.54174517,0.55310160,True,69,17.37637634,0.38641253,True,213,29.38877094
TXN0000240541,C002189,2024-12-17 08:31:50,retry_payment,0.90000000,1,retry_payment,0,no_action,stop,False,authentication_required,False,0.01977825,,False,"[""no_eligible_positive_value_action"", ""failure_matrix:block"", ""margin_not_applicable_to_non_allow_decision""]",0.45784217,True,58,8.97709815,0.54450423,False,3,3.00000000,0.52472597,False,24,3.90270249,0.41207588,False,8,8.00000000
TXN0000003664,C005468,2024-12-17 11:11:45,retry_payment,0.90000000,0,retry_payment,0,no_action,stop,False,authentication_required,False,0.01410240,,False,"[""no_eligible_positive_value_action"", ""failure_matrix:block"", ""margin_not_applicable_to_non_allow_decision""]",0.61580712,True,58,8.97709815,0.68058324,False,3,3.00000000,0.66648084,False,24,3.90270249,0.53488046,False,8,8.00000000
TXN0000054426,C000316,2024-12-17 11:22:55,escalate_to_merchant,0.90000000,0,escalate_to_merchant,0,no_action,stop,False,authentication_required,False,0.05782509,,False,"[""no_eligible_positive_value_action"", ""failure_matrix:block"", ""margin_not_applicable_to_non_allow_decision""]",0.55402315,True,58,8.97709815,0.63774157,False,25,3.45418296,0.57991648,False,10,3.52962620,0.40155947,False,12,7.36805008
TXN0000046445,C007716,2024-12-17 12:05:31,escalate_to_merchant,0.90000000,0,escalate_to_merchant,0,retry_payment,fallback,True,technical_retryable,True,0.00471389,,False,"[""decision_uncertain"", ""expected_value_margin:None"", ""probability_margin:None"", ""margin_not_applicable_to_non_allow_decision""]",0.59131026,True,126,18.74890631,0.64315897,False,9,9.00000000,0.63844508,True,73,15.08078281,0.52192432,True,237,33.53941007
TXN0000048503,C009326,2024-12-17 12:57:01,whatsapp_reminder,0.03333333,1,payment_link,0,payment_link,allow,False,customer_decline,True,0.06681383,139.89000000,False,"[""eligible"", ""contextually_supported_or_manual"", ""highest_risk_adjusted_expected_value"", ""expected_value_margin:114.07"", ""probability_margin:0.06681383"", ""fallback_ineligible""]",0.44858459,True,129,19.07760664,0.53353328,True,218,30.47265689,0.46671945,True,34,21.95535821,0.32941237,True,65,18.84615345
TXN0000122763,C001112,2024-12-17 13:24:55,escalate_to_merchant,0.90000000,1,escalate_to_merchant,0,retry_payment,fallback,True,technical_retryable,True,0.02292752,,False,"[""decision_uncertain"", ""expected_value_margin:8.12307345867157"", ""probability_margin:0.04393208026885986"", ""margin_not_applicable_to_non_allow_decision""]",0.56083894,True,359,56.24386377,0.60477102,True,85,37.80492775,0.58184350,True,126,41.91580028,0.45715880,True,694,97.85794000
TXN0000009942,C008288,2024-12-17 13:30:42,retry_payment,0.90000000,0,retry_payment,0,no_action,stop,False,authentication_required,False,0.01872396,,False,"[""no_eligible_positive_value_action"", ""failure_matrix:block"", ""margin_not_applicable_to_non_allow_decision""]",0.61108679,False,49,7.23938140,0.66216052,False,8,4.29589038,0.64343655,False,23,3.80324523,0.52230304,False,11,2.70552140
TXN0000045262,C003719,2024-12-17 14:09:42,retry_payment,0.90000000,1,retry_payment,0,retry_payment,fallback,True,technical_retryable,True,0.03172249,,False,"[""decision_uncertain"", ""expected_value_margin:None"", ""probability_margin:None"", ""margin_not_applicable_to_non_allow_decision""]",0.62773716,True,172,27.72056966,0.62223971,False,17,16.07278182,0.65945965,True,66,18.92736169,0.50866318,True,211,29.09046962
TXN0000032265,C007897,2024-12-17 14:30:04,whatsapp_reminder,0.90000000,0,whatsapp_reminder,0,no_action,stop,False,authentication_required,False,0.00461680,,False,"[""no_eligible_positive_value_action"", ""failure_matrix:block"", ""margin_not_applicable_to_non_allow_decision""]",0.65419656,False,49,7.23938140,0.68892312,False,8,4.29589038,0.69353992,False,23,3.80324523,0.53324831,False,11,2.70552140
TXN0000074156,C009543,2024-12-17 15:06:37,payment_link,0.90000000,1,payment_link,0,payment_link,fallback,True,authentication_required,True,0.00835830,,False,"[""decision_uncertain"", ""expected_value_margin:16.39736670255661"", ""probability_margin:0.008358299732208252"", ""margin_not_applicable_to_non_allow_decision""]",0.54172051,True,129,19.07760664,0.58872980,True,218,30.47265689,0.58037150,True,34,21.95535821,0.42642701,True,65,18.84615345
TXN0000068197,C008357,2024-12-17 15:30:57,escalate_to_merchant,0.90000000,0,escalate_to_merchant,0,whatsapp_reminder,fallback,True,customer_decline,True,0.01811647,,False,"[""decision_uncertain"", ""expected_value_margin:None"", ""probability_margin:None"", ""margin_not_applicable_to_non_allow_decision""]",0.55136961,True,126,18.74890631,0.59323317,False,9,9.00000000,0.57511669,True,73,15.08078281,0.44995770,True,237,33.53941007
TXN0000095078,C007795,2024-12-17 15:33:50,retry_payment,0.90000000,0,retry_payment,0,whatsapp_reminder,fallback,True,customer_decline,True,0.01119947,,False,"[""decision_uncertain"", ""expected_value_margin:11.993542671203613"", ""probability_margin:0.011199474334716797"", ""margin_not_applicable_to_non_allow_decision""]",0.65056854,True,362,56.55389812,0.68078637,True,241,49.77543607,0.69198585,True,96,34.06733257,0.52908701,True,512,71.09486331
TXN0000133806,C007063,2024-12-17 15:43:18,escalate_to_merchant,0.90000000,0,escalate_to_merchant,0,no_action,stop,False,authentication_required,False,0.03057754,,False,"[""no_eligible_positive_value_action"", ""failure_matrix:block"", ""margin_not_applicable_to_non_allow_decision""]",0.61963761,True,58,8.97709815,0.67889953,False,25,3.45418296,0.64832199,False,10,3.52962620,0.46679944,False,12,7.36805008
TXN0000168947,C006137,2024-12-17 16:22:18,escalate_to_merchant,0.90000000,0,escalate_to_merchant,0,whatsapp_reminder,fallback,True,customer_decline,True,0.00013489,,False,"[""decision_uncertain"", ""expected_value_margin:2.0819329023361206"", ""probability_margin:-0.00013488531112670898"", ""margin_not_applicable_to_non_allow_decision""]",0.62836039,True,362,56.55389812,0.68577486,True,241,49.77543607,0.68563998,True,96,34.06733257,0.46019685,True,512,71.09486331
TXN0000177483,C008597,2024-12-17 17:20:30,retry_payment,0.90000000,1,retry_payment,0,no_action,stop,False,authentication_required,False,0.00463450,,False,"[""no_eligible_positive_value_action"", ""failure_matrix:block"", ""margin_not_applicable_to_non_allow_decision""]",0.61132002,False,49,7.23938140,0.65356344,False,8,4.29589038,0.64892894,False,23,3.80324523,0.50610602,False,11,2.70552140
TXN0000081093,C006078,2024-12-17 17:27:17,whatsapp_reminder,0.90000000,1,whatsapp_reminder,0,retry_payment,fallback,True,technical_retryable,True,0.03231502,,False,"[""decision_uncertain"", ""expected_value_margin:None"", ""probability_margin:None"", ""margin_not_applicable_to_non_allow_decision""]",0.56406629,True,172,27.72056966,0.59742653,False,17,16.07278182,0.56511152,True,66,18.92736169,0.45367321,True,211,29.09046962
TXN0000038748,C002195,2024-12-17 17:31:02,whatsapp_reminder,0.90000000,1,whatsapp_reminder,0,retry_payment,fallback,True,technical_retryable,True,0.01407105,,False,"[""decision_uncertain"", ""expected_value_margin:None"", ""probability_margin:None"", ""margin_not_applicable_to_non_allow_decision""]",0.66115952,True,58,8.97709815,0.69461608,False,3,3.00000000,0.68054503,False,24,3.90270249,0.57734329,False,8,8.00000000
TXN0000120479,C008740,2024-12-17 17:39:50,retry_payment,0.90000000,1,retry_payment,0,retry_payment,fallback,True,technical_retryable,True,0.02223116,,False,"[""decision_uncertain"", ""expected_value_margin:None"", ""probability_margin:None"", ""margin_not_applicable_to_non_allow_decision""]",0.61289024,True,58,8.97709815,0.63181871,False,3,3.00000000,0.65404987,False,24,3.90270249,0.50123107,False,8,8.00000000
TXN0000199455,C004187,2024-12-17 18:13:01,payment_link,0.90000000,0,payment_link,0,payment_link,allow,False,authentication_required,True,0.02525359,258.16000000,False,"[""eligible"", ""contextually_supported_or_manual"", ""highest_risk_adjusted_expected_value"", ""expected_value_margin:234.68"", ""probability_margin:0.02525359"", ""fallback_ineligible""]",0.58128083,True,387,66.60326136,0.60965037,True,625,91.91881191,0.58439678,True,50,36.09870729,0.40960819,True,196,56.61961283
TXN0000141679,C001295,2024-12-17 18:39:01,whatsapp_reminder,0.90000000,1,whatsapp_reminder,0,payment_link,fallback,True,customer_decline,True,0.00310493,,False,"[""decision_uncertain"", ""expected_value_margin:2.677516222000122"", ""probability_margin:0.0031049251556396484"", ""margin_not_applicable_to_non_allow_decision""]",0.65667582,True,362,56.55389812,0.69037056,True,241,49.77543607,0.68726563,True,96,34.06733257,0.52858061,True,512,71.09486331
TXN0000138511,C009186,2024-12-17 18:42:51,retry_payment,0.90000000,1,retry_payment,0,payment_link,allow,False,customer_decline,True,0.02145672,31.60000000,False,"[""eligible"", ""contextually_supported_or_manual"", ""highest_risk_adjusted_expected_value"", ""expected_value_margin:30.41"", ""probability_margin:0.02145672"", ""fallback_ineligible""]",0.66021466,True,362,56.55389812,0.68623644,True,241,49.77543607,0.66477972,True,96,34.06733257,0.52441931,True,512,71.09486331
TXN0000009771,C007165,2024-12-17 19:23:32,payment_link,0.90000000,0,payment_link,0,payment_link,allow,False,technical_retryable,True,0.01566553,644.18000000,False,"[""eligible"", ""contextually_supported_or_manual"", ""highest_risk_adjusted_expected_value"", ""expected_value_margin:644.18"", ""probability_margin:0.02720267"", ""decision_margin_passed""]",0.53563619,True,387,66.60326136,0.56283885,True,625,91.91881191,0.54717332,True,50,36.09870729,0.32015711,True,196,56.61961283
TXN0000186266,C006361,2024-12-17 19:26:01,retry_payment,0.90000000,0,retry_payment,0,no_action,stop,False,customer_decline,False,0.01958966,,False,"[""no_eligible_positive_value_action"", ""failure_matrix:block"", ""margin_not_applicable_to_non_allow_decision""]",0.70272374,False,49,7.90577463,0.68786132,False,6,6.00000000,0.72231340,True,63,11.63500628,0.56744242,True,88,12.69429910
TXN0000171179,C004111,2024-12-17 19:29:23,escalate_to_merchant,0.90000000,1,escalate_to_merchant,0,whatsapp_reminder,fallback,True,authentication_required,True,0.00710553,,False,"[""decision_uncertain"", ""expected_value_margin:5.568282186985016"", ""probability_margin:0.007105529308319092"", ""margin_not_applicable_to_non_allow_decision""]",0.64472103,True,359,56.24386377,0.68834174,True,85,37.80492775,0.69544727,True,126,41.91580028,0.53892136,True,694,97.85794000
TXN0000064445,C007389,2024-12-17 20:11:36,payment_link,0.03333333,1,retry_payment,0,no_action,stop,False,authentication_required,False,0.01384062,,False,"[""customer_opted_out"", ""margin_not_applicable_to_non_allow_decision""]",0.70233560,True,382,61.49646714,0.72131914,True,55,50.36414754,0.70747852,True,122,42.51287438,0.59958923,True,685,101.16768160
TXN0000233173,C005337,2024-12-17 20:20:59,payment_link,0.90000000,1,payment_link,0,no_action,stop,False,authentication_required,False,0.07071954,,False,"[""no_eligible_positive_value_action"", ""failure_matrix:block"", ""margin_not_applicable_to_non_allow_decision""]",0.53243995,True,58,8.97709815,0.63945806,False,25,3.45418296,0.56873852,False,10,3.52962620,0.39247265,False,12,7.36805008
TXN0000136570,C004492,2024-12-17 21:27:57,whatsapp_reminder,0.03333333,0,retry_payment,0,retry_payment,fallback,True,technical_retryable,True,0.02833277,,False,"[""decision_uncertain"", ""expected_value_margin:0.0017628669738769531"", ""probability_margin:-0.04760855436325073"", ""margin_not_applicable_to_non_allow_decision""]",0.56611544,True,382,61.49646714,0.61372399,True,55,50.36414754,0.58539122,True,122,42.51287438,0.46317163,True,685,101.16768160
TXN0000141839,C000903,2024-12-17 22:18:25,whatsapp_reminder,0.90000000,1,whatsapp_reminder,0,no_action,stop,False,technical_retryable,False,0.05757463,,False,"[""no_eligible_positive_value_action"", ""failure_matrix:block"", ""margin_not_applicable_to_non_allow_decision""]",0.55791372,True,58,8.97709815,0.62880480,False,3,3.00000000,0.57123017,False,24,3.90270249,0.49226955,False,8,8.00000000
TXN0000084443,C008016,2024-12-17 22:53:06,escalate_to_merchant,0.90000000,0,escalate_to_merchant,0,no_action,stop,False,authentication_required,False,0.01740694,,False,"[""no_eligible_positive_value_action"", ""failure_matrix:block"", ""margin_not_applicable_to_non_allow_decision""]",0.50151485,True,58,8.97709815,0.57262897,False,3,3.00000000,0.55522203,False,24,3.90270249,0.41455606,False,8,8.00000000
TXN0000146810,C007184,2024-12-18 00:40:46,retry_payment,0.90000000,1,retry_payment,0,no_action,stop,False,technical_retryable,False,0.02248210,,False,"[""no_eligible_positive_value_action"", ""failure_matrix:block"", ""margin_not_applicable_to_non_allow_decision""]",0.64326274,False,49,7.23938140,0.66597968,False,8,4.29589038,0.68846178,False,23,3.80324523,0.48451933,False,11,2.70552140
TXN0000242042,C003302,2024-12-18 00:45:08,payment_link,0.90000000,1,payment_link,0,payment_link,allow,False,technical_retryable,True,0.06942415,128.77000000,False,"[""eligible"", ""contextually_supported_or_manual"", ""highest_risk_adjusted_expected_value"", ""expected_value_margin:128.77"", ""probability_margin:0.08283976"", ""decision_margin_passed""]",0.47764573,True,129,19.07760664,0.56048548,True,218,30.47265689,0.49106133,True,34,21.95535821,0.37369114,True,65,18.84615345
TXN0000186435,C009872,2024-12-18 07:38:56,retry_payment,0.90000000,1,retry_payment,0,retry_payment,fallback,True,technical_retryable,True,0.00208259,,False,"[""decision_uncertain"", ""expected_value_margin:None"", ""probability_margin:None"", ""margin_not_applicable_to_non_allow_decision""]",0.55926770,True,47,47.00000000,0.63332677,False,2,2.00000000,0.63540936,False,21,3.60798899,0.49030513,False,12,3.68852452
TXN0000206700,C008690,2024-12-18 10:06:25,payment_link,0.90000000,1,payment_link,0,payment_link,allow,False,customer_decline,True,0.06567478,135.44000000,False,"[""eligible"", ""contextually_supported_or_manual"", ""highest_risk_adjusted_expected_value"", ""expected_value_margin:129.43"", ""probability_margin:0.06567478"", ""fallback_ineligible""]",0.43852046,True,129,19.07760664,0.51006031,True,218,30.47265689,0.44438553,True,34,21.95535821,0.31338087,True,65,18.84615345
TXN0000082790,C001243,2024-12-18 10:30:08,retry_payment,0.90000000,1,retry_payment,0,payment_link,allow,False,technical_retryable,True,0.00928694,10.74000000,False,"[""eligible"", ""contextually_supported_or_manual"", ""highest_risk_adjusted_expected_value"", ""expected_value_margin:10.74"", ""probability_margin:0.02049887"", ""decision_margin_passed""]",0.65500486,True,134,25.67475706,0.67550373,True,55,23.54174517,0.68479067,True,69,17.37637634,0.53555936,True,213,29.38877094
TXN0000193548,C007632,2024-12-18 11:19:10,retry_payment,0.90000000,1,retry_payment,0,no_action,stop,False,authentication_required,False,0.00914675,,False,"[""no_eligible_positive_value_action"", ""failure_matrix:block"", ""margin_not_applicable_to_non_allow_decision""]",0.65613437,True,47,47.00000000,0.68815762,False,2,2.00000000,0.69730437,False,21,3.60798899,0.55364257,False,12,3.68852452
TXN0000031601,C005112,2024-12-18 11:24:27,escalate_to_merchant,0.90000000,1,escalate_to_merchant,0,escalate_to_merchant,fallback,True,merchant_configuration,True,0.00061786,,False,"[""decision_uncertain"", ""expected_value_margin:None"", ""probability_margin:None"", ""margin_not_applicable_to_non_allow_decision""]",0.49456701,True,60,8.27440554,0.49570537,False,1,1.00000000,0.49632323,False,46,6.69767366,0.42238286,True,93,13.89845234
TXN0000030395,C004275,2024-12-18 11:47:02,escalate_to_merchant,0.90000000,0,escalate_to_merchant,0,no_action,stop,False,authentication_required,False,0.04819804,,False,"[""no_eligible_positive_value_action"", ""failure_matrix:block"", ""margin_not_applicable_to_non_allow_decision""]",0.64193296,True,58,8.97709815,0.69013101,False,3,3.00000000,0.62884927,False,24,3.90270249,0.54556632,False,8,8.00000000
TXN0000011038,C005278,2024-12-18 12:16:45,whatsapp_reminder,0.90000000,1,whatsapp_reminder,0,payment_link,fallback,True,customer_decline,True,0.01176000,,False,"[""decision_uncertain"", ""expected_value_margin:3.277198314666748"", ""probability_margin:0.01175999641418457"", ""margin_not_applicable_to_non_allow_decision""]",0.61097825,True,359,56.24386377,0.66005588,True,85,37.80492775,0.64829588,True,126,41.91580028,0.50653112,True,694,97.85794000
TXN0000074403,C006450,2024-12-18 12:24:24,whatsapp_reminder,0.03333333,1,escalate_to_merchant,0,payment_link,fallback,True,authentication_required,True,0.06250590,,False,"[""decision_uncertain"", ""expected_value_margin:None"", ""probability_margin:None"", ""margin_not_applicable_to_non_allow_decision""]",0.55482489,True,359,56.24386377,0.62549877,True,85,37.80492775,0.56299287,True,126,41.91580028,0.41207981,True,694,97.85794000
TXN0000115231,C001300,2024-12-18 12:26:43,retry_payment,0.90000000,1,retry_payment,0,whatsapp_reminder,fallback,True,customer_decline,True,0.00709605,,False,"[""decision_uncertain"", ""expected_value_margin:7.614615440368652"", ""probability_margin:0.007096052169799805"", ""margin_not_applicable_to_non_allow_decision""]",0.65169084,True,362,56.55389812,0.67355764,True,241,49.77543607,0.68065369,True,96,34.06733257,0.54564786,True,512,71.09486331
TXN0000197538,C007815,2024-12-18 12:38:21,escalate_to_merchant,0.90000000,1,escalate_to_merchant,0,payment_link,fallback,True,authentication_required,True,0.01751584,,False,"[""decision_uncertain"", ""expected_value_margin:5.3869054317474365"", ""probability_margin:0.017515838146209717"", ""margin_not_applicable_to_non_allow_decision""]",0.57705855,True,359,56.24386377,0.62299150,True,85,37.80492775,0.60547566,True,126,41.91580028,0.45840859,True,694,97.85794000
TXN0000068069,C008334,2024-12-18 12:55:12,retry_payment,0.90000000,0,retry_payment,0,escalate_to_merchant,fallback,True,merchant_configuration,True,0.00741398,,False,"[""decision_uncertain"", ""expected_value_margin:None"", ""probability_margin:None"", ""margin_not_applicable_to_non_allow_decision""]",0.63263154,True,382,61.49646714,0.68173462,True,55,50.36414754,0.67432064,True,122,42.51287438,0.53811252,True,685,101.16768160
TXN0000165611,C001553,2024-12-18 13:31:12,payment_link,0.03333333,1,retry_payment,0,no_action,stop,False,customer_decline,False,0.00494850,,False,"[""no_eligible_positive_value_action"", ""failure_matrix:block"", ""margin_not_applicable_to_non_allow_decision""]",0.65665561,True,58,8.97709815,0.71412581,False,25,3.45418296,0.71907431,False,10,3.52962620,0.51716650,False,12,7.36805008
TXN0000112315,C009969,2024-12-18 14:04:24,payment_link,0.90000000,1,payment_link,0,payment_link,allow,False,customer_decline,True,0.02260196,55.31000000,False,"[""eligible"", ""contextually_supported_or_manual"", ""highest_risk_adjusted_expected_value"", ""expected_value_margin:41.8"", ""probability_margin:0.02260196"", ""fallback_ineligible""]",0.55293602,True,129,19.07760664,0.58541834,True,218,30.47265689,0.56281638,True,34,21.95535821,0.42150447,True,65,18.84615345
TXN0000082936,C005602,2024-12-18 14:07:35,payment_link,0.90000000,0,payment_link,0,payment_link,allow,False,technical_retryable,True,0.06314838,258.43000000,False,"[""eligible"", ""contextually_supported_or_manual"", ""highest_risk_adjusted_expected_value"", ""expected_value_margin:258.42"", ""probability_margin:0.06314838"", ""decision_margin_passed""]",0.45678693,True,129,19.07760664,0.51993531,True,218,30.47265689,0.44569328,True,34,21.95535821,0.30211151,True,65,18.84615345
TXN0000243369,C004812,2024-12-18 14:07:55,retry_payment,0.90000000,1,retry_payment,0,no_action,stop,False,technical_retryable,False,0.02867579,,False,"[""no_eligible_positive_value_action"", ""failure_matrix:block"", ""margin_not_applicable_to_non_allow_decision""]",0.59353250,False,19,3.41762696,0.62120974,False,2,2.00000000,0.64988554,False,6,6.00000000,0.47847891,False,1,1.00000000
TXN0000123642,C008074,2024-12-18 14:34:42,retry_payment,0.90000000,0,retry_payment,0,escalate_to_merchant,fallback,True,merchant_configuration,True,0.04891640,,False,"[""decision_uncertain"", ""expected_value_margin:None"", ""probability_margin:None"", ""margin_not_applicable_to_non_allow_decision""]",0.59369159,True,59,8.94277964,0.59317416,True,90,12.53697431,0.64260799,False,19,4.27099396,0.45240521,True,43,10.73819641
TXN0000015537,C006128,2024-12-18 14:58:12,payment_link,0.03333333,1,escalate_to_merchant,0,retry_payment,fallback,True,technical_retryable,True,0.05291528,,False,"[""decision_uncertain"", ""expected_value_margin:8.403735280036926"", ""probability_margin:0.05291527509689331"", ""margin_not_applicable_to_non_allow_decision""]",0.54178852,True,359,56.24386377,0.59470379,True,85,37.80492775,0.52731782,True,126,41.91580028,0.38079292,True,694,97.85794000
TXN0000082667,C000753,2024-12-18 15:29:14,escalate_to_merchant,0.90000000,1,escalate_to_merchant,0,payment_link,allow,False,customer_decline,True,0.04588968,14.33000000,False,"[""eligible"", ""contextually_supported_or_manual"", ""highest_risk_adjusted_expected_value"", ""expected_value_margin:13.81"", ""probability_margin:0.04588968"", ""fallback_ineligible""]",0.54263306,True,359,56.24386377,0.60642308,True,85,37.80492775,0.56053340,True,126,41.91580028,0.42551735,True,694,97.85794000
TXN0000040946,C006843,2024-12-18 16:26:34,payment_link,0.90000000,0,payment_link,0,payment_link,allow,False,technical_retryable,True,0.00927383,101.01000000,False,"[""eligible"", ""contextually_supported_or_manual"", ""highest_risk_adjusted_expected_value"", ""expected_value_margin:101.02"", ""probability_margin:0.0195795"", ""decision_margin_passed""]",0.40206647,True,129,19.07760664,0.42164597,True,218,30.47265689,0.41237214,True,34,21.95535821,0.23673905,True,65,18.84615345
TXN0000147397,C009326,2024-12-18 16:40:48,escalate_to_merchant,0.90000000,1,escalate_to_merchant,0,retry_payment,fallback,True,technical_retryable,True,0.00487378,,False,"[""decision_uncertain"", ""expected_value_margin:None"", ""probability_margin:None"", ""margin_not_applicable_to_non_allow_decision""]",0.47042093,True,73,10.21909638,0.49626103,False,23,5.49540018,0.50113481,True,54,8.41672235,0.34729984,True,72,12.00499847
TXN0000188206,C008735,2024-12-18 17:44:10,whatsapp_reminder,0.90000000,0,whatsapp_reminder,0,payment_link,allow,False,technical_retryable,True,0.02043784,29.34000000,False,"[""eligible"", ""contextually_supported_or_manual"", ""highest_risk_adjusted_expected_value"", ""expected_value_margin:29.34"", ""probability_margin:0.05128551"", ""decision_margin_passed""]",0.64768082,True,134,25.67475706,0.69896632,True,55,23.54174517,0.67852849,True,69,17.37637634,0.53797281,True,213,29.38877094
TXN0000225391,C006733,2024-12-18 17:54:15,escalate_to_merchant,0.90000000,1,escalate_to_merchant,0,no_action,stop,False,customer_decline,False,0.00277120,,False,"[""no_eligible_positive_value_action"", ""failure_matrix:block"", ""margin_not_applicable_to_non_allow_decision""]",0.57682228,True,172,27.72056966,0.57959348,False,17,16.07278182,0.56912720,True,66,18.92736169,0.42889062,True,211,29.09046962
TXN0000080181,C008815,2024-12-18 17:57:21,whatsapp_reminder,0.03333333,0,payment_link,0,payment_link,allow,False,technical_retryable,True,0.01917279,33.57000000,False,"[""eligible"", ""contextually_supported_or_manual"", ""highest_risk_adjusted_expected_value"", ""expected_value_margin:33.57"", ""probability_margin:0.01917279"", ""decision_margin_passed""]",0.57508332,True,129,19.07760664,0.59425610,True,218,30.47265689,0.56611055,True,34,21.95535821,0.45312333,True,65,18.84615345
TXN0000114839,C004953,2024-12-18 18:04:20,escalate_to_merchant,0.90000000,0,escalate_to_merchant,0,payment_link,fallback,True,authentication_required,True,0.02971953,,False,"[""decision_uncertain"", ""expected_value_margin:9.726971209049225"", ""probability_margin:0.029719531536102295"", ""margin_not_applicable_to_non_allow_decision""]",0.61443478,True,359,56.24386377,0.64515752,True,85,37.80492775,0.61543798,True,126,41.91580028,0.46078148,True,694,97.85794000
TXN0000183548,C006771,2024-12-18 18:16:00,retry_payment,0.90000000,1,retry_payment,0,payment_link,allow,False,technical_retryable,True,0.01777804,54.90000000,False,"[""eligible"", ""contextually_supported_or_manual"", ""highest_risk_adjusted_expected_value"", ""expected_value_margin:54.9"", ""probability_margin:0.06246501"", ""decision_margin_passed""]",0.49637496,True,134,25.67475706,0.55883998,True,55,23.54174517,0.54106194,True,69,17.37637634,0.39024776,True,213,29.38877094
TXN0000198441,C004285,2024-12-18 18:21:21,escalate_to_merchant,0.90000000,0,escalate_to_merchant,0,payment_link,allow,False,authentication_required,True,0.06747034,63.32000000,False,"[""eligible"", ""contextually_supported_or_manual"", ""highest_risk_adjusted_expected_value"", ""expected_value_margin:86.12"", ""probability_margin:0.08360714"", ""fallback_ineligible""]",0.47859147,True,134,25.67475706,0.54606181,True,55,23.54174517,0.46245468,True,69,17.37637634,0.33581200,True,213,29.38877094
TXN0000096167,C002972,2024-12-18 19:04:27,escalate_to_merchant,0.90000000,0,escalate_to_merchant,0,whatsapp_reminder,fallback,True,customer_decline,True,0.00422931,,False,"[""decision_uncertain"", ""expected_value_margin:9.080331087112427"", ""probability_margin:0.004229307174682617"", ""margin_not_applicable_to_non_allow_decision""]",0.59890085,True,134,25.67475706,0.64286065,True,55,23.54174517,0.64708996,True,69,17.37637634,0.43908167,True,213,29.38877094
TXN0000207253,C004834,2024-12-18 19:10:59,payment_link,0.90000000,0,payment_link,0,payment_link,allow,False,technical_retryable,True,0.03110713,55.77000000,False,"[""eligible"", ""contextually_supported_or_manual"", ""highest_risk_adjusted_expected_value"", ""expected_value_margin:55.77"", ""probability_margin:0.03110713"", ""decision_margin_passed""]",0.61977512,True,129,19.07760664,0.65088224,True,218,30.47265689,0.60533631,True,34,21.95535821,0.47686839,True,65,18.84615345
TXN0000152753,C001136,2024-12-18 19:33:15,whatsapp_reminder,0.90000000,1,whatsapp_reminder,0,whatsapp_reminder,fallback,True,customer_decline,True,0.00482792,,False,"[""decision_uncertain"", ""expected_value_margin:0.1402004361152649"", ""probability_margin:-0.004827916622161865"", ""margin_not_applicable_to_non_allow_decision""]",0.65111274,True,359,56.24386377,0.69437188,True,85,37.80492775,0.68954396,True,126,41.91580028,0.55119723,True,694,97.85794000
TXN0000000393,C009132,2024-12-18 19:38:47,retry_payment,0.90000000,0,retry_payment,0,payment_link,allow,False,authentication_required,True,0.04493642,138.80000000,False,"[""eligible"", ""contextually_supported_or_manual"", ""highest_risk_adjusted_expected_value"", ""expected_value_margin:186.46"", ""probability_margin:0.05776244"", ""fallback_ineligible""]",0.56104571,True,129,19.07760664,0.60598212,True,218,30.47265689,0.54821968,True,34,21.95535821,0.41920462,True,65,18.84615345
TXN0000211722,C001617,2024-12-18 19:42:37,payment_link,0.90000000,0,payment_link,0,payment_link,allow,False,technical_retryable,True,0.02290106,69.41000000,False,"[""eligible"", ""contextually_supported_or_manual"", ""highest_risk_adjusted_expected_value"", ""expected_value_margin:69.41"", ""probability_margin:0.05244428"", ""decision_margin_passed""]",0.62408471,True,362,56.55389812,0.67652899,True,241,49.77543607,0.65362793,True,96,34.06733257,0.47867811,True,512,71.09486331
TXN0000056301,C008256,2024-12-18 19:57:14,whatsapp_reminder,0.03333333,0,escalate_to_merchant,0,whatsapp_reminder,fallback,True,authentication_required,True,0.00153714,,False,"[""decision_uncertain"", ""expected_value_margin:0.7528215646743774"", ""probability_margin:-0.0015371441841125488"", ""margin_not_applicable_to_non_allow_decision""]",0.64491332,True,362,56.55389812,0.68888736,True,241,49.77543607,0.68735021,True,96,34.06733257,0.46533599,True,512,71.09486331
TXN0000144590,C008844,2024-12-18 20:25:53,retry_payment,0.90000000,0,retry_payment,0,escalate_to_merchant,fallback,True,merchant_configuration,True,0.06401938,,False,"[""decision_uncertain"", ""expected_value_margin:None"", ""probability_margin:None"", ""margin_not_applicable_to_non_allow_decision""]",0.44893983,True,129,19.07760664,0.56560272,True,218,30.47265689,0.50158334,True,34,21.95535821,0.32878521,True,65,18.84615345
TXN0000126980,C004052,2024-12-18 20:34:36,payment_link,0.03333333,1,retry_payment,0,whatsapp_reminder,fallback,True,customer_decline,True,0.00943947,,False,"[""decision_uncertain"", ""expected_value_margin:None"", ""probability_margin:None"", ""margin_not_applicable_to_non_allow_decision""]",0.67160702,True,172,27.72056966,0.67244059,False,17,16.07278182,0.68188006,True,66,18.92736169,0.55077821,True,211,29.09046962
TXN0000102865,C000960,2024-12-18 21:50:44,escalate_to_merchant,0.90000000,0,escalate_to_merchant,0,escalate_to_merchant,fallback,True,merchant_configuration,True,0.04020840,,False,"[""decision_uncertain"", ""expected_value_margin:None"", ""probability_margin:None"", ""margin_not_applicable_to_non_allow_decision""]",0.50811434,True,129,19.07760664,0.54832274,True,218,30.47265689,0.47766823,True,34,21.95535821,0.36787334,True,65,18.84615345
TXN0000157594,C008761,2024-12-18 23:11:30,escalate_to_merchant,0.90000000,1,escalate_to_merchant,0,retry_payment,fallback,True,technical_retryable,True,0.04456216,,False,"[""decision_uncertain"", ""expected_value_margin:None"", ""probability_margin:None"", ""margin_not_applicable_to_non_allow_decision""]",0.51278180,True,172,27.72056966,0.52718133,False,17,16.07278182,0.57174349,True,66,18.92736169,0.40163863,True,211,29.09046962
TXN0000210024,C003989,2024-12-19 00:18:30,retry_payment,0.90000000,0,retry_payment,0,escalate_to_merchant,fallback,True,merchant_configuration,True,0.03750432,,False,"[""decision_uncertain"", ""expected_value_margin:None"", ""probability_margin:None"", ""margin_not_applicable_to_non_allow_decision""]",0.59209776,True,47,47.00000000,0.67326677,False,2,2.00000000,0.63576245,False,21,3.60798899,0.48076198,False,12,3.68852452
TXN0000103585,C009998,2024-12-19 07:54:55,retry_payment,0.90000000,1,retry_payment,0,whatsapp_reminder,fallback,True,authentication_required,True,0.00054491,,False,"[""decision_uncertain"", ""expected_value_margin:2.4303637742996216"", ""probability_margin:0.0005449056625366211"", ""margin_not_applicable_to_non_allow_decision""]",0.61909151,True,359,56.24386377,0.64156282,True,85,37.80492775,0.64210773,True,126,41.91580028,0.49423784,True,694,97.85794000
TXN0000237201,C009464,2024-12-19 08:27:44,escalate_to_merchant,0.90000000,1,escalate_to_merchant,0,payment_link,fallback,True,authentication_required,True,0.02364200,,False,"[""decision_uncertain"", ""expected_value_margin:5.504577159881592"", ""probability_margin:0.023642003536224365"", ""margin_not_applicable_to_non_allow_decision""]",0.64729989,True,359,56.24386377,0.70196015,True,85,37.80492775,0.67831814,True,126,41.91580028,0.53063434,True,694,97.85794000
TXN0000011061,C005687,2024-12-19 08:28:09,retry_payment,0.90000000,0,retry_payment,0,no_action,stop,False,customer_decline,False,0.03575492,,False,"[""no_eligible_positive_value_action"", ""failure_matrix:block"", ""margin_not_applicable_to_non_allow_decision""]",0.61578280,True,60,8.27440554,0.60814977,False,1,1.00000000,0.65153772,False,46,6.69767366,0.48150066,True,93,13.89845234
TXN0000215973,C002389,2024-12-19 09:49:20,retry_payment,0.90000000,1,retry_payment,0,retry_payment,fallback,True,technical_retryable,True,0.01945138,,False,"[""decision_uncertain"", ""expected_value_margin:None"", ""probability_margin:None"", ""margin_not_applicable_to_non_allow_decision""]",0.68192720,True,47,47.00000000,0.69721502,False,2,2.00000000,0.71666640,False,21,3.60798899,0.52009511,False,12,3.68852452
TXN0000062580,C009009,2024-12-19 09:57:28,escalate_to_merchant,0.90000000,0,escalate_to_merchant,0,payment_link,fallback,True,authentication_required,True,0.01311046,,False,"[""decision_uncertain"", ""expected_value_margin:11.345545828342438"", ""probability_margin:0.013110458850860596"", ""margin_not_applicable_to_non_allow_decision""]",0.61812937,True,362,56.55389812,0.67907280,True,241,49.77543607,0.66596234,True,96,34.06733257,0.46312582,True,512,71.09486331
TXN0000111184,C004658,2024-12-19 10:13:45,retry_payment,0.90000000,1,retry_payment,0,whatsapp_reminder,fallback,True,authentication_required,True,0.00108826,,False,"[""decision_uncertain"", ""expected_value_margin:2.650480270385742"", ""probability_margin:0.001088261604309082"", ""margin_not_applicable_to_non_allow_decision""]",0.62764150,True,359,56.24386377,0.66159296,True,85,37.80492775,0.66268122,True,126,41.91580028,0.52963883,True,694,97.85794000
TXN0000001729,C003269,2024-12-19 10:27:58,payment_link,0.03333333,1,whatsapp_reminder,0,no_action,stop,False,customer_decline,False,0.02516776,,False,"[""no_eligible_positive_value_action"", ""failure_matrix:block"", ""margin_not_applicable_to_non_allow_decision""]",0.57474470,True,60,8.27440554,0.62494665,False,1,1.00000000,0.59977889,False,46,6.69767366,0.44810504,True,93,13.89845234
TXN0000079960,C004510,2024-12-19 12:53:33,retry_payment,0.90000000,1,retry_payment,0,no_action,stop,False,customer_decline,False,0.01988173,,False,"[""no_eligible_positive_value_action"", ""failure_matrix:block"", ""margin_not_applicable_to_non_allow_decision""]",0.65120411,True,60,8.27440554,0.68732327,False,1,1.00000000,0.66744155,False,46,6.69767366,0.51632792,True,93,13.89845234
TXN0000204211,C008915,2024-12-19 13:25:16,payment_link,0.90000000,1,payment_link,0,payment_link,allow,False,technical_retryable,True,0.01074767,65.33000000,False,"[""eligible"", ""contextually_supported_or_manual"", ""highest_risk_adjusted_expected_value"", ""expected_value_margin:65.34"", ""probability_margin:0.03507179"", ""decision_margin_passed""]",0.63338071,True,129,19.07760664,0.66845250,True,218,30.47265689,0.65770483,True,34,21.95535821,0.53317416,True,65,18.84615345
TXN0000244204,C002236,2024-12-19 14:11:17,whatsapp_reminder,0.03333333,1,escalate_to_merchant,0,payment_link,allow,False,technical_retryable,True,0.03720170,15.01000000,False,"[""eligible"", ""contextually_supported_or_manual"", ""highest_risk_adjusted_expected_value"", ""expected_value_margin:15.01"", ""probability_margin:0.05080348"", ""decision_margin_passed""]",0.58654726,True,359,56.24386377,0.63735074,True,85,37.80492775,0.60014904,True,126,41.91580028,0.46510914,True,694,97.85794000
TXN0000245683,C000163,2024-12-19 15:03:19,retry_payment,0.90000000,1,retry_payment,0,payment_link,allow,False,authentication_required,True,0.02202958,24.97000000,False,"[""eligible"", ""contextually_supported_or_manual"", ""highest_risk_adjusted_expected_value"", ""expected_value_margin:18.61"", ""probability_margin:0.02202958"", ""fallback_ineligible""]",0.61428994,True,362,56.55389812,0.64910513,True,241,49.77543607,0.62707555,True,96,34.06733257,0.46930295,True,512,71.09486331
TXN0000172397,C009128,2024-12-19 15:09:35,retry_payment,0.90000000,0,retry_payment,0,retry_payment,fallback,True,technical_retryable,True,0.00230974,,False,"[""decision_uncertain"", ""expected_value_margin:None"", ""probability_margin:None"", ""margin_not_applicable_to_non_allow_decision""]",0.53548610,True,58,8.97709815,0.56087375,False,3,3.00000000,0.56318349,False,24,3.90270249,0.44565573,False,8,8.00000000
TXN0000042523,C005309,2024-12-19 15:13:42,escalate_to_merchant,0.90000000,1,escalate_to_merchant,0,no_action,stop,False,customer_decline,False,0.00725305,,False,"[""no_eligible_positive_value_action"", ""failure_matrix:block"", ""margin_not_applicable_to_non_allow_decision""]",0.51772368,True,172,27.72056966,0.50191534,False,17,16.07278182,0.51047063,True,66,18.92736169,0.38506630,True,211,29.09046962
TXN0000086113,C003170,2024-12-19 15:58:09,escalate_to_merchant,0.90000000,0,escalate_to_merchant,0,retry_payment,fallback,True,technical_retryable,True,0.01874149,,False,"[""decision_uncertain"", ""expected_value_margin:None"", ""probability_margin:None"", ""margin_not_applicable_to_non_allow_decision""]",0.52531606,True,47,47.00000000,0.61514020,False,2,2.00000000,0.59639871,False,21,3.60798899,0.45444167,False,12,3.68852452
TXN0000038430,C003057,2024-12-19 16:42:19,whatsapp_reminder,0.90000000,1,whatsapp_reminder,0,no_action,stop,False,customer_decline,False,0.05182874,,False,"[""no_eligible_positive_value_action"", ""failure_matrix:block"", ""margin_not_applicable_to_non_allow_decision""]",0.62706774,True,73,10.21909638,0.63710642,False,23,5.49540018,0.68893516,True,54,8.41672235,0.50216955,True,72,12.00499847
TXN0000065853,C006378,2024-12-19 17:17:25,retry_payment,0.90000000,1,retry_payment,0,retry_payment,fallback,True,technical_retryable,True,0.02535856,,False,"[""decision_uncertain"", ""expected_value_margin:2.5225515365600586"", ""probability_margin:-0.02535855770111084"", ""margin_not_applicable_to_non_allow_decision""]",0.61249357,True,382,61.49646714,0.63785213,True,55,50.36414754,0.60711348,True,122,42.51287438,0.51861924,True,685,101.16768160
TXN0000099094,C003657,2024-12-19 17:29:18,payment_link,0.90000000,1,payment_link,0,payment_link,allow,False,customer_decline,True,0.03866333,42.35000000,False,"[""eligible"", ""contextually_supported_or_manual"", ""highest_risk_adjusted_expected_value"", ""expected_value_margin:37.96"", ""probability_margin:0.03866333"", ""fallback_ineligible""]",0.61477697,True,362,56.55389812,0.66319579,True,241,49.77543607,0.62453246,True,96,34.06733257,0.46398440,True,512,71.09486331
TXN0000067351,C001501,2024-12-19 18:02:54,escalate_to_merchant,0.90000000,0,escalate_to_merchant,0,retry_payment,fallback,True,technical_retryable,True,0.02517807,,False,"[""decision_uncertain"", ""expected_value_margin:None"", ""probability_margin:None"", ""margin_not_applicable_to_non_allow_decision""]",0.64598781,True,172,27.72056966,0.67853439,False,17,16.07278182,0.65335631,True,66,18.92736169,0.52431703,True,211,29.09046962
TXN0000127255,C000658,2024-12-19 18:24:08,retry_payment,0.90000000,0,retry_payment,0,payment_link,allow,False,authentication_required,True,0.02495283,10.89000000,False,"[""eligible"", ""contextually_supported_or_manual"", ""highest_risk_adjusted_expected_value"", ""expected_value_margin:45.87"", ""probability_margin:0.06357026"", ""fallback_ineligible""]",0.59401709,True,134,25.67475706,0.61896992,True,55,23.54174517,0.55539966,True,69,17.37637634,0.46627185,True,213,29.38877094
TXN0000114252,C008059,2024-12-19 18:53:28,whatsapp_reminder,0.90000000,1,whatsapp_reminder,0,whatsapp_reminder,fallback,True,authentication_required,True,0.01475769,,False,"[""decision_uncertain"", ""expected_value_margin:31.89820486307144"", ""probability_margin:0.014757692813873291"", ""margin_not_applicable_to_non_allow_decision""]",0.61248034,True,129,19.07760664,0.63760501,True,218,30.47265689,0.65236270,True,34,21.95535821,0.48472852,True,65,18.84615345
TXN0000056078,C005298,2024-12-19 19:12:19,whatsapp_reminder,0.90000000,1,whatsapp_reminder,0,whatsapp_reminder,fallback,True,customer_decline,True,0.03121978,,False,"[""decision_uncertain"", ""expected_value_margin:None"", ""probability_margin:None"", ""margin_not_applicable_to_non_allow_decision""]",0.67582548,True,126,18.74890631,0.69939816,False,9,9.00000000,0.73061794,True,73,15.08078281,0.58218849,True,237,33.53941007
TXN0000245696,C002097,2024-12-19 19:30:50,retry_payment,0.90000000,0,retry_payment,0,retry_payment,fallback,True,technical_retryable,True,0.00988173,,False,"[""decision_uncertain"", ""expected_value_margin:None"", ""probability_margin:None"", ""margin_not_applicable_to_non_allow_decision""]",0.51687282,True,172,27.72056966,0.59339696,False,17,16.07278182,0.58351523,True,66,18.92736169,0.40146393,True,211,29.09046962
TXN0000099402,C002428,2024-12-19 20:18:20,escalate_to_merchant,0.90000000,1,escalate_to_merchant,0,payment_link,fallback,True,customer_decline,True,0.04392046,,False,"[""decision_uncertain"", ""expected_value_margin:6.1388073563575745"", ""probability_margin:0.04392045736312866"", ""margin_not_applicable_to_non_allow_decision""]",0.62486857,True,382,61.49646714,0.67998350,True,55,50.36414754,0.63606304,True,122,42.51287438,0.50857133,True,685,101.16768160
TXN0000176136,C004484,2024-12-19 20:47:27,whatsapp_reminder,0.90000000,1,whatsapp_reminder,0,no_action,stop,False,authentication_required,False,0.04838228,,False,"[""customer_opted_out"", ""margin_not_applicable_to_non_allow_decision""]",0.64085239,False,1,1.00000000,0.68923467,False,0,0.00000000,0.62326443,False,0,0.00000000,0.51029581,False,0,0.00000000
TXN0000225236,C001160,2024-12-19 20:58:21,retry_payment,0.90000000,0,retry_payment,0,whatsapp_reminder,fallback,True,authentication_required,True,0.00455219,,False,"[""decision_uncertain"", ""expected_value_margin:26.640610098838806"", ""probability_margin:0.004552185535430908"", ""margin_not_applicable_to_non_allow_decision""]",0.59918243,True,387,66.60326136,0.60806942,True,625,91.91881191,0.61262161,True,50,36.09870729,0.40618536,True,196,56.61961283
TXN0000092528,C002560,2024-12-19 21:12:32,escalate_to_merchant,0.90000000,0,escalate_to_merchant,0,whatsapp_reminder,fallback,True,authentication_required,True,0.02328351,,False,"[""decision_uncertain"", ""expected_value_margin:None"", ""probability_margin:None"", ""margin_not_applicable_to_non_allow_decision""]",0.43163350,True,172,27.72056966,0.46143979,False,17,16.07278182,0.48472330,True,66,18.92736169,0.33638793,True,211,29.09046962
TXN0000042396,C008494,2024-12-19 22:07:08,escalate_to_merchant,0.90000000,1,escalate_to_merchant,0,no_action,stop,False,technical_retryable,False,0.01877815,,False,"[""no_eligible_positive_value_action"", ""failure_matrix:block"", ""margin_not_applicable_to_non_allow_decision""]",0.56662035,False,49,7.23938140,0.60910594,False,8,4.29589038,0.59032780,False,23,3.80324523,0.45006865,False,11,2.70552140
TXN0000067129,C004676,2024-12-20 04:17:10,escalate_to_merchant,0.90000000,0,escalate_to_merchant,0,retry_payment,fallback,True,technical_retryable,True,0.01955900,,False,"[""decision_uncertain"", ""expected_value_margin:None"", ""probability_margin:None"", ""margin_not_applicable_to_non_allow_decision""]",0.36600313,True,126,18.74890631,0.38836709,False,9,9.00000000,0.36880809,True,73,15.08078281,0.27046868,True,237,33.53941007
TXN0000139155,C005203,2024-12-20 06:05:38,whatsapp_reminder,0.90000000,1,whatsapp_reminder,0,retry_payment,fallback,True,technical_retryable,True,0.04910904,,False,"[""decision_uncertain"", ""expected_value_margin:None"", ""probability_margin:None"", ""margin_not_applicable_to_non_allow_decision""]",0.58130413,True,172,27.72056966,0.58357942,False,17,16.07278182,0.63268846,True,66,18.92736169,0.45236325,True,211,29.09046962
TXN0000198409,C001670,2024-12-20 07:49:48,retry_payment,0.90000000,0,retry_payment,0,retry_payment,fallback,True,technical_retryable,True,0.00869691,,False,"[""decision_uncertain"", ""expected_value_margin:None"", ""probability_margin:None"", ""margin_not_applicable_to_non_allow_decision""]",0.57109022,True,126,18.74890631,0.59545004,False,9,9.00000000,0.58675313,True,73,15.08078281,0.45900911,True,237,33.53941007
TXN0000003628,C009837,2024-12-20 08:47:04,retry_payment,0.90000000,1,retry_payment,0,retry_payment,fallback,True,technical_retryable,True,0.03399342,,False,"[""decision_uncertain"", ""expected_value_margin:16.651787161827087"", ""probability_margin:0.00960242748260498"", ""margin_not_applicable_to_non_allow_decision""]",0.69318140,True,362,56.55389812,0.68357897,True,241,49.77543607,0.72717482,True,96,34.06733257,0.60824186,True,512,71.09486331
TXN0000017301,C007327,2024-12-20 09:36:35,escalate_to_merchant,0.90000000,1,escalate_to_merchant,0,whatsapp_reminder,fallback,True,authentication_required,True,0.01536727,,False,"[""decision_uncertain"", ""expected_value_margin:None"", ""probability_margin:None"", ""margin_not_applicable_to_non_allow_decision""]",0.51150471,True,172,27.72056966,0.54474807,False,17,16.07278182,0.56011534,True,66,18.92736169,0.40614957,True,211,29.09046962
TXN0000051607,C008970,2024-12-20 10:01:32,payment_link,0.03333333,0,retry_payment,0,escalate_to_merchant,fallback,True,merchant_configuration,True,0.02656865,,False,"[""decision_uncertain"", ""expected_value_margin:None"", ""probability_margin:None"", ""margin_not_applicable_to_non_allow_decision""]",0.54747909,True,129,19.07760664,0.61954683,True,218,30.47265689,0.59297818,True,34,21.95535821,0.43790582,True,65,18.84615345
TXN0000062623,C005057,2024-12-20 10:41:47,retry_payment,0.90000000,1,retry_payment,0,payment_link,fallback,True,authentication_required,True,0.00954163,,False,"[""decision_uncertain"", ""expected_value_margin:0.4979896545410156"", ""probability_margin:0.009541630744934082"", ""margin_not_applicable_to_non_allow_decision""]",0.58858579,True,359,56.24386377,0.63467669,True,85,37.80492775,0.62513506,True,126,41.91580028,0.45442995,True,694,97.85794000
TXN0000015323,C004105,2024-12-20 11:13:47,whatsapp_reminder,0.90000000,1,whatsapp_reminder,0,payment_link,allow,False,technical_retryable,True,0.00183225,46.58000000,False,"[""eligible"", ""contextually_supported_or_manual"", ""highest_risk_adjusted_expected_value"", ""expected_value_margin:46.58"", ""probability_margin:0.05062675"", ""decision_margin_passed""]",0.62229455,True,362,56.55389812,0.67292130,True,241,49.77543607,0.67108905,True,96,34.06733257,0.48711514,True,512,71.09486331
TXN0000194575,C007786,2024-12-20 11:26:44,whatsapp_reminder,0.90000000,1,whatsapp_reminder,0,whatsapp_reminder,fallback,True,authentication_required,True,0.03096664,,False,"[""decision_uncertain"", ""expected_value_margin:None"", ""probability_margin:None"", ""margin_not_applicable_to_non_allow_decision""]",0.62636244,False,49,7.90577463,0.68168885,False,6,6.00000000,0.65072221,True,63,11.63500628,0.52852249,True,88,12.69429910
TXN0000052258,C002959,2024-12-20 12:22:07,whatsapp_reminder,0.90000000,0,whatsapp_reminder,0,whatsapp_reminder,fallback,True,authentication_required,True,0.04110676,,False,"[""decision_uncertain"", ""expected_value_margin:None"", ""probability_margin:None"", ""margin_not_applicable_to_non_allow_decision""]",0.64491224,False,4,1.22950817,0.62873805,False,1,1.00000000,0.68601900,True,25,25.00000000,0.52383471,False,2,1.07397260
TXN0000104742,C007829,2024-12-20 12:35:29,retry_payment,0.90000000,0,retry_payment,0,no_action,stop,False,customer_decline,False,0.01348627,,False,"[""no_eligible_positive_value_action"", ""failure_matrix:block"", ""margin_not_applicable_to_non_allow_decision""]",0.55961037,True,58,8.97709815,0.60517448,False,25,3.45418296,0.59168822,False,10,3.52962620,0.41519833,False,12,7.36805008
TXN0000178507,C006008,2024-12-20 12:53:53,escalate_to_merchant,0.90000000,0,escalate_to_merchant,0,no_action,stop,False,authentication_required,False,0.00886375,,False,"[""no_eligible_positive_value_action"", ""failure_matrix:block"", ""margin_not_applicable_to_non_allow_decision""]",0.60493648,False,49,7.23938140,0.62357759,False,8,4.29589038,0.61471385,False,23,3.80324523,0.43058047,False,11,2.70552140
TXN0000213456,C002302,2024-12-20 12:58:46,whatsapp_reminder,0.03333333,1,retry_payment,0,no_action,stop,False,technical_retryable,False,0.00517696,,False,"[""no_eligible_positive_value_action"", ""failure_matrix:block"", ""margin_not_applicable_to_non_allow_decision""]",0.63654041,False,49,7.90577463,0.66449320,False,6,6.00000000,0.66967016,True,63,11.63500628,0.51094854,True,88,12.69429910
TXN0000043730,C003208,2024-12-20 13:31:38,escalate_to_merchant,0.90000000,1,escalate_to_merchant,0,retry_payment,fallback,True,technical_retryable,True,0.05200458,,False,"[""decision_uncertain"", ""expected_value_margin:2.114980697631836"", ""probability_margin:-0.05350017547607422"", ""margin_not_applicable_to_non_allow_decision""]",0.56372321,True,382,61.49646714,0.61722338,True,55,50.36414754,0.56521881,True,122,42.51287438,0.45554391,True,685,101.16768160
TXN0000133348,C008757,2024-12-20 15:00:00,retry_payment,0.90000000,1,retry_payment,0,retry_payment,fallback,True,technical_retryable,True,0.01246381,,False,"[""decision_uncertain"", ""expected_value_margin:None"", ""probability_margin:None"", ""margin_not_applicable_to_non_allow_decision""]",0.58580899,True,58,8.97709815,0.60877067,False,3,3.00000000,0.62123448,False,24,3.90270249,0.50158882,False,8,8.00000000
TXN0000184246,C004903,2024-12-20 15:00:54,payment_link,0.90000000,0,payment_link,0,escalate_to_merchant,fallback,True,merchant_configuration,True,0.05514660,,False,"[""decision_uncertain"", ""expected_value_margin:None"", ""probability_margin:None"", ""margin_not_applicable_to_non_allow_decision""]",0.47625905,True,58,8.97709815,0.54460317,False,25,3.45418296,0.48945656,False,10,3.52962620,0.31348565,False,12,7.36805008
TXN0000034016,C005430,2024-12-20 15:13:33,escalate_to_merchant,0.03333333,1,retry_payment,0,retry_payment,fallback,True,technical_retryable,True,0.01386070,,False,"[""decision_uncertain"", ""expected_value_margin:None"", ""probability_margin:None"", ""margin_not_applicable_to_non_allow_decision""]",0.51217943,True,58,8.97709815,0.57748592,False,25,3.45418296,0.56362522,False,10,3.52962620,0.37521097,False,12,7.36805008
TXN0000234409,C009478,2024-12-20 15:14:44,escalate_to_merchant,0.90000000,1,escalate_to_merchant,0,escalate_to_merchant,fallback,True,merchant_configuration,True,0.03782105,,False,"[""decision_uncertain"", ""expected_value_margin:None"", ""probability_margin:None"", ""margin_not_applicable_to_non_allow_decision""]",0.56300282,True,58,8.97709815,0.63115966,False,3,3.00000000,0.59333861,False,24,3.90270249,0.47541925,False,8,8.00000000
TXN0000040684,C001232,2024-12-20 16:15:01,retry_payment,0.90000000,1,retry_payment,0,no_action,stop,False,customer_decline,False,0.04482949,,False,"[""no_eligible_positive_value_action"", ""failure_matrix:block"", ""margin_not_applicable_to_non_allow_decision""]",0.56301069,False,49,7.23938140,0.58558899,False,8,4.29589038,0.63041848,False,23,3.80324523,0.47139543,False,11,2.70552140
TXN0000175371,C005863,2024-12-20 16:27:38,retry_payment,0.90000000,1,retry_payment,0,whatsapp_reminder,fallback,True,authentication_required,True,0.01317847,,False,"[""decision_uncertain"", ""expected_value_margin:None"", ""probability_margin:None"", ""margin_not_applicable_to_non_allow_decision""]",0.57781214,True,172,27.72056966,0.60601813,False,17,16.07278182,0.59283966,True,66,18.92736169,0.42260802,True,211,29.09046962
TXN0000232072,C004846,2024-12-20 16:33:06,retry_payment,0.90000000,1,retry_payment,0,retry_payment,fallback,True,technical_retryable,True,0.02965295,,False,"[""decision_uncertain"", ""expected_value_margin:None"", ""probability_margin:None"", ""margin_not_applicable_to_non_allow_decision""]",0.62749201,True,172,27.72056966,0.66821688,False,17,16.07278182,0.69786984,True,66,18.92736169,0.51285172,True,211,29.09046962
TXN0000177525,C001298,2024-12-20 17:20:07,retry_payment,0.90000000,1,retry_payment,0,no_action,stop,False,authentication_required,False,0.01526177,,False,"[""no_eligible_positive_value_action"", ""failure_matrix:block"", ""margin_not_applicable_to_non_allow_decision""]",0.66502094,True,126,18.74890631,0.72055167,False,9,9.00000000,0.70528990,True,73,15.08078281,0.55056351,True,237,33.53941007
TXN0000046896,C009961,2024-12-20 17:24:18,whatsapp_reminder,0.90000000,1,whatsapp_reminder,0,no_action,stop,False,authentication_required,False,0.02808660,,False,"[""no_eligible_positive_value_action"", ""failure_matrix:block"", ""margin_not_applicable_to_non_allow_decision""]",0.58176333,True,58,8.97709815,0.67050427,False,3,3.00000000,0.64241767,False,24,3.90270249,0.53590047,False,8,8.00000000
TXN0000228266,C006073,2024-12-20 17:50:56,payment_link,0.90000000,1,payment_link,0,payment_link,allow,False,technical_retryable,True,0.00291520,94.66000000,False,"[""eligible"", ""contextually_supported_or_manual"", ""highest_risk_adjusted_expected_value"", ""expected_value_margin:94.66"", ""probability_margin:0.04011905"", ""decision_margin_passed""]",0.65287876,True,387,66.60326136,0.69299781,True,625,91.91881191,0.69008261,True,50,36.09870729,0.50434422,True,196,56.61961283
TXN0000215467,C008113,2024-12-20 18:45:54,whatsapp_reminder,0.03333333,1,retry_payment,0,whatsapp_reminder,fallback,True,customer_decline,True,0.04446751,,False,"[""decision_uncertain"", ""expected_value_margin:None"", ""probability_margin:None"", ""margin_not_applicable_to_non_allow_decision""]",0.71978468,True,172,27.72056966,0.76425219,False,17,16.07278182,0.71904850,True,66,18.92736169,0.64593816,True,211,29.09046962
TXN0000066916,C006943,2024-12-20 19:16:43,escalate_to_merchant,0.90000000,0,escalate_to_merchant,0,payment_link,fallback,True,customer_decline,True,0.04649431,,False,"[""decision_uncertain"", ""expected_value_margin:4.166214108467102"", ""probability_margin:0.04649430513381958"", ""margin_not_applicable_to_non_allow_decision""]",0.60667497,True,382,61.49646714,0.66588175,True,55,50.36414754,0.61938745,True,122,42.51287438,0.50178128,True,685,101.16768160
TXN0000166884,C002611,2024-12-20 19:34:22,escalate_to_merchant,0.90000000,1,escalate_to_merchant,0,escalate_to_merchant,fallback,True,merchant_configuration,True,0.06177562,,False,"[""decision_uncertain"", ""expected_value_margin:None"", ""probability_margin:None"", ""margin_not_applicable_to_non_allow_decision""]",0.56281924,True,362,56.55389812,0.62459487,True,241,49.77543607,0.55999601,True,96,34.06733257,0.40336013,True,512,71.09486331
TXN0000203837,C003127,2024-12-20 19:49:10,whatsapp_reminder,0.90000000,1,whatsapp_reminder,0,retry_payment,fallback,True,technical_retryable,True,0.02595335,,False,"[""decision_uncertain"", ""expected_value_margin:None"", ""probability_margin:None"", ""margin_not_applicable_to_non_allow_decision""]",0.56621969,True,58,8.97709815,0.67086530,False,3,3.00000000,0.64491194,False,24,3.90270249,0.54839563,False,8,8.00000000
TXN0000023664,C003678,2024-12-20 21:22:48,escalate_to_merchant,0.90000000,0,escalate_to_merchant,0,no_action,stop,False,authentication_required,False,0.03826520,,False,"[""no_eligible_positive_value_action"", ""failure_matrix:block"", ""margin_not_applicable_to_non_allow_decision""]",0.45887777,True,58,8.97709815,0.53111070,False,3,3.00000000,0.49284551,False,24,3.90270249,0.37561956,False,8,8.00000000
TXN0000137079,C006381,2024-12-20 21:28:04,escalate_to_merchant,0.90000000,0,escalate_to_merchant,0,payment_link,fallback,True,customer_decline,True,0.03611326,,False,"[""decision_uncertain"", ""expected_value_margin:None"", ""probability_margin:None"", ""margin_not_applicable_to_non_allow_decision""]",0.53015143,True,134,25.67475706,0.58204985,True,55,23.54174517,0.54593658,True,69,17.37637634,0.41944939,True,213,29.38877094
TXN0000232647,C008746,2024-12-20 21:48:00,whatsapp_reminder,0.90000000,1,whatsapp_reminder,0,payment_link,fallback,True,customer_decline,True,0.00207978,,False,"[""decision_uncertain"", ""expected_value_margin:0.5389915108680725"", ""probability_margin:0.002079784870147705"", ""margin_not_applicable_to_non_allow_decision""]",0.59618163,True,134,25.67475706,0.61710596,True,55,23.54174517,0.61502618,True,69,17.37637634,0.46338916,True,213,29.38877094
TXN0000087224,C006766,2024-12-20 22:31:08,payment_link,0.90000000,1,payment_link,0,retry_payment,fallback,True,technical_retryable,True,0.00571704,,False,"[""decision_uncertain"", ""expected_value_margin:None"", ""probability_margin:None"", ""margin_not_applicable_to_non_allow_decision""]",0.66090107,True,58,8.97709815,0.69395477,False,25,3.45418296,0.68823773,False,10,3.52962620,0.51457071,False,12,7.36805008
TXN0000143597,C000101,2024-12-21 00:09:24,escalate_to_merchant,0.90000000,0,escalate_to_merchant,0,whatsapp_reminder,fallback,True,customer_decline,True,0.00196654,,False,"[""decision_uncertain"", ""expected_value_margin:2.751466691493988"", ""probability_margin:0.001966536045074463"", ""margin_not_applicable_to_non_allow_decision""]",0.51183236,True,382,61.49646714,0.56580389,True,55,50.36414754,0.56777042,True,122,42.51287438,0.39269912,True,685,101.16768160
TXN0000102001,C000415,2024-12-21 02:20:24,retry_payment,0.90000000,1,retry_payment,0,payment_link,fallback,True,authentication_required,True,0.00302577,,False,"[""decision_uncertain"", ""expected_value_margin:1.2840995788574219"", ""probability_margin:0.0030257701873779297"", ""margin_not_applicable_to_non_allow_decision""]",0.60183710,True,362,56.55389812,0.63207990,True,241,49.77543607,0.62905413,True,96,34.06733257,0.41787708,True,512,71.09486331
TXN0000147573,C009857,2024-12-21 03:56:34,retry_payment,0.90000000,1,retry_payment,0,whatsapp_reminder,fallback,True,authentication_required,True,0.03525066,,False,"[""decision_uncertain"", ""expected_value_margin:None"", ""probability_margin:None"", ""margin_not_applicable_to_non_allow_decision""]",0.73556173,True,126,18.74890631,0.71431881,False,9,9.00000000,0.77081239,True,73,15.08078281,0.60807759,True,237,33.53941007
TXN0000202974,C008340,2024-12-21 06:11:38,retry_payment,0.03333333,0,payment_link,0,no_action,stop,False,authentication_required,False,0.02162778,,False,"[""no_eligible_positive_value_action"", ""failure_matrix:block"", ""margin_not_applicable_to_non_allow_decision""]",0.70795929,True,58,8.97709815,0.74739969,False,25,3.45418296,0.72577190,False,10,3.52962620,0.57151061,False,12,7.36805008
TXN0000092781,C003398,2024-12-21 07:39:27,payment_link,0.90000000,1,payment_link,0,payment_link,fallback,True,authentication_required,True,0.00956225,,False,"[""decision_uncertain"", ""expected_value_margin:35.3583447933197"", ""probability_margin:0.009562253952026367"", ""margin_not_applicable_to_non_allow_decision""]",0.54394543,True,387,66.60326136,0.58667493,True,625,91.91881191,0.57711267,True,50,36.09870729,0.37546670,True,196,56.61961283
TXN0000019280,C004965,2024-12-21 07:57:47,escalate_to_merchant,0.90000000,1,escalate_to_merchant,0,payment_link,allow,False,authentication_required,True,0.05025077,42.15000000,False,"[""eligible"", ""contextually_supported_or_manual"", ""highest_risk_adjusted_expected_value"", ""expected_value_margin:34.58"", ""probability_margin:0.05025077"", ""fallback_ineligible""]",0.54583353,True,362,56.55389812,0.61425203,True,241,49.77543607,0.56400126,True,96,34.06733257,0.40890390,True,512,71.09486331
TXN0000037224,C007697,2024-12-21 08:15:13,whatsapp_reminder,0.90000000,1,whatsapp_reminder,0,whatsapp_reminder,fallback,True,customer_decline,True,0.00506657,,False,"[""decision_uncertain"", ""expected_value_margin:9.07974123954773"", ""probability_margin:0.005066573619842529"", ""margin_not_applicable_to_non_allow_decision""]",0.53090763,True,362,56.55389812,0.57586968,True,241,49.77543607,0.58093625,True,96,34.06733257,0.40808752,True,512,71.09486331
TXN0000160434,C004890,2024-12-21 09:35:20,escalate_to_merchant,0.90000000,0,escalate_to_merchant,0,payment_link,allow,False,technical_retryable,True,0.04997557,85.33000000,False,"[""eligible"", ""contextually_supported_or_manual"", ""highest_risk_adjusted_expected_value"", ""expected_value_margin:85.33"", ""probability_margin:0.0564639"", ""decision_margin_passed""]",0.62586725,True,387,66.60326136,0.68233114,True,625,91.91881191,0.63235557,True,50,36.09870729,0.41075274,True,196,56.61961283
TXN0000171148,C007166,2024-12-21 10:31:07,escalate_to_merchant,0.90000000,0,escalate_to_merchant,0,payment_link,allow,False,customer_decline,True,0.02799857,85.80000000,False,"[""eligible"", ""contextually_supported_or_manual"", ""highest_risk_adjusted_expected_value"", ""expected_value_margin:29.5"", ""probability_margin:0.02799857"", ""fallback_ineligible""]",0.48411846,True,134,25.67475706,0.56683213,True,55,23.54174517,0.53883356,True,69,17.37637634,0.35082507,True,213,29.38877094
TXN0000029726,C001136,2024-12-21 11:05:24,retry_payment,0.90000000,1,retry_payment,0,no_action,stop,False,technical_retryable,False,0.00326312,,False,"[""no_eligible_positive_value_action"", ""failure_matrix:block"", ""margin_not_applicable_to_non_allow_decision""]",0.60459578,False,11,11.00000000,0.64788884,False,6,1.39509533,0.64462572,False,2,2.00000000,0.50733739,False,1,1.00000000
TXN0000007491,C000696,2024-12-21 11:13:19,payment_link,0.03333333,1,retry_payment,0,no_action,stop,False,authentication_required,False,0.04806495,,False,"[""no_eligible_positive_value_action"", ""failure_matrix:block"", ""margin_not_applicable_to_non_allow_decision""]",0.53861749,True,58,8.97709815,0.58427101,False,3,3.00000000,0.63233596,False,24,3.90270249,0.43829477,False,8,8.00000000
TXN0000013285,C006644,2024-12-21 11:14:07,retry_payment,0.90000000,1,retry_payment,0,escalate_to_merchant,fallback,True,merchant_configuration,True,0.01414973,,False,"[""decision_uncertain"", ""expected_value_margin:None"", ""probability_margin:None"", ""margin_not_applicable_to_non_allow_decision""]",0.67423308,True,134,25.67475706,0.68848538,True,55,23.54174517,0.67433566,True,69,17.37637634,0.51600003,True,213,29.38877094
TXN0000034888,C009961,2024-12-21 13:25:26,payment_link,0.90000000,0,payment_link,0,no_action,stop,False,authentication_required,False,0.01513594,,False,"[""no_eligible_positive_value_action"", ""failure_matrix:block"", ""margin_not_applicable_to_non_allow_decision""]",0.50884461,False,11,11.00000000,0.53775257,False,6,1.39509533,0.55288851,False,2,2.00000000,0.41258001,False,1,1.00000000
TXN0000060286,C009970,2024-12-21 14:31:09,payment_link,0.90000000,0,payment_link,0,retry_payment,fallback,True,technical_retryable,True,0.06113359,,False,"[""decision_uncertain"", ""expected_value_margin:None"", ""probability_margin:None"", ""margin_not_applicable_to_non_allow_decision""]",0.42060021,True,58,8.97709815,0.50859505,False,25,3.45418296,0.44746146,False,10,3.52962620,0.29244241,False,12,7.36805008
TXN0000147280,C009942,2024-12-21 15:45:54,payment_link,0.90000000,1,payment_link,0,escalate_to_merchant,fallback,True,merchant_configuration,True,0.03938007,,False,"[""decision_uncertain"", ""expected_value_margin:None"", ""probability_margin:None"", ""margin_not_applicable_to_non_allow_decision""]",0.60482872,False,11,11.00000000,0.66065800,False,6,1.39509533,0.62127793,False,2,2.00000000,0.44035840,False,1,1.00000000
TXN0000154954,C006197,2024-12-21 16:11:23,retry_payment,0.90000000,1,retry_payment,0,no_action,stop,False,technical_retryable,False,0.03704959,,False,"[""no_eligible_positive_value_action"", ""failure_matrix:block"", ""margin_not_applicable_to_non_allow_decision""]",0.74064904,False,18,18.00000000,0.79335040,False,1,1.00000000,0.75630081,False,7,3.29758098,0.62974948,False,0,0.00000000
TXN0000063432,C002285,2024-12-21 16:35:00,escalate_to_merchant,0.90000000,0,escalate_to_merchant,0,payment_link,allow,False,authentication_required,True,0.01730967,17.32000000,False,"[""eligible"", ""contextually_supported_or_manual"", ""highest_risk_adjusted_expected_value"", ""expected_value_margin:15.08"", ""probability_margin:0.01730967"", ""fallback_ineligible""]",0.58183706,True,134,25.67475706,0.60713166,True,55,23.54174517,0.58982199,True,69,17.37637634,0.44356596,True,213,29.38877094
TXN0000002650,C000673,2024-12-21 17:12:11,escalate_to_merchant,0.90000000,1,escalate_to_merchant,0,escalate_to_merchant,fallback,True,merchant_configuration,True,0.01608187,,False,"[""decision_uncertain"", ""expected_value_margin:None"", ""probability_margin:None"", ""margin_not_applicable_to_non_allow_decision""]",0.58638060,True,359,56.24386377,0.64638638,True,85,37.80492775,0.63030452,True,126,41.91580028,0.47230881,True,694,97.85794000
TXN0000029778,C001302,2024-12-21 17:20:58,escalate_to_merchant,0.90000000,0,escalate_to_merchant,0,no_action,stop,False,authentication_required,False,0.02923465,,False,"[""no_eligible_positive_value_action"", ""failure_matrix:block"", ""margin_not_applicable_to_non_allow_decision""]",0.62543929,True,47,47.00000000,0.66818053,False,2,2.00000000,0.63894588,False,21,3.60798899,0.50833762,False,12,3.68852452
TXN0000064931,C002430,2024-12-21 17:38:08,whatsapp_reminder,0.90000000,1,whatsapp_reminder,0,retry_payment,fallback,True,technical_retryable,True,0.00383347,,False,"[""decision_uncertain"", ""expected_value_margin:None"", ""probability_margin:None"", ""margin_not_applicable_to_non_allow_decision""]",0.59134287,True,73,10.21909638,0.63909113,False,23,5.49540018,0.63525766,True,54,8.41672235,0.46114188,True,72,12.00499847
TXN0000016372,C001366,2024-12-21 18:09:39,payment_link,0.90000000,1,payment_link,0,no_action,stop,False,authentication_required,False,0.07392693,,False,"[""no_eligible_positive_value_action"", ""failure_matrix:block"", ""margin_not_applicable_to_non_allow_decision""]",0.62142819,True,58,8.97709815,0.72677612,False,25,3.45418296,0.65284920,False,10,3.52962620,0.48033628,False,12,7.36805008
TXN0000090067,C009650,2024-12-21 18:49:05,escalate_to_merchant,0.90000000,1,escalate_to_merchant,0,payment_link,allow,False,customer_decline,True,0.02160949,19.60000000,False,"[""eligible"", ""contextually_supported_or_manual"", ""highest_risk_adjusted_expected_value"", ""expected_value_margin:57.55"", ""probability_margin:0.04682875"", ""fallback_ineligible""]",0.50123882,True,134,25.67475706,0.52284831,True,55,23.54174517,0.47601956,True,69,17.37637634,0.38678154,True,213,29.38877094
TXN0000023492,C007753,2024-12-21 19:17:26,retry_payment,0.90000000,0,retry_payment,0,whatsapp_reminder,fallback,True,customer_decline,True,0.04844826,,False,"[""decision_uncertain"", ""expected_value_margin:None"", ""probability_margin:None"", ""margin_not_applicable_to_non_allow_decision""]",0.66061747,True,126,18.74890631,0.64952421,False,9,9.00000000,0.70906574,True,73,15.08078281,0.53843164,True,237,33.53941007
TXN0000105190,C006877,2024-12-21 19:47:05,escalate_to_merchant,0.90000000,1,escalate_to_merchant,0,no_action,stop,False,technical_retryable,False,0.04883444,,False,"[""no_eligible_positive_value_action"", ""failure_matrix:block"", ""margin_not_applicable_to_non_allow_decision""]",0.52686960,False,49,7.23938140,0.61026883,False,8,4.29589038,0.56143439,False,23,3.80324523,0.41696948,False,11,2.70552140
TXN0000231237,C004423,2024-12-21 19:55:33,whatsapp_reminder,0.03333333,0,escalate_to_merchant,0,no_action,stop,False,technical_retryable,False,0.02792531,,False,"[""no_eligible_positive_value_action"", ""failure_matrix:block"", ""margin_not_applicable_to_non_allow_decision""]",0.59122878,False,6,6.00000000,0.64481860,False,0,0.00000000,0.61689329,False,6,6.00000000,0.51199329,False,3,2.07333790
TXN0000162976,C006170,2024-12-21 19:56:05,retry_payment,0.90000000,1,retry_payment,0,retry_payment,fallback,True,technical_retryable,True,0.03783518,,False,"[""decision_uncertain"", ""expected_value_margin:None"", ""probability_margin:None"", ""margin_not_applicable_to_non_allow_decision""]",0.59563917,True,58,8.97709815,0.60440892,False,3,3.00000000,0.64224410,False,24,3.90270249,0.48771715,False,8,8.00000000
TXN0000030460,C001130,2024-12-21 20:05:04,retry_payment,0.90000000,1,retry_payment,0,no_action,stop,False,customer_decline,False,0.00464880,,False,"[""no_eligible_positive_value_action"", ""failure_matrix:block"", ""margin_not_applicable_to_non_allow_decision""]",0.65783352,False,49,7.23938140,0.68679971,False,8,4.29589038,0.69144851,False,23,3.80324523,0.52760446,False,11,2.70552140
TXN0000016380,C007206,2024-12-21 20:14:35,whatsapp_reminder,0.90000000,1,whatsapp_reminder,0,no_action,stop,False,technical_retryable,False,0.03488326,,False,"[""no_eligible_positive_value_action"", ""failure_matrix:block"", ""margin_not_applicable_to_non_allow_decision""]",0.52811176,False,49,7.23938140,0.61250031,False,8,4.29589038,0.57761705,False,23,3.80324523,0.45620072,False,11,2.70552140
TXN0000079079,C001030,2024-12-21 20:17:18,escalate_to_merchant,0.90000000,0,escalate_to_merchant,0,whatsapp_reminder,fallback,True,customer_decline,True,0.02016836,,False,"[""decision_uncertain"", ""expected_value_margin:1.039898157119751"", ""probability_margin:-0.02016836404800415"", ""margin_not_applicable_to_non_allow_decision""]",0.57337624,True,382,61.49646714,0.62070215,True,55,50.36414754,0.60053378,True,122,42.51287438,0.44817960,True,685,101.16768160
TXN0000004610,C001834,2024-12-21 20:26:22,retry_payment,0.90000000,1,retry_payment,0,payment_link,allow,False,technical_retryable,True,0.06569642,62.52000000,False,"[""eligible"", ""contextually_supported_or_manual"", ""highest_risk_adjusted_expected_value"", ""expected_value_margin:62.52"", ""probability_margin:0.09415159"", ""decision_margin_passed""]",0.49575612,True,134,25.67475706,0.58990771,True,55,23.54174517,0.52421129,True,69,17.37637634,0.38442862,True,213,29.38877094
TXN0000027345,C006524,2024-12-21 21:35:16,retry_payment,0.90000000,0,retry_payment,0,no_action,stop,False,authentication_required,False,0.00142312,,False,"[""no_eligible_positive_value_action"", ""failure_matrix:block"", ""margin_not_applicable_to_non_allow_decision""]",0.60835469,False,49,7.23938140,0.64114708,False,8,4.29589038,0.63972396,False,23,3.80324523,0.47289526,False,11,2.70552140
TXN0000193369,C002794,2024-12-21 22:16:27,retry_payment,0.90000000,0,retry_payment,0,payment_link,fallback,True,customer_decline,True,0.01616663,,False,"[""decision_uncertain"", ""expected_value_margin:None"", ""probability_margin:None"", ""margin_not_applicable_to_non_allow_decision""]",0.86369818,True,134,25.67475706,0.85648549,True,55,23.54174517,0.87986481,True,69,17.37637634,0.79004741,True,213,29.38877094
TXN0000079688,C007873,2024-12-21 23:28:22,retry_payment,0.90000000,1,retry_payment,0,retry_payment,fallback,True,technical_retryable,True,0.01079708,,False,"[""decision_uncertain"", ""expected_value_margin:None"", ""probability_margin:None"", ""margin_not_applicable_to_non_allow_decision""]",0.54469806,True,58,8.97709815,0.59407353,False,25,3.45418296,0.60487062,False,10,3.52962620,0.40915611,False,12,7.36805008
TXN0000054556,C001739,2024-12-21 23:30:00,whatsapp_reminder,0.90000000,1,whatsapp_reminder,0,retry_payment,fallback,True,technical_retryable,True,0.00342798,,False,"[""decision_uncertain"", ""expected_value_margin:None"", ""probability_margin:None"", ""margin_not_applicable_to_non_allow_decision""]",0.47478566,True,58,8.97709815,0.56344467,False,3,3.00000000,0.56687266,False,24,3.90270249,0.40692016,False,8,8.00000000
TXN0000234675,C000663,2024-12-21 23:53:34,retry_payment,0.90000000,0,retry_payment,0,whatsapp_reminder,fallback,True,authentication_required,True,0.01747477,,False,"[""decision_uncertain"", ""expected_value_margin:4.172224760055542"", ""probability_margin:0.017474770545959473"", ""margin_not_applicable_to_non_allow_decision""]",0.58077002,True,382,61.49646714,0.60090524,True,55,50.36414754,0.61838001,True,122,42.51287438,0.46505994,True,685,101.16768160
TXN0000239955,C000935,2024-12-22 00:05:09,whatsapp_reminder,0.90000000,1,whatsapp_reminder,0,whatsapp_reminder,fallback,True,customer_decline,True,0.01939744,,False,"[""decision_uncertain"", ""expected_value_margin:None"", ""probability_margin:None"", ""margin_not_applicable_to_non_allow_decision""]",0.66142631,True,172,27.72056966,0.69127864,False,17,16.07278182,0.71067607,True,66,18.92736169,0.56037539,True,211,29.09046962
TXN0000125508,C003955,2024-12-22 01:36:32,payment_link,0.90000000,0,payment_link,0,retry_payment,allow,False,technical_retryable,True,0.01795918,0.00000000,False,"[""eligible"", ""contextually_supported_or_manual"", ""highest_risk_adjusted_expected_value"", ""expected_value_margin:130.11"", ""probability_margin:0.01812869"", ""decision_margin_passed""]",0.59311032,True,59,8.94277964,0.57498163,True,90,12.53697431,0.61106950,False,19,4.27099396,0.41048688,True,43,10.73819641
TXN0000151804,C003627,2024-12-22 01:57:17,retry_payment,0.90000000,0,retry_payment,0,escalate_to_merchant,fallback,True,merchant_configuration,True,0.02311206,,False,"[""decision_uncertain"", ""expected_value_margin:None"", ""probability_margin:None"", ""margin_not_applicable_to_non_allow_decision""]",0.51928633,True,382,61.49646714,0.55641890,True,55,50.36414754,0.53330684,True,122,42.51287438,0.37249783,True,685,101.16768160
TXN0000079724,C009346,2024-12-22 04:13:33,payment_link,0.90000000,0,payment_link,0,payment_link,allow,False,customer_decline,True,0.04498434,98.09000000,False,"[""eligible"", ""contextually_supported_or_manual"", ""highest_risk_adjusted_expected_value"", ""expected_value_margin:82.68"", ""probability_margin:0.04498434"", ""fallback_ineligible""]",0.57924086,True,387,66.60326136,0.63543564,True,625,91.91881191,0.59045130,True,50,36.09870729,0.40995207,True,196,56.61961283
TXN0000229973,C004041,2024-12-22 07:09:17,escalate_to_merchant,0.90000000,0,escalate_to_merchant,0,payment_link,allow,False,customer_decline,True,0.05552030,44.35000000,False,"[""eligible"", ""contextually_supported_or_manual"", ""highest_risk_adjusted_expected_value"", ""expected_value_margin:50.46"", ""probability_margin:0.05589849"", ""fallback_ineligible""]",0.50037795,True,362,56.55389812,0.55589825,True,241,49.77543607,0.49999976,True,96,34.06733257,0.29785642,True,512,71.09486331
TXN0000241796,C002816,2024-12-22 07:30:59,escalate_to_merchant,0.90000000,1,escalate_to_merchant,0,retry_payment,fallback,True,technical_retryable,True,0.05362999,,False,"[""decision_uncertain"", ""expected_value_margin:2.14998596906662"", ""probability_margin:-0.056796252727508545"", ""margin_not_applicable_to_non_allow_decision""]",0.60269153,True,382,61.49646714,0.65948778,True,55,50.36414754,0.60585779,True,122,42.51287438,0.48006678,True,685,101.16768160
TXN0000057441,C004248,2024-12-22 08:18:57,escalate_to_merchant,0.90000000,0,escalate_to_merchant,0,payment_link,allow,False,authentication_required,True,0.04139924,26.16000000,False,"[""eligible"", ""contextually_supported_or_manual"", ""highest_risk_adjusted_expected_value"", ""expected_value_margin:19.11"", ""probability_margin:0.04139924"", ""fallback_ineligible""]",0.61190182,True,359,56.24386377,0.67810279,True,85,37.80492775,0.63670355,True,126,41.91580028,0.49424717,True,694,97.85794000
TXN0000095366,C007098,2024-12-22 09:03:25,escalate_to_merchant,0.90000000,0,escalate_to_merchant,0,payment_link,allow,False,technical_retryable,True,0.01855528,12.50000000,False,"[""eligible"", ""contextually_supported_or_manual"", ""highest_risk_adjusted_expected_value"", ""expected_value_margin:12.51"", ""probability_margin:0.05439705"", ""decision_margin_passed""]",0.59898227,True,359,56.24386377,0.65337932,True,85,37.80492775,0.63482404,True,126,41.91580028,0.49243781,True,694,97.85794000
TXN0000004864,C007531,2024-12-22 09:43:51,retry_payment,0.03333333,1,whatsapp_reminder,0,retry_payment,fallback,True,technical_retryable,True,0.05705303,,False,"[""decision_uncertain"", ""expected_value_margin:None"", ""probability_margin:None"", ""margin_not_applicable_to_non_allow_decision""]",0.59703791,True,126,18.74890631,0.59480786,False,9,9.00000000,0.65409094,True,73,15.08078281,0.48129401,True,237,33.53941007
TXN0000245920,C009980,2024-12-22 10:40:17,whatsapp_reminder,0.90000000,0,whatsapp_reminder,0,no_action,stop,False,authentication_required,False,0.01196671,,False,"[""no_eligible_positive_value_action"", ""failure_matrix:block"", ""margin_not_applicable_to_non_allow_decision""]",0.67284697,False,49,7.23938140,0.72558945,False,8,4.29589038,0.71362275,False,23,3.80324523,0.53737026,False,11,2.70552140
TXN0000025971,C000594,2024-12-22 10:47:11,retry_payment,0.90000000,1,retry_payment,0,whatsapp_reminder,fallback,True,authentication_required,True,0.01369750,,False,"[""decision_uncertain"", ""expected_value_margin:None"", ""probability_margin:None"", ""margin_not_applicable_to_non_allow_decision""]",0.59953272,True,172,27.72056966,0.64564508,False,17,16.07278182,0.63194758,True,66,18.92736169,0.48357052,True,211,29.09046962
TXN0000147417,C006364,2024-12-22 10:58:27,retry_payment,0.90000000,0,retry_payment,0,no_action,stop,False,customer_decline,False,0.01096392,,False,"[""no_eligible_positive_value_action"", ""failure_matrix:block"", ""margin_not_applicable_to_non_allow_decision""]",0.67266858,True,58,8.97709815,0.72532123,False,25,3.45418296,0.71435732,False,10,3.52962620,0.53920013,False,12,7.36805008
TXN0000223583,C003531,2024-12-22 11:29:15,retry_payment,0.90000000,1,retry_payment,0,retry_payment,fallback,True,technical_retryable,True,0.03578681,,False,"[""decision_uncertain"", ""expected_value_margin:None"", ""probability_margin:None"", ""margin_not_applicable_to_non_allow_decision""]",0.60486341,True,58,8.97709815,0.61755741,False,3,3.00000000,0.65334421,False,24,3.90270249,0.49077052,False,8,8.00000000
TXN0000029756,C009551,2024-12-22 11:34:35,payment_link,0.90000000,1,payment_link,0,retry_payment,fallback,True,technical_retryable,True,0.04385799,,False,"[""decision_uncertain"", ""expected_value_margin:None"", ""probability_margin:None"", ""margin_not_applicable_to_non_allow_decision""]",0.65973568,True,58,8.97709815,0.70359367,False,25,3.45418296,0.65270114,False,10,3.52962620,0.49329072,False,12,7.36805008
TXN0000200463,C001717,2024-12-22 11:52:39,retry_payment,0.90000000,0,retry_payment,0,no_action,stop,False,authentication_required,False,0.00229758,,False,"[""no_eligible_positive_value_action"", ""failure_matrix:block"", ""margin_not_applicable_to_non_allow_decision""]",0.64703566,True,47,47.00000000,0.67675602,False,2,2.00000000,0.67905360,False,21,3.60798899,0.51963079,False,12,3.68852452
TXN0000187417,C000708,2024-12-22 12:19:09,payment_link,0.90000000,1,payment_link,0,payment_link,allow,False,technical_retryable,True,0.03841519,113.74000000,False,"[""eligible"", ""contextually_supported_or_manual"", ""highest_risk_adjusted_expected_value"", ""expected_value_margin:113.74"", ""probability_margin:0.03841519"", ""decision_margin_passed""]",0.59336662,True,129,19.07760664,0.63178182,True,218,30.47265689,0.59215760,True,34,21.95535821,0.41162294,True,65,18.84615345
TXN0000173967,C001496,2024-12-22 12:38:45,payment_link,0.90000000,0,payment_link,0,payment_link,allow,False,technical_retryable,True,0.02111816,64.05000000,False,"[""eligible"", ""contextually_supported_or_manual"", ""highest_risk_adjusted_expected_value"", ""expected_value_margin:64.05"", ""probability_margin:0.03622526"", ""decision_margin_passed""]",0.66082513,True,59,8.94277964,0.69705039,True,90,12.53697431,0.67593223,False,19,4.27099396,0.52493995,True,43,10.73819641
TXN0000154990,C000679,2024-12-22 12:55:43,retry_payment,0.90000000,1,retry_payment,0,payment_link,allow,False,authentication_required,True,0.02396184,36.38000000,False,"[""eligible"", ""contextually_supported_or_manual"", ""highest_risk_adjusted_expected_value"", ""expected_value_margin:17.73"", ""probability_margin:0.02396184"", ""fallback_ineligible""]",0.63274550,True,362,56.55389812,0.68595636,True,241,49.77543607,0.66199452,True,96,34.06733257,0.49061531,True,512,71.09486331
TXN0000211491,C007829,2024-12-22 12:57:31,retry_payment,0.90000000,0,retry_payment,0,no_action,stop,False,customer_decline,False,0.01253206,,False,"[""no_eligible_positive_value_action"", ""failure_matrix:block"", ""margin_not_applicable_to_non_allow_decision""]",0.47688979,False,18,18.00000000,0.52994639,False,1,1.00000000,0.51741433,False,7,3.29758098,0.41145623,False,0,0.00000000
TXN0000039403,C008464,2024-12-22 13:51:05,retry_payment,0.90000000,1,retry_payment,0,whatsapp_reminder,fallback,True,authentication_required,True,0.02134013,,False,"[""decision_uncertain"", ""expected_value_margin:None"", ""probability_margin:None"", ""margin_not_applicable_to_non_allow_decision""]",0.63513827,True,126,18.74890631,0.65881151,False,9,9.00000000,0.63747138,True,73,15.08078281,0.51955140,True,237,33.53941007
TXN0000114059,C004828,2024-12-22 15:31:56,whatsapp_reminder,0.03333333,1,escalate_to_merchant,0,payment_link,allow,False,customer_decline,True,0.06062353,43.72000000,False,"[""eligible"", ""contextually_supported_or_manual"", ""highest_risk_adjusted_expected_value"", ""expected_value_margin:69.46"", ""probability_margin:0.08407044"", ""fallback_ineligible""]",0.51157546,True,362,56.55389812,0.57219899,True,241,49.77543607,0.48812854,True,96,34.06733257,0.38147828,True,512,71.09486331
TXN0000117703,C000894,2024-12-22 15:40:32,no_action,1.00000000,0,no_action,1,escalate_to_merchant,fallback,True,fraud_risk,True,0.01174188,,False,"[""fraud_requires_manual_escalation"", ""manual_action_only"", ""margin_not_applicable_to_non_allow_decision""]",0.62044841,True,134,25.67475706,0.68093848,True,55,23.54174517,0.66919661,True,69,17.37637634,0.51411933,True,213,29.38877094
TXN0000024410,C008151,2024-12-22 15:49:44,retry_payment,0.90000000,1,retry_payment,0,payment_link,allow,False,technical_retryable,True,0.01854151,191.07000000,False,"[""eligible"", ""contextually_supported_or_manual"", ""highest_risk_adjusted_expected_value"", ""expected_value_margin:191.06"", ""probability_margin:0.04240793"", ""decision_margin_passed""]",0.49720162,True,129,19.07760664,0.53960955,True,218,30.47265689,0.52106804,True,34,21.95535821,0.34970152,True,65,18.84615345
TXN0000120297,C009933,2024-12-22 16:10:14,retry_payment,0.90000000,1,retry_payment,0,retry_payment,fallback,True,technical_retryable,True,0.00624555,,False,"[""decision_uncertain"", ""expected_value_margin:None"", ""probability_margin:None"", ""margin_not_applicable_to_non_allow_decision""]",0.67998832,True,172,27.72056966,0.71741199,False,17,16.07278182,0.72365755,True,66,18.92736169,0.56732529,True,211,29.09046962
TXN0000119652,C001124,2024-12-22 16:28:36,escalate_to_merchant,0.90000000,0,escalate_to_merchant,0,no_action,stop,False,technical_retryable,False,0.04874402,,False,"[""no_eligible_positive_value_action"", ""failure_matrix:block"", ""margin_not_applicable_to_non_allow_decision""]",0.46205410,False,49,7.23938140,0.56751800,False,8,4.29589038,0.51877397,False,23,3.80324523,0.36099398,False,11,2.70552140
TXN0000249412,C006895,2024-12-22 16:55:04,retry_payment,0.90000000,1,retry_payment,0,retry_payment,fallback,True,technical_retryable,True,0.03702331,,False,"[""decision_uncertain"", ""expected_value_margin:9.510268688201904"", ""probability_margin:0.002436041831970215"", ""margin_not_applicable_to_non_allow_decision""]",0.62178254,True,129,19.07760664,0.62421858,True,218,30.47265689,0.66124189,True,34,21.95535821,0.44597530,True,65,18.84615345
TXN0000016883,C005504,2024-12-22 17:10:21,retry_payment,0.90000000,1,retry_payment,0,payment_link,allow,False,technical_retryable,True,0.00660872,257.59000000,False,"[""eligible"", ""contextually_supported_or_manual"", ""highest_risk_adjusted_expected_value"", ""expected_value_margin:257.59"", ""probability_margin:0.03411579"", ""decision_margin_passed""]",0.60883468,True,129,19.07760664,0.64295048,True,218,30.47265689,0.63634175,True,34,21.95535821,0.47181222,True,65,18.84615345
TXN0000098516,C007395,2024-12-22 17:27:15,retry_payment,0.90000000,1,retry_payment,0,escalate_to_merchant,fallback,True,merchant_configuration,True,0.00026625,,False,"[""decision_uncertain"", ""expected_value_margin:None"", ""probability_margin:None"", ""margin_not_applicable_to_non_allow_decision""]",0.67578286,True,362,56.55389812,0.71157432,True,241,49.77543607,0.71184057,True,96,34.06733257,0.55356371,True,512,71.09486331
TXN0000231993,C004931,2024-12-22 18:03:23,escalate_to_merchant,0.90000000,0,escalate_to_merchant,0,payment_link,allow,False,technical_retryable,True,0.03602624,17.54000000,False,"[""eligible"", ""contextually_supported_or_manual"", ""highest_risk_adjusted_expected_value"", ""expected_value_margin:17.55"", ""probability_margin:0.06011367"", ""decision_margin_passed""]",0.62956643,True,359,56.24386377,0.68968010,True,85,37.80492775,0.65365386,True,126,41.91580028,0.51904368,True,694,97.85794000
TXN0000203517,C009000,2024-12-22 18:43:00,retry_payment,0.90000000,1,retry_payment,0,whatsapp_reminder,fallback,True,customer_decline,True,0.00304508,,False,"[""decision_uncertain"", ""expected_value_margin:4.037463188171387"", ""probability_margin:0.0030450820922851562"", ""margin_not_applicable_to_non_allow_decision""]",0.62370384,True,359,56.24386377,0.64744222,True,85,37.80492775,0.65048730,True,126,41.91580028,0.51323360,True,694,97.85794000
TXN0000134593,C000472,2024-12-22 19:04:31,retry_payment,0.90000000,0,retry_payment,0,whatsapp_reminder,fallback,True,authentication_required,True,0.02243882,,False,"[""decision_uncertain"", ""expected_value_margin:None"", ""probability_margin:None"", ""margin_not_applicable_to_non_allow_decision""]",0.61008662,True,172,27.72056966,0.62473661,False,17,16.07278182,0.64717543,True,66,18.92736169,0.49459967,True,211,29.09046962
TXN0000072278,C000240,2024-12-22 19:11:20,retry_payment,0.90000000,1,retry_payment,0,retry_payment,fallback,True,technical_retryable,True,0.00051689,,False,"[""decision_uncertain"", ""expected_value_margin:None"", ""probability_margin:None"", ""margin_not_applicable_to_non_allow_decision""]",0.62122494,True,47,47.00000000,0.66122824,False,2,2.00000000,0.66071135,False,21,3.60798899,0.51844609,False,12,3.68852452
TXN0000127063,C006644,2024-12-22 19:23:12,retry_payment,0.90000000,0,retry_payment,0,whatsapp_reminder,fallback,True,authentication_required,True,0.01763189,,False,"[""decision_uncertain"", ""expected_value_margin:None"", ""probability_margin:None"", ""margin_not_applicable_to_non_allow_decision""]",0.69175643,True,73,10.21909638,0.70042431,False,23,5.49540018,0.71805620,True,54,8.41672235,0.54316521,True,72,12.00499847
TXN0000052772,C003901,2024-12-22 19:35:54,escalate_to_merchant,0.90000000,0,escalate_to_merchant,0,payment_link,fallback,True,authentication_required,True,0.03390491,,False,"[""decision_uncertain"", ""expected_value_margin:3.479929804801941"", ""probability_margin:0.03390491008758545"", ""margin_not_applicable_to_non_allow_decision""]",0.59434587,True,382,61.49646714,0.65917331,True,55,50.36414754,0.62526840,True,122,42.51287438,0.42211285,True,685,101.16768160
TXN0000004753,C000539,2024-12-22 20:03:09,escalate_to_merchant,0.90000000,0,escalate_to_merchant,0,payment_link,allow,False,customer_decline,True,0.06764489,30.65000000,False,"[""eligible"", ""contextually_supported_or_manual"", ""highest_risk_adjusted_expected_value"", ""expected_value_margin:34.75"", ""probability_margin:0.06764489"", ""fallback_ineligible""]",0.55311435,True,359,56.24386377,0.62376964,True,85,37.80492775,0.55612475,True,126,41.91580028,0.44118673,True,694,97.85794000
TXN0000202848,C003259,2024-12-22 20:28:16,payment_link,0.90000000,1,payment_link,0,payment_link,allow,False,technical_retryable,True,0.05009183,88.32000000,False,"[""eligible"", ""contextually_supported_or_manual"", ""highest_risk_adjusted_expected_value"", ""expected_value_margin:88.31"", ""probability_margin:0.05011168"", ""decision_margin_passed""]",0.47246858,True,59,8.94277964,0.52258027,True,90,12.53697431,0.47248843,False,19,4.27099396,0.38080576,True,43,10.73819641
TXN0000232929,C008484,2024-12-22 20:34:03,retry_payment,0.90000000,1,retry_payment,0,payment_link,allow,False,technical_retryable,True,0.03453100,152.73000000,False,"[""eligible"", ""contextually_supported_or_manual"", ""highest_risk_adjusted_expected_value"", ""expected_value_margin:152.73"", ""probability_margin:0.05555964"", ""decision_margin_passed""]",0.69672161,True,387,66.60326136,0.75228125,True,625,91.91881191,0.71775025,True,50,36.09870729,0.55185211,True,196,56.61961283
TXN0000154695,C001405,2024-12-22 20:35:29,retry_payment,0.90000000,0,retry_payment,0,whatsapp_reminder,fallback,True,customer_decline,True,0.01326489,,False,"[""decision_uncertain"", ""expected_value_margin:None"", ""probability_margin:None"", ""margin_not_applicable_to_non_allow_decision""]",0.51077962,True,172,27.72056966,0.60244143,False,17,16.07278182,0.58917654,True,66,18.92736169,0.42131558,True,211,29.09046962
TXN0000033834,C001063,2024-12-22 21:43:41,retry_payment,0.90000000,1,retry_payment,0,retry_payment,fallback,True,technical_retryable,True,0.06711864,,False,"[""decision_uncertain"", ""expected_value_margin:None"", ""probability_margin:None"", ""margin_not_applicable_to_non_allow_decision""]",0.45144260,True,126,18.74890631,0.57274473,False,9,9.00000000,0.50562608,True,73,15.08078281,0.37968925,True,237,33.53941007
TXN0000196893,C003959,2024-12-22 21:57:46,payment_link,0.90000000,0,payment_link,0,payment_link,allow,False,technical_retryable,True,0.01419675,200.44000000,False,"[""eligible"", ""contextually_supported_or_manual"", ""highest_risk_adjusted_expected_value"", ""expected_value_margin:200.43"", ""probability_margin:0.04711413"", ""decision_margin_passed""]",0.60912627,True,387,66.60326136,0.65624040,True,625,91.91881191,0.64204365,True,50,36.09870729,0.44606888,True,196,56.61961283
TXN0000104909,C005461,2024-12-22 22:00:01,escalate_to_merchant,0.90000000,1,escalate_to_merchant,0,retry_payment,fallback,True,technical_retryable,True,0.02993792,,False,"[""decision_uncertain"", ""expected_value_margin:None"", ""probability_margin:None"", ""margin_not_applicable_to_non_allow_decision""]",0.60898459,True,58,8.97709815,0.66131598,False,3,3.00000000,0.63137805,False,24,3.90270249,0.50520122,False,8,8.00000000
TXN0000094911,C002528,2024-12-22 22:18:49,retry_payment,0.90000000,0,retry_payment,0,whatsapp_reminder,fallback,True,customer_decline,True,0.01214045,,False,"[""decision_uncertain"", ""expected_value_margin:4.884478271007538"", ""probability_margin:0.012140452861785889"", ""margin_not_applicable_to_non_allow_decision""]",0.60222375,True,382,61.49646714,0.61625892,True,55,50.36414754,0.62839937,True,122,42.51287438,0.48297405,True,685,101.16768160
TXN0000070118,C000674,2024-12-22 22:31:03,whatsapp_reminder,0.90000000,1,whatsapp_reminder,0,payment_link,allow,False,technical_retryable,True,0.00706124,70.10000000,False,"[""eligible"", ""contextually_supported_or_manual"", ""highest_risk_adjusted_expected_value"", ""expected_value_margin:70.1"", ""probability_margin:0.05091161"", ""decision_margin_passed""]",0.65561497,True,134,25.67475706,0.70652658,True,55,23.54174517,0.71358782,True,69,17.37637634,0.55411154,True,213,29.38877094
TXN0000171334,C001394,2024-12-23 07:46:48,retry_payment,0.90000000,1,retry_payment,0,whatsapp_reminder,fallback,True,authentication_required,True,0.01027966,,False,"[""decision_uncertain"", ""expected_value_margin:0.944483757019043"", ""probability_margin:-0.010279655456542969"", ""margin_not_applicable_to_non_allow_decision""]",0.60476184,True,382,61.49646714,0.63020366,True,55,50.36414754,0.61992401,True,122,42.51287438,0.49506775,True,685,101.16768160
TXN0000096948,C006101,2024-12-23 10:13:57,retry_payment,0.90000000,1,retry_payment,0,whatsapp_reminder,fallback,True,authentication_required,True,0.04137897,,False,"[""decision_uncertain"", ""expected_value_margin:None"", ""probability_margin:None"", ""margin_not_applicable_to_non_allow_decision""]",0.60468209,False,49,7.90577463,0.65678370,False,6,6.00000000,0.61540473,True,63,11.63500628,0.49694520,True,88,12.69429910
TXN0000058288,C005475,2024-12-23 10:17:02,retry_payment,0.90000000,1,retry_payment,0,no_action,stop,False,technical_retryable,False,0.02115113,,False,"[""no_eligible_positive_value_action"", ""failure_matrix:block"", ""margin_not_applicable_to_non_allow_decision""]",0.63817036,False,6,6.00000000,0.66375065,False,0,0.00000000,0.68490177,False,6,6.00000000,0.44928738,False,3,2.07333790
TXN0000203228,C000809,2024-12-23 10:17:58,escalate_to_merchant,0.90000000,0,escalate_to_merchant,0,escalate_to_merchant,fallback,True,merchant_configuration,True,0.02508897,,False,"[""decision_uncertain"", ""expected_value_margin:None"", ""probability_margin:None"", ""margin_not_applicable_to_non_allow_decision""]",0.50109625,True,387,66.60326136,0.56447071,True,625,91.91881191,0.53938174,True,50,36.09870729,0.35098127,True,196,56.61961283
TXN0000120791,C003866,2024-12-23 11:05:04,escalate_to_merchant,0.90000000,0,escalate_to_merchant,0,whatsapp_reminder,allow,False,customer_decline,True,0.02074862,12.40000000,False,"[""eligible"", ""contextually_supported_or_manual"", ""highest_risk_adjusted_expected_value"", ""expected_value_margin:19.95"", ""probability_margin:0.02074862"", ""fallback_ineligible""]",0.53554922,True,134,25.67475706,0.53607088,True,55,23.54174517,0.55681950,True,69,17.37637634,0.41183618,True,213,29.38877094
TXN0000027991,C003222,2024-12-23 11:05:54,retry_payment,0.90000000,0,retry_payment,0,no_action,stop,False,technical_retryable,False,0.03422016,,False,"[""no_eligible_positive_value_action"", ""failure_matrix:block"", ""margin_not_applicable_to_non_allow_decision""]",0.68399107,False,18,18.00000000,0.73155779,False,1,1.00000000,0.69733763,False,7,3.29758098,0.57014763,False,0,0.00000000
TXN0000107134,C008596,2024-12-23 11:06:11,retry_payment,0.90000000,0,retry_payment,0,escalate_to_merchant,fallback,True,merchant_configuration,True,0.01614100,,False,"[""decision_uncertain"", ""expected_value_margin:None"", ""probability_margin:None"", ""margin_not_applicable_to_non_allow_decision""]",0.68415737,True,58,8.97709815,0.73359215,False,3,3.00000000,0.71745116,False,24,3.90270249,0.59626973,False,8,8.00000000
TXN0000045843,C008613,2024-12-23 11:12:51,retry_payment,0.90000000,0,retry_payment,0,whatsapp_reminder,fallback,True,authentication_required,True,0.01827717,,False,"[""decision_uncertain"", ""expected_value_margin:None"", ""probability_margin:None"", ""margin_not_applicable_to_non_allow_decision""]",0.53140283,True,73,10.21909638,0.52243894,False,23,5.49540018,0.54967999,True,54,8.41672235,0.40902737,True,72,12.00499847
TXN0000248404,C000140,2024-12-23 11:20:15,escalate_to_merchant,0.90000000,1,escalate_to_merchant,0,payment_link,allow,False,technical_retryable,True,0.02170330,14.09000000,False,"[""eligible"", ""contextually_supported_or_manual"", ""highest_risk_adjusted_expected_value"", ""expected_value_margin:14.08"", ""probability_margin:0.05064929"", ""decision_margin_passed""]",0.53126866,True,359,56.24386377,0.58191794,True,85,37.80492775,0.56021464,True,126,41.91580028,0.43045866,True,694,97.85794000
TXN0000162997,C006880,2024-12-23 11:35:53,retry_payment,0.90000000,1,retry_payment,0,no_action,stop,False,authentication_required,False,0.02133566,,False,"[""no_eligible_positive_value_action"", ""failure_matrix:block"", ""margin_not_applicable_to_non_allow_decision""]",0.62343162,True,58,8.97709815,0.65341109,False,25,3.45418296,0.63207543,False,10,3.52962620,0.48154864,False,12,7.36805008
TXN0000197398,C004351,2024-12-23 11:43:05,escalate_to_merchant,0.90000000,1,escalate_to_merchant,0,escalate_to_merchant,fallback,True,merchant_configuration,True,0.01768851,,False,"[""decision_uncertain"", ""expected_value_margin:None"", ""probability_margin:None"", ""margin_not_applicable_to_non_allow_decision""]",0.56275696,True,362,56.55389812,0.62019330,True,241,49.77543607,0.60250479,True,96,34.06733257,0.39981034,True,512,71.09486331
TXN0000169364,C006019,2024-12-23 12:46:17,payment_link,0.90000000,1,payment_link,0,payment_link,allow,False,customer_decline,True,0.02798980,163.55000000,False,"[""eligible"", ""contextually_supported_or_manual"", ""highest_risk_adjusted_expected_value"", ""expected_value_margin:65.85"", ""probability_margin:0.0279898"", ""fallback_ineligible""]",0.47234291,True,129,19.07760664,0.54285055,True,218,30.47265689,0.51486075,True,34,21.95535821,0.34841689,True,65,18.84615345
TXN0000039594,C001751,2024-12-23 12:56:15,retry_payment,0.90000000,1,retry_payment,0,retry_payment,fallback,True,technical_retryable,True,0.01557982,,False,"[""decision_uncertain"", ""expected_value_margin:None"", ""probability_margin:None"", ""margin_not_applicable_to_non_allow_decision""]",0.63213599,True,172,27.72056966,0.66792494,False,17,16.07278182,0.65234512,True,66,18.92736169,0.51876348,True,211,29.09046962
TXN0000061930,C005775,2024-12-23 14:05:28,escalate_to_merchant,0.90000000,0,escalate_to_merchant,0,retry_payment,fallback,True,technical_retryable,True,0.03142574,,False,"[""decision_uncertain"", ""expected_value_margin:None"", ""probability_margin:None"", ""margin_not_applicable_to_non_allow_decision""]",0.42034295,True,58,8.97709815,0.45977461,False,25,3.45418296,0.42834887,False,10,3.52962620,0.25302988,False,12,7.36805008
TXN0000140877,C002566,2024-12-23 14:23:00,escalate_to_merchant,0.90000000,0,escalate_to_merchant,0,payment_link,fallback,True,authentication_required,True,0.02063823,,False,"[""decision_uncertain"", ""expected_value_margin:None"", ""probability_margin:None"", ""margin_not_applicable_to_non_allow_decision""]",0.56560177,True,134,25.67475706,0.58623999,True,55,23.54174517,0.56173342,True,69,17.37637634,0.41481680,True,213,29.38877094
TXN0000115259,C001357,2024-12-23 15:09:14,retry_payment,0.90000000,0,retry_payment,0,no_action,stop,False,customer_decline,False,0.02002716,,False,"[""no_eligible_positive_value_action"", ""failure_matrix:block"", ""margin_not_applicable_to_non_allow_decision""]",0.58981544,True,58,8.97709815,0.63842010,False,3,3.00000000,0.65844727,False,24,3.90270249,0.41726702,False,8,8.00000000
TXN0000035706,C000379,2024-12-23 16:26:44,escalate_to_merchant,0.90000000,0,escalate_to_merchant,0,payment_link,fallback,True,authentication_required,True,0.01673937,,False,"[""decision_uncertain"", ""expected_value_margin:13.535224437713623"", ""probability_margin:0.016739368438720703"", ""margin_not_applicable_to_non_allow_decision""]",0.45221266,True,134,25.67475706,0.49024072,True,55,23.54174517,0.47350135,True,69,17.37637634,0.34902659,True,213,29.38877094
TXN0000119675,C006376,2024-12-23 17:03:58,payment_link,0.90000000,0,payment_link,0,whatsapp_reminder,allow,False,authentication_required,True,0.02562016,184.18000000,False,"[""eligible"", ""contextually_supported_or_manual"", ""highest_risk_adjusted_expected_value"", ""expected_value_margin:85.75"", ""probability_margin:0.02562016"", ""fallback_ineligible""]",0.60932040,True,129,19.07760664,0.64198059,True,218,30.47265689,0.66760075,True,34,21.95535821,0.46499839,True,65,18.84615345
TXN0000221784,C002282,2024-12-23 17:40:22,payment_link,0.90000000,0,payment_link,0,payment_link,allow,False,technical_retryable,True,0.00553554,172.39000000,False,"[""eligible"", ""contextually_supported_or_manual"", ""highest_risk_adjusted_expected_value"", ""expected_value_margin:172.39"", ""probability_margin:0.03918952"", ""decision_margin_passed""]",0.45559329,True,387,66.60326136,0.49478281,True,625,91.91881191,0.48924726,True,50,36.09870729,0.30888435,True,196,56.61961283
TXN0000211593,C000137,2024-12-23 17:47:51,retry_payment,0.90000000,1,retry_payment,0,no_action,stop,False,authentication_required,False,0.01122397,,False,"[""no_eligible_positive_value_action"", ""failure_matrix:block"", ""margin_not_applicable_to_non_allow_decision""]",0.57771635,True,58,8.97709815,0.59739393,False,25,3.45418296,0.58616996,False,10,3.52962620,0.39861602,False,12,7.36805008
TXN0000047477,C008558,2024-12-23 18:20:59,payment_link,0.90000000,0,payment_link,0,retry_payment,fallback,True,technical_retryable,True,0.00035131,,False,"[""decision_uncertain"", ""expected_value_margin:10.681922495365143"", ""probability_margin:0.006914108991622925"", ""margin_not_applicable_to_non_allow_decision""]",0.39218774,True,129,19.07760664,0.39910185,True,218,30.47265689,0.39875054,True,34,21.95535821,0.26346308,True,65,18.84615345
TXN0000048913,C002858,2024-12-23 18:53:53,escalate_to_merchant,0.90000000,0,escalate_to_merchant,0,no_action,stop,False,authentication_required,False,0.01124060,,False,"[""no_eligible_positive_value_action"", ""failure_matrix:block"", ""margin_not_applicable_to_non_allow_decision""]",0.50552005,True,126,18.74890631,0.55000138,False,9,9.00000000,0.56124198,True,73,15.08078281,0.42716342,True,237,33.53941007
TXN0000210487,C002956,2024-12-23 18:54:55,whatsapp_reminder,0.03333333,0,escalate_to_merchant,0,payment_link,allow,False,technical_retryable,True,0.01771462,25.75000000,False,"[""eligible"", ""contextually_supported_or_manual"", ""highest_risk_adjusted_expected_value"", ""expected_value_margin:25.75"", ""probability_margin:0.01771462"", ""decision_margin_passed""]",0.70355523,True,387,66.60326136,0.72126985,True,625,91.91881191,0.67457086,True,50,36.09870729,0.53875721,True,196,56.61961283
TXN0000178539,C003711,2024-12-23 19:07:50,escalate_to_merchant,0.90000000,1,escalate_to_merchant,0,payment_link,allow,False,authentication_required,True,0.03730452,67.74000000,False,"[""eligible"", ""contextually_supported_or_manual"", ""highest_risk_adjusted_expected_value"", ""expected_value_margin:48.67"", ""probability_margin:0.03730452"", ""fallback_ineligible""]",0.60365820,True,134,25.67475706,0.65914512,True,55,23.54174517,0.62184060,True,69,17.37637634,0.41028956,True,213,29.38877094
TXN0000177094,C003640,2024-12-23 20:06:56,retry_payment,0.90000000,0,retry_payment,0,escalate_to_merchant,fallback,True,merchant_configuration,True,0.04259771,,False,"[""decision_uncertain"", ""expected_value_margin:None"", ""probability_margin:None"", ""margin_not_applicable_to_non_allow_decision""]",0.64771044,True,47,47.00000000,0.63923931,False,2,2.00000000,0.69030815,False,21,3.60798899,0.50717801,False,12,3.68852452
TXN0000183765,C005372,2024-12-23 20:24:16,escalate_to_merchant,0.90000000,0,escalate_to_merchant,0,payment_link,allow,False,customer_decline,True,0.04899925,35.54000000,False,"[""eligible"", ""contextually_supported_or_manual"", ""highest_risk_adjusted_expected_value"", ""expected_value_margin:37.73"", ""probability_margin:0.04899925"", ""fallback_ineligible""]",0.59777629,True,362,56.55389812,0.65113443,True,241,49.77543607,0.60213518,True,96,34.06733257,0.45962018,True,512,71.09486331
TXN0000199185,C009068,2024-12-23 20:24:49,whatsapp_reminder,0.90000000,1,whatsapp_reminder,0,retry_payment,fallback,True,technical_retryable,True,0.02049088,,False,"[""decision_uncertain"", ""expected_value_margin:4.841116428375244"", ""probability_margin:0.05487656593322754"", ""margin_not_applicable_to_non_allow_decision""]",0.60956275,True,382,61.49646714,0.66443932,True,55,50.36414754,0.64394844,True,122,42.51287438,0.49341759,True,685,101.16768160
TXN0000184203,C002830,2024-12-23 21:27:30,payment_link,0.90000000,1,payment_link,0,payment_link,allow,False,technical_retryable,True,0.00970131,76.53000000,False,"[""eligible"", ""contextually_supported_or_manual"", ""highest_risk_adjusted_expected_value"", ""expected_value_margin:76.53"", ""probability_margin:0.04775965"", ""decision_margin_passed""]",0.56821382,True,129,19.07760664,0.61597347,True,218,30.47265689,0.60627216,True,34,21.95535821,0.42160195,True,65,18.84615345
TXN0000225060,C007919,2024-12-23 21:32:35,retry_payment,0.90000000,0,retry_payment,0,escalate_to_merchant,fallback,True,merchant_configuration,True,0.03280711,,False,"[""decision_uncertain"", ""expected_value_margin:None"", ""probability_margin:None"", ""margin_not_applicable_to_non_allow_decision""]",0.60151994,True,59,8.94277964,0.63432705,True,90,12.53697431,0.58730608,False,19,4.27099396,0.45582721,True,43,10.73819641
TXN0000149215,C006625,2024-12-23 22:16:44,escalate_to_merchant,0.90000000,1,escalate_to_merchant,0,whatsapp_reminder,allow,False,customer_decline,True,0.01938772,81.07000000,False,"[""eligible"", ""contextually_supported_or_manual"", ""highest_risk_adjusted_expected_value"", ""expected_value_margin:32.18"", ""probability_margin:0.01938772"", ""fallback_ineligible""]",0.50595629,True,134,25.67475706,0.54280216,True,55,23.54174517,0.56218988,True,69,17.37637634,0.37140560,True,213,29.38877094
TXN0000064691,C005220,2024-12-23 22:23:35,retry_payment,0.90000000,1,retry_payment,0,retry_payment,fallback,True,technical_retryable,True,0.02573693,,False,"[""decision_uncertain"", ""expected_value_margin:None"", ""probability_margin:None"", ""margin_not_applicable_to_non_allow_decision""]",0.60541689,True,58,8.97709815,0.65972406,False,3,3.00000000,0.63398713,False,24,3.90270249,0.52183014,False,8,8.00000000
TXN0000150439,C004594,2024-12-23 23:14:29,payment_link,0.90000000,0,payment_link,0,payment_link,allow,False,technical_retryable,True,0.02983201,124.07000000,False,"[""eligible"", ""contextually_supported_or_manual"", ""highest_risk_adjusted_expected_value"", ""expected_value_margin:124.07"", ""probability_margin:0.03909624"", ""decision_margin_passed""]",0.52735025,True,129,19.07760664,0.56644648,True,218,30.47265689,0.53661448,True,34,21.95535821,0.40798455,True,65,18.84615345
TXN0000131599,C005599,2024-12-23 23:18:38,escalate_to_merchant,0.90000000,1,escalate_to_merchant,0,whatsapp_reminder,fallback,True,authentication_required,True,0.00548738,,False,"[""decision_uncertain"", ""expected_value_margin:5.833260715007782"", ""probability_margin:0.005487382411956787"", ""margin_not_applicable_to_non_allow_decision""]",0.61265653,True,362,56.55389812,0.64380938,True,241,49.77543607,0.64929676,True,96,34.06733257,0.48086509,True,512,71.09486331
TXN0000035391,C008178,2024-12-24 06:36:02,escalate_to_merchant,0.90000000,1,escalate_to_merchant,0,escalate_to_merchant,fallback,True,merchant_configuration,True,0.01460588,,False,"[""decision_uncertain"", ""expected_value_margin:None"", ""probability_margin:None"", ""margin_not_applicable_to_non_allow_decision""]",0.59490567,False,49,7.23938140,0.64079970,False,8,4.29589038,0.62619382,False,23,3.80324523,0.40746874,False,11,2.70552140
TXN0000090089,C006543,2024-12-24 07:14:53,escalate_to_merchant,0.90000000,1,escalate_to_merchant,0,no_action,stop,False,customer_decline,False,0.03358483,,False,"[""no_eligible_positive_value_action"", ""failure_matrix:block"", ""margin_not_applicable_to_non_allow_decision""]",0.55501157,True,58,8.97709815,0.64163816,False,3,3.00000000,0.60805333,False,24,3.90270249,0.47017947,False,8,8.00000000
TXN0000234127,C008125,2024-12-24 09:40:48,retry_payment,0.90000000,1,retry_payment,0,no_action,stop,False,technical_retryable,False,0.01436198,,False,"[""no_eligible_positive_value_action"", ""failure_matrix:block"", ""margin_not_applicable_to_non_allow_decision""]",0.65937912,False,49,7.23938140,0.69599253,False,8,4.29589038,0.68163055,False,23,3.80324523,0.52195644,False,11,2.70552140
TXN0000207280,C008031,2024-12-24 09:42:53,retry_payment,0.90000000,0,retry_payment,0,payment_link,allow,False,technical_retryable,True,0.04421663,151.81000000,False,"[""eligible"", ""contextually_supported_or_manual"", ""highest_risk_adjusted_expected_value"", ""expected_value_margin:151.81"", ""probability_margin:0.071567"", ""decision_margin_passed""]",0.59881353,True,129,19.07760664,0.67038053,True,218,30.47265689,0.62616390,True,34,21.95535821,0.45946193,True,65,18.84615345
TXN0000103381,C004846,2024-12-24 09:48:23,retry_payment,0.90000000,0,retry_payment,0,escalate_to_merchant,fallback,True,merchant_configuration,True,0.02750897,,False,"[""decision_uncertain"", ""expected_value_margin:None"", ""probability_margin:None"", ""margin_not_applicable_to_non_allow_decision""]",0.61053079,True,73,10.21909638,0.64889067,False,23,5.49540018,0.67639965,True,54,8.41672235,0.46378493,True,72,12.00499847
TXN0000205164,C000535,2024-12-24 10:10:34,escalate_to_merchant,0.90000000,1,escalate_to_merchant,0,whatsapp_reminder,fallback,True,customer_decline,True,0.00635070,,False,"[""decision_uncertain"", ""expected_value_margin:4.2568199634552"", ""probability_margin:0.006350696086883545"", ""margin_not_applicable_to_non_allow_decision""]",0.57342058,True,359,56.24386377,0.62551463,True,85,37.80492775,0.63186532,True,126,41.91580028,0.44853783,True,694,97.85794000
TXN0000188766,C004761,2024-12-24 10:14:40,retry_payment,0.90000000,0,retry_payment,0,no_action,stop,False,customer_decline,False,0.01354361,,False,"[""no_eligible_positive_value_action"", ""failure_matrix:block"", ""margin_not_applicable_to_non_allow_decision""]",0.69264930,True,58,8.97709815,0.70397812,False,3,3.00000000,0.71752173,False,24,3.90270249,0.59050006,False,8,8.00000000
TXN0000143618,C006780,2024-12-24 10:36:00,payment_link,0.90000000,0,payment_link,0,payment_link,allow,False,authentication_required,True,0.02345335,249.74000000,False,"[""eligible"", ""contextually_supported_or_manual"", ""highest_risk_adjusted_expected_value"", ""expected_value_margin:140.16"", ""probability_margin:0.02345335"", ""fallback_ineligible""]",0.66321427,True,129,19.07760664,0.70566219,True,218,30.47265689,0.68220884,True,34,21.95535821,0.54072499,True,65,18.84615345
TXN0000119398,C008010,2024-12-24 10:39:06,escalate_to_merchant,0.90000000,1,escalate_to_merchant,0,retry_payment,fallback,True,technical_retryable,True,0.01670402,,False,"[""decision_uncertain"", ""expected_value_margin:5.675055027008057"", ""probability_margin:0.034708261489868164"", ""margin_not_applicable_to_non_allow_decision""]",0.61536276,True,359,56.24386377,0.65007102,True,85,37.80492775,0.63336700,True,126,41.91580028,0.51097876,True,694,97.85794000
TXN0000162670,C002970,2024-12-24 12:03:06,retry_payment,0.90000000,0,retry_payment,0,retry_payment,allow,False,technical_retryable,True,0.00786781,0.00000000,False,"[""eligible"", ""contextually_supported_or_manual"", ""highest_risk_adjusted_expected_value"", ""expected_value_margin:33.69"", ""probability_margin:0.01974851"", ""decision_margin_passed""]",0.58156544,True,134,25.67475706,0.56181693,True,55,23.54174517,0.58943325,True,69,17.37637634,0.44988176,True,213,29.38877094
TXN0000043801,C001874,2024-12-24 12:12:09,escalate_to_merchant,0.90000000,0,escalate_to_merchant,0,payment_link,fallback,True,authentication_required,True,0.02973306,,False,"[""decision_uncertain"", ""expected_value_margin:None"", ""probability_margin:None"", ""margin_not_applicable_to_non_allow_decision""]",0.64704269,True,382,61.49646714,0.70784885,True,55,50.36414754,0.67811579,True,122,42.51287438,0.55285054,True,685,101.16768160
TXN0000075735,C003427,2024-12-24 12:20:05,whatsapp_reminder,0.90000000,0,whatsapp_reminder,0,escalate_to_merchant,fallback,True,merchant_configuration,True,0.02829540,,False,"[""decision_uncertain"", ""expected_value_margin:None"", ""probability_margin:None"", ""margin_not_applicable_to_non_allow_decision""]",0.61550313,True,58,8.97709815,0.70412052,False,25,3.45418296,0.67582512,False,10,3.52962620,0.52882308,False,12,7.36805008
TXN0000207871,C004461,2024-12-24 13:07:05,retry_payment,0.90000000,1,retry_payment,0,payment_link,allow,False,technical_retryable,True,0.08825845,216.79000000,False,"[""eligible"", ""contextually_supported_or_manual"", ""highest_risk_adjusted_expected_value"", ""expected_value_margin:216.79"", ""probability_margin:0.08825845"", ""decision_margin_passed""]",0.58811104,True,129,19.07760664,0.67636949,True,218,30.47265689,0.58804393,True,34,21.95535821,0.44513330,True,65,18.84615345
TXN0000011917,C000273,2024-12-24 14:33:11,escalate_to_merchant,0.90000000,1,escalate_to_merchant,0,payment_link,fallback,True,authentication_required,True,0.00483143,,False,"[""decision_uncertain"", ""expected_value_margin:1.7407639026641846"", ""probability_margin:0.004831433296203613"", ""margin_not_applicable_to_non_allow_decision""]",0.57679391,True,134,25.67475706,0.60468948,True,55,23.54174517,0.59985805,True,69,17.37637634,0.44470805,True,213,29.38877094
TXN0000214862,C005460,2024-12-24 14:44:42,payment_link,0.90000000,1,payment_link,0,payment_link,allow,False,technical_retryable,True,0.01564205,111.04000000,False,"[""eligible"", ""contextually_supported_or_manual"", ""highest_risk_adjusted_expected_value"", ""expected_value_margin:111.05"", ""probability_margin:0.03358167"", ""decision_margin_passed""]",0.63200474,True,129,19.07760664,0.66558641,True,218,30.47265689,0.68122846,True,34,21.95535821,0.52721471,True,65,18.84615345
TXN0000149296,C003985,2024-12-24 15:24:38,escalate_to_merchant,0.90000000,1,escalate_to_merchant,0,no_action,stop,False,customer_decline,False,0.05477482,,False,"[""no_eligible_positive_value_action"", ""failure_matrix:block"", ""margin_not_applicable_to_non_allow_decision""]",0.52330655,True,382,61.49646714,0.57808137,True,55,50.36414754,0.51805538,True,122,42.51287438,0.40435866,True,685,101.16768160
TXN0000002291,C004992,2024-12-24 15:39:17,escalate_to_merchant,0.90000000,0,escalate_to_merchant,0,retry_payment,fallback,True,technical_retryable,True,0.02646488,,False,"[""decision_uncertain"", ""expected_value_margin:7.439448833465576"", ""probability_margin:0.059842824935913086"", ""margin_not_applicable_to_non_allow_decision""]",0.61043584,True,382,61.49646714,0.67027867,True,55,50.36414754,0.64381379,True,122,42.51287438,0.50687259,True,685,101.16768160
TXN0000042702,C008673,2024-12-24 15:57:47,retry_payment,0.90000000,0,retry_payment,0,payment_link,fallback,True,authentication_required,True,0.00602484,,False,"[""decision_uncertain"", ""expected_value_margin:None"", ""probability_margin:None"", ""margin_not_applicable_to_non_allow_decision""]",0.69682771,True,382,61.49646714,0.72484529,True,55,50.36414754,0.73087013,True,122,42.51287438,0.58574736,True,685,101.16768160
TXN0000228945,C000981,2024-12-24 16:19:42,retry_payment,0.90000000,1,retry_payment,0,no_action,stop,False,technical_retryable,False,0.00250322,,False,"[""no_eligible_positive_value_action"", ""failure_matrix:block"", ""margin_not_applicable_to_non_allow_decision""]",0.66884983,False,49,7.23938140,0.72339922,False,8,4.29589038,0.72089601,False,23,3.80324523,0.55412441,False,11,2.70552140
TXN0000236971,C000411,2024-12-24 16:28:26,retry_payment,0.90000000,1,retry_payment,0,retry_payment,fallback,True,technical_retryable,True,0.05227298,,False,"[""decision_uncertain"", ""expected_value_margin:8.93644404411316"", ""probability_margin:0.0522729754447937"", ""margin_not_applicable_to_non_allow_decision""]",0.61372519,True,359,56.24386377,0.66599816,True,85,37.80492775,0.60985780,True,126,41.91580028,0.45040029,True,694,97.85794000
TXN0000120279,C002440,2024-12-24 17:02:19,retry_payment,0.90000000,0,retry_payment,0,no_action,stop,False,authentication_required,False,0.02704960,,False,"[""no_eligible_positive_value_action"", ""failure_matrix:block"", ""margin_not_applicable_to_non_allow_decision""]",0.53893983,True,58,8.97709815,0.56232721,False,3,3.00000000,0.58937681,False,24,3.90270249,0.42885995,False,8,8.00000000
TXN0000207069,C009961,2024-12-24 17:09:26,whatsapp_reminder,0.90000000,0,whatsapp_reminder,0,whatsapp_reminder,fallback,True,authentication_required,True,0.00633985,,False,"[""decision_uncertain"", ""expected_value_margin:None"", ""probability_margin:None"", ""margin_not_applicable_to_non_allow_decision""]",0.58459836,False,4,1.22950817,0.63328218,False,1,1.00000000,0.62694234,True,25,25.00000000,0.47982484,False,2,1.07397260
TXN0000158405,C008561,2024-12-24 17:19:45,retry_payment,0.90000000,1,retry_payment,0,no_action,stop,False,authentication_required,False,0.01637477,,False,"[""no_eligible_positive_value_action"", ""failure_matrix:block"", ""margin_not_applicable_to_non_allow_decision""]",0.56195569,True,73,10.21909638,0.56862956,False,23,5.49540018,0.58500433,True,54,8.41672235,0.42251059,True,72,12.00499847
TXN0000014954,C008844,2024-12-24 18:14:18,escalate_to_merchant,0.90000000,0,escalate_to_merchant,0,retry_payment,fallback,True,technical_retryable,True,0.00981632,,False,"[""decision_uncertain"", ""expected_value_margin:None"", ""probability_margin:None"", ""margin_not_applicable_to_non_allow_decision""]",0.44728097,True,60,8.27440554,0.50923312,False,1,1.00000000,0.49941680,False,46,6.69767366,0.40151167,True,93,13.89845234
TXN0000046317,C001294,2024-12-24 18:29:54,retry_payment,0.90000000,1,retry_payment,0,retry_payment,fallback,True,technical_retryable,True,0.02123111,,False,"[""decision_uncertain"", ""expected_value_margin:None"", ""probability_margin:None"", ""margin_not_applicable_to_non_allow_decision""]",0.69411522,True,172,27.72056966,0.71788287,False,17,16.07278182,0.73911399,True,66,18.92736169,0.51203012,True,211,29.09046962
TXN0000132752,C000569,2024-12-24 18:34:04,retry_payment,0.90000000,0,retry_payment,0,no_action,stop,False,authentication_required,False,0.00285774,,False,"[""no_eligible_positive_value_action"", ""failure_matrix:block"", ""margin_not_applicable_to_non_allow_decision""]",0.73043305,True,58,8.97709815,0.77561748,False,25,3.45418296,0.77847522,False,10,3.52962620,0.57911420,False,12,7.36805008
TXN0000087488,C002381,2024-12-24 18:44:50,escalate_to_merchant,0.90000000,0,escalate_to_merchant,0,escalate_to_merchant,fallback,True,merchant_configuration,True,0.00457239,,False,"[""decision_uncertain"", ""expected_value_margin:None"", ""probability_margin:None"", ""margin_not_applicable_to_non_allow_decision""]",0.53125530,True,172,27.72056966,0.53582770,False,17,16.07278182,0.52394152,True,66,18.92736169,0.44020554,True,211,29.09046962
TXN0000052817,C005926,2024-12-24 18:45:58,retry_payment,0.90000000,0,retry_payment,0,payment_link,allow,False,technical_retryable,True,0.02555448,99.14000000,False,"[""eligible"", ""contextually_supported_or_manual"", ""highest_risk_adjusted_expected_value"", ""expected_value_margin:99.14"", ""probability_margin:0.05832064"", ""decision_margin_passed""]",0.48492742,True,129,19.07760664,0.54324806,True,218,30.47265689,0.51769358,True,34,21.95535821,0.35857224,True,65,18.84615345
TXN0000015456,C008192,2024-12-24 19:28:18,escalate_to_merchant,0.90000000,1,escalate_to_merchant,0,retry_payment,fallback,True,technical_retryable,True,0.02879435,,False,"[""decision_uncertain"", ""expected_value_margin:None"", ""probability_margin:None"", ""margin_not_applicable_to_non_allow_decision""]",0.62199217,True,47,47.00000000,0.65078652,False,2,2.00000000,0.61955357,False,21,3.60798899,0.47458646,False,12,3.68852452
TXN0000098866,C001467,2024-12-24 19:51:27,retry_payment,0.90000000,1,retry_payment,0,retry_payment,allow,False,technical_retryable,True,0.01183647,0.00000000,False,"[""eligible"", ""contextually_supported_or_manual"", ""highest_risk_adjusted_expected_value"", ""expected_value_margin:48.58"", ""probability_margin:0.0195182"", ""decision_margin_passed""]",0.64216965,True,129,19.07760664,0.62265146,True,218,30.47265689,0.65400612,True,34,21.95535821,0.50939852,True,65,18.84615345
TXN0000149625,C006743,2024-12-24 19:53:11,payment_link,0.90000000,1,payment_link,0,retry_payment,fallback,True,technical_retryable,True,0.02327091,,False,"[""decision_uncertain"", ""expected_value_margin:None"", ""probability_margin:None"", ""margin_not_applicable_to_non_allow_decision""]",0.63488340,True,58,8.97709815,0.66203618,False,25,3.45418296,0.63876528,False,10,3.52962620,0.44592845,False,12,7.36805008
TXN0000230319,C001431,2024-12-24 23:46:26,escalate_to_merchant,0.90000000,0,escalate_to_merchant,0,payment_link,allow,False,customer_decline,True,0.05732256,69.90000000,False,"[""eligible"", ""contextually_supported_or_manual"", ""highest_risk_adjusted_expected_value"", ""expected_value_margin:76.23"", ""probability_margin:0.05774713"", ""fallback_ineligible""]",0.43996885,True,134,25.67475706,0.49729142,True,55,23.54174517,0.43954429,True,69,17.37637634,0.35278040,True,213,29.38877094
TXN0000127593,C004150,2024-12-25 08:23:32,escalate_to_merchant,0.90000000,0,escalate_to_merchant,0,retry_payment,fallback,True,technical_retryable,True,0.03755724,,False,"[""decision_uncertain"", ""expected_value_margin:None"", ""probability_margin:None"", ""margin_not_applicable_to_non_allow_decision""]",0.52336973,True,58,8.97709815,0.60667193,False,3,3.00000000,0.56911469,False,24,3.90270249,0.44366771,False,8,8.00000000
TXN0000125188,C001227,2024-12-25 10:49:37,retry_payment,0.90000000,1,retry_payment,0,payment_link,fallback,True,authentication_required,True,0.01526135,,False,"[""decision_uncertain"", ""expected_value_margin:37.15481102466583"", ""probability_margin:0.015261352062225342"", ""margin_not_applicable_to_non_allow_decision""]",0.62989736,True,129,19.07760664,0.65128714,True,218,30.47265689,0.63602579,True,34,21.95535821,0.49545148,True,65,18.84615345
TXN0000033285,C001858,2024-12-25 10:53:01,retry_payment,0.90000000,1,retry_payment,0,payment_link,allow,False,technical_retryable,True,0.00843102,114.69000000,False,"[""eligible"", ""contextually_supported_or_manual"", ""highest_risk_adjusted_expected_value"", ""expected_value_margin:114.68"", ""probability_margin:0.05113989"", ""decision_margin_passed""]",0.54732531,True,129,19.07760664,0.59846520,True,218,30.47265689,0.59003419,True,34,21.95535821,0.40961713,True,65,18.84615345
TXN0000076122,C001095,2024-12-25 11:30:03,escalate_to_merchant,0.90000000,0,escalate_to_merchant,0,no_action,stop,False,technical_retryable,False,0.03683573,,False,"[""no_eligible_positive_value_action"", ""failure_matrix:block"", ""margin_not_applicable_to_non_allow_decision""]",0.50006557,False,49,7.23938140,0.59175235,False,8,4.29589038,0.55491662,False,23,3.80324523,0.42481571,False,11,2.70552140
TXN0000202670,C004581,2024-12-25 11:57:46,retry_payment,0.90000000,1,retry_payment,0,no_action,stop,False,authentication_required,False,0.00884771,,False,"[""no_eligible_positive_value_action"", ""failure_matrix:block"", ""margin_not_applicable_to_non_allow_decision""]",0.70080876,True,47,47.00000000,0.74153125,False,2,2.00000000,0.73268354,False,21,3.60798899,0.60450071,False,12,3.68852452
TXN0000190249,C007226,2024-12-25 12:39:24,payment_link,0.03333333,1,escalate_to_merchant,0,retry_payment,fallback,True,technical_retryable,True,0.02493447,,False,"[""decision_uncertain"", ""expected_value_margin:None"", ""probability_margin:None"", ""margin_not_applicable_to_non_allow_decision""]",0.54655188,True,172,27.72056966,0.60286021,False,17,16.07278182,0.57792574,True,66,18.92736169,0.43800139,True,211,29.09046962
TXN0000206946,C007422,2024-12-25 12:50:08,retry_payment,0.90000000,1,retry_payment,0,whatsapp_reminder,fallback,True,customer_decline,True,0.00730819,,False,"[""decision_uncertain"", ""expected_value_margin:None"", ""probability_margin:None"", ""margin_not_applicable_to_non_allow_decision""]",0.63489890,True,172,27.72056966,0.66839546,False,17,16.07278182,0.66108727,True,66,18.92736169,0.53300232,True,211,29.09046962
TXN0000170467,C009820,2024-12-25 13:14:52,escalate_to_merchant,0.90000000,0,escalate_to_merchant,0,payment_link,allow,False,technical_retryable,True,0.02826697,19.50000000,False,"[""eligible"", ""contextually_supported_or_manual"", ""highest_risk_adjusted_expected_value"", ""expected_value_margin:19.5"", ""probability_margin:0.04910475"", ""decision_margin_passed""]",0.57432252,True,359,56.24386377,0.62342727,True,85,37.80492775,0.59516031,True,126,41.91580028,0.45717207,True,694,97.85794000
TXN0000079817,C003058,2024-12-25 14:58:08,retry_payment,0.90000000,1,retry_payment,0,retry_payment,fallback,True,technical_retryable,True,0.03366715,,False,"[""decision_uncertain"", ""expected_value_margin:None"", ""probability_margin:None"", ""margin_not_applicable_to_non_allow_decision""]",0.65547282,True,58,8.97709815,0.72777116,False,3,3.00000000,0.69410402,False,24,3.90270249,0.56760889,False,8,8.00000000
TXN0000149732,C001717,2024-12-25 15:04:35,retry_payment,0.90000000,0,retry_payment,0,escalate_to_merchant,fallback,True,merchant_configuration,True,0.00877643,,False,"[""decision_uncertain"", ""expected_value_margin:None"", ""probability_margin:None"", ""margin_not_applicable_to_non_allow_decision""]",0.60785282,False,6,6.00000000,0.65232813,False,0,0.00000000,0.64355171,False,6,6.00000000,0.49349874,False,3,2.07333790
TXN0000198305,C008223,2024-12-25 16:00:22,escalate_to_merchant,0.90000000,1,escalate_to_merchant,0,retry_payment,fallback,True,technical_retryable,True,0.00272799,,False,"[""decision_uncertain"", ""expected_value_margin:None"", ""probability_margin:None"", ""margin_not_applicable_to_non_allow_decision""]",0.57052517,True,73,10.21909638,0.57325315,False,23,5.49540018,0.55557573,True,54,8.41672235,0.43261799,True,72,12.00499847
TXN0000196160,C001905,2024-12-25 16:10:28,payment_link,0.90000000,1,payment_link,0,payment_link,allow,False,technical_retryable,True,0.02629489,35.47000000,False,"[""eligible"", ""contextually_supported_or_manual"", ""highest_risk_adjusted_expected_value"", ""expected_value_margin:35.47"", ""probability_margin:0.02629489"", ""decision_margin_passed""]",0.64100605,True,129,19.07760664,0.66730094,True,218,30.47265689,0.63262314,True,34,21.95535821,0.52043551,True,65,18.84615345
TXN0000021163,C006435,2024-12-25 16:32:14,retry_payment,0.90000000,1,retry_payment,0,retry_payment,fallback,True,technical_retryable,True,0.00651938,,False,"[""decision_uncertain"", ""expected_value_margin:8.246320605278015"", ""probability_margin:0.03858983516693115"", ""margin_not_applicable_to_non_allow_decision""]",0.62518644,True,359,56.24386377,0.66377628,True,85,37.80492775,0.65725690,True,126,41.91580028,0.51381898,True,694,97.85794000
TXN0000126769,C007962,2024-12-25 17:03:29,whatsapp_reminder,0.03333333,0,retry_payment,0,no_action,stop,False,authentication_required,False,0.02690566,,False,"[""no_eligible_positive_value_action"", ""failure_matrix:block"", ""margin_not_applicable_to_non_allow_decision""]",0.61769092,True,58,8.97709815,0.63860112,False,3,3.00000000,0.66550678,False,24,3.90270249,0.51174235,False,8,8.00000000
TXN0000202520,C001407,2024-12-25 17:11:33,whatsapp_reminder,0.03333333,1,payment_link,0,payment_link,fallback,True,authentication_required,True,0.01593953,,False,"[""decision_uncertain"", ""expected_value_margin:20.78262621164322"", ""probability_margin:0.015939533710479736"", ""margin_not_applicable_to_non_allow_decision""]",0.63559008,True,134,25.67475706,0.67440563,True,55,23.54174517,0.65846610,True,69,17.37637634,0.51197040,True,213,29.38877094
TXN0000225015,C001194,2024-12-25 17:21:27,retry_payment,0.90000000,1,retry_payment,0,payment_link,fallback,True,authentication_required,True,0.01395738,,False,"[""decision_uncertain"", ""expected_value_margin:9.348583817481995"", ""probability_margin:0.013957381248474121"", ""margin_not_applicable_to_non_allow_decision""]",0.54958141,True,134,25.67475706,0.64486277,True,55,23.54174517,0.63090539,True,69,17.37637634,0.44402194,True,213,29.38877094
TXN0000031727,C002476,2024-12-25 17:47:58,retry_payment,0.90000000,1,retry_payment,0,no_action,stop,False,authentication_required,False,0.01065308,,False,"[""no_eligible_positive_value_action"", ""failure_matrix:block"", ""margin_not_applicable_to_non_allow_decision""]",0.49399534,True,126,18.74890631,0.56128228,False,9,9.00000000,0.57193536,True,73,15.08078281,0.43167344,True,237,33.53941007
TXN0000059639,C003197,2024-12-25 19:49:26,retry_payment,0.90000000,1,retry_payment,0,payment_link,fallback,True,authentication_required,True,0.01649994,,False,"[""decision_uncertain"", ""expected_value_margin:0.587989091873169"", ""probability_margin:0.01649993658065796"", ""margin_not_applicable_to_non_allow_decision""]",0.60172087,True,382,61.49646714,0.64970696,True,55,50.36414754,0.63320702,True,122,42.51287438,0.48858342,True,685,101.16768160
TXN0000069578,C003903,2024-12-25 19:53:33,payment_link,0.03333333,1,retry_payment,0,no_action,stop,False,technical_retryable,False,0.00463158,,False,"[""no_eligible_positive_value_action"", ""failure_matrix:block"", ""margin_not_applicable_to_non_allow_decision""]",0.69119620,False,49,7.23938140,0.71587467,False,8,4.29589038,0.72050625,False,23,3.80324523,0.55315793,False,11,2.70552140
TXN0000114561,C004423,2024-12-25 20:08:32,whatsapp_reminder,0.90000000,0,whatsapp_reminder,0,no_action,stop,False,technical_retryable,False,0.01502180,,False,"[""no_eligible_positive_value_action"", ""failure_matrix:block"", ""margin_not_applicable_to_non_allow_decision""]",0.51307017,False,3,3.00000000,0.53712970,False,0,0.00000000,0.52210790,False,19,19.00000000,0.43804148,False,2,1.07397260
TXN0000062634,C003057,2024-12-25 20:19:57,whatsapp_reminder,0.90000000,1,whatsapp_reminder,0,retry_payment,fallback,True,technical_retryable,True,0.00992876,,False,"[""decision_uncertain"", ""expected_value_margin:None"", ""probability_margin:None"", ""margin_not_applicable_to_non_allow_decision""]",0.47741231,True,73,10.21909638,0.47304797,False,23,5.49540018,0.48734108,True,54,8.41672235,0.36599204,True,72,12.00499847
TXN0000199384,C000313,2024-12-25 20:22:04,escalate_to_merchant,0.90000000,1,escalate_to_merchant,0,escalate_to_merchant,fallback,True,merchant_configuration,True,0.03044504,,False,"[""decision_uncertain"", ""expected_value_margin:None"", ""probability_margin:None"", ""margin_not_applicable_to_non_allow_decision""]",0.49140346,True,134,25.67475706,0.56842130,True,55,23.54174517,0.53797626,True,69,17.37637634,0.35665190,True,213,29.38877094
TXN0000111109,C000790,2024-12-25 20:58:44,whatsapp_reminder,0.90000000,1,whatsapp_reminder,0,no_action,stop,False,customer_decline,False,0.01444042,,False,"[""no_eligible_positive_value_action"", ""failure_matrix:block"", ""margin_not_applicable_to_non_allow_decision""]",0.66724104,False,49,7.23938140,0.69406348,False,8,4.29589038,0.67962307,False,23,3.80324523,0.54824245,False,11,2.70552140
TXN0000135852,C000696,2024-12-25 21:00:17,retry_payment,0.90000000,1,retry_payment,0,retry_payment,fallback,True,technical_retryable,True,0.05213171,,False,"[""decision_uncertain"", ""expected_value_margin:None"", ""probability_margin:None"", ""margin_not_applicable_to_non_allow_decision""]",0.52256095,True,60,8.27440554,0.52297449,False,1,1.00000000,0.57510620,False,46,6.69767366,0.38515314,True,93,13.89845234
TXN0000027698,C000848,2024-12-25 21:06:57,retry_payment,0.90000000,0,retry_payment,0,payment_link,allow,False,authentication_required,True,0.02427649,47.98000000,False,"[""eligible"", ""contextually_supported_or_manual"", ""highest_risk_adjusted_expected_value"", ""expected_value_margin:27.61"", ""probability_margin:0.02427649"", ""fallback_ineligible""]",0.66258937,True,134,25.67475706,0.70809442,True,55,23.54174517,0.68381792,True,69,17.37637634,0.48803663,True,213,29.38877094
TXN0000084524,C008444,2024-12-25 21:24:38,retry_payment,0.90000000,1,retry_payment,0,whatsapp_reminder,fallback,True,authentication_required,True,0.01006824,,False,"[""decision_uncertain"", ""expected_value_margin:5.149652481079102"", ""probability_margin:0.010068237781524658"", ""margin_not_applicable_to_non_allow_decision""]",0.53994304,True,359,56.24386377,0.57280856,True,85,37.80492775,0.58287680,True,126,41.91580028,0.36157924,True,694,97.85794000
TXN0000158019,C003322,2024-12-25 23:47:30,no_action,1.00000000,0,no_action,1,escalate_to_merchant,fallback,True,fraud_risk,True,0.03727931,,False,"[""fraud_requires_manual_escalation"", ""manual_action_only"", ""margin_not_applicable_to_non_allow_decision""]",0.57560736,True,382,61.49646714,0.62280345,True,55,50.36414754,0.58552414,True,122,42.51287438,0.48593268,True,685,101.16768160
TXN0000035734,C003786,2024-12-26 00:03:18,retry_payment,0.90000000,1,retry_payment,0,retry_payment,fallback,True,technical_retryable,True,0.03046322,,False,"[""decision_uncertain"", ""expected_value_margin:None"", ""probability_margin:None"", ""margin_not_applicable_to_non_allow_decision""]",0.62371475,True,47,47.00000000,0.64390987,False,2,2.00000000,0.67437309,False,21,3.60798899,0.50910735,False,12,3.68852452
TXN0000155186,C009332,2024-12-26 09:03:48,payment_link,0.90000000,1,payment_link,0,payment_link,allow,False,technical_retryable,True,0.02320868,113.47000000,False,"[""eligible"", ""contextually_supported_or_manual"", ""highest_risk_adjusted_expected_value"", ""expected_value_margin:113.47"", ""probability_margin:0.05166632"", ""decision_margin_passed""]",0.53558886,True,129,19.07760664,0.58725518,True,218,30.47265689,0.56404650,True,34,21.95535821,0.42580730,True,65,18.84615345
TXN0000139897,C000477,2024-12-26 09:10:20,escalate_to_merchant,0.90000000,1,escalate_to_merchant,0,payment_link,allow,False,technical_retryable,True,0.02099454,26.48000000,False,"[""eligible"", ""contextually_supported_or_manual"", ""highest_risk_adjusted_expected_value"", ""expected_value_margin:26.48"", ""probability_margin:0.0605908"", ""decision_margin_passed""]",0.57982248,True,359,56.24386377,0.64041328,True,85,37.80492775,0.61941874,True,126,41.91580028,0.45927709,True,694,97.85794000
TXN0000007618,C000666,2024-12-26 09:36:56,payment_link,0.90000000,1,payment_link,0,payment_link,allow,False,authentication_required,True,0.04110026,80.24000000,False,"[""eligible"", ""contextually_supported_or_manual"", ""highest_risk_adjusted_expected_value"", ""expected_value_margin:67.25"", ""probability_margin:0.04110026"", ""fallback_ineligible""]",0.55530030,True,387,66.60326136,0.60748094,True,625,91.91881191,0.56638068,True,50,36.09870729,0.39819601,True,196,56.61961283
TXN0000013721,C006898,2024-12-26 09:50:53,retry_payment,0.90000000,1,retry_payment,0,retry_payment,fallback,True,technical_retryable,True,0.00060242,,False,"[""decision_uncertain"", ""expected_value_margin:None"", ""probability_margin:None"", ""margin_not_applicable_to_non_allow_decision""]",0.66344446,True,172,27.72056966,0.66284204,False,17,16.07278182,0.63911372,True,66,18.92736169,0.54537451,True,211,29.09046962
TXN0000009062,C000628,2024-12-26 10:03:18,retry_payment,0.90000000,0,retry_payment,0,whatsapp_reminder,fallback,True,customer_decline,True,0.03048426,,False,"[""decision_uncertain"", ""expected_value_margin:None"", ""probability_margin:None"", ""margin_not_applicable_to_non_allow_decision""]",0.57428396,True,126,18.74890631,0.55598032,False,9,9.00000000,0.60476822,True,73,15.08078281,0.47233856,True,237,33.53941007
TXN0000031689,C008676,2024-12-26 11:21:14,whatsapp_reminder,0.90000000,1,whatsapp_reminder,0,whatsapp_reminder,fallback,True,customer_decline,True,0.02263820,,False,"[""decision_uncertain"", ""expected_value_margin:None"", ""probability_margin:None"", ""margin_not_applicable_to_non_allow_decision""]",0.59797728,True,73,10.21909638,0.63021970,False,23,5.49540018,0.65285790,True,54,8.41672235,0.43727788,True,72,12.00499847
TXN0000099818,C008567,2024-12-26 11:26:35,retry_payment,0.90000000,1,retry_payment,0,payment_link,allow,False,technical_retryable,True,0.00941986,145.67000000,False,"[""eligible"", ""contextually_supported_or_manual"", ""highest_risk_adjusted_expected_value"", ""expected_value_margin:145.67"", ""probability_margin:0.07058662"", ""decision_margin_passed""]",0.60545474,True,129,19.07760664,0.67604136,True,218,30.47265689,0.66662151,True,34,21.95535821,0.44469106,True,65,18.84615345
TXN0000114207,C009750,2024-12-26 12:00:18,whatsapp_reminder,0.90000000,0,whatsapp_reminder,0,whatsapp_reminder,allow,False,customer_decline,True,0.02944016,52.15000000,False,"[""eligible"", ""contextually_supported_or_manual"", ""highest_risk_adjusted_expected_value"", ""expected_value_margin:37.73"", ""probability_margin:0.02944016"", ""fallback_ineligible""]",0.55994701,True,134,25.67475706,0.57855970,True,55,23.54174517,0.60799986,True,69,17.37637634,0.42424375,True,213,29.38877094
TXN0000047114,C004191,2024-12-26 12:21:45,retry_payment,0.90000000,1,retry_payment,0,retry_payment,fallback,True,technical_retryable,True,0.01281136,,False,"[""decision_uncertain"", ""expected_value_margin:168.22655415534973"", ""probability_margin:0.014943718910217285"", ""margin_not_applicable_to_non_allow_decision""]",0.62370467,True,387,66.60326136,0.60876095,True,625,91.91881191,0.63651603,True,50,36.09870729,0.45353878,True,196,56.61961283
TXN0000138593,C008848,2024-12-26 12:32:56,escalate_to_merchant,0.90000000,0,escalate_to_merchant,0,payment_link,allow,False,customer_decline,True,0.05815727,53.60000000,False,"[""eligible"", ""contextually_supported_or_manual"", ""highest_risk_adjusted_expected_value"", ""expected_value_margin:51.02"", ""probability_margin:0.05815727"", ""fallback_ineligible""]",0.47719309,True,134,25.67475706,0.54444480,True,55,23.54174517,0.48628753,True,69,17.37637634,0.40062553,True,213,29.38877094
TXN0000096202,C003924,2024-12-26 13:12:21,whatsapp_reminder,0.90000000,1,whatsapp_reminder,0,no_action,stop,False,authentication_required,False,0.00391328,,False,"[""no_eligible_positive_value_action"", ""failure_matrix:block"", ""margin_not_applicable_to_non_allow_decision""]",0.63749176,False,18,18.00000000,0.68537110,False,1,1.00000000,0.68145782,False,7,3.29758098,0.53164274,False,0,0.00000000
TXN0000111638,C009255,2024-12-26 14:12:59,retry_payment,0.90000000,1,retry_payment,0,no_action,stop,False,technical_retryable,False,0.01775169,,False,"[""no_eligible_positive_value_action"", ""failure_matrix:block"", ""margin_not_applicable_to_non_allow_decision""]",0.63435012,False,3,3.00000000,0.67459726,False,0,0.00000000,0.65684557,False,19,19.00000000,0.54097140,False,2,1.07397260
TXN0000106447,C002999,2024-12-26 15:47:45,retry_payment,0.90000000,1,retry_payment,0,no_action,stop,False,customer_decline,False,0.03067088,,False,"[""customer_opted_out"", ""margin_not_applicable_to_non_allow_decision""]",0.52366656,True,73,10.21909638,0.55433744,False,23,5.49540018,0.50701773,True,54,8.41672235,0.38075984,True,72,12.00499847
TXN0000084449,C009450,2024-12-26 15:58:40,retry_payment,0.90000000,1,retry_payment,0,no_action,stop,False,customer_decline,False,0.00789833,,False,"[""no_eligible_positive_value_action"", ""failure_matrix:block"", ""margin_not_applicable_to_non_allow_decision""]",0.58866185,True,58,8.97709815,0.66803426,False,3,3.00000000,0.67593259,False,24,3.90270249,0.52671409,False,8,8.00000000
TXN0000046446,C006241,2024-12-26 16:32:31,retry_payment,0.90000000,1,retry_payment,0,no_action,stop,False,authentication_required,False,0.04401612,,False,"[""no_eligible_positive_value_action"", ""failure_matrix:block"", ""margin_not_applicable_to_non_allow_decision""]",0.69783032,True,58,8.97709815,0.69806707,False,3,3.00000000,0.74208319,False,24,3.90270249,0.58781654,False,8,8.00000000
TXN0000202627,C005615,2024-12-26 16:44:28,retry_payment,0.90000000,0,retry_payment,0,escalate_to_merchant,fallback,True,merchant_configuration,True,0.01503140,,False,"[""decision_uncertain"", ""expected_value_margin:None"", ""probability_margin:None"", ""margin_not_applicable_to_non_allow_decision""]",0.63810474,True,359,56.24386377,0.68267614,True,85,37.80492775,0.66764474,True,126,41.91580028,0.54457724,True,694,97.85794000
TXN0000215795,C006816,2024-12-26 17:14:20,retry_payment,0.90000000,0,retry_payment,0,no_action,stop,False,customer_decline,False,0.02180535,,False,"[""no_eligible_positive_value_action"", ""failure_matrix:block"", ""margin_not_applicable_to_non_allow_decision""]",0.62357348,False,18,18.00000000,0.64982158,False,1,1.00000000,0.67162693,False,7,3.29758098,0.48466426,False,0,0.00000000
TXN0000091947,C005891,2024-12-26 17:59:41,escalate_to_merchant,0.90000000,1,escalate_to_merchant,0,whatsapp_reminder,fallback,True,authentication_required,True,0.01489621,,False,"[""decision_uncertain"", ""expected_value_margin:17.816543638706207"", ""probability_margin:0.014896214008331299"", ""margin_not_applicable_to_non_allow_decision""]",0.54943824,True,134,25.67475706,0.55309510,True,55,23.54174517,0.56799132,True,69,17.37637634,0.37307173,True,213,29.38877094
TXN0000173224,C004021,2024-12-26 18:08:41,payment_link,0.90000000,1,payment_link,0,no_action,stop,False,authentication_required,False,0.02647448,,False,"[""no_eligible_positive_value_action"", ""failure_matrix:block"", ""margin_not_applicable_to_non_allow_decision""]",0.61698580,True,58,8.97709815,0.67696959,False,25,3.45418296,0.65049511,False,10,3.52962620,0.50590223,False,12,7.36805008
TXN0000008162,C008877,2024-12-26 18:26:11,retry_payment,0.90000000,0,retry_payment,0,no_action,stop,False,customer_decline,False,0.02101219,,False,"[""no_eligible_positive_value_action"", ""failure_matrix:block"", ""margin_not_applicable_to_non_allow_decision""]",0.64228565,True,58,8.97709815,0.63932049,False,25,3.45418296,0.66329783,False,10,3.52962620,0.52045417,False,12,7.36805008
TXN0000030213,C005249,2024-12-26 18:57:56,retry_payment,0.90000000,0,retry_payment,0,whatsapp_reminder,fallback,True,authentication_required,True,0.00819343,,False,"[""decision_uncertain"", ""expected_value_margin:None"", ""probability_margin:None"", ""margin_not_applicable_to_non_allow_decision""]",0.63005430,True,172,27.72056966,0.61521310,False,17,16.07278182,0.62186086,True,66,18.92736169,0.51616764,True,211,29.09046962
TXN0000136909,C008729,2024-12-26 19:18:34,retry_payment,0.90000000,0,retry_payment,0,escalate_to_merchant,fallback,True,merchant_configuration,True,0.04960912,,False,"[""decision_uncertain"", ""expected_value_margin:None"", ""probability_margin:None"", ""margin_not_applicable_to_non_allow_decision""]",0.61597711,True,47,47.00000000,0.70022261,False,2,2.00000000,0.65061349,False,21,3.60798899,0.51770139,False,12,3.68852452
TXN0000084345,C004438,2024-12-26 19:33:11,retry_payment,0.90000000,1,retry_payment,0,no_action,stop,False,authentication_required,False,0.00983155,,False,"[""no_eligible_positive_value_action"", ""failure_matrix:block"", ""margin_not_applicable_to_non_allow_decision""]",0.47220987,True,47,47.00000000,0.54818094,False,2,2.00000000,0.55801249,False,21,3.60798899,0.39545831,False,12,3.68852452
TXN0000057185,C007424,2024-12-26 19:46:12,escalate_to_merchant,0.90000000,0,escalate_to_merchant,0,retry_payment,fallback,True,technical_retryable,True,0.03221127,,False,"[""decision_uncertain"", ""expected_value_margin:None"", ""probability_margin:None"", ""margin_not_applicable_to_non_allow_decision""]",0.42824915,True,73,10.21909638,0.46046042,False,23,5.49540018,0.42224619,True,54,8.41672235,0.27849671,True,72,12.00499847
TXN0000042230,C004517,2024-12-26 19:58:12,retry_payment,0.90000000,1,retry_payment,0,retry_payment,fallback,True,technical_retryable,True,0.01658154,,False,"[""decision_uncertain"", ""expected_value_margin:None"", ""probability_margin:None"", ""margin_not_applicable_to_non_allow_decision""]",0.56415850,True,172,27.72056966,0.63142127,False,17,16.07278182,0.61483973,True,66,18.92736169,0.46689609,True,211,29.09046962
TXN0000202716,C008319,2024-12-26 20:31:07,payment_link,0.03333333,1,retry_payment,0,retry_payment,fallback,True,technical_retryable,True,0.01437342,,False,"[""decision_uncertain"", ""expected_value_margin:None"", ""probability_margin:None"", ""margin_not_applicable_to_non_allow_decision""]",0.64310837,True,47,47.00000000,0.63119757,False,2,2.00000000,0.65748179,False,21,3.60798899,0.54814184,False,12,3.68852452
TXN0000196658,C004369,2024-12-26 20:45:11,payment_link,0.03333333,1,escalate_to_merchant,0,retry_payment,fallback,True,technical_retryable,True,0.03811121,,False,"[""decision_uncertain"", ""expected_value_margin:None"", ""probability_margin:None"", ""margin_not_applicable_to_non_allow_decision""]",0.61440653,True,58,8.97709815,0.67489201,False,3,3.00000000,0.63678080,False,24,3.90270249,0.50859773,False,8,8.00000000
TXN0000062001,C009212,2024-12-26 20:48:29,retry_payment,0.90000000,1,retry_payment,0,payment_link,allow,False,technical_retryable,True,0.05056071,119.93000000,False,"[""eligible"", ""contextually_supported_or_manual"", ""highest_risk_adjusted_expected_value"", ""expected_value_margin:119.93"", ""probability_margin:0.06601292"", ""decision_margin_passed""]",0.59877598,True,129,19.07760664,0.66478890,True,218,30.47265689,0.61422819,True,34,21.95535821,0.47329882,True,65,18.84615345
TXN0000239830,C005491,2024-12-26 21:25:16,retry_payment,0.90000000,0,retry_payment,0,escalate_to_merchant,fallback,True,merchant_configuration,True,0.00287324,,False,"[""decision_uncertain"", ""expected_value_margin:None"", ""probability_margin:None"", ""margin_not_applicable_to_non_allow_decision""]",0.69161350,False,6,6.00000000,0.72132349,False,0,0.00000000,0.72419673,False,6,6.00000000,0.56518036,False,3,2.07333790
TXN0000158790,C007565,2024-12-26 21:40:37,escalate_to_merchant,0.90000000,1,escalate_to_merchant,0,retry_payment,fallback,True,technical_retryable,True,0.02270579,,False,"[""decision_uncertain"", ""expected_value_margin:None"", ""probability_margin:None"", ""margin_not_applicable_to_non_allow_decision""]",0.62268442,True,58,8.97709815,0.66974628,False,3,3.00000000,0.64704049,False,24,3.90270249,0.51845747,False,8,8.00000000
TXN0000077266,C008202,2024-12-26 21:53:33,retry_payment,0.90000000,0,retry_payment,0,retry_payment,fallback,True,technical_retryable,True,0.01287609,,False,"[""decision_uncertain"", ""expected_value_margin:None"", ""probability_margin:None"", ""margin_not_applicable_to_non_allow_decision""]",0.61607790,True,73,10.21909638,0.64817065,False,23,5.49540018,0.66104674,True,54,8.41672235,0.47218621,True,72,12.00499847
TXN0000161214,C000214,2024-12-26 21:57:19,whatsapp_reminder,0.90000000,0,whatsapp_reminder,0,retry_payment,fallback,True,technical_retryable,True,0.00331008,,False,"[""decision_uncertain"", ""expected_value_margin:None"", ""probability_margin:None"", ""margin_not_applicable_to_non_allow_decision""]",0.68178892,True,47,47.00000000,0.71609497,False,2,2.00000000,0.71940506,False,21,3.60798899,0.58443302,False,12,3.68852452
TXN0000099074,C008040,2024-12-26 23:55:09,payment_link,0.90000000,0,payment_link,0,payment_link,allow,False,authentication_required,True,0.05579054,1065.30000000,False,"[""eligible"", ""contextually_supported_or_manual"", ""highest_risk_adjusted_expected_value"", ""expected_value_margin:808.44"", ""probability_margin:0.05579054"", ""fallback_ineligible""]",0.58128214,True,387,66.60326136,0.65514463,True,625,91.91881191,0.59935409,True,50,36.09870729,0.35706729,True,196,56.61961283
TXN0000234828,C000840,2024-12-27 01:22:02,whatsapp_reminder,0.90000000,1,whatsapp_reminder,0,no_action,stop,False,customer_decline,False,0.02845007,,False,"[""no_eligible_positive_value_action"", ""failure_matrix:block"", ""margin_not_applicable_to_non_allow_decision""]",0.55810487,False,19,3.41762696,0.59866339,False,2,2.00000000,0.57021332,False,6,6.00000000,0.41160548,False,1,1.00000000
TXN0000114641,C008667,2024-12-27 02:24:43,whatsapp_reminder,0.90000000,1,whatsapp_reminder,0,whatsapp_reminder,fallback,True,customer_decline,True,0.00599438,,False,"[""decision_uncertain"", ""expected_value_margin:1.8543709516525269"", ""probability_margin:-0.00599437952041626"", ""margin_not_applicable_to_non_allow_decision""]",0.63900775,True,382,61.49646714,0.68134028,True,55,50.36414754,0.67534590,True,122,42.51287438,0.51173460,True,685,101.16768160
TXN0000033926,C006432,2024-12-27 04:56:43,whatsapp_reminder,0.90000000,0,whatsapp_reminder,0,no_action,stop,False,customer_decline,False,0.00276220,,False,"[""no_eligible_positive_value_action"", ""failure_matrix:block"", ""margin_not_applicable_to_non_allow_decision""]",0.60291803,True,47,47.00000000,0.67869645,False,2,2.00000000,0.67593426,False,21,3.60798899,0.48524484,False,12,3.68852452
TXN0000038693,C000445,2024-12-27 08:21:03,retry_payment,0.90000000,0,retry_payment,0,escalate_to_merchant,fallback,True,merchant_configuration,True,0.04185641,,False,"[""decision_uncertain"", ""expected_value_margin:None"", ""probability_margin:None"", ""margin_not_applicable_to_non_allow_decision""]",0.59629583,True,129,19.07760664,0.63638496,True,218,30.47265689,0.67824137,True,34,21.95535821,0.45800555,True,65,18.84615345
TXN0000016530,C007341,2024-12-27 08:30:13,retry_payment,0.90000000,1,retry_payment,0,retry_payment,fallback,True,technical_retryable,True,0.01582199,,False,"[""decision_uncertain"", ""expected_value_margin:None"", ""probability_margin:None"", ""margin_not_applicable_to_non_allow_decision""]",0.57484055,True,172,27.72056966,0.64780176,False,17,16.07278182,0.63197976,True,66,18.92736169,0.50273150,True,211,29.09046962
TXN0000219451,C004120,2024-12-27 10:16:44,escalate_to_merchant,0.90000000,1,escalate_to_merchant,0,payment_link,allow,False,authentication_required,True,0.02476966,42.93000000,False,"[""eligible"", ""contextually_supported_or_manual"", ""highest_risk_adjusted_expected_value"", ""expected_value_margin:15.76"", ""probability_margin:0.02476966"", ""fallback_ineligible""]",0.55626148,True,134,25.67475706,0.62631840,True,55,23.54174517,0.60154873,True,69,17.37637634,0.42757076,True,213,29.38877094
TXN0000240256,C008781,2024-12-27 10:27:03,retry_payment,0.90000000,1,retry_payment,0,no_action,stop,False,technical_retryable,False,0.04628050,,False,"[""customer_opted_out"", ""margin_not_applicable_to_non_allow_decision""]",0.60770667,True,59,8.94277964,0.65398717,True,90,12.53697431,0.60696679,False,19,4.27099396,0.46239492,True,43,10.73819641
TXN0000116941,C007740,2024-12-27 11:12:53,escalate_to_merchant,0.90000000,1,escalate_to_merchant,0,retry_payment,fallback,True,technical_retryable,True,0.01782471,,False,"[""decision_uncertain"", ""expected_value_margin:None"", ""probability_margin:None"", ""margin_not_applicable_to_non_allow_decision""]",0.55165631,True,126,18.74890631,0.56575257,False,9,9.00000000,0.58357728,True,73,15.08078281,0.44976714,True,237,33.53941007
TXN0000027051,C005135,2024-12-27 11:13:15,retry_payment,0.90000000,1,retry_payment,0,no_action,stop,False,authentication_required,False,0.05560356,,False,"[""no_eligible_positive_value_action"", ""failure_matrix:block"", ""margin_not_applicable_to_non_allow_decision""]",0.64753556,True,58,8.97709815,0.70313913,False,25,3.45418296,0.64119351,False,10,3.52962620,0.52869469,False,12,7.36805008
TXN0000142754,C004707,2024-12-27 12:03:20,escalate_to_merchant,0.90000000,0,escalate_to_merchant,0,whatsapp_reminder,fallback,True,authentication_required,True,0.03196239,,False,"[""decision_uncertain"", ""expected_value_margin:None"", ""probability_margin:None"", ""margin_not_applicable_to_non_allow_decision""]",0.51326704,True,126,18.74890631,0.56544441,False,9,9.00000000,0.53348202,True,73,15.08078281,0.43619058,True,237,33.53941007
TXN0000002199,C008178,2024-12-27 13:13:27,whatsapp_reminder,0.90000000,1,whatsapp_reminder,0,whatsapp_reminder,fallback,True,authentication_required,True,0.03859794,,False,"[""decision_uncertain"", ""expected_value_margin:None"", ""probability_margin:None"", ""margin_not_applicable_to_non_allow_decision""]",0.45866883,False,49,7.90577463,0.49726677,False,6,6.00000000,0.45696345,True,63,11.63500628,0.35201362,True,88,12.69429910
TXN0000156311,C001888,2024-12-27 13:37:58,escalate_to_merchant,0.90000000,0,escalate_to_merchant,0,payment_link,allow,False,authentication_required,True,0.05722582,15.01000000,False,"[""eligible"", ""contextually_supported_or_manual"", ""highest_risk_adjusted_expected_value"", ""expected_value_margin:22.52"", ""probability_margin:0.06160504"", ""fallback_ineligible""]",0.58187431,True,359,56.24386377,0.63910013,True,85,37.80492775,0.57749510,True,126,41.91580028,0.48523462,True,694,97.85794000
TXN0000122141,C000295,2024-12-27 14:46:14,retry_payment,0.90000000,0,retry_payment,0,no_action,stop,False,authentication_required,False,0.00240475,,False,"[""no_eligible_positive_value_action"", ""failure_matrix:block"", ""margin_not_applicable_to_non_allow_decision""]",0.62947279,True,47,47.00000000,0.67020935,False,2,2.00000000,0.66780460,False,21,3.60798899,0.55338538,False,12,3.68852452
TXN0000113666,C001994,2024-12-27 15:18:43,escalate_to_merchant,0.90000000,0,escalate_to_merchant,0,payment_link,allow,False,technical_retryable,True,0.00949621,22.51000000,False,"[""eligible"", ""contextually_supported_or_manual"", ""highest_risk_adjusted_expected_value"", ""expected_value_margin:22.51"", ""probability_margin:0.04345906"", ""decision_margin_passed""]",0.62945056,True,362,56.55389812,0.67290962,True,241,49.77543607,0.66341341,True,96,34.06733257,0.54199332,True,512,71.09486331
TXN0000154833,C004563,2024-12-27 15:30:13,whatsapp_reminder,0.90000000,0,whatsapp_reminder,0,escalate_to_merchant,fallback,True,merchant_configuration,True,0.00748390,,False,"[""decision_uncertain"", ""expected_value_margin:None"", ""probability_margin:None"", ""margin_not_applicable_to_non_allow_decision""]",0.61323696,True,359,56.24386377,0.66614091,True,85,37.80492775,0.65865701,True,126,41.91580028,0.51037508,True,694,97.85794000
TXN0000228182,C006032,2024-12-27 16:57:31,retry_payment,0.90000000,1,retry_payment,0,payment_link,allow,False,technical_retryable,True,0.03059554,82.16000000,False,"[""eligible"", ""contextually_supported_or_manual"", ""highest_risk_adjusted_expected_value"", ""expected_value_margin:82.17"", ""probability_margin:0.03059554"", ""decision_margin_passed""]",0.54504865,True,129,19.07760664,0.57564420,True,218,30.47265689,0.54176569,True,34,21.95535821,0.44639373,True,65,18.84615345
TXN0000077919,C005735,2024-12-27 17:02:18,retry_payment,0.90000000,1,retry_payment,0,retry_payment,fallback,True,technical_retryable,True,0.00543767,,False,"[""decision_uncertain"", ""expected_value_margin:None"", ""probability_margin:None"", ""margin_not_applicable_to_non_allow_decision""]",0.55004883,True,58,8.97709815,0.57413763,False,25,3.45418296,0.56869996,False,10,3.52962620,0.38557878,False,12,7.36805008
TXN0000127876,C005634,2024-12-27 17:28:45,escalate_to_merchant,0.03333333,1,retry_payment,0,no_action,stop,False,customer_decline,False,0.05410552,,False,"[""no_eligible_positive_value_action"", ""failure_matrix:block"", ""margin_not_applicable_to_non_allow_decision""]",0.53198254,True,58,8.97709815,0.55394703,False,3,3.00000000,0.60805255,False,24,3.90270249,0.44749829,False,8,8.00000000
TXN0000048520,C004280,2024-12-27 18:09:18,retry_payment,0.90000000,1,retry_payment,0,retry_payment,allow,False,technical_retryable,True,0.01122552,0.00000000,False,"[""eligible"", ""contextually_supported_or_manual"", ""highest_risk_adjusted_expected_value"", ""expected_value_margin:192.51"", ""probability_margin:0.0305624"", ""decision_margin_passed""]",0.55621058,True,129,19.07760664,0.52564818,True,218,30.47265689,0.56743610,True,34,21.95535821,0.39487427,True,65,18.84615345
TXN0000168125,C000046,2024-12-27 18:19:47,escalate_to_merchant,0.90000000,0,escalate_to_merchant,0,payment_link,fallback,True,authentication_required,True,0.01693261,,False,"[""decision_uncertain"", ""expected_value_margin:6.775079369544983"", ""probability_margin:0.01693260669708252"", ""margin_not_applicable_to_non_allow_decision""]",0.47581062,True,359,56.24386377,0.53251916,True,85,37.80492775,0.51558656,True,126,41.91580028,0.36641479,True,694,97.85794000
TXN0000089748,C001098,2024-12-27 19:08:10,escalate_to_merchant,0.90000000,0,escalate_to_merchant,0,whatsapp_reminder,fallback,True,customer_decline,True,0.01498979,,False,"[""decision_uncertain"", ""expected_value_margin:None"", ""probability_margin:None"", ""margin_not_applicable_to_non_allow_decision""]",0.57372665,True,172,27.72056966,0.60796833,False,17,16.07278182,0.59297854,True,66,18.92736169,0.50131559,True,211,29.09046962
TXN0000105356,C001092,2024-12-27 19:09:26,whatsapp_reminder,0.90000000,0,whatsapp_reminder,0,escalate_to_merchant,fallback,True,merchant_configuration,True,0.01252329,,False,"[""decision_uncertain"", ""expected_value_margin:None"", ""probability_margin:None"", ""margin_not_applicable_to_non_allow_decision""]",0.58876050,True,362,56.55389812,0.63918281,True,241,49.77543607,0.62665951,True,96,34.06733257,0.46163929,True,512,71.09486331
TXN0000051283,C002184,2024-12-27 19:15:20,escalate_to_merchant,0.90000000,1,escalate_to_merchant,0,retry_payment,fallback,True,technical_retryable,True,0.01845849,,False,"[""decision_uncertain"", ""expected_value_margin:1.2223906517028809"", ""probability_margin:0.05095243453979492"", ""margin_not_applicable_to_non_allow_decision""]",0.62671798,True,382,61.49646714,0.67767042,True,55,50.36414754,0.65921193,True,122,42.51287438,0.51775783,True,685,101.16768160
TXN0000211922,C002248,2024-12-27 19:22:15,escalate_to_merchant,0.90000000,0,escalate_to_merchant,0,no_action,stop,False,customer_decline,False,0.00552058,,False,"[""no_eligible_positive_value_action"", ""failure_matrix:block"", ""margin_not_applicable_to_non_allow_decision""]",0.51561201,False,3,3.00000000,0.52467215,False,0,0.00000000,0.53019273,False,19,19.00000000,0.43393502,False,2,1.07397260
TXN0000216995,C007755,2024-12-27 19:23:50,payment_link,0.90000000,1,payment_link,0,payment_link,allow,False,technical_retryable,True,0.03866434,296.33000000,False,"[""eligible"", ""contextually_supported_or_manual"", ""highest_risk_adjusted_expected_value"", ""expected_value_margin:296.33"", ""probability_margin:0.07912928"", ""decision_margin_passed""]",0.65048301,True,387,66.60326136,0.72961229,True,625,91.91881191,0.69094795,True,50,36.09870729,0.46950781,True,196,56.61961283
TXN0000027736,C008487,2024-12-27 19:43:59,escalate_to_merchant,0.90000000,0,escalate_to_merchant,0,retry_payment,fallback,True,technical_retryable,True,0.00715095,,False,"[""decision_uncertain"", ""expected_value_margin:None"", ""probability_margin:None"", ""margin_not_applicable_to_non_allow_decision""]",0.56974703,True,126,18.74890631,0.57689798,False,9,9.00000000,0.56547910,True,73,15.08078281,0.43705854,True,237,33.53941007
TXN0000005829,C009667,2024-12-27 20:38:41,whatsapp_reminder,0.90000000,1,whatsapp_reminder,0,retry_payment,fallback,True,technical_retryable,True,0.00308591,,False,"[""decision_uncertain"", ""expected_value_margin:0.4827883243560791"", ""probability_margin:0.04117858409881592"", ""margin_not_applicable_to_non_allow_decision""]",0.57544994,True,382,61.49646714,0.61662853,True,55,50.36414754,0.61971444,True,122,42.51287438,0.47334233,True,685,101.16768160
TXN0000034155,C009628,2024-12-27 21:42:21,whatsapp_reminder,0.90000000,1,whatsapp_reminder,0,no_action,stop,False,authentication_required,False,0.02761000,,False,"[""no_eligible_positive_value_action"", ""failure_matrix:block"", ""margin_not_applicable_to_non_allow_decision""]",0.60302579,True,58,8.97709815,0.65148157,False,3,3.00000000,0.62387156,False,24,3.90270249,0.49949852,False,8,8.00000000
TXN0000220386,C003841,2024-12-27 21:44:59,payment_link,0.03333333,0,escalate_to_merchant,0,no_action,stop,False,customer_decline,False,0.00887638,,False,"[""customer_opted_out"", ""margin_not_applicable_to_non_allow_decision""]",0.53818500,True,126,18.74890631,0.55145556,False,9,9.00000000,0.54257917,True,73,15.08078281,0.43496835,True,237,33.53941007
TXN0000011410,C007357,2024-12-27 21:49:07,escalate_to_merchant,0.90000000,0,escalate_to_merchant,0,whatsapp_reminder,fallback,True,customer_decline,True,0.04398113,,False,"[""decision_uncertain"", ""expected_value_margin:None"", ""probability_margin:None"", ""margin_not_applicable_to_non_allow_decision""]",0.52114046,True,172,27.72056966,0.56512159,False,17,16.07278182,0.52001250,True,66,18.92736169,0.36051801,True,211,29.09046962
TXN0000090430,C001059,2024-12-27 22:55:50,whatsapp_reminder,0.90000000,1,whatsapp_reminder,0,retry_payment,fallback,True,technical_retryable,True,0.03579921,,False,"[""decision_uncertain"", ""expected_value_margin:None"", ""probability_margin:None"", ""margin_not_applicable_to_non_allow_decision""]",0.54996049,True,47,47.00000000,0.62896222,False,2,2.00000000,0.59316301,False,21,3.60798899,0.46168822,False,12,3.68852452
TXN0000139479,C005857,2024-12-28 00:06:58,escalate_to_merchant,0.90000000,1,escalate_to_merchant,0,escalate_to_merchant,fallback,True,merchant_configuration,True,0.03289145,,False,"[""decision_uncertain"", ""expected_value_margin:None"", ""probability_margin:None"", ""margin_not_applicable_to_non_allow_decision""]",0.56099129,True,362,56.55389812,0.60380971,True,241,49.77543607,0.57091826,True,96,34.06733257,0.41291907,True,512,71.09486331
TXN0000018164,C001565,2024-12-28 03:02:56,escalate_to_merchant,0.90000000,0,escalate_to_merchant,0,no_action,stop,False,authentication_required,False,0.00946832,,False,"[""no_eligible_positive_value_action"", ""failure_matrix:block"", ""margin_not_applicable_to_non_allow_decision""]",0.63282442,False,49,7.23938140,0.67893100,False,8,4.29589038,0.66946268,False,23,3.80324523,0.45955074,False,11,2.70552140
TXN0000142293,C000126,2024-12-28 06:34:11,escalate_to_merchant,0.90000000,1,escalate_to_merchant,0,payment_link,fallback,True,authentication_required,True,0.00772440,,False,"[""decision_uncertain"", ""expected_value_margin:6.331813216209412"", ""probability_margin:0.007724404335021973"", ""margin_not_applicable_to_non_allow_decision""]",0.60549170,True,362,56.55389812,0.64517027,True,241,49.77543607,0.63744587,True,96,34.06733257,0.45331699,True,512,71.09486331
TXN0000149600,C000201,2024-12-28 07:52:23,escalate_to_merchant,0.90000000,1,escalate_to_merchant,0,retry_payment,fallback,True,technical_retryable,True,0.01210850,,False,"[""decision_uncertain"", ""expected_value_margin:None"", ""probability_margin:None"", ""margin_not_applicable_to_non_allow_decision""]",0.39600044,True,172,27.72056966,0.47273707,False,17,16.07278182,0.46062857,True,66,18.92736169,0.30307657,True,211,29.09046962
TXN0000137727,C000740,2024-12-28 08:19:28,retry_payment,0.90000000,0,retry_payment,0,retry_payment,fallback,True,technical_retryable,True,0.01521021,,False,"[""decision_uncertain"", ""expected_value_margin:3.9941413402557373"", ""probability_margin:0.03701895475387573"", ""margin_not_applicable_to_non_allow_decision""]",0.65222806,True,359,56.24386377,0.68924701,True,85,37.80492775,0.70445722,True,126,41.91580028,0.51854539,True,694,97.85794000
TXN0000063005,C004566,2024-12-28 08:44:28,retry_payment,0.90000000,1,retry_payment,0,retry_payment,fallback,True,technical_retryable,True,0.00835168,,False,"[""decision_uncertain"", ""expected_value_margin:None"", ""probability_margin:None"", ""margin_not_applicable_to_non_allow_decision""]",0.53558463,True,126,18.74890631,0.54885358,False,9,9.00000000,0.54050189,True,73,15.08078281,0.42426017,True,237,33.53941007
TXN0000086474,C008735,2024-12-28 08:53:46,retry_payment,0.90000000,0,retry_payment,0,retry_payment,fallback,True,technical_retryable,True,0.03252375,,False,"[""decision_uncertain"", ""expected_value_margin:None"", ""probability_margin:None"", ""margin_not_applicable_to_non_allow_decision""]",0.61924750,True,73,10.21909638,0.63292009,False,23,5.49540018,0.66544384,True,54,8.41672235,0.50114948,True,72,12.00499847
TXN0000112085,C002688,2024-12-28 09:09:52,whatsapp_reminder,0.90000000,1,whatsapp_reminder,0,whatsapp_reminder,fallback,True,customer_decline,True,0.02676874,,False,"[""decision_uncertain"", ""expected_value_margin:None"", ""probability_margin:None"", ""margin_not_applicable_to_non_allow_decision""]",0.71381390,True,172,27.72056966,0.73268390,False,17,16.07278182,0.75945264,True,66,18.92736169,0.62405938,True,211,29.09046962
TXN0000057409,C000704,2024-12-28 10:37:15,retry_payment,0.90000000,1,retry_payment,0,no_action,stop,False,authentication_required,False,0.01811272,,False,"[""no_eligible_positive_value_action"", ""failure_matrix:block"", ""margin_not_applicable_to_non_allow_decision""]",0.49887469,True,58,8.97709815,0.55702597,False,25,3.45418296,0.57513869,False,10,3.52962620,0.34221298,False,12,7.36805008
TXN0000218239,C008696,2024-12-28 11:24:02,escalate_to_merchant,0.90000000,0,escalate_to_merchant,0,retry_payment,fallback,True,technical_retryable,True,0.02608091,,False,"[""decision_uncertain"", ""expected_value_margin:None"", ""probability_margin:None"", ""margin_not_applicable_to_non_allow_decision""]",0.51901042,True,172,27.72056966,0.52398145,False,17,16.07278182,0.55006236,True,66,18.92736169,0.40702054,True,211,29.09046962
TXN0000092302,C007510,2024-12-28 11:38:35,retry_payment,0.90000000,0,retry_payment,0,whatsapp_reminder,fallback,True,authentication_required,True,0.05873609,,False,"[""decision_uncertain"", ""expected_value_margin:None"", ""probability_margin:None"", ""margin_not_applicable_to_non_allow_decision""]",0.61271888,True,172,27.72056966,0.61959213,False,17,16.07278182,0.67832822,True,66,18.92736169,0.49585858,True,211,29.09046962
TXN0000171895,C008061,2024-12-28 12:07:49,retry_payment,0.90000000,0,retry_payment,0,whatsapp_reminder,fallback,True,authentication_required,True,0.01831430,,False,"[""decision_uncertain"", ""expected_value_margin:None"", ""probability_margin:None"", ""margin_not_applicable_to_non_allow_decision""]",0.59114218,True,126,18.74890631,0.64034551,False,9,9.00000000,0.65865982,True,73,15.08078281,0.46986273,True,237,33.53941007
TXN0000018736,C005264,2024-12-28 12:33:53,retry_payment,0.90000000,1,retry_payment,0,no_action,stop,False,authentication_required,False,0.00654179,,False,"[""no_eligible_positive_value_action"", ""failure_matrix:block"", ""margin_not_applicable_to_non_allow_decision""]",0.67930126,False,49,7.23938140,0.70366883,False,8,4.29589038,0.69712704,False,23,3.80324523,0.54695565,False,11,2.70552140
TXN0000112464,C006577,2024-12-28 12:34:19,retry_payment,0.90000000,1,retry_payment,0,no_action,stop,False,authentication_required,False,0.02432370,,False,"[""no_eligible_positive_value_action"", ""failure_matrix:block"", ""margin_not_applicable_to_non_allow_decision""]",0.67446166,True,58,8.97709815,0.72491664,False,25,3.45418296,0.70059294,False,10,3.52962620,0.55479008,False,12,7.36805008
TXN0000051778,C004265,2024-12-28 12:43:11,whatsapp_reminder,0.03333333,1,escalate_to_merchant,0,no_action,stop,False,customer_decline,False,0.03059947,,False,"[""no_eligible_positive_value_action"", ""failure_matrix:block"", ""margin_not_applicable_to_non_allow_decision""]",0.66546577,True,58,8.97709815,0.72120810,False,3,3.00000000,0.69060862,False,24,3.90270249,0.56037599,False,8,8.00000000
TXN0000027207,C001391,2024-12-28 13:27:48,retry_payment,0.90000000,0,retry_payment,0,whatsapp_reminder,fallback,True,authentication_required,True,0.01687771,,False,"[""decision_uncertain"", ""expected_value_margin:50.418986678123474"", ""probability_margin:0.016877710819244385"", ""margin_not_applicable_to_non_allow_decision""]",0.58402652,True,129,19.07760664,0.63528019,True,218,30.47265689,0.65215790,True,34,21.95535821,0.41625357,True,65,18.84615345
TXN0000044853,C001827,2024-12-28 13:34:56,payment_link,0.03333333,0,whatsapp_reminder,0,retry_payment,fallback,True,technical_retryable,True,0.00433594,,False,"[""decision_uncertain"", ""expected_value_margin:None"", ""probability_margin:None"", ""margin_not_applicable_to_non_allow_decision""]",0.62998176,True,47,47.00000000,0.67313999,False,2,2.00000000,0.67747593,False,21,3.60798899,0.54146349,False,12,3.68852452
TXN0000237144,C002401,2024-12-28 13:59:40,whatsapp_reminder,0.90000000,1,whatsapp_reminder,0,retry_payment,fallback,True,technical_retryable,True,0.02523202,,False,"[""decision_uncertain"", ""expected_value_margin:None"", ""probability_margin:None"", ""margin_not_applicable_to_non_allow_decision""]",0.62771308,True,126,18.74890631,0.64359182,False,9,9.00000000,0.66882384,True,73,15.08078281,0.53695524,True,237,33.53941007
TXN0000186889,C004182,2024-12-28 14:18:52,escalate_to_merchant,0.90000000,1,escalate_to_merchant,0,escalate_to_merchant,fallback,True,merchant_configuration,True,0.01932341,,False,"[""decision_uncertain"", ""expected_value_margin:None"", ""probability_margin:None"", ""margin_not_applicable_to_non_allow_decision""]",0.52168971,True,126,18.74890631,0.57148379,False,9,9.00000000,0.55216038,True,73,15.08078281,0.44289020,True,237,33.53941007
TXN0000029126,C001626,2024-12-28 16:20:16,escalate_to_merchant,0.90000000,0,escalate_to_merchant,0,payment_link,fallback,True,customer_decline,True,0.01618105,,False,"[""decision_uncertain"", ""expected_value_margin:18.18666833639145"", ""probability_margin:0.01618105173110962"", ""margin_not_applicable_to_non_allow_decision""]",0.58163011,True,134,25.67475706,0.60387731,True,55,23.54174517,0.58769625,True,69,17.37637634,0.43137500,True,213,29.38877094
TXN0000240548,C009722,2024-12-28 17:44:46,escalate_to_merchant,0.90000000,0,escalate_to_merchant,0,whatsapp_reminder,fallback,True,customer_decline,True,0.01695639,,False,"[""decision_uncertain"", ""expected_value_margin:None"", ""probability_margin:None"", ""margin_not_applicable_to_non_allow_decision""]",0.54786009,True,172,27.72056966,0.55247760,False,17,16.07278182,0.56943399,True,66,18.92736169,0.43312898,True,211,29.09046962
TXN0000120646,C002057,2024-12-28 17:55:02,escalate_to_merchant,0.90000000,0,escalate_to_merchant,0,no_action,stop,False,authentication_required,False,0.02531928,,False,"[""no_eligible_positive_value_action"", ""failure_matrix:block"", ""margin_not_applicable_to_non_allow_decision""]",0.44672099,True,47,47.00000000,0.54047018,False,2,2.00000000,0.51515090,False,21,3.60798899,0.41143864,False,12,3.68852452
TXN0000142467,C003420,2024-12-28 18:37:17,whatsapp_reminder,0.90000000,0,whatsapp_reminder,0,whatsapp_reminder,fallback,True,authentication_required,True,0.01744276,,False,"[""decision_uncertain"", ""expected_value_margin:1.2034342288970947"", ""probability_margin:-0.017442762851715088"", ""margin_not_applicable_to_non_allow_decision""]",0.57793671,True,382,61.49646714,0.61620563,True,55,50.36414754,0.59876287,True,122,42.51287438,0.46104416,True,685,101.16768160
TXN0000045086,C004400,2024-12-28 18:38:03,retry_payment,0.90000000,1,retry_payment,0,whatsapp_reminder,allow,False,customer_decline,True,0.03222638,22.19000000,False,"[""eligible"", ""contextually_supported_or_manual"", ""highest_risk_adjusted_expected_value"", ""expected_value_margin:50.39"", ""probability_margin:0.05551934"", ""fallback_ineligible""]",0.68146837,True,134,25.67475706,0.65817541,True,55,23.54174517,0.71369475,True,69,17.37637634,0.56222689,True,213,29.38877094
TXN0000156111,C002494,2024-12-28 18:46:31,payment_link,0.90000000,0,payment_link,0,payment_link,allow,False,technical_retryable,True,0.03495479,111.25000000,False,"[""eligible"", ""contextually_supported_or_manual"", ""highest_risk_adjusted_expected_value"", ""expected_value_margin:111.25"", ""probability_margin:0.06425107"", ""decision_margin_passed""]",0.63088727,True,387,66.60326136,0.69513834,True,625,91.91881191,0.66018355,True,50,36.09870729,0.47810104,True,196,56.61961283
TXN0000082437,C009849,2024-12-28 19:02:40,retry_payment,0.90000000,1,retry_payment,0,payment_link,allow,False,technical_retryable,True,0.04485601,26.95000000,False,"[""eligible"", ""contextually_supported_or_manual"", ""highest_risk_adjusted_expected_value"", ""expected_value_margin:26.95"", ""probability_margin:0.02726084"", ""decision_margin_passed""]",0.55721480,True,134,25.67475706,0.58447564,True,55,23.54174517,0.62933165,True,69,17.37637634,0.42555532,True,213,29.38877094
TXN0000207207,C006605,2024-12-28 19:32:41,escalate_to_merchant,0.90000000,1,escalate_to_merchant,0,retry_payment,fallback,True,technical_retryable,True,0.05869651,,False,"[""decision_uncertain"", ""expected_value_margin:None"", ""probability_margin:None"", ""margin_not_applicable_to_non_allow_decision""]",0.56553012,True,126,18.74890631,0.62422663,False,9,9.00000000,0.54549468,True,73,15.08078281,0.46147653,True,237,33.53941007
TXN0000240553,C003656,2024-12-28 20:15:05,retry_payment,0.90000000,1,retry_payment,0,retry_payment,fallback,True,technical_retryable,True,0.00680786,,False,"[""decision_uncertain"", ""expected_value_margin:4.122334122657776"", ""probability_margin:0.034243881702423096"", ""margin_not_applicable_to_non_allow_decision""]",0.59977478,True,359,56.24386377,0.63401866,True,85,37.80492775,0.62721080,True,126,41.91580028,0.46396407,True,694,97.85794000
TXN0000244610,C006436,2024-12-28 20:28:37,escalate_to_merchant,0.90000000,0,escalate_to_merchant,0,payment_link,allow,False,technical_retryable,True,0.01726085,15.72000000,False,"[""eligible"", ""contextually_supported_or_manual"", ""highest_risk_adjusted_expected_value"", ""expected_value_margin:15.71"", ""probability_margin:0.05686378"", ""decision_margin_passed""]",0.56679362,True,359,56.24386377,0.62365741,True,85,37.80492775,0.60639656,True,126,41.91580028,0.43511760,True,694,97.85794000
TXN0000097221,C001026,2024-12-28 20:39:25,escalate_to_merchant,0.90000000,1,escalate_to_merchant,0,no_action,stop,False,authentication_required,False,0.01270986,,False,"[""no_eligible_positive_value_action"", ""failure_matrix:block"", ""margin_not_applicable_to_non_allow_decision""]",0.59032041,True,58,8.97709815,0.62726277,False,3,3.00000000,0.61455292,False,24,3.90270249,0.49587333,False,8,8.00000000
TXN0000175076,C007751,2024-12-28 20:48:25,escalate_to_merchant,0.90000000,0,escalate_to_merchant,0,retry_payment,fallback,True,technical_retryable,True,0.02978259,,False,"[""decision_uncertain"", ""expected_value_margin:8.951141357421875"", ""probability_margin:0.0006192326545715332"", ""margin_not_applicable_to_non_allow_decision""]",0.54278088,True,134,25.67475706,0.54216164,True,55,23.54174517,0.57256347,True,69,17.37637634,0.38290837,True,213,29.38877094
TXN0000067180,C006652,2024-12-28 20:58:56,escalate_to_merchant,0.90000000,1,escalate_to_merchant,0,no_action,stop,False,customer_decline,False,0.00417301,,False,"[""no_eligible_positive_value_action"", ""failure_matrix:block"", ""margin_not_applicable_to_non_allow_decision""]",0.41632238,False,49,7.90577463,0.41214937,False,6,6.00000000,0.38539416,True,63,11.63500628,0.35367894,True,88,12.69429910
TXN0000212083,C005629,2024-12-28 21:00:05,escalate_to_merchant,0.90000000,1,escalate_to_merchant,0,no_action,stop,False,customer_decline,False,0.02115917,,False,"[""no_eligible_positive_value_action"", ""failure_matrix:block"", ""margin_not_applicable_to_non_allow_decision""]",0.61099875,True,47,47.00000000,0.66613346,False,2,2.00000000,0.64497429,False,21,3.60798899,0.49371797,False,12,3.68852452
TXN0000150720,C001817,2024-12-28 21:17:33,whatsapp_reminder,0.90000000,0,whatsapp_reminder,0,payment_link,fallback,True,authentication_required,True,0.02390510,,False,"[""decision_uncertain"", ""expected_value_margin:None"", ""probability_margin:None"", ""margin_not_applicable_to_non_allow_decision""]",0.45393363,True,59,8.94277964,0.47783872,True,90,12.53697431,0.43014348,False,19,4.27099396,0.29766145,True,43,10.73819641
TXN0000111016,C003889,2024-12-28 21:28:24,escalate_to_merchant,0.90000000,1,escalate_to_merchant,0,retry_payment,fallback,True,technical_retryable,True,0.01512665,,False,"[""decision_uncertain"", ""expected_value_margin:2.6026185750961304"", ""probability_margin:-0.03774392604827881"", ""margin_not_applicable_to_non_allow_decision""]",0.50654805,True,382,61.49646714,0.54429197,True,55,50.36414754,0.52916533,True,122,42.51287438,0.41691545,True,685,101.16768160
TXN0000235328,C008891,2024-12-28 21:44:58,whatsapp_reminder,0.90000000,0,whatsapp_reminder,0,no_action,stop,False,authentication_required,False,0.05813590,,False,"[""no_eligible_positive_value_action"", ""failure_matrix:block"", ""margin_not_applicable_to_non_allow_decision""]",0.43578625,True,58,8.97709815,0.53537798,False,3,3.00000000,0.47724208,False,24,3.90270249,0.41233933,False,8,8.00000000
TXN0000179941,C001407,2024-12-28 22:11:58,whatsapp_reminder,0.90000000,0,whatsapp_reminder,0,retry_payment,fallback,True,technical_retryable,True,0.02804327,,False,"[""decision_uncertain"", ""expected_value_margin:None"", ""probability_margin:None"", ""margin_not_applicable_to_non_allow_decision""]",0.60254836,True,60,8.27440554,0.60664558,False,1,1.00000000,0.63468885,False,46,6.69767366,0.50554597,True,93,13.89845234
TXN0000152685,C008467,2024-12-28 22:29:50,payment_link,0.90000000,1,payment_link,0,retry_payment,fallback,True,technical_retryable,True,0.05126494,,False,"[""decision_uncertain"", ""expected_value_margin:None"", ""probability_margin:None"", ""margin_not_applicable_to_non_allow_decision""]",0.59377998,True,58,8.97709815,0.66072965,False,25,3.45418296,0.60946470,False,10,3.52962620,0.46959391,False,12,7.36805008
TXN0000051094,C008769,2024-12-28 22:41:57,payment_link,0.90000000,0,payment_link,0,payment_link,allow,False,technical_retryable,True,0.03137422,123.40000000,False,"[""eligible"", ""contextually_supported_or_manual"", ""highest_risk_adjusted_expected_value"", ""expected_value_margin:123.41"", ""probability_margin:0.04266447"", ""decision_margin_passed""]",0.60926515,True,387,66.60326136,0.65192962,True,625,91.91881191,0.62055540,True,50,36.09870729,0.42032725,True,196,56.61961283
TXN0000121198,C001242,2024-12-28 22:57:51,retry_payment,0.90000000,0,retry_payment,0,no_action,stop,False,customer_decline,False,0.00590813,,False,"[""no_eligible_positive_value_action"", ""failure_matrix:block"", ""margin_not_applicable_to_non_allow_decision""]",0.67369986,False,49,7.23938140,0.69368738,False,8,4.29589038,0.69959551,False,23,3.80324523,0.54263651,False,11,2.70552140
TXN0000038084,C009184,2024-12-29 03:59:20,payment_link,0.90000000,0,payment_link,0,no_action,stop,False,customer_decline,False,0.01385027,,False,"[""no_eligible_positive_value_action"", ""failure_matrix:block"", ""margin_not_applicable_to_non_allow_decision""]",0.65125173,False,11,11.00000000,0.69053841,False,6,1.39509533,0.70438868,False,2,2.00000000,0.50933641,False,1,1.00000000
TXN0000127822,C004722,2024-12-29 06:40:05,retry_payment,0.90000000,1,retry_payment,0,payment_link,fallback,True,customer_decline,True,0.00567108,,False,"[""decision_uncertain"", ""expected_value_margin:14.678185522556305"", ""probability_margin:0.005671083927154541"", ""margin_not_applicable_to_non_allow_decision""]",0.52165651,True,129,19.07760664,0.53270793,True,218,30.47265689,0.52703685,True,34,21.95535821,0.37202528,True,65,18.84615345
TXN0000000778,C004186,2024-12-29 06:52:40,retry_payment,0.90000000,0,retry_payment,0,no_action,stop,False,authentication_required,False,0.02280003,,False,"[""no_eligible_positive_value_action"", ""failure_matrix:block"", ""margin_not_applicable_to_non_allow_decision""]",0.63193750,True,47,47.00000000,0.67007267,False,2,2.00000000,0.64727265,False,21,3.60798899,0.51414800,False,12,3.68852452
TXN0000162446,C009109,2024-12-29 07:12:58,escalate_to_merchant,0.90000000,1,escalate_to_merchant,0,escalate_to_merchant,fallback,True,merchant_configuration,True,0.01695192,,False,"[""decision_uncertain"", ""expected_value_margin:None"", ""probability_margin:None"", ""margin_not_applicable_to_non_allow_decision""]",0.53820968,True,387,66.60326136,0.59614426,True,625,91.91881191,0.57919234,True,50,36.09870729,0.36460781,True,196,56.61961283
TXN0000054549,C005853,2024-12-29 07:21:38,escalate_to_merchant,0.90000000,0,escalate_to_merchant,0,payment_link,allow,False,technical_retryable,True,0.09608412,67.36000000,False,"[""eligible"", ""contextually_supported_or_manual"", ""highest_risk_adjusted_expected_value"", ""expected_value_margin:67.36"", ""probability_margin:0.0969888"", ""decision_margin_passed""]",0.50574070,True,134,25.67475706,0.60272950,True,55,23.54174517,0.50664538,True,69,17.37637634,0.37273511,True,213,29.38877094
TXN0000006696,C008360,2024-12-29 08:47:20,retry_payment,0.90000000,1,retry_payment,0,no_action,stop,False,technical_retryable,False,0.02762276,,False,"[""no_eligible_positive_value_action"", ""failure_matrix:block"", ""margin_not_applicable_to_non_allow_decision""]",0.63832647,False,11,11.00000000,0.63997549,False,6,1.39509533,0.66759825,False,2,2.00000000,0.49720782,False,1,1.00000000
TXN0000146200,C001320,2024-12-29 08:55:44,retry_payment,0.90000000,1,retry_payment,0,retry_payment,fallback,True,technical_retryable,True,0.02292240,,False,"[""decision_uncertain"", ""expected_value_margin:None"", ""probability_margin:None"", ""margin_not_applicable_to_non_allow_decision""]",0.73828506,True,58,8.97709815,0.74604398,False,3,3.00000000,0.76896638,False,24,3.90270249,0.62471724,False,8,8.00000000
TXN0000108831,C004438,2024-12-29 09:44:06,retry_payment,0.90000000,0,retry_payment,0,retry_payment,fallback,True,technical_retryable,True,0.01136780,,False,"[""decision_uncertain"", ""expected_value_margin:None"", ""probability_margin:None"", ""margin_not_applicable_to_non_allow_decision""]",0.51918572,True,73,10.21909638,0.56708139,False,23,5.49540018,0.57844919,True,54,8.41672235,0.39737800,True,72,12.00499847
TXN0000122551,C001938,2024-12-29 09:44:36,retry_payment,0.90000000,1,retry_payment,0,no_action,stop,False,customer_decline,False,0.00355995,,False,"[""no_eligible_positive_value_action"", ""failure_matrix:block"", ""margin_not_applicable_to_non_allow_decision""]",0.68951195,False,11,11.00000000,0.71768636,False,6,1.39509533,0.72124630,False,2,2.00000000,0.53354621,False,1,1.00000000
TXN0000112111,C006766,2024-12-29 10:06:50,payment_link,0.90000000,1,payment_link,0,payment_link,fallback,True,customer_decline,True,0.05277228,,False,"[""decision_uncertain"", ""expected_value_margin:None"", ""probability_margin:None"", ""margin_not_applicable_to_non_allow_decision""]",0.48439011,True,59,8.94277964,0.54531890,True,90,12.53697431,0.49254662,False,19,4.27099396,0.37627041,True,43,10.73819641
TXN0000196171,C008230,2024-12-29 10:23:24,whatsapp_reminder,0.90000000,0,whatsapp_reminder,0,escalate_to_merchant,fallback,True,merchant_configuration,True,0.01703268,,False,"[""decision_uncertain"", ""expected_value_margin:None"", ""probability_margin:None"", ""margin_not_applicable_to_non_allow_decision""]",0.58199024,True,172,27.72056966,0.59744400,False,17,16.07278182,0.61447668,True,66,18.92736169,0.46669695,True,211,29.09046962
TXN0000116314,C003280,2024-12-29 10:42:38,whatsapp_reminder,0.90000000,1,whatsapp_reminder,0,no_action,stop,False,authentication_required,False,0.00184155,,False,"[""no_eligible_positive_value_action"", ""failure_matrix:block"", ""margin_not_applicable_to_non_allow_decision""]",0.67475063,True,47,47.00000000,0.71248770,False,2,2.00000000,0.71064615,False,21,3.60798899,0.58946013,False,12,3.68852452
TXN0000049529,C003075,2024-12-29 10:45:31,whatsapp_reminder,0.90000000,1,whatsapp_reminder,0,no_action,stop,False,technical_retryable,False,0.00767595,,False,"[""no_eligible_positive_value_action"", ""failure_matrix:block"", ""margin_not_applicable_to_non_allow_decision""]",0.57664049,False,49,7.23938140,0.62718201,False,8,4.29589038,0.61950606,False,23,3.80324523,0.48329213,False,11,2.70552140
TXN0000206890,C008472,2024-12-29 11:36:00,escalate_to_merchant,0.90000000,0,escalate_to_merchant,0,payment_link,allow,False,authentication_required,True,0.01244214,0.60000000,False,"[""eligible"", ""contextually_supported_or_manual"", ""highest_risk_adjusted_expected_value"", ""expected_value_margin:10.3"", ""probability_margin:0.01816732"", ""fallback_ineligible""]",0.44643849,True,134,25.67475706,0.45888063,True,55,23.54174517,0.44071332,True,69,17.37637634,0.31917220,True,213,29.38877094
TXN0000015808,C000423,2024-12-29 11:46:51,whatsapp_reminder,0.90000000,0,whatsapp_reminder,0,no_action,stop,False,authentication_required,False,0.02582794,,False,"[""customer_opted_out"", ""margin_not_applicable_to_non_allow_decision""]",0.55003285,True,126,18.74890631,0.58589637,False,9,9.00000000,0.56006843,True,73,15.08078281,0.47085163,True,237,33.53941007
TXN0000059157,C007257,2024-12-29 12:29:26,escalate_to_merchant,0.90000000,1,escalate_to_merchant,0,retry_payment,fallback,True,technical_retryable,True,0.00620025,,False,"[""decision_uncertain"", ""expected_value_margin:None"", ""probability_margin:None"", ""margin_not_applicable_to_non_allow_decision""]",0.52308679,True,126,18.74890631,0.54067731,False,9,9.00000000,0.53447706,True,73,15.08078281,0.40166637,True,237,33.53941007
TXN0000051869,C002534,2024-12-29 12:49:18,escalate_to_merchant,0.90000000,0,escalate_to_merchant,0,whatsapp_reminder,fallback,True,authentication_required,True,0.00692129,,False,"[""decision_uncertain"", ""expected_value_margin:None"", ""probability_margin:None"", ""margin_not_applicable_to_non_allow_decision""]",0.48949203,True,172,27.72056966,0.50255585,False,17,16.07278182,0.50947714,True,66,18.92736169,0.38403630,True,211,29.09046962
TXN0000087557,C002604,2024-12-29 12:50:32,retry_payment,0.90000000,0,retry_payment,0,whatsapp_reminder,fallback,True,customer_decline,True,0.00354517,,False,"[""decision_uncertain"", ""expected_value_margin:None"", ""probability_margin:None"", ""margin_not_applicable_to_non_allow_decision""]",0.67311621,True,73,10.21909638,0.70790684,False,23,5.49540018,0.70436168,True,54,8.41672235,0.56474054,True,72,12.00499847
TXN0000166611,C001617,2024-12-29 15:35:13,retry_payment,0.90000000,0,retry_payment,0,payment_link,fallback,True,authentication_required,True,0.03875619,,False,"[""decision_uncertain"", ""expected_value_margin:None"", ""probability_margin:None"", ""margin_not_applicable_to_non_allow_decision""]",0.59385157,True,59,8.94277964,0.63385892,True,90,12.53697431,0.59510273,False,19,4.27099396,0.42726359,True,43,10.73819641
TXN0000090274,C008397,2024-12-29 15:48:51,escalate_to_merchant,0.90000000,0,escalate_to_merchant,0,whatsapp_reminder,fallback,True,authentication_required,True,0.03964925,,False,"[""decision_uncertain"", ""expected_value_margin:None"", ""probability_margin:None"", ""margin_not_applicable_to_non_allow_decision""]",0.50781888,True,172,27.72056966,0.58630723,False,17,16.07278182,0.54665798,True,66,18.92736169,0.42352140,True,211,29.09046962
TXN0000130002,C002660,2024-12-29 15:56:47,escalate_to_merchant,0.90000000,0,escalate_to_merchant,0,payment_link,fallback,True,authentication_required,True,0.01101422,,False,"[""decision_uncertain"", ""expected_value_margin:5.0304014682769775"", ""probability_margin:0.011014223098754883"", ""margin_not_applicable_to_non_allow_decision""]",0.62063575,True,134,25.67475706,0.68326169,True,55,23.54174517,0.67224747,True,69,17.37637634,0.50583345,True,213,29.38877094
TXN0000145133,C008405,2024-12-29 16:00:30,escalate_to_merchant,0.90000000,1,escalate_to_merchant,0,whatsapp_reminder,fallback,True,customer_decline,True,0.04778558,,False,"[""decision_uncertain"", ""expected_value_margin:None"", ""probability_margin:None"", ""margin_not_applicable_to_non_allow_decision""]",0.52091140,True,126,18.74890631,0.58921158,False,9,9.00000000,0.54142600,True,73,15.08078281,0.44716433,True,237,33.53941007
TXN0000197020,C002216,2024-12-29 16:22:46,payment_link,0.90000000,1,payment_link,0,no_action,stop,False,customer_decline,False,0.03489900,,False,"[""customer_opted_out"", ""margin_not_applicable_to_non_allow_decision""]",0.58122206,True,134,25.67475706,0.62063223,True,55,23.54174517,0.58573323,True,69,17.37637634,0.45037460,True,213,29.38877094
TXN0000040658,C002393,2024-12-29 17:18:56,retry_payment,0.90000000,0,retry_payment,0,payment_link,allow,False,technical_retryable,True,0.00596434,25.13000000,False,"[""eligible"", ""contextually_supported_or_manual"", ""highest_risk_adjusted_expected_value"", ""expected_value_margin:25.12"", ""probability_margin:0.03279638"", ""decision_margin_passed""]",0.72730184,True,362,56.55389812,0.76009822,True,241,49.77543607,0.76606256,True,96,34.06733257,0.58022434,True,512,71.09486331
TXN0000037963,C001233,2024-12-29 17:27:21,payment_link,0.90000000,1,payment_link,0,no_action,stop,False,authentication_required,False,0.05405271,,False,"[""no_eligible_positive_value_action"", ""failure_matrix:block"", ""margin_not_applicable_to_non_allow_decision""]",0.43564284,True,58,8.97709815,0.55121374,False,25,3.45418296,0.49716103,False,10,3.52962620,0.32004374,False,12,7.36805008
TXN0000133301,C000462,2024-12-29 17:31:26,retry_payment,0.90000000,0,retry_payment,0,escalate_to_merchant,fallback,True,merchant_configuration,True,0.01249951,,False,"[""decision_uncertain"", ""expected_value_margin:None"", ""probability_margin:None"", ""margin_not_applicable_to_non_allow_decision""]",0.59599429,True,60,8.27440554,0.63588703,False,1,1.00000000,0.62338752,False,46,6.69767366,0.48434922,True,93,13.89845234
TXN0000049935,C006713,2024-12-29 17:46:38,whatsapp_reminder,0.90000000,1,whatsapp_reminder,0,whatsapp_reminder,fallback,True,customer_decline,True,0.01088601,,False,"[""decision_uncertain"", ""expected_value_margin:21.55090194940567"", ""probability_margin:0.010886013507843018"", ""margin_not_applicable_to_non_allow_decision""]",0.54364991,True,129,19.07760664,0.57669693,True,218,30.47265689,0.58758295,True,34,21.95535821,0.41758344,True,65,18.84615345
TXN0000002081,C002928,2024-12-29 18:29:05,payment_link,0.90000000,1,payment_link,0,payment_link,allow,False,customer_decline,True,0.02320242,197.76000000,False,"[""eligible"", ""contextually_supported_or_manual"", ""highest_risk_adjusted_expected_value"", ""expected_value_margin:73.32"", ""probability_margin:0.02320242"", ""fallback_ineligible""]",0.55367923,True,129,19.07760664,0.61685294,True,218,30.47265689,0.59365052,True,34,21.95535821,0.40388557,True,65,18.84615345
TXN0000054088,C005001,2024-12-29 19:35:51,whatsapp_reminder,0.03333333,1,retry_payment,0,whatsapp_reminder,fallback,True,authentication_required,True,0.01640850,,False,"[""decision_uncertain"", ""expected_value_margin:38.54560875892639"", ""probability_margin:0.01640850305557251"", ""margin_not_applicable_to_non_allow_decision""]",0.68528950,True,129,19.07760664,0.68606853,True,218,30.47265689,0.70247704,True,34,21.95535821,0.55196208,True,65,18.84615345
TXN0000216960,C000363,2024-12-29 20:37:45,retry_payment,0.90000000,0,retry_payment,0,no_action,stop,False,authentication_required,False,0.00114554,,False,"[""no_eligible_positive_value_action"", ""failure_matrix:block"", ""margin_not_applicable_to_non_allow_decision""]",0.63973469,True,47,47.00000000,0.68758363,False,2,2.00000000,0.68872917,False,21,3.60798899,0.53001732,False,12,3.68852452
TXN0000165315,C007759,2024-12-29 21:24:34,retry_payment,0.90000000,1,retry_payment,0,retry_payment,fallback,True,technical_retryable,True,0.03975338,,False,"[""decision_uncertain"", ""expected_value_margin:None"", ""probability_margin:None"", ""margin_not_applicable_to_non_allow_decision""]",0.54728681,True,126,18.74890631,0.61034036,False,9,9.00000000,0.57058698,True,73,15.08078281,0.45576698,True,237,33.53941007
TXN0000219111,C003801,2024-12-29 21:35:29,escalate_to_merchant,0.90000000,0,escalate_to_merchant,0,whatsapp_reminder,fallback,True,customer_decline,True,0.00270885,,False,"[""decision_uncertain"", ""expected_value_margin:4.4387526512146"", ""probability_margin:0.0027088522911071777"", ""margin_not_applicable_to_non_allow_decision""]",0.46750313,True,134,25.67475706,0.50686020,True,55,23.54174517,0.50956905,True,69,17.37637634,0.36445352,True,213,29.38877094
TXN0000210916,C002098,2024-12-29 21:40:28,payment_link,0.90000000,0,payment_link,0,payment_link,allow,False,technical_retryable,True,0.06158578,251.42000000,False,"[""eligible"", ""contextually_supported_or_manual"", ""highest_risk_adjusted_expected_value"", ""expected_value_margin:251.42"", ""probability_margin:0.0862717"", ""decision_margin_passed""]",0.57623333,True,387,66.60326136,0.66250503,True,625,91.91881191,0.60091925,True,50,36.09870729,0.39915547,True,196,56.61961283
TXN0000126177,C001573,2024-12-29 21:50:04,escalate_to_merchant,0.90000000,0,escalate_to_merchant,0,retry_payment,fallback,True,technical_retryable,True,0.02481681,,False,"[""decision_uncertain"", ""expected_value_margin:None"", ""probability_margin:None"", ""margin_not_applicable_to_non_allow_decision""]",0.48492381,True,172,27.72056966,0.52568293,False,17,16.07278182,0.50086612,True,66,18.92736169,0.39723513,True,211,29.09046962
TXN0000021928,C000382,2024-12-29 22:58:41,retry_payment,0.90000000,1,retry_payment,0,retry_payment,fallback,True,technical_retryable,True,0.00154138,,False,"[""decision_uncertain"", ""expected_value_margin:None"", ""probability_margin:None"", ""margin_not_applicable_to_non_allow_decision""]",0.60506284,True,60,8.27440554,0.58837253,False,1,1.00000000,0.60352147,False,46,6.69767366,0.48708767,True,93,13.89845234
TXN0000038801,C009094,2024-12-29 23:02:06,retry_payment,0.90000000,1,retry_payment,0,retry_payment,fallback,True,technical_retryable,True,0.02569598,,False,"[""decision_uncertain"", ""expected_value_margin:None"", ""probability_margin:None"", ""margin_not_applicable_to_non_allow_decision""]",0.67006934,True,126,18.74890631,0.69098979,False,9,9.00000000,0.71668577,True,73,15.08078281,0.55104142,True,237,33.53941007
TXN0000109564,C003640,2024-12-30 02:03:40,whatsapp_reminder,0.90000000,0,whatsapp_reminder,0,no_action,stop,False,authentication_required,False,0.04365534,,False,"[""no_eligible_positive_value_action"", ""failure_matrix:block"", ""margin_not_applicable_to_non_allow_decision""]",0.54190743,True,73,10.21909638,0.56409204,False,23,5.49540018,0.60774738,True,54,8.41672235,0.44309133,True,72,12.00499847
TXN0000233305,C002154,2024-12-30 04:39:57,retry_payment,0.90000000,1,retry_payment,0,no_action,stop,False,customer_decline,False,0.02925777,,False,"[""no_eligible_positive_value_action"", ""failure_matrix:block"", ""margin_not_applicable_to_non_allow_decision""]",0.66643053,False,49,7.23938140,0.73607779,False,8,4.29589038,0.70682001,False,23,3.80324523,0.51328343,False,11,2.70552140
TXN0000007576,C005984,2024-12-30 06:21:10,retry_payment,0.90000000,1,retry_payment,0,no_action,stop,False,customer_decline,False,0.01902312,,False,"[""no_eligible_positive_value_action"", ""failure_matrix:block"", ""margin_not_applicable_to_non_allow_decision""]",0.66747612,True,126,18.74890631,0.71862316,False,9,9.00000000,0.69960004,True,73,15.08078281,0.53080624,True,237,33.53941007
TXN0000197090,C003996,2024-12-30 07:26:04,retry_payment,0.90000000,0,retry_payment,0,no_action,stop,False,customer_decline,False,0.00666034,,False,"[""no_eligible_positive_value_action"", ""failure_matrix:block"", ""margin_not_applicable_to_non_allow_decision""]",0.68654019,False,49,7.23938140,0.69114965,False,8,4.29589038,0.69780999,False,23,3.80324523,0.54626244,False,11,2.70552140
TXN0000193842,C004855,2024-12-30 08:11:24,escalate_to_merchant,0.90000000,1,escalate_to_merchant,0,no_action,stop,False,technical_retryable,False,0.00597894,,False,"[""no_eligible_positive_value_action"", ""failure_matrix:block"", ""margin_not_applicable_to_non_allow_decision""]",0.51085418,True,126,18.74890631,0.51084763,False,9,9.00000000,0.51683313,True,73,15.08078281,0.42260998,True,237,33.53941007
TXN0000038358,C009970,2024-12-30 09:03:22,payment_link,0.03333333,1,retry_payment,0,no_action,stop,False,authentication_required,False,0.01351744,,False,"[""no_eligible_positive_value_action"", ""failure_matrix:block"", ""margin_not_applicable_to_non_allow_decision""]",0.54810065,False,11,11.00000000,0.56161809,False,6,1.39509533,0.52771062,False,2,2.00000000,0.35160413,False,1,1.00000000
TXN0000169418,C007425,2024-12-30 09:44:00,escalate_to_merchant,0.90000000,0,escalate_to_merchant,0,retry_payment,fallback,True,technical_retryable,True,0.03937018,,False,"[""decision_uncertain"", ""expected_value_margin:5.304646968841553"", ""probability_margin:0.05637562274932861"", ""margin_not_applicable_to_non_allow_decision""]",0.61579674,True,382,61.49646714,0.67217237,True,55,50.36414754,0.63280219,True,122,42.51287438,0.49236861,True,685,101.16768160
TXN0000235676,C001347,2024-12-30 09:49:05,retry_payment,0.90000000,1,retry_payment,0,retry_payment,fallback,True,technical_retryable,True,0.00809050,,False,"[""decision_uncertain"", ""expected_value_margin:None"", ""probability_margin:None"", ""margin_not_applicable_to_non_allow_decision""]",0.65727079,True,172,27.72056966,0.66334116,False,17,16.07278182,0.67143166,True,66,18.92736169,0.52911848,True,211,29.09046962
TXN0000225705,C001231,2024-12-30 10:19:01,retry_payment,0.90000000,1,retry_payment,0,retry_payment,fallback,True,technical_retryable,True,0.00628126,,False,"[""decision_uncertain"", ""expected_value_margin:5.309841275215149"", ""probability_margin:-0.01881229877471924"", ""margin_not_applicable_to_non_allow_decision""]",0.61095238,True,382,61.49646714,0.62976468,True,55,50.36414754,0.62348342,True,122,42.51287438,0.48832995,True,685,101.16768160
TXN0000115680,C005707,2024-12-30 10:25:20,escalate_to_merchant,0.90000000,0,escalate_to_merchant,0,payment_link,fallback,True,customer_decline,True,0.02275431,,False,"[""decision_uncertain"", ""expected_value_margin:0.20746564865112305"", ""probability_margin:0.022754311561584473"", ""margin_not_applicable_to_non_allow_decision""]",0.64858067,True,382,61.49646714,0.68908036,True,55,50.36414754,0.66632605,True,122,42.51287438,0.53790689,True,685,101.16768160
TXN0000208493,C002899,2024-12-30 10:26:18,retry_payment,0.90000000,0,retry_payment,0,no_action,stop,False,authentication_required,False,0.01971471,,False,"[""no_eligible_positive_value_action"", ""failure_matrix:block"", ""margin_not_applicable_to_non_allow_decision""]",0.66170627,True,58,8.97709815,0.67044961,False,25,3.45418296,0.69016433,False,10,3.52962620,0.52344644,False,12,7.36805008
TXN0000134534,C006108,2024-12-30 11:01:25,payment_link,0.90000000,0,payment_link,0,escalate_to_merchant,fallback,True,merchant_configuration,True,0.00217164,,False,"[""decision_uncertain"", ""expected_value_margin:None"", ""probability_margin:None"", ""margin_not_applicable_to_non_allow_decision""]",0.51170743,True,129,19.07760664,0.52287060,True,218,30.47265689,0.52504224,True,34,21.95535821,0.35063604,True,65,18.84615345
TXN0000063816,C006295,2024-12-30 11:05:04,escalate_to_merchant,0.90000000,1,escalate_to_merchant,0,whatsapp_reminder,fallback,True,authentication_required,True,0.00379115,,False,"[""decision_uncertain"", ""expected_value_margin:None"", ""probability_margin:None"", ""margin_not_applicable_to_non_allow_decision""]",0.57372022,True,126,18.74890631,0.57363224,False,9,9.00000000,0.57751137,True,73,15.08078281,0.46942243,True,237,33.53941007
TXN0000244575,C007197,2024-12-30 11:25:58,payment_link,0.90000000,1,payment_link,0,payment_link,allow,False,technical_retryable,True,0.01416588,184.48000000,False,"[""eligible"", ""contextually_supported_or_manual"", ""highest_risk_adjusted_expected_value"", ""expected_value_margin:184.47"", ""probability_margin:0.05654281"", ""decision_margin_passed""]",0.61226910,True,129,19.07760664,0.66881192,True,218,30.47265689,0.65464604,True,34,21.95535821,0.47032934,True,65,18.84615345
TXN0000232427,C008695,2024-12-30 11:43:48,retry_payment,0.90000000,1,retry_payment,0,no_action,stop,False,customer_decline,False,0.04161733,,False,"[""no_eligible_positive_value_action"", ""failure_matrix:block"", ""margin_not_applicable_to_non_allow_decision""]",0.51769471,True,58,8.97709815,0.59161389,False,25,3.45418296,0.54999655,False,10,3.52962620,0.41026330,False,12,7.36805008
TXN0000226744,C003035,2024-12-30 12:02:57,escalate_to_merchant,0.90000000,0,escalate_to_merchant,0,payment_link,fallback,True,authentication_required,True,0.01249480,,False,"[""decision_uncertain"", ""expected_value_margin:None"", ""probability_margin:None"", ""margin_not_applicable_to_non_allow_decision""]",0.62353820,True,382,61.49646714,0.68293619,True,55,50.36414754,0.67044139,True,122,42.51287438,0.52513367,True,685,101.16768160
TXN0000094120,C007444,2024-12-30 12:56:18,retry_payment,0.90000000,0,retry_payment,0,escalate_to_merchant,fallback,True,merchant_configuration,True,0.04497570,,False,"[""decision_uncertain"", ""expected_value_margin:None"", ""probability_margin:None"", ""margin_not_applicable_to_non_allow_decision""]",0.73563063,True,47,47.00000000,0.78060633,False,2,2.00000000,0.72569174,False,21,3.60798899,0.64394832,False,12,3.68852452
TXN0000041547,C004870,2024-12-30 13:22:53,whatsapp_reminder,0.90000000,1,whatsapp_reminder,0,whatsapp_reminder,fallback,True,authentication_required,True,0.01556230,,False,"[""decision_uncertain"", ""expected_value_margin:None"", ""probability_margin:None"", ""margin_not_applicable_to_non_allow_decision""]",0.62676644,True,172,27.72056966,0.62812227,False,17,16.07278182,0.64368457,True,66,18.92736169,0.48457557,True,211,29.09046962
TXN0000090739,C009377,2024-12-30 13:44:21,whatsapp_reminder,0.90000000,0,whatsapp_reminder,0,payment_link,allow,False,technical_retryable,True,0.02061462,12.59000000,False,"[""eligible"", ""contextually_supported_or_manual"", ""highest_risk_adjusted_expected_value"", ""expected_value_margin:12.59"", ""probability_margin:0.02061462"", ""decision_margin_passed""]",0.54660189,True,134,25.67475706,0.56721652,True,55,23.54174517,0.54358113,True,69,17.37637634,0.42120722,True,213,29.38877094
TXN0000113808,C007642,2024-12-30 13:45:47,escalate_to_merchant,0.90000000,0,escalate_to_merchant,0,payment_link,allow,False,technical_retryable,True,0.03574294,50.05000000,False,"[""eligible"", ""contextually_supported_or_manual"", ""highest_risk_adjusted_expected_value"", ""expected_value_margin:50.06"", ""probability_margin:0.05115116"", ""decision_margin_passed""]",0.62409508,True,134,25.67475706,0.67524624,True,55,23.54174517,0.63950330,True,69,17.37637634,0.48325166,True,213,29.38877094
TXN0000124498,C000030,2024-12-30 14:37:03,retry_payment,0.90000000,1,retry_payment,0,retry_payment,fallback,True,technical_retryable,True,0.00897622,,False,"[""decision_uncertain"", ""expected_value_margin:2.0892724990844727"", ""probability_margin:0.008976221084594727"", ""margin_not_applicable_to_non_allow_decision""]",0.58058226,True,134,25.67475706,0.58955848,True,55,23.54174517,0.56326485,True,69,17.37637634,0.44671485,True,213,29.38877094
TXN0000074341,C003641,2024-12-30 14:38:20,whatsapp_reminder,0.03333333,1,retry_payment,0,no_action,stop,False,authentication_required,False,0.06894445,,False,"[""no_eligible_positive_value_action"", ""failure_matrix:block"", ""margin_not_applicable_to_non_allow_decision""]",0.52432668,False,49,7.23938140,0.61976260,False,8,4.29589038,0.55081815,False,23,3.80324523,0.41441080,False,11,2.70552140
TXN0000241240,C003137,2024-12-30 14:47:21,escalate_to_merchant,0.90000000,0,escalate_to_merchant,0,payment_link,allow,False,authentication_required,True,0.05459648,142.58000000,False,"[""eligible"", ""contextually_supported_or_manual"", ""highest_risk_adjusted_expected_value"", ""expected_value_margin:186.28"", ""probability_margin:0.06835717"", ""fallback_ineligible""]",0.61313206,True,387,66.60326136,0.66772854,True,625,91.91881191,0.59937137,True,50,36.09870729,0.43761811,True,196,56.61961283
TXN0000206990,C008008,2024-12-30 14:55:25,whatsapp_reminder,0.90000000,1,whatsapp_reminder,0,no_action,stop,False,customer_decline,False,0.01264644,,False,"[""no_eligible_positive_value_action"", ""failure_matrix:block"", ""margin_not_applicable_to_non_allow_decision""]",0.61096853,False,49,7.23938140,0.65634429,False,8,4.29589038,0.66899073,False,23,3.80324523,0.45568982,False,11,2.70552140
TXN0000072382,C007594,2024-12-30 16:00:44,escalate_to_merchant,0.90000000,1,escalate_to_merchant,0,no_action,stop,False,customer_decline,False,0.01276976,,False,"[""no_eligible_positive_value_action"", ""failure_matrix:block"", ""margin_not_applicable_to_non_allow_decision""]",0.61426646,True,58,8.97709815,0.66539490,False,3,3.00000000,0.65262514,False,24,3.90270249,0.50906491,False,8,8.00000000
TXN0000244701,C003915,2024-12-30 16:38:21,escalate_to_merchant,0.90000000,0,escalate_to_merchant,0,retry_payment,fallback,True,technical_retryable,True,0.05363131,,False,"[""decision_uncertain"", ""expected_value_margin:None"", ""probability_margin:None"", ""margin_not_applicable_to_non_allow_decision""]",0.53190106,True,47,47.00000000,0.58553237,False,2,2.00000000,0.51505810,False,21,3.60798899,0.41739950,False,12,3.68852452
TXN0000179033,C001195,2024-12-30 17:33:02,retry_payment,0.90000000,0,retry_payment,0,no_action,stop,False,customer_decline,False,0.03126073,,False,"[""no_eligible_positive_value_action"", ""failure_matrix:block"", ""margin_not_applicable_to_non_allow_decision""]",0.59166962,False,49,7.23938140,0.62293035,False,8,4.29589038,0.58271873,False,23,3.80324523,0.42849666,False,11,2.70552140
TXN0000052631,C000282,2024-12-30 18:38:51,escalate_to_merchant,0.90000000,1,escalate_to_merchant,0,escalate_to_merchant,fallback,True,merchant_configuration,True,0.02554750,,False,"[""decision_uncertain"", ""expected_value_margin:None"", ""probability_margin:None"", ""margin_not_applicable_to_non_allow_decision""]",0.57538110,True,134,25.67475706,0.61918455,True,55,23.54174517,0.59363705,True,69,17.37637634,0.45022634,True,213,29.38877094
TXN0000207134,C002170,2024-12-30 18:39:54,escalate_to_merchant,0.90000000,0,escalate_to_merchant,0,retry_payment,fallback,True,technical_retryable,True,0.00868839,,False,"[""decision_uncertain"", ""expected_value_margin:None"", ""probability_margin:None"", ""margin_not_applicable_to_non_allow_decision""]",0.54734600,True,172,27.72056966,0.53077364,False,17,16.07278182,0.55603439,True,66,18.92736169,0.39632189,True,211,29.09046962
TXN0000076198,C000149,2024-12-30 19:32:49,escalate_to_merchant,0.90000000,1,escalate_to_merchant,0,retry_payment,fallback,True,technical_retryable,True,0.01082057,,False,"[""decision_uncertain"", ""expected_value_margin:None"", ""probability_margin:None"", ""margin_not_applicable_to_non_allow_decision""]",0.61289161,True,126,18.74890631,0.62371218,False,9,9.00000000,0.60728222,True,73,15.08078281,0.52267772,True,237,33.53941007
TXN0000137268,C007880,2024-12-30 19:35:10,payment_link,0.90000000,1,payment_link,0,payment_link,allow,False,customer_decline,True,0.03215700,49.17000000,False,"[""eligible"", ""contextually_supported_or_manual"", ""highest_risk_adjusted_expected_value"", ""expected_value_margin:61.48"", ""probability_margin:0.0358457"", ""fallback_ineligible""]",0.57703483,True,129,19.07760664,0.60919183,True,218,30.47265689,0.57334614,True,34,21.95535821,0.41256481,True,65,18.84615345
TXN0000189779,C007361,2024-12-30 19:44:14,retry_payment,0.90000000,1,retry_payment,0,no_action,stop,False,technical_retryable,False,0.03118354,,False,"[""no_eligible_positive_value_action"", ""failure_matrix:block"", ""margin_not_applicable_to_non_allow_decision""]",0.68226576,False,49,7.23938140,0.71728897,False,8,4.29589038,0.68610543,False,23,3.80324523,0.51826251,False,11,2.70552140
TXN0000122457,C008726,2024-12-30 19:57:51,payment_link,0.90000000,1,payment_link,0,no_action,stop,False,authentication_required,False,0.00706416,,False,"[""no_eligible_positive_value_action"", ""failure_matrix:block"", ""margin_not_applicable_to_non_allow_decision""]",0.67240936,True,58,8.97709815,0.69788897,False,25,3.45418296,0.70495313,False,10,3.52962620,0.50524491,False,12,7.36805008
TXN0000212774,C004907,2024-12-30 20:26:01,retry_payment,0.90000000,1,retry_payment,0,retry_payment,fallback,True,technical_retryable,True,0.03721446,,False,"[""decision_uncertain"", ""expected_value_margin:6.8857831954956055"", ""probability_margin:0.037214457988739014"", ""margin_not_applicable_to_non_allow_decision""]",0.62097025,True,359,56.24386377,0.65818471,True,85,37.80492775,0.61428446,True,126,41.91580028,0.49066162,True,694,97.85794000
TXN0000016595,C002285,2024-12-30 20:32:26,whatsapp_reminder,0.90000000,0,whatsapp_reminder,0,whatsapp_reminder,fallback,True,customer_decline,True,0.00522313,,False,"[""decision_uncertain"", ""expected_value_margin:None"", ""probability_margin:None"", ""margin_not_applicable_to_non_allow_decision""]",0.49324340,False,49,7.90577463,0.49850121,False,6,6.00000000,0.49327809,True,63,11.63500628,0.40372780,True,88,12.69429910
TXN0000032211,C000941,2024-12-30 20:38:07,retry_payment,0.90000000,1,retry_payment,0,no_action,stop,False,technical_retryable,False,0.00815541,,False,"[""no_eligible_positive_value_action"", ""failure_matrix:block"", ""margin_not_applicable_to_non_allow_decision""]",0.68689322,False,49,7.23938140,0.68885535,False,8,4.29589038,0.69701076,False,23,3.80324523,0.54984009,False,11,2.70552140
TXN0000238357,C001423,2024-12-30 21:02:14,escalate_to_merchant,0.90000000,0,escalate_to_merchant,0,payment_link,fallback,True,authentication_required,True,0.01221657,,False,"[""decision_uncertain"", ""expected_value_margin:3.259672164916992"", ""probability_margin:0.012216567993164062"", ""margin_not_applicable_to_non_allow_decision""]",0.57665622,True,359,56.24386377,0.63894814,True,85,37.80492775,0.62673157,True,126,41.91580028,0.43407699,True,694,97.85794000
TXN0000109906,C006966,2024-12-30 21:22:00,escalate_to_merchant,0.90000000,0,escalate_to_merchant,0,retry_payment,fallback,True,technical_retryable,True,0.05031103,,False,"[""decision_uncertain"", ""expected_value_margin:None"", ""probability_margin:None"", ""margin_not_applicable_to_non_allow_decision""]",0.57199782,True,58,8.97709815,0.64028680,False,3,3.00000000,0.58997577,False,24,3.90270249,0.45298612,False,8,8.00000000
TXN0000026147,C003513,2024-12-30 21:34:08,retry_payment,0.90000000,1,retry_payment,0,retry_payment,fallback,True,technical_retryable,True,0.01815969,,False,"[""decision_uncertain"", ""expected_value_margin:None"", ""probability_margin:None"", ""margin_not_applicable_to_non_allow_decision""]",0.64023781,True,126,18.74890631,0.65839750,False,9,9.00000000,0.63805717,True,73,15.08078281,0.53208899,True,237,33.53941007
TXN0000074641,C002430,2024-12-30 22:27:46,whatsapp_reminder,0.90000000,0,whatsapp_reminder,0,whatsapp_reminder,fallback,True,authentication_required,True,0.01856673,,False,"[""decision_uncertain"", ""expected_value_margin:None"", ""probability_margin:None"", ""margin_not_applicable_to_non_allow_decision""]",0.52552134,True,73,10.21909638,0.54530501,False,23,5.49540018,0.56387174,True,54,8.41672235,0.41600138,True,72,12.00499847
TXN0000197830,C002156,2024-12-30 22:58:19,retry_payment,0.90000000,1,retry_payment,0,no_action,stop,False,customer_decline,False,0.02350849,,False,"[""no_eligible_positive_value_action"", ""failure_matrix:block"", ""margin_not_applicable_to_non_allow_decision""]",0.61951715,True,58,8.97709815,0.64694649,False,25,3.45418296,0.62343800,False,10,3.52962620,0.46621507,False,12,7.36805008
